id,slug,naziv,naziv_prikaz,kratki_naziv,registar,id_u_registru,registarski_broj,oib,status,datum_statusa,datum_upisa,datum_osnivanja,pravni_oblik,kategorija,pouzdanost,bodovi,signali,sjediste,ulica,kucni_broj,mjesto,naselje,opcina_grad,zupanija,postanski_broj,strano_sjediste,lat,lng,izvor_koordinata,biskupija,izvor_biskupije,email,web,telefon,telefon_e164,iban,predsjednik,uloga_predsjednika,ciljevi,ciljane_skupine,djelatnosti,rno_url,izvori
273,lazarus-hrvatska-humanitarna-udruga-varazdin-2746,"""LAZARUS"" HRVATSKA HUMANITARNA UDRUGA","""Lazarus"" Hrvatska Humanitarna Udruga",LAZARUS,registar-udruga,15582,00001128,56811602746,BRISAN,2019-01-29,1998-10-01,1993-05-02,UDRUGA,karitativna,niska,3.5,"[""opis:caritas"", ""djelatnost:3.1.1.""]","Kapucinski trg 7, Varaždin",Kapucinski trg,7,Varaždin,Varaždin,Varaždin,Varaždinska,42000,,46.30492537,16.33400816,dgu-adresa,Varaždinska Biskupija,derivirano-crkve.domovina.ai,,,,,,Anica Kunštek,Zamjenik Predsjednika,,,"[""3.1.1. HUMANITARNA (uz suglasnost Ministarstva rada i soc. skrbi)""]",,"[""datagovhr:registar-udruga""]"
415,pinklec-kulturno-sportsko-udruzenje-mjestana-brestovec-orehovicki-1600,"""PINKLEC""  kulturno-športsko udruženje mještana","""PINKLEC"" kulturno-športsko udruženje mještana","""PINKLEC""",registar-udruga,32764,02000664,58295271600,BRISAN,2014-07-25,2003-04-24,2003-03-30,UDRUGA,sport,niska,3.5,"[""opis:katolic"", ""opis:duhovnost""]","Brestovec Orehovički, prostorije Mjesne čitaonice bb, Brestovec Orehovički","Brestovec Orehovički, prostorije Mjesne čitaonice",,Brestovec Orehovički,Brestovec Orehovički,Bedekovčina,Krapinsko-zagorska,,,46.078338320895,15.98679912884138,naselje-teziste,Zagrebačka Nadbiskupija,derivirano-crkve.domovina.ai,,,,,,Mladen Valjak,Podpredsjednik,,,"[""8.99.99. OSTALE KULTURNE DJELATNOSTI""]",https://banovac.mfin.hr/rnoprt/Details?handler=Details&id=18880,"[""datagovhr:registar-udruga""]"
70,ruka-prijateljstva-udruga-za-socijalnopsiholosku-i-duhovnu-pomoc-i-podrsku-djeci-i-mladima-zagreb-9585,"""RUKA PRIJATELJSTVA"" UDRUGA ZA SOCIJALNOPSIHOLOŠKU I DUHOVNU POMOĆ I PODRŠKU DJECI I MLADIMA","""Ruka Prijateljstva"" Udruga za Socijalnopsihološku i Duhovnu Pomoć i Podršku Djeci i Mladima","""RUKA PRIJATELJSTVA""",registar-udruga,4542,21002185,98321109585,AKTIVAN,,2001-11-13,2001-09-21,UDRUGA,karitativna,niska,3.5,"[""naziv:duhovnost"", ""opis:liturgija"", ""opis:duhovnost"", ""djelatnost:3.2.3.""]","Vidovečka 8, Zagreb",Vidovečka,8,Zagreb,Zagreb,Grad Zagreb,Grad Zagreb,10110,,45.80394247,15.948821,dgu-adresa,Zagrebačka Nadbiskupija,derivirano-crkve.domovina.ai,,,0915106638,+385915106638,,Angelina Sesar,Predsjednica,Udruga je osnovana s ciljem pružanja socijalnopsihološke i duhovne pomoći i podrške djeci i mladima te njihovim obiteljima koji žive u teškim životnim okolnostima.,"DJECA DO 14 GODINA, DJECA IZ OBITELJI KORISNIKA SUSTAVA SOCIJALNE SKRBI, MLADI - OPĆA POPULACIJA, OBITELJI","[""3.2.3. Ostale duhovne djelatnosti"", ""11.3.4. Pomoć u podmirivanju osnovnih životnih potreba"", ""11.2.3. Psihosocijalna podrška"", ""11.1.5. Pomoć i podrška osobama u riziku od siromaštva i socijalne isključenosti"", ""11.5. Ostale socijalne djelatnosti""]",https://banovac.mfin.hr/rnoprt/Details?handler=Details&id=16494,"[""datagovhr:registar-udruga""]"
127,udruga-zena-opcine-sv-ilija-selo-doljan-0600,"""Udruga žena Općine Sv. Ilija-selo Doljan""","""Udruga žena Općine Sv. Ilija-selo Doljan""","""Udruga žena""",registar-udruga,17132,05000547,27931300600,AKTIVAN,,1998-03-16,1997-02-15,UDRUGA,molitvena,niska,3.5,"[""naziv:svetac"", ""opis:crkva"", ""opis:svetac"", ""djelatnost:3.2.2."", ""djelatnost:3.2.3.""]","ŽELJEZNIČKI NASIP 1, Doljan",ŽELJEZNIČKI NASIP,1,Doljan,Doljan,Sveti Ilija,Varaždinska,42214,,46.24333648,16.33789872,dgu-adresa,Varaždinska Biskupija,derivirano-crkve.domovina.ai,biserka.sokol@gmail.com,,099 3172 943,+385993172943,,Biserka Sokol,Predsjednica,"promicanje, razvitak i unapređenje okupljanja žena Općine Sv. Ilija",ŽENE,"[""15.1.2. Očuvanje prirodne baštine"", ""7.5.1. Ravnopravnost spolova"", ""11.3.1. Pomoć žrtvama prirodnih katastrofa"", ""6.3.1. Likovne umjetnosti"", ""10.1.1. Edukacija za održivi razvoj ruralnih područja"", ""7.5.9. Prava osoba starije životne dobi"", ""3.2.2. Poticanje osobnog razvoja"", ""11.1.7. Pomoć i podrška obitelji"", ""7.5.5. Zaštita prava djece"", ""11.1.1. Pomoć i podrška starijim osobama"", ""7.5.4. Zaštita obitelji"", ""3.2.3. Ostale duhovne djelatnosti""]",https://banovac.mfin.hr/rnoprt/Details?handler=Details&id=8120,"[""datagovhr:registar-udruga""]"
520,vise-od-zivota-zagreb-8615,"""VIŠE OD ŽIVOTA""","""Više od Života""",VOŽ,registar-udruga,49195,21007150,39162428615,AKTIVAN,,2009-10-23,2009-08-10,UDRUGA,obrazovanje,niska,3.5,"[""opis:krscanski"", ""djelatnost:3.3."", ""djelatnost:3.1.3.""]","Ulica Antuna Bauera 2, Zagreb",Ulica Antuna Bauera,2,Zagreb,Zagreb,Grad Zagreb,Grad Zagreb,10000,,45.81355943,15.98927972,dgu-adresa,Zagrebačka Nadbiskupija,derivirano-crkve.domovina.ai,udruga.voz@gmail.com,https://www.viseodzivota.info,01 2361 900,+38512361900,,Neven Klačmer,Dopredsjednik,"promicanja, očuvanja i njege cjelovitog zdravlja; promicanja i unapređenja društvenih odnosa; promicanja kršćanskih vrijednosti utemeljenih na Bibliji;
unapređenja kvalitete življenja opće populacije.;",GRAĐANI – OPĆA POPULACIJA,"[""3.3. Ostale djelatnosti iz područja duhovnosti"", ""3.1.3. Ostale religijske/vjerničke djelatnosti""]",https://banovac.mfin.hr/rnoprt/Details?handler=Details&id=48517,"[""datagovhr:registar-udruga""]"
394,vjera-i-svjetlo-virovitica-3980,"""VJERA I SVJETLO""","""Vjera i Svjetlo""","""VIS""",registar-udruga,59393,21009971,94897923980,AKTIVAN,,2013-02-15,2012-11-16,UDRUGA,hodocasnicka,niska,3.5,"[""naziv:duhovnost"", ""opis:hodocasce"", ""opis:duhovnost"", ""djelatnost:3.3.""]","Ulica Antuna Mihanovića 24, Virovitica",Ulica Antuna Mihanovića,24,Virovitica,Virovitica,Virovitica,Virovitičko-podravska,33000,,45.83318006,17.38894619,dgu-adresa,Požeška Biskupija,derivirano-crkve.domovina.ai,dija.stanic40@gmail.com,,098-9028-253,+385989028253,,Dijana Stanić,Predsjednica Udruge,Udruga je osnovana s ciljem da se pomogne osobama s intelektualnim teškoćama i njihovim obiteljima pronaći svoje mjesto u društvenoj zajednici.,"OBITELJI, OSOBE S INTELEKTUALNIM TEŠKOĆAMA, OSOBE S MENTALNOM RETARDACIJOM","[""3.3. Ostale djelatnosti iz područja duhovnosti"", ""7.5.8. Zaštita prava osoba s mentalnim oštećenjem"", ""11.5. Ostale socijalne djelatnosti"", ""7.11. Ostale djelatnosti iz područja ostvarivanja i zaštite ljudskih prava""]",https://banovac.mfin.hr/rnoprt/Details?handler=Details&id=42377,"[""datagovhr:registar-udruga""]"
205,biblijsko-drustvo-u-republici-hrvatskoj-osijek-7938,BIBLIJSKO DRUŠTVO U REPUBLICI HRVATSKOJ,Biblijsko Društvo u Republici Hrvatskoj,BDH OSIJEK,registar-udruga,15172,00001539,98932607938,BRISAN,2023-10-06,1999-09-21,1994-10-03,UDRUGA,mediji,niska,3.5,"[""naziv:krscanski"", ""opis:krscanski"", ""djelatnost:14.duhovna""]","Cvjetkova 36, Osijek",Cvjetkova,36,Osijek,Osijek,Osijek,Osječko-baranjska,,,45.543345773347,18.687547011930928,naselje-teziste,Đakovačko-osječka Nadbiskupija,derivirano-crkve.domovina.ai,,,,,,Damir Špoljarić,Predsjednik Skupštine,,,"[""14.1.1. DUHOVNA VJERNIČKA DJELATNOST""]",,"[""datagovhr:registar-udruga""]"
1068,bosnjacka-progresivna-zajednica-soline-3058,BOŠNJAČKA PROGRESIVNA ZAJEDNICA,Bošnjačka Progresivna Zajednica,BPZ,registar-udruga,269052,19002509,59337293058,AKTIVAN,,2025-03-13,2024-11-25,UDRUGA,molitvena,niska,3.5,"[""opis:hodocasce"", ""opis:crkva"", ""opis:duhovnost"", ""djelatnost:3.2.2.""]","Smokovjenac 59, Soline",Smokovjenac,59,Soline,Soline,Župa Dubrovačka,Dubrovačko-neretvanska,20207,,42.61251826,18.22805668,dgu-adresa,Dubrovačka Biskupija - Dioecesis Ragusina,derivirano-crkve.domovina.ai,,,,,,Ramo Hadžiomerović,Predsjednik,"•	Glavni cilj Zajednice je promicanje i promidžba te progresivna zaštita i visoka društvena integracija , kao i održivi progresivni razvoj Bošnjačke nacionalne manjine te progresivni razvoj i stvaranje pretpostavki za ostvarenje i  zaštitu njenih vitalnih nacionalnih i egzistencijalnih te ekonomskih i etničkih te kolektivnih i pojedinačnih interesa , kao i potreba , a naročito ekonomskih i socijalnih te kulturnih i ljudskih , kao i građanskih te etničkih i posebnih prava i sloboda pripadnika Bošnjačke nacionalne manjine . 
•	Progresivno i proaktivno te formirano i organizirano te provođenje i vođenje kao i održivo progresivni razvoj generičke prevencije i suzbijanja getoizacije i socijalne segregacije te diskriminacije i ksenofobije te  vrijeđanja na nacionalnoj i vjerskoj te rasnoj i kulturološkoj, kao i civilizacijskoj osnovi . 
•	Progresivno i proaktivno te formirano i organizirano te provođenje i vođenje, kao i održivi progresivni razvoj generičke prevencije i suzbijanja svakog oblika i vrste negiranja i glorifikacije , kao i relativizacije genocida . 
•	Progresivno osmišljavanje i planiranje te formiranje i organiziranje te upravljanje i koordiniranje te provođenje i vođenje , kao i održivi progresivni razvoj specijaliziranih edukacijskih programa i/ili projekata stručnog i organizacijskog osposobljavanja i usavršavanja za prikupljanje i povlačenje sredstava iz Fondova Europske Unije za ostvarivanje ciljeva i projekata i/ili programa Zajednice u Republici Hrvatskoj i Europskoj Uniji te Zemlja Zapadnog Balkana i Zemljama Trećeg i Četvrtog Svijeta .     
•	Progresivno osmišljavanje i planiranje te formiranje i organiziranje te upravljanje i koordiniranje te provođenje i vođenje , kao i održivi progresivni razvoj programa i/ili projekata održivo progresivnog razvoja i vrijednosti te načela i promicanja , kao i vidljivosti Volonterstva pripadnika  Bošnjačke nacionalne manjine i zapostavljenih nacionalnih i drugih manjina te članova i ciljanih skupina Zajednice  kroz osnivanje i planiranje te uspostavljanje i organiziranje te upravljanje i koordiniranje te provođenje i vođenje , kao i progresivni razvoj Bošnjačkog Progresivnog Volonterskog Centra u vlasništvu Zajednice . 
•	Progresivno osmišljavanje i planiranje te formiranje i organiziranje te upravljanje i koordiniranje te provođenje i vođenje , kao i održivi progresivni razvoj programa i/ili projekata progresivnog očuvanja i promicanja te  iskazivanja nacionalnog i kulturnog identiteta kroz osnivanje i planiranje te uspostavljanje i organiziranje te upravljanje i koordiniranje te provođenje i vođenje mreže  Bošnjačko Progresivni  Kulturno – Tradicionalnih Klubova odnosno ustrojstvenih oblika Zajednice  u kojima se vrši priprema i usluživanje tradicionalnih jela i pića te napitaka i slastica odnosno HALAL hrane i/ili prehrane , kao i dohrane u prostorijama kluba gdje se održavaju manifestacije zbog očuvanja i promicanja te iskazivanja nacionalnog i kulturnog identiteta u organizaciji Zajednice .  
•	Progresivno osmišljavanje i planiranje te osnivanje i  formiranje te  organiziranje i  upravljanje te  koordiniranje i provođenje te  vođenje  i održivi progresivni razvoj ustrojstvenih oblika Zajednice krucijalno važnih za identitet Bošnjake nacionalne manjine  kroz djelovanje :  jedne (1) Bošnjačko Progresivne Političke Akademije , jedne (1) Bošnjačko Progresivne Mirovne Akademije ,  jedne (1) Bošnjačko Progresivne Demokratske Akademije , jedne (1) Bošnjačke  Progresivne Demokratizacijske Akademije , jedne (1) Bošnjačke Progresivne Lobističke Akademije ,  dvadeset i sedam (27) Bošnjačke Progresivne Službe , dvadeset i sedam  (27) Bošnjačkih Progresivnih Interesnih Klubova  , sedam (7) Bošnjačkih Progresivnih Kulturno – Amaterskih Klubova , sedam (7) Bošnjačkih Progresivnih Kulturno – Glazbenih Klubova , sedam (7)  Bošnjačkih Progresivnih Kulturno – Tradicionalnih Klubova , sedam Bošnjačko Progresivno - Bošnjačko progresivno – inkluzivnih nekomercijalnih kina , sedam (7) Bošnjačkih Progresivnih Kinoteka , sedam (7) Bošnjačkih Progresivnih Medijateka ,  dvanaest  (12) Bošnjačkih Progresivno - Sportskih Klubova , (12) Bošnjačkih Progresivno Zdravstveno Usmjerenih Fitness Klubova , (12) Bošnjačkih Mentalno – Zdravstveno Usmjerenih Wellness – Hamam klubova , tri (3) Bošnjačko  Progresivne Sportsko – Edukativne  Akademije  , tri (3) Bošnjačko Progresivne Sportsko – Inkluzivne Akademije , tri (3) Bošnjačko Progresivne Sportsko – Borilačke Akademije . tri (3) Bošnjačko Progresivne  Sportsko – Inkluzivne Dječije   igraonice – rođendaonice   ,tri (3) Bošnjačko Progresivna Sportsko – Edukativna  Kampa  za Djecu i Obitelj , tri (3)Bošnjačko Progresivna Sportsko – Inkluzivna  Kampa za Djecu i Obitelj , tri (3) Bošnjačko Progresivna Humanitarno – Razvojno – Mirovna  Kampa za Djecu i Mlade , sedam (7) Bošnjačkih Progresivno – Inkluzivnih Nekomercijalnih Kina , sedam (7) Bošnjačkih Progresivnih Kinoteka , sedam (7) Bošnjačkih Progresivnih Medijateka , sedam (7) Bošnjačko Progresivnih Inkluzivno – Senzornih Filmskih Klubova Mladih ,  sedam (7) Bošnjačko Progresivnih Karijerno – Kompetencijskih Inkubatora Mladih , sedam (7) Bošnjačko Progresivnih Foklornih Klubova Mladih , sedam (7)  Poduzetničkih Inkubatora Mladih , sedam (7) Bošnjačkih Progresivnih Gaming Inkubatora – Ascelatora Mladih ,  sedam (7) Bošnjačkih Progresivnih Gaming – Edukacijskih Klubova Mladih ,  sedam (7) Bošnjačko Progresivnih Medijsko – Pedagogijskih Klubova , sedam (7) Bošnjačko  Progresivnih   Audiovizualnih Edukacijskih  Klubova Mladih ,  sedam (7) Bošnjačko Progresivnih Solidarnih Pekarnica – Pizzeria specijaliziranih za zdravu HALAL prehranu i dohranu prilagođenu po nutricionističkim pravilima za djecu i mlade te učenike i studente te umirovljenike i bolesnike , kao i beskućnike ,  sedam (7) Bošnjačko Progresivnih Solidarnih Kuhinja – Slastičarni  specijaliziranih za zdravu HALAL prehranu i dohranu prilagođenu po nutricionističkim pravilima za predškolsku djecu i  učenike te  mlade i studente te umirovljenike i bolesnike te radnike i članove , kao i ciljane skupine Zajednice , sedam (7) Bošnjačko  Progresivnih Solidarnih Kantina  specijaliziranih za zdravu HALAL prehranu i dohranu prilagođenu po nutricionističkim pravilima za predškolsku djecu i učenike te mlade i studente te umirovljenike i bolesnike te radnike i članove , kao i ciljane skupine Zajednice , sedam (7)Bošnjačkih  Progresivnih Integrativnih Radionica , sedam (7) Bošnjačkih Progresivnih Socijalnih Samoposluga , 
•	Progresivno osmišljavanje i planiranje te formiranje i organiziranje te upravljanje i koordiniranje te provođenje i vođenje , kao i održivi progresivni razvoj specijaliziranih edukacijskih projekata i/ili programa stručne i praktične edukacije iz područja pripreme i provedbe europskih projekata i programa Europske Unije .  
•	Progresivno osmišljavanje i planiranje te formiranje i organiziranje te upravljanje i koordiniranje te provođenje i vođenje , kao i održivi progresivni razvoj programa i/ili projekta progresivnog i solidarnog druženje i razmjene iskustava te predstavljanja i promidžbe tradicijskih proizvoda , kao i organiziranja konzumacija i kušanja te ocjenjivanja i promoviranja tradicijskih HALAL proizvoda u skladu s zakonom kroz osnivanje i planiranje te uspostavljanje i organiziranje te upravljanje i koordiniranje te provođenje i vođenje mreže Bošnjačkih Progresivnih Poduzetničkih Klubova odnosno ustrojstvenih oblika Zajednice  u vlasništvu  Zajednice . 
•	Progresivno osmišljavanje i planiranje te formiranje i organiziranje te upravljanje i koordiniranje te provođenje i vođenje , kao i održivi progresivni razvoj programa i/ili projekata progresivne skrbi o djeci i mladima te promicanja kreativnosti i umjetnosti tradicionalnog  tkanja tapiserija i čilima odnosno autentične  umjetnosti Bošnjačke nacionalne manjine u Republici Hrvatskoj tradicionalnog tkanja tapiserija i čilima kroz progresivno očuvanje i čuvanje te zaštitu i njegovanje autentične  umjetnosti tradicionalnog tkanja tapiserija i čilima Bošnjačke nacionalne manjine u Republici Hrvatskoj odnosno kroz osmišljavanje i planiranje te uspostavljanje i organiziranje te upravljanje i koordiniranje te provođenje i vođenje , kao i održivi progresivni razvoj mreže Bošnjačkih Progresivno Kreativno – Edukacijskih Centara  Mladih odnosno ustrojstvenih oblika Zajednice  .          
•	Progresivno osmišljavanje i planiranje te formiranje i organiziranje te upravljanje i koordiniranje te provođenje i vođenje , kao i održivi progresivni razvoj programa i/ili projekata skrbi o mladima za  karijerno planiranje i stalni karijerni razvoj svakog pojedinca odnosno kroz profesionalnu i karijernu orijentaciju i usmjeravanje  te edukaciju izrade osobnih karijernih planova koji mladima omogućuju prepoznavanje i progresivni rast i razvoj vlastitih  kompetencija s ciljem kvalitetnijeg i progresivnijeg zapošljavanja i samozapošljavanja kroz osnivanje i planiranje te uspostavljanje i organiziranje te upravljanje i koordiniranje te provođenje i vođenje mreže Bošnjačkih Progresivnih Karijernih Klubova Mladih i Bošnjačkih Progresivnih Karijerno – Kompetencijskih Inkubatora Mladih odnosno ustrojstvenih oblika Zajednice  . 
•	Progresivno očuvanje i čuvanje te zaštita i održivo progresivno razvijanje kulture i baštine sjećanja na proaktivno sudjelovanje i doprinos Bošnjačke nacionalne manjine u obrani Republike Hrvatske u Domovinskom Ratu kroz manifestacije obljetnica dana žalosti odnosno obilježavanja datuma  pogibije branitelja pripadnika Bošnjačke nacionalne manjine u obrani Republike Hrvatske u Domovinskom Ratu i progresivne izgradnje i održavanja Spomen Obilježja odnosno spomen ploča i/ili turbeta na cjelokupnoj teritoriji Republike Hrvatske poginulih branitelja pripadnika Bošnjačke nacionalne manjine u Republici Hrvatskoj  na mjestima pogibije branitelja pripadnika Bošnjačke nacionalne manjine u obrani Republike Hrvatske u Domovinskom Ratu sukladno civilizaciji i kulturi Bošnjačko Nacionalne Manjine u Republici Hrvatskoj u organizaciji Zajednice . 
•	Progresivno znanstveno istraživanje i razvoj te progresivno obrazovanje  i unaprjeđenje zaštite i očuvanja  kulturno – duhovne baštine Bošnjačke nacionalne manjine  kroz osnivanje i planiranje te uspostavljanje i koordiniranje te provođenje i vođenje , kao i održivi progresivni razvoj Bošnjačko Progresivno Znanstveno- Istraživačkog Centra Kulturno – Duhovne Baštine Bošnjačke nacionalne manjine u Republici Hrvatskoj u vlasništvu Zajednice . 
•	Progresivno znanstveno istraživanje i razvoj te progresivno unaprjeđenje kreativnih terapeutskih i terapijskih metoda za poticanje i progresivni osobni razvoj pripadnika Bošnjačke nacionalne manjine i zapostavljenih nacionalnih i drugih manjina te članova i ciljanih skupina  u Republici Hrvatskoj kroz osnivanje i planiranje te uspostavljanje i organiziranje te upravljanje i koordiniranje te provođenje i vođenje , kao i održivi progresivni razvoj Bošnjačkog Progresivno Znanstveno – Istraživačkog Centra za Osobni Progresivni Razvoj u vlasništvu Zajednice .    
•	Progresivno osmišljavanje i planiranje te promicanje i promocija te formiranje  i organiziranje te koordiniranje i upravljanje te provođenje i vođenje , kao i održivi progresivni razvoj očuvanja i čuvanja te zaštite  i obnove te sustavne  konzervatorske restauracije  nepokretnog i pokretnog te materijalnog i nematerijalnog  kulturno – povijesnog dobra i/ili baštine te kulturno – povijesnog naslijeđa te kulturno – povijesnih tradicija te kulture i baštine sjećanja  Bošnjačke nacionalne manjine u Republici Hrvatskoj kroz osnivanje i planiranje te uspostavljanje i organiziranje te upravljanje i koordiniranje te provođenje i vođenje , kao i  održivi progresivni razvoj Bošnjačkih Muzejsko – Dokumentacijskih Centara  u vlasništvu Zajednice . 
•	Progresivno osmišljavanje i planiranje te promicanje i promocija te formiranje i organiziranje te koordiniranje i upravljanje te provođenje i vođenje , kao i održivi progresivni razvoj  prevencije i suzbijanja krivotvorenja i falsificiranja Bošnjačke povijesti kroz sustavno očuvanje i čuvanje te restauratorsku i konzervatorsku te digitalnu i analognu te  umjetno inteligentnu (AI) zaštitu Bošnjačkih umjetničkih skulptura i  slikarskih te  fotografskih i filmskih odnosno audiovizualnih dijela na celuloidnoj traci te materijalnog i nematerijalnog kulturno – povijesnog dobra i/ili baštine te kulturnog dobra i kulturno – povijesnog naslijeđa  te kulturno – povijesnih spomenika i monumentalnih građevina te spomenika kulture i arhitekture te građevina i objekata odnosno zaštićenih spomenika kulture , kao i arheoloških lokaliteta i kulturno – povijesne baštine i kulture života  Bošnjačke nacionalne manjine u Republici Hrvatskoj kroz osnivanje i planiranje te uspostavljanje i organiziranje te koordiniranje i upravljanje te provođenje i vođenje , kao i održivi progresivni razvoj  Bošnjačkog Progresivnog  Restauratorsko – Konzervatorskog Centara ustrojstvenog oblika Zajednice  u vlasništvu Zajednice .   . 
•	Progresivno promicanje i poticanje te promocija i zaštita te očuvanje i čuvanje povijesti kulture i povijesti umjetnosti i likovne umjetnosti Bošnjačke nacionalne manjine kroz osnivanje i planiranje te uspostavljanje i organiziranje te upravljanje i koordiniranje te provođenje i vođenje , kao progresivni razvoj mreže  Bošnjačkih  Umjetničkih  Galerija odnosno  ustrojstvenog oblika Zajednice u vlasništvu Zajednice . 
•	Progresivno osmišljavanje i razvijanje te osnaživanje i ostvarivanje suradnje sa državnim tijelima i tijelima lokalne uprave i samouprave , kao i vladinim i nevladinim humanitarnim organizacijama i zakladama te humanitarnim međunarodnim organizacijama i međunarodnim organizacijama te međunarodnim fondovima i razvojnim agencijama te međunarodnim institucijama i institutima te europskim humanitarnim organizacijama i EU strukturnim fondovima s ciljem proaktivne pomoći u  ostvarivanju socijalno -  ekonomskih ljudskih prava i građanskih te etničkih i posebnih prava i sloboda , kao i vitalnih nacionalnih interesa i egzistencijalnih te ekonomskih i etničkih interesa te progresivne visoke društvene integriranosti i ostvarivanja nacionalnih prava Bošnjačke nacionalne manjine u Republici Hrvatskoj .  
•	Progresivno i organizirano osmišljavati  i poticati te osnaživati i unaprjeđivati, , kao i razvijati institucionalnu i vaninstitucionalnu te palijativnu i intenzivnu skrb o starim i nemoćnima pripadnicima Bošnjačke nacionalne manjine i zapostavljenih nacionalnih i drugih manjina te članova i ciljanih skupina Zajednice , kao i progresivne te inovacijske  modele organiziranog i inkluzivnog  stanovanja i socijalnih usluga za stare i nemoćne osobe kroz osnivanje i planiranje te formiranje i organiziranje te upravljanje i koordiniranje te provođenje i vođenje , kao i održivi progresivni razvoj  Bošnjačkog Progresivnog Doma odnosno rezidencije za Stare i Nemoćne 
•	Progresivno i organizirano osmišljavati te poticati i  osnaživati te  unaprjeđivati i koordinirati , kao i održivo progresivno razvijati  međugeneracijsku solidarnost među pripadnicima Bošnjačke nacionalne manjine i zapostavljenih nacionalnih i drugih manjina te članova i ciljanih skupina Zajednice kroz društveno korisno učenje te neformalno i formalno cjeloživotno učenje i obrazovanje te  poduzetničko obrazovanje i  kulturu te  sport i rekreaciju te socijalne usluge i socijalno i/ili društveno odgovorno poduzetništvo tu organizaciji  mreže  Bošnjačkih Progresivnih Centara  Međugeneracijske solidarnosti u vlasništvu  Zajednice .     
•	Progresivno i organizirano osmišljavati i poticati te osnaživati i unaprjeđivati projekte i/ili programe za socijalnu skrb i socijalne usluge te subjektivnu kvalitetu zdravlja i mentalnog zdravlja te života socijalno ugroženih i socijalno isključenih te u riziku od siromaštva i siromašnih  djece i mladih te  učenika i studenata te  jedno roditeljskih i samohranih obitelji te mladih obitelji i obitelji s više djece , kao i odraslih pojedinaca pripadnika Bošnjačke nacionalne manjine i zapostavljenih nacionalnih i drugih manjina te  članova i ciljanih skupina Zajednice kroz  osnivanje i planiranje te formiranje i organiziranje te upravljanje i koordiniranje te  provođenje i vođenje , kao i  održivi progresivni razvoj posredništva u lancu donirane hrane i banke donirane hrane te distribuciji i dijeljenju donirane hrane kroz djelatnosti i aktivnosti solidarne kuhinje i socijalne samoposluge te kućne dostave solidarnih obroka i donirane hrane te doniranih higijenskih i kućnih potrepština kroz osnivanje i planiranje te uspostavljanje i organiziranje te upravljanje i koordiniranje te provođenje i vođenje , kao i održivi progresivni razvoj  Bošnjačkog Progresivno Humanitarno  -  Solidarnog Centar odnosno ustrojstvenog oblika Zajednice  u vlasništvu Zajednice. 
•	Progresivno osmišljavanje i planiranje te formiranje i organiziranje te upravljanje i koordiniranje te provođenje i vođenje , kao i održivi progresivni razvoj projekta i/ili programa koji održivo progresivno razvijaju stambeno zbrinjavanje samohranih i jedno roditeljskih obitelji te mladih obitelji i obitelji s više djece , kao i mladih koji izlaze iz alternativne skrbi odnosno  pripadnika bošnjačke nacionalne manjine i zapostavljenih nacionalnih i drugih manjina te  članova i ciljanih skupina Zajednice  kroz osnivanje i planiranje te uspostavljanje i organiziranje te provođenje i vođenje , kao i održivi progresivni razvoj Bošnjačkog  Solidarno - Stambenog Fonda u vlasništvu Zajednice .     
•	Progresivno poticati i  osmišljavati te planirati i uređivati te formirati i organizirati te upravljati i koordinirati te provoditi i voditi , kao i održivo progresivno razvijati poticati i uređivati te proizvoditi i producirati te voditi  audio i audio – vizualne te društvene medijske i podcast emisije te radio i televizijske emisije tematsko – specijalizirane i prilagođene potrebama Bošnjačko nacionalne manjine u organizaciji Zajednice .   
•	Progresivno  osmišljavati i poticati te promicati i propagirati te formirati i  organizirati te upravljati i koordinirati te producirati i voditi , kao i održivo progresivno razvijati Bošnjačko audiovizualno stvaralaštvo i telenovele te kinematografiju i komplementarne djelatnosti te audiovizualnu kulturu i umjetnost  kroz osnivanje i planiranje te formiranje i organiziranje te upravljanje i koordiniranje te provođenje i vođenje , kao i održivi progresivni razvoj  Bošnjačkog Audiovizualnog  Centara odnosno BAC odnosno ustrojstvenog oblika Zajednice u vlasništvu Zajednice.   
•	Progresivno i organizirano osmišljavati i stvarati te organizirati i upravljati , kao i provoditi te voditi i progresivno razvijati projekte i programe kulturne autonomije odnosno informiranje i izdavaštvo te kulturni amaterizam i kulturne manifestacije Bošnjačko nacionalne manjine u organizaciji Zajednice .  
•	Progresivno osmišljavanje i uređivanje te organiziranje i upravljanje te provođenje i vođenje , kao i održivi progresivni razvoj te proaktivno i direktno sudjelovanje u  izradi  kurikuluma i udžbenika te izdavaštvu  školskih i učilišnih te veleučilišnih i sveučilišnih udžbenika i/ili knjiga u organizaciji Zajednice iz društveno – humanističkih predmeta odnosno povijesti i povijesti društva te povijesti umjetnosti i književnosti te likovne i glazbene kulture te građanskog odgoja i obrazovanja te politike i gospodarstva , kao i zemljopisa te ostalih društveno- humanističkih predmeta s glavnim ciljem u dominantnom odnosno ne manjinskom obrazovanju uključivati sadržaje koji se odnose na Bošnjačku nacionalnu manjinu odnosno  sadržaje koji u pozitivnom i afirmativnom kontekstu i konceptu spominju i potvrđuju prisutnost i doprinos Bošnjačke nacionalne manjine u Republici Hrvatskoj  , a naročito u Domovinskom ratu odnosno obrani Republike Hrvatske .   
•	Progresivno i organizirano osmišljavati i stvarati te organizirati i upravljati te koordinirati i provoditi te poticati i podržavati , kao i održivo progresivno razvijati Bošnjačku nacionalnu  književnost i jezik Bošnjačko nacionalne  manjine odnosno Bosanski jezik te knjige i udžbenike o Bosanskom jeziku i Bošnjačkoj nacionalnoj manjini kroz osnivanje i planiranje te organiziranje i upravljanje te provedbu i vođenje , kao i održivi progresivni razvoj Bošnjačko Književno – Izdavačkog Centra odnosno ustrojstvenog oblika Zajednice  u organizaciji Zajednice .   
•	Progresivno osmišljavanje i promicanje te organiziranje i upravljanje , kao i ostvarivanje te održivi progresivni razvoj rješenja odnosno projekata i/ili programa Međunarodne razvojne suradnje u provedbi OCD na području održivih razvojnih rješenja za društveno – gospodarski razvoj u trećim zemljama kroz unaprjeđenje kvalitete ekonomskih i socijalnih te kulturnih i ljudskih , kao i građanskih prava i sloboda te  socijalno i/ili društveno odgovorno poduzetništvo , kao i ostale djelatnosti i aktivnosti Zajednice .
•	Progresivno osmišljavanje i promicanje te organiziranje i upravljanje projekta i/ili programa Međunarodne razvojne suradnje u inozemstvu sa kojima se promiče međunarodna prepoznatljivost Republike Hrvatske i Grada Dubrovnika te Dubrovačko – neretvanske županije i BOŠNJAČKO PROGRESIVNE ZAJEDNICE . 
•	Progresivno osmišljavanje i uspostavljanje te organiziranje i progresivno razvijanje bilateralne i trilateralne direktne suradnje s izvaninstitucionalnim partnerima kroz projekte i/ili programe Međunarodne razvojne suradnje i prekogranične suradnje u pograničnim i/ili graničnim regijama u organizaciji Zajednice . 
•	Progresivno ostvarivanje i organiziranje te osnaživanje i razvoj prisutnosti i uloge BOŠNJAČKO PROGRESIVNE ZAJEDNICE  u svijetu i na globalnoj platformi razvojne pomoći , kao i afirmaciji Republike Hrvatske i Grada Dubrovnika te Dubrovačko – neretvanske županije i BOŠNJAČKO PROGRESIVNE ZAJEDNICE na području Međunarodne razvojne suradnje u provedbi OCD i Zajednice kroz projekte i/ili programe unaprjeđenja kvalitete ekonomskih i socijalnih te kulturnih i ljudskih , kao i građanskih prava i sloboda te socijalnog i/ili društveno odgovornog poduzetništva , kao i ostale djelatnosti i aktivnosti Zajednice u organizaciji Zajednice .
•	Progresivno promicanje  vidljivosti BOŠNJAČKO PROGRESIVNE ZAJEDNICE i Republike Hrvatske te Grada Dubrovnika i Dubrovačko – neretvanske županije na području Međunarodne Razvojne Suradnje kroz osmišljavanje i planiranje te formiranje i organiziranje te upravljanje i koordiniranje te provođenje i vođenje te izvođenje i održivi progresivni razvoj projekata i/ili programa Međunarodne Razvojne Suradnje Organizacija Civilnog Društva . 
•	Progresivno osmišljavanje i planiranje te formiranje i organiziranje te upravljanje i koordiniranje te provođenje i vođenje te izvođenje i održivi progresivni razvoj projekata i/ili programa koji imaju za glavni cilj promicanje vrijednosti i načela trostruke poveznice odnosno triple nexus – humanitarna i razvojna i mirovna komponenta u zemljama primateljicama službene razvojne pomoći sukladno pravilima Odbora za razvojnu pomoć Organizacije za gospodarsku suradnju i razvoj odnosno OECD – DAC .    
•	Osmišljavanje i uspostava te organiziranje i upravljanje , kao i razvoj projekata i/ili programa unaprjeđenja kvalitete ekonomskih i socijalnih te kulturnih i ljudskih , kao i građanskih prava i slobode te socijalnog i/ili društveno odgovornog poduzetništva , kao i ostale djelatnosti i aktivnosti Zajednice kao instrumenta za kvalitetnu uspostavu i razvoj vanjskopolitičkih i sveukupnih gospodarskih i društvenih odnosa s partnerskom državom kroz projekte i/ili programe međunarodne razvojne suradnje u provedbi OCD . 
•	Uključivanje i organiziranje te upravljanje i sudjelovanje u projektima i/ili programima te aktivnostima lokalnih i regionalnih te nacionalnih i međunarodnih  saveza , federacija ,  zajednica  , fondova i/ili zaklada te udruga i mreža udruga građanskih platformi i saveza te  inicijativa OCD koji djeluju ili su vezani za područje međunarodne razvojne suradnje u inozemstvu i prekogranične suradnje pograničnih i/ili graničnih regija u provedbi OCD . 
•	Progresivno osmišljavanje i planiranje te formiranje i organiziranje te upravljanje i koordiniranje te provođenje i vođenje , kao i progresivni održivi razvoj projekata i/ili programa humanitarnog karaktera odnosno progresivnog organiziranja  prikupljanja i pružanja humanitarne pomoći sukladno članku 3 . , stavku 2. zakona o humanitarnoj pomoći (Narodne Novine , broj 128/10 ) 
•	Progresivno osmišljavanje i planiranje te formiranje i organiziranje te upravljanje i koordiniranje te provođenje i vođenje , kao progresivni razvoj projekata i/ili programa humanitarnog karaktera u svrhu prikupljanja i raspodjele materijalnih i financijskih i inih dobara bolesnoj i nemoćnoj te napuštenoj i siromašnoj djeci i mladima  i/ili djeci i mladima u riziku od siromaštva te socijalno ugroženim obiteljima i jedno roditeljskim obiteljima , kao i samohranim roditeljima te starijim i nemoćnim osobama te  pripadnicima Bošnjačke nacionalne manjine i ostalih zapostavljenih nacionalnih i drugih manjina te članova i ciljanih skupina Zajednice  sa svrhom i ciljem poboljšanja subjektivne kvalitete zdravlja i života te svim ostalim potrebitim ljudima i potrebitim pripadnicima Bošnjačke nacionalne manjine i ostalih zapostavljenih nacionalnih i drugih manjina te članova i ciljanih skupina Zajednice .  
•	Progresivno osmišljavanje i planiranje te formiranje i organiziranje te upravljanje i koordiniranje te provođenje i vođenje , kao i progresivni održivi razvoj projekata i/ili programa humanitarnog karaktera odnosno progresivnog organiziranja humanitarne pripomoći za sve potrebite ljude i pripadnike Bošnjačke nacionalne manjine i ostalih zapostavljenih nacionalnih i drugih manjina te članove i ciljane skupine Zajednice . 
•	Progresivno osmišljavanje i planiranje te formiranje i organiziranje te upravljanje i  koordiniranje te provođenje i vođenje , kao i progresivni održivi razvoj projekata i/ili programa humanitarnog karaktera odnosno organizirano pružanje humanitarne pomoći u prevladavanju socijalnih i zdravstvenih te psiholoških i pravnih te obrazovno – odgojnih i obiteljskih teškoća djece i mladih , kao i njihovih obitelji te pripadnika Bošnjačke nacionalne manjine i ostalih zapostavljenih nacionalnih i drugih manjina sukladno posebnim propisima . 
•	Progresivno osmišljavanje i planiranje te formiranje i organiziranje te upravljanje i koordiniranje te provođenje i vođenje , kao i progresivni održivi razvoj projekata i/ili programa humanitarnog karaktera odnosno organiziranog prikupljanja novčanih i materijalnih sredstava pomoći u Republici Hrvatskoj i Europskoj Uniji te inozemstvu u svrhu ostvarivanja ciljeva humanitarnih projekata i/ili programa Zajednice sukladno posebnim propisima . 
•	Progresivno osmišljavanje i planiranje te formiranje i organiziranje te upravljanje i koordiniranje te provođenje i vođenje , kao i progresivni održivi razvoj projekata i/ili programa humanitarnog karaktera odnosno progresivnog pružanja humanitarne pomoći i humanitarnog smještaja i/ili boravka oboljelim osobama ,   a naročito onkološkim bolesnicima i bolesnoj djeci i mladima te njihovoj pratnji iz Republike Hrvatske i Bosne i Hercegovine te Europske Unije i Zemalja Zapadnog Balkana Te Zemalja Trećeg i Četvrtog Svijeta , a koji dolaze na liječenje  u Zagreb i/ili Rijeku te Dubrovnik i/ili Split te  Crkvenica i/ili Opatija ,  kao i druge gradove u kojima se nalaze specijalizirane i opće bolnice , kao i klinički centri bez obzira na dob i spol te vrstu bolesti i socijalni status te vjeroispovijest i nacionalnost .
•	Progresivno osmišljavanje i planiranje te formiranje i organiziranje te upravljanje i progresivni održivi razvoj projekata I/ili programa humanitarnog karaktera odnosno progresivno organiziranje promicanja ljudskih vrijednosti kroz zdravstveni sustav i promicanje subjektivnih zdravstvenih i životnih kvaliteta i senzibiliziranje civilnog društva na važnost uključivanja i pružanja sveobuhvatne pomoći oboljelim i liječenim osobama te članovima njihove pratnje i njihovih obitelji kroz razna humanitarna i sportska te kulturna i kreativna i druga humanitarna javna događanja .  
•	Progresivno osmišljavanje i planiranje te formiranje i organiziranje te upravljanje i koordiniranje te provođenje i vođenje , kao i progresivni održivi razvoj projekata i/ili programa humanitarnog karaktera odnosno progresivno organiziranje pružanja pomoći u podmirenju troškova školovanja i cjelodnevnog boravka u školi te učeničkih izleta i eskurzija za djecu iz socijalno ugroženih obitelji te pripadnike bošnjačko nacionalne manjine i ostalih zapostavljenih nacionalnih i drugih manjina te djecu članova i ciljanih skupina Zajednice . 
•	Progresivno osmišljavanje i planiranje te formiranje i organiziranje te upravljanje i koordiniranje te progresivno održivi razvoj projekata i/ili programa humanitarnog karaktera za unaprjeđenje subjektivne kvalitete zone komfora i/ili subjektivne kvalitete zdravlja i/ili subjektivne kvalitete života pripadnika Bošnjačke nacionalne manjine i ostalih zapostavljenih nacionalnih i drugih manjina te članova i ciljanih skupina Zajednice.   
•	Progresivno osmišljavanje i planiranje te formiranje i organiziranje te upravljanje i progresivni održivi razvoj projekata i/ili programa humanitarnog karaktera odnosno progresivno organiziranje manifestacija za oboljelu djecu u bolnicama .       
•	Progresivno osmišljavanje i planiranje te formiranje i organiziranje te  upravljanje  i koordiniranje te provođenje i vođenje , kao i progresivni održivi razvoj projekata/ili programa humanitarnog karaktera odnosno progresivnog organiziranja humanitarnih :  događaja i doživljaja te zdravstveno i društveno korisnih doživljaja te donatorskih večera i aukcija te koncerata i manifestacija te sportskih događaja i turnira te javnih okupljanja i prigodnih prodaja te sajmova i festivala te prodaja rukotvorina i knjiga i monografija te brošura i udžbenika te slika i plakata te biltena i kalendara članova Zajednice .     
•	Progresivno osmišljavanje i planiranje te formiranje i organiziranje te upravljanje i koordiniranje te  provođenje i vođenje , kao i progresivni održivi razvoj projekata i/ili programa , kao i humanitarnih akcija i inicijativa u svrhu stalnog prikupljanja i pružanja humanitarne pomoći u organizaciji Zajednice . 
•	Progresivno osmišljavanje i organiziranje te upravljanje i koordiniranje te provođenje i  vođenje , kao progresivni razvoj projekata i/ili programa , kao i humanitarnih akcija i inicijativa za stalno prikupljanje i pružanja humanitarne pomoći u svrhu osiguravanja  zaštite života i  zaštite fizičkog i mentalnog , kao i psihofizičkog zdravlja te hrane i odjeće te kvalitetnog  stanovanja i kvalitetnih uvjeta školovanja te pomoći u obnovi i izgradnji i opremanju stambenih i javnih te drugih objekata i građevina za javne i društvene , kao i sportsko – rekreacijske namjene te prijevoza pomoći i njezine dostupnosti te pomoći za umanjivanje posljedica i nesreća te velikih nesreća i katastrofa (prirodnih i socijalnih te ratnih i epidemioloških ) na imovini fizičkih i pravnih neprofitabilnih osoba te ublažavanje i sprječavanje mogućih uzoraka socijalne isključenosti .
•	Progresivno osmišljavanje i organiziranje te upravljanje i koordiniranje te  provođenje i vođenje , kao i progresivni razvoj programa i/ili projekata organiziranja i prikupljanja , kao i razvrstavanja humanitarne pomoći i humanitarnih akcija te humanitarnih inicijativa u svrhu prikupljanja materijalnih i financijskih dobra te stručna i laička psihosocijalna pomoć odnosno psihološka pomoć i pomoć u socijalnoj prilagodbi te usluge namijenjene 
socijalno ugroženim osobama prema posebnim propisima te žrtvama prirodnih i drugih katastrofa , kao i osobama čiji prihod ne prelazi razinu nacionalnog praga siromaštva .  
Progresivno osmišljavanje i organiziranje te upravljanje i koordiniranje te provođenje i vođenje , kao i progresivni razvoj  programa i/ili projekata organiziranja i prikupljanja te razvrstavanja i darovanja humanitarne pomoći s ciljem zaštite zdravlja stanovništva i osiguranja i poboljšanja kvalitete življenja naročito smještaja i stanovanja te HALAL prehrane te osiguranja uvjeta progresivnog školovanja te pomoći u obnovi stambenih i javnih , kao i drugih objekata te progresivnog okupljanja i organiziranog rada s djecom i mladima te osobama s posebnim potrebama , čija pomoć nije uvjetovana članstvom , kao i progresivno humanitarno djelovanje za opće  dobro . 
•	Progresivno osmišljavanje i organiziranje te upravljanje i koordiniranje , kao i provođenje te vođenje projekata i/ili programa , kao i humanitarnih akcija i inicijativa  u svrhu stalnog prikupljanja i čuvanja , kao i raspodjele humanitarne pomoći odnosno materijalnih i financijskih i inih dobara starijim i nemoćnim te socijalno ugroženim osobama  , a naročito žrtvama katastrofa i sukoba te djeci i mladima , kao i odraslim osobama  sa posebnim potrebama i teškoćama u razvoju te  bolesnoj i nemoćnoj te  napuštenoj i siromašnoj te djeci i mladima , kao i socijalno ugroženim i jedno roditeljskim obiteljima te obiteljima s više djece i samohranim roditeljima sa svrhom poboljšanja subjektivne kvalitete njihovih života , kao i svim ostalim ljudima u potrebi bez obzira na nacionalnost i vjeru te vjeroispovijed  i boju kože te političku i etničku pripadnost , kao i spolnu orijentaciju i rodni identitet u organizaciji Zajednice .  
•	Progresivno osmišljavanje i organiziranje te upravljanje i koordiniranje , kao i provođenje i vođenje projekata i/ili programa , kao i humanitarnih akcija i inicijativa u svrhu stalnog prikupljanja i pružanja te upućivanja i raspodjele humanitarne pomoći i pružanja pomoći žrtvama katastrofa i sukoba diljem svijeta odnosno u inozemstvu na temelju njihovih potreba u organizaciji Zajednice . 
•	Progresivno osmišljavanje i organiziranje te upravljanje i koordiniranje , kao i provođenje i vođenje projekata i/ili programa , kao i humanitarnih akcija i inicijativa u svrhu stalnog prikupljanja i pružanja te upućivanja i raspodjele humanitarne pomoći i pružanja pomoći žrtvama katastrofa i sukoba diljem  EU odnosno u Europskoj Uniji na temelju njihovih potreba u organizaciji Zajednice .  
•	Progresivno osmišljavanje i organiziranje te upravljanje i koordiniranje , kao i provođenje te vođenje projekata i/ili programa , kao i humanitarnih akcija i inicijativa u svrhu stalnog prikupljanja i pružanja te upućivanja i raspodjele   humanitarne pomoći u inozemstvo odnosno u slabo razvijenim zemljama Zapadnog Balkana i Trećih zemalja , kao i zemalja ratom obuhvaćenih te Trećem i Četvrtom Svijetu u organizaciji Zajednice  .
•	Progresivno osmišljavanje i organiziranje te upravljanje i koordiniranje , kao i provođenje te vođenje projekata i/ili programa , kao i humanitarnih akcija i inicijativa u svrhu organiziranja i upućivanja  međunarodno razvojne i humanitarne pomoći u inozemstvu odnosno u slabo razvijenim zemljama Zapadnog Balkana i Trećih Zemalja ,  kao i zemljama ratom obuhvaćenih te Trećem i Četvrtom Svijetu u organizaciji Zajednice . 
•	Progresivno osmišljavanje i organiziranje te upravljanje i koordiniranje , kao i provođenje te vođenje humanitarnih  projekata i programa , kao i humanitarnih akcija i inicijativa u svrhu prevencije i suzbijanja te smanjenja i iskorjenjivanja siromaštva kroz stalno organiziranje i upravljanje te prikupljanje i pružanje , kao i raspodjele Međunarodno razvojne  i humanitarne pomoći u inozemstvu odnosno u Zemljama Zapadnog Balkana i Trećim Zemljama te Trećem i Četvrtom Svijetu u organizaciji Zajednice . 
•	Progresivno osmišljavanje i organiziranje te upravljanje i koordiniranje , kao i provođenje te vođenje Međunarodne humanitarne pomoći kroz humanitarne programe i/ili projekte te humanitarne akcije i inicijative te djelatnosti i aktivnosti u organizaciji Zajednice . 
•	Progresivno osmišljavanje i organiziranje te upravljanje i koordiniranje , kao i provođenje te vođenje Međunarodne humanitarne pomoći kroz crowdfunding odnosno skupno i/ili množino financiranje u organizaciji Zajednice . 
•	Progresivno osmišljavanje i organiziranje te upravljanje i koordiniranje , kao i provođenje te vođenje humanitarno – socijalnih programa/projekata te humanitarnih akcija i inicijativa  kroz crowdfunding odnosno skupno i/ili množino  financiranje u organizaciji Zajednice .
•	Progresivno osmišljavanje i organiziranje te upravljanje i koordiniranje , kao i provođenje te vođenje stalnog prikupljanja i pružanja  humanitarne pomoći kroz crowdfunding odnosno skupno i/ili množino financiranje u organizaciji Zajednice . 
•	Progresivno osmišljavanje i organiziranje te upravljanje i koordiniranje , kao i provođenje te vođenje stalnog prikupljanja i pružanja te upućivanja i raspodjele humanitarne pomoći u inozemstvu odnosno u Zemljama Zapadnog Balkana i Trećim Zemljama te Trećem i Četvrtom Svijetu kroz crowdfunding odnosno skupno i/ili množino  financiranje u organizaciji Zajednice .       
•	Progresivno osmišljavanje i organiziranje te upravljanje i koordiniranje , kao i provođenje te vođenje solidarne posmrtne pripomoći za redovne članove Zajednice , odnosno njihovim obiteljima prilikom smrtnog slučaja redovnog  člana Zajednice kroz financijske i organizacijske te psihološke , psihosocijalne , kao i savjetodavne pomoći te  solidarne programe i/ili projekte te solidarne akcije i inicijative odnosno kroz osnivanje i planiranje te uspostavljanje i organiziranje te upravljanje i koordiniranje te provođenje i vođenje , kao i održivi progresivni razvoj mreže  Bošnjačkih Progresivnih Službi  za solidarnu posmrtnu pripomoć odnosno ustrojstvenih  oblika Zajednice .  
•	Progresivno osmišljavanje i organiziranje te upravljanje i koordiniranje , kao i provođenje te vođenje programa i/ili projekata ovlaštene besplatne pravne pomoći za pripadnike Bošnjačke nacionalne manjine i zapostavljenih nacionalnih i drugih manjina te članova i kao i ciljanih skupina  Zajednice kroz osnivanje i planiranje te uspostavljanje i organiziranje te upravljanje i koordiniranje te provođenje i vođenje , kao i održivi progresivni razvoj mreže Bošnjačkih  Progresivnih  Službi odnosno ustrojstvenog oblika Zajednice za Besplatnu Pravnu Pomoć za pripadnike Bošnjačke nacionalne manjine i zapostavljenih nacionalnih i drugih manjina te članova i ciljanih skupina Zajednice  . 
•	Progresivno osmišljavanje i planiranje te formiranje i organiziranje te upravljanje i koordiniranje te provođenje i vođenje , kao i progresivni programa i/ili projekata besplatne socijalne i pravne zaštite prava pacijenata , naročito oboljele djece i ljudskih i manjinskih prava pacijenata odnosno pripadnika Bošnjačke nacionalne manjine i zapostavljenih nacionalnih i drugih manjina te članova i ciljanih skupina Zajednice kroz osnivanje i planiranje te uspostavljanje i organiziranje te upravljanje i koordiniranje te provođenje i vođenje , kao i održivi progresivni razvoj mreže  Bošnjačkih  Progresivnih  Službi odnosno ustrojstvenog oblika Zajednice za Besplatnu Socijalnu i Pravnu Zaštitu Pacijenata pripadnika Bošnjačke nacionalne manjine i zapostavljenih nacionalnih i drugih manjina te članova i ciljanih skupina Zajednice u organizaciji Zajednice .  
•	Progresivno osmišljavanje i planiranje te formiranje i organiziranje te upravljanje i koordiniranje te provođenje i vođenje , kao i progresivni razvoj programa i/ili projekata ovlaštene besplatne medijacijske pomoć odnosno  besplatne usluge ovlaštenog miritelja kroz organiziranje i provedbu arbitražnih postupaka i postupaka mirenja te postupaka mirnog rješavanja sporova i alternativnog rješavanja sporova za pripadnike Bošnjačke nacionalne manjine i zapostavljenih nacionalnih  i drugih manjina te članova i ciljanih skupina Zajednice kroz osnivanje i planiranje te uspostavljanje i organiziranje te upravljanje i koordiniranje te provođenje i vođenje , kao i održivi progresivni razvoj mreže Bošnjačkih  Progresivnih  Službi  odnosno ustrojstvenog oblika Zajednice za Besplatnu Medijacijsku Pomoć za pripadnike Bošnjačke nacionalne manjine i zapostavljenih nacionalnih i drugih manjina te članova i ciljanih skupina Zajednice .  
•	Progresivno osmišljavanje i organiziranje te upravljanje i koordiniranje te upravljanje i koordiniranje te provođenje i vođenje programa i/ili projekata besplatne savjetodavne pomoći u pripremi i provedbi europskih projekata i programa Europske Unije kroz osnivanje i planiranje te uspostavljanje i organiziranje te upravljanje i koordiniranje te provođenje i vođenje , kao i održivi progresivni razvoj mreže  Bošnjačkih  Progresivnih Službi  odnosno ustrojstvenog oblika Zajednice za Besplatnu Savjetodavnu Pomoć u pripremi i provedbi europskih projekata i programa Europske Unije za pripadnike Bošnjačke nacionalne manjine i zapostavljenih nacionalnih i drugih manjina te članova i ciljanih skupina Zajednice .     
•	Progresivno i organizirano  promicanje i ostvarivanje te formiranje i organiziranje te upravljanje i koordiniranje te provedba i vođenje te održivi progresivni razvoj zaštite interesa i prava Bošnjaka Branitelja i Sudionika Domovinskog Rata i Obitelji Bošnjaka Branitelja i Sudionika Domovinskog Rata kroz progresivno  osnivanje i planiranje te uspostavljanje i organiziranje te upravljanje i koordiniranje te provođenje i vođenje mreže  Bošnjačkih  Progresivnih Službi  odnosno ustrojstvenog oblika Zajednice za Promicanje i  Zaštitu  Prava i Interesa Bošnjaka Branitelja i Sudionika Domovinskog Rata i Članova Obitelji Bošnjaka Branitelja i Sudionika Domovinskog Rata .  
•	Progresivno osmišljavanje i planiranje te formiranje i organiziranje te upravljanje i koordiniranje te održivi progresivni razvoj progresivno – organiziranog posredovanja za korist pojedinca za dodjelu sportskog angažmana i/ili sportske stipendije te akademsko – sportske i/ili koledž stipendije u Republici Hrvatskoj i EU te SAD i Australiji te Ujedinjenom Kraljevstvo Velike Britanije i Sjeverne Irske te Kanade i Novog Zelanda te Japana i Tajvana kroz osnivanje i planiranje te uspostavljanje i organiziranje te provođenje i vođenje , kao i održivi progresivni razvoj mreže Bošnjačkih  Progresivnih  Službi  odnosno ustrojstvenog oblika Zajednice za Progresivno Sportsko Posredovanje .    
•	Progresivno osmišljavanje i organiziranje te upravljanje i koordiniranje , kao i provođenje te vođenje programa i/ili projekata te kampanja i akcija , kao i inicijativa  crowdfunding odnosno skupnog i/ili množinog financiranja za financiranje humanitarno – socijalnih i socijalno – alternativno stambenih  te socijalno stambenih i zadružno stambenih , kao i inkluzivno stambenih te  socijalno i/ili društveno odgovornih i tehnološko poduzetničkih te besplatno rani i predškolsko odgojno – obrazovnih i školsko odgojno – obrazovnih te visoko obrazovnih i  cjeloživotno obrazovnih , kao i cjeloživotno učenje  te znanstveno – istraživačkih i informatičko – tehničkih te kulturno – umjetničkih i sportsko – zdravstvenih,  kao i stipendiraju programa i/ili projekata te djelatnosti i aktivnosti u organizaciji Zajednice .      
•	Progresivno osmišljavanje i organiziranje te upravljanje i koordiniranje , kao i provođenje te  vođenje i ostvarivanje crowdfunding i crowdinvesting platforme u svrhu financiranja programa i/ili projekata te djelatnosti i aktivnosti , kao i investicija Zajednice . 
•	Progresivno osmišljavanje i organiziranje te upravljanje i koordiniranje te provođenje i vođenje te izvođenje i održivi progresivni razvoj programa i/ili projekata poticanja i ostvarivanja organiziranog i održivo -  progresivnog samozapošljavanja i zapošljavanja pripadnika Bošnjačke nacionalne manjine  kroz osnivanje mreže Bošnjačkih Progresivno – Poduzetničkog Centra za Posredovanje u Financiranju i Prikupljanje Financijskih Sredstava za pokretanje mikro i malog te srednje i ženskog poduzetništva odnosno progresivno samozapošljavanje i zapošljavanje pripadnika Bošnjačke nacionalne manjine.  
•	Progresivno osmišljavanje i planiranje te formiranje i organiziranje te upravljanje i koordiniranje te provođenje i vođenje te  omogućavanje i održivi progresivni razvoj besplatnog i stipendiranog :  visokog obrazovanja i cjeloživotnog obrazovanja i učenja , kao stručnog usavršavanja pripadnika Bošnjačke nacionalne manjine i zapostavljenih nacionalnih i drugih manjina te članova i ciljanih skupina Zajednice putem jednokratne novčane pomoći te nabavke obrazovnih materijala te druge studentske i andragoške opreme te besplatne prehrane i  smještaja tijekom školovanja  pripadnika  Bošnjačke nacionalne manjine i zapostavljenih nacionalnih i drugih manjina  te članova i ciljanih skupina Zajednice u organizaciji Zajednice .
•	Progresivno očuvanje i zaštita etnološke i kulturne  baštine te  tradicijske nematerijalne kulture Bošnjačke nacionalne manjine odnosno Bošnjačke nacionalne kuhinje i Bošnjačkog nacionalnog slastičarstva te Bošnjačkog nacionalnog travarstva i maslinarstva te  Bošnjačke nacionalne glazbe i pjesme odnosno Sevdaha (Bošnjačke filozofije u stihu)  i Bošnjačkih nacionalno -  tradicionalnih kolektivnih igra i plesova , kao i folklora te Bošnjačke (kufske) i (bosančice)  kaligrafije i drvorezbarske kaligrafije i  Bošnjačkih nacionalnih starih i tradicijskih , kao i umjetničkih zanata i/ili obrta  te Bošnjačkih nacionalnih i tradicijskih običaja i obreda te Bošnjačke nacionalne i tradicijske arhitekture i Bošnjačkog tradicijskog  načina i stila života te Bošnjačke filozofije života , kao i Bosanskog jezika te Bošnjačke dijalektike i dijalekta te Bošnjačke tradicijske i usmene književnosti , kao i  ostalih sociološko – kulturoloških i antropoloških aspekata Bošnjačke nacionalne i tradicijske nematerijalne kulture kroz upis u Registar nematerijalne kulturne baštine Republike Hrvatske i Europske Unije u organizaciji Zajednice . 
•	Progresivno osmišljavanje i organiziranje te upravljanje i provedba , kao i vođenje te održivi progresivni razvoj očuvanja i zaštite te cjeloživotnog učenja i obrazovanja  etnološke i kulturne baštine te tradicijsko nematerijalne kulture te kulturnog i kulturološkog koda , kao i kulturnih obrazaca Bošnjačke nacionalne manjine kroz osnivanje i planiranje te organiziranje i upravljanje te koordiniranje i provođenje te vođenje , kao i održivi progresivni razvoj mreže  Bošnjačkih  Progresivno  Kulturno – Umjetničko – Edukacijskih  Hostela Mladih odnosno ustrojstvenih oblika Zajednice u  vlasništvu Zajednice .
•	Progresivno osmišljavanje i uređivanje te organiziranje i upravljanje , kao i koordiniranje te provedba i vođenje , kao i  održivi progresivni razvoj školovanja i edukacije te izobrazbe i stručnog usavršavanja novinara  Bošnjačke nacionalne manjine i  novinara koji izvještavaju o specifičnim i krucijalno važnim i bitnim temama Bošnjačke nacionalne manjine kroz osnivanje i planiranje te organiziranje i upravljanje te koordiniranje i provođenje te vođenje i održivi progresivni razvoj  Bošnjačko Progresivne Visoke Novinarske Škole  u vlasništvu  Zajednice .    
•	Progresivno osmišljavanje i uređivanje te organiziranje i upravljanje , kao i koordiniranje te provedba  i vođenje , kao i održivi progresivni razvoj Bošnjačkog istraživačkog i političkog te društvenog i sportskog novinarstva , kao i tiskanog medija na izvornom jeziku Bošnjačke nacionalne manjine odnosno Bosanskom jeziku kroz osnivanje i planiranje te organiziranje i upravljanje te koordiniranje i provođenje te vođenje i održivi progresivni razvoj Bošnjačko Progresivnog  Novinarsko – Izdavačkog Centra ustrojstvenog oblika zajednice u  vlasništvu Zajednice . 
•	Progresivno osmišljavanje i uređivanje te organiziranje i upravljanje , kao i koordiniranje te provođenje i vođenje, kao i održivi progresivni razvoj obrazovno – odgojnih televizijskih i radijskih  programa i emisija te putopisnih serijala i dokumentarnih filmova u duhu kulturne autonomije Bošnjačke nacionalne manjine na izvornom jeziku Bošnjačke nacionalne manjine odnosno Bosanskom jeziku kroz proizvodnju i produkciju te  prikazivanje i emitiranje na  HRT i ostalim lokalnim regionalnim  televizijama i radijima te digitalnim televizijama i radijima , kao i specijaliziranim TV programima i kanalima namijenjenim za Bošnjačku nacionalnu manjinu u organizaciji Zajednice .  
•	Progresivno osmišljavanje i ostvarivanje te organiziranje i upravljanje , kao i  provođenje te održivi progresivni razvoj sredstava javnog priopćavanja i obavljanja djelatnosti javnog priopćavanja na izvornom jeziku Bošnjačke nacionalne manjine odnosno Bosanskom jeziku kroz osnivanje i planiranje te organiziranje i  upravljanje te  koordiniranje i  provođenje te  vođenje  i progresivni održivi razvoj Bošnjačkog Progresivnog Medijskog Servisa u vlasništvu Zajednice , a  koji pruža medijske usluge i osniva te osmišljava i uređuje te producira radijske i televizijske programe te programske sadržaje audiovizualnih i elektroničkih medija te  digitalnih i mrežnih medija , kao i  podcast medija te tiskanih medija na izvornom jeziku Bošnjačke nacionalne manjine i Znakovnom jeziku kroz nakladništvo radijskih i televizijskih medija te audiovizualnih medija i elektroničnih medija te digitalnih i mrežnih medija , kao i podcast medija te obavljanja  djelatnosti pružanja medijskih usluga televizije i/ili radija te obavljanje djelatnosti pružatelja  audio i audiovizualnih medijskih usluga na zahtjev i medijskih usluga za satelitski i internetski te kabelski prijenos i druge dopuštene oblike prijenosa audiovizualnog i/ili radijskog programa te obavljanje djelatnosti  pružanja audiovizualnih i/ili radijskih medijskih usluga na zahtjev  medijskih usluga digitalne  televizije i/ili radija,  kao i kroz usluge IPTV  te pružanja usluga mrežnog operatera i/ili mrežnog operatora I/ili pokretnog mrežnog operatora radio frekvencijskog spektra za televiziju i radio , kao i Internet putem frekvencijskog pojasa te obavljanje djelatnosti pružanje medijskih usluga televizije i radija za područja koncesije . 
•	Progresivno osmišljavanje i promicanje te očuvanje i zaštita , kao i održivi progresivni razvoj audiovizualne i filmske kulture i baštine kroz planiranje i osnivanje te uspostavljanje i organiziranje te upravljanje i koordiniranje , kao i održivi progresivni razvoj Bošnjačkog Progresivnog Audiovizualnog Znanstveno Istraživačkog Centra za Audiovizualna Istraživanja i Održivi Progresivni Razvoj odnosno u vlasništvu Zajednice .  
•	Progresivno osmišljavanje i promicanje te očuvanje i zaštita , kao i održivi progresivni razvoj Bošnjačke filmske kulture i  baštine kroz osnivanje i organiziranje te upravljanje i koordiniranje , kao i provođenje te održivi progresivni razvoj  Bošnjačkog Filmskog  Muzejskog  Dokumentacijskog  Centara odnosno ustrojstvenog oblika Zajednice u vlasništvu Zajednice .
•	Progresivno osmišljavanje i promicanje te očuvanje i zaštita , kao i održivi progresivni razvoj Bošnjačke filmske kulture i baštine odnosno filmske kulture i baštine Bošnjačke nacionalne manjine u Republici Hrvatskoj kroz planiranje i osnivanje te uspostavljanje i organiziranje te upravljanje i koordiniranje te provođenje i vođenje , kao i održivi progresivni razvoj Bošnjačke Progresivno – Inkluzivnog Nekomercijalnog Kina odnosno ustrojstvenog oblika Zajednice . 
•	Progresivno osmišljavanje i promicanje te očuvanje i zaštita , kao i održivi progresivni razvoj Bošnjačke filmske kulture i baštine odnosno filmske kulture i baštine Bošnjačke nacionalne manjine u Republici Hrvatskoj  kroz  planiranje i  osnivanje te uspostavljanje i  organiziranje te upravljanje i koordiniranje te provođenje i vođenje , kao i održivi progresivni razvoj Bošnjačke Progresivne Kinoteke odnosno ustrojstvenog oblika Zajednice . 
•	Progresivno osmišljavanje i planiranje te formiranje i organiziranje te provođenje i vođenje , kao i održivi progresivni razvoj programa i/ili projekata organiziranja filmskih festivala i audiovizualnih manifestacija i smotra te filmskih revija i tjedana te filmskog dana i vikenda te autorskih i nacionalnih ciklusa filmske večeri i restrospektive i raznih obilježavanja i obljetnica audiovizualne i filmske kulture i baštine Bošnjačke nacionalne manjine u Republici Hrvatskoj u organizaciji Zajednice . 
•	Progresivno osmišljavanje i promicanje te očuvanje i zaštita , kao i održivi progresivni razvoj Bošnjačke audiovizualne kulture i baštine odnosno audiovizualne kulture i baštine Bošnjačke nacionalne manjine u Republici Hrvatskoj  kroz planiranje i osnivanje te uspostavljanje i organiziranje te upravljanje i koordiniranje te provođenje i vođenje , kao i održivi progresivni razvoj Bošnjačke Progresivne Medijateke odnosno ustrojstvenog oblika Zajednice u vlasništvu Zajednice .      
•	Progresivno osmišljavanje i ostvarivanje te organiziranje i upravljanje , kao i koordiniranje te provedba i vođenje projekata i/ili programa komplementarnih djelatnosti kroz zaštitu audiovizualne baštine i umjetnosti Bošnjačke nacionalne manjine te kinotečnu djelatnost i filmske festivale i druge audiovizualne manifestacije te  djelatnosti razvijanja audiovizualne kulture i audiovizualnih djela te proučavanje i kritičko vrednovanje audiovizualnih djela i djelatnosti , kao i izdavaštvo i stručno usavršavanje u području audiovizualnih djelatnosti Bošnjačke nacionalne manjine u organizaciji Zajednice . 
•	Progresivno osmišljavanje i ostvarivanje te organiziranje i upravljanje te koordiniranje i provedba , kao i vođenje te progresivni održivi razvoj inicijativa i/ili programa i/ili projekata radijskih i televizijskih emisija na Bosanskom jeziku na području lokalne i područne odnosno regionalne samouprave , kao i na području Republike Hrvatske u organizaciji Zajednice .   
•	Progresivno osmišljavanje i organiziranje te upravljanje i koordiniranje te provođenje i vođenje , kao i održivi razvoj Bošnjačke kulture sjećanja i kolektivnog nacionalnog pamćenja kroz održivi progresivni razvoj cjeloživotnog učenja i obrazovanja te stručnog usavršavanja i izobrazbe djece i mladih te studenata i odraslih o Genocidu i Zločinima Protiv Čovječnosti te Ljudski Pravima i Slobodama sa glavnim ciljem ukazivanja na tragične povijesne događaje , naročito Genocide i Zločine Protiv Čovječanstva kao nedvojbeno i činjenično najgore oblike kršenja ljudskih prava i probuditi svijest o drugim oblicima političkog i strukturalnog nasilja te ksenofobije i netolerancije , kao i izgraditi znanje o ljudskim i građanskim pravima kroz osnivanje i planiranje te organiziranje i upravljanje te provođenje i vođenje , kao i održivi progresivni razvoj  Bošnjačka Akademija Za Cjeloživotno Obrazovanje o Genocidu i Zločinu Protiv Čovječnosti te Ljudskim Pravima i Slobodama u vlasništvu Zajednice  . 
•	Progresivno osmišljavanje i planiranje te izgradnja i ostvarivanje te održavanje i organiziranje te upravljanje i vođenje , kao i održivi progresivni razvoj sportsko – rekreacijske  infrastrukture i kompleksa te objekata i sportsko – rekreacijskih planinskih domova  i sportsko – rekreacijskih  zgrada te sportsko – rekreacijskih građevina i sportsko – inkluzivnih  objekata te zimskih i ljetnih sportsko – rekreacijskih  odmarališta i kampova te sportsko – rekreacijskih  parkova i igrališta , kao i sportsko – rekreacijskih vodenih parkova i bazena kroz osnivanje i planiranje te organiziranje i upravljanje te provedbu i vođenje , kao i održivi progresivni razvoj mreže Bošnjačke Sportsko – Rekreacijskih  Centara odnosno ustrojstvenih oblika Zajednice  u vlasništvu Zajednice .  
•	Progresivno osmišljavanje i formiranje te ostvarivanje i organiziranje te upravljanje i koordiniranje te provođenje i vođenje , kao i održivi progresivni razvoj veleučilišnog prijediplomskog i diplomskog studija ranog odgoja i obrazovanja odnosno odgojno – obrazovnih znanosti  studijskog programa za odgajatelje i odgajatelje specijalizirane za rane i predškolske odgojno – obrazovne programe na manjinskim jezicima i pismima odnosno na  Bosanskom jeziku i pismu  odnosno jeziku i pismu  Bošnjačke nacionalne manjine kroz osnivanje i planiranje te  uspostavljanje i organiziranje te upravljanje i koordiniranje te provođenje i vođenje , kao i održivi progresivni razvoj visoko obrazovnog  Veleučilišta Bošnjačkih Studija u vlasništvu Zajednice .  
•	Progresivno osmišljavanje i  formiranje te ostvarivanje  i organiziranje te upravljanje i koordiniranje te provođenje i vođenje , kao i održivi progresivni razvoj veleučilišnog integriranog  prijediplomskog i diplomskog učiteljskog  studija odgojno – obrazovnih znanosti odnosno studijskog programa za učitelje i učitelje specijalizirane za odgojno – obrazovne programe i kurikulume  na manjinskim jezicima i pismima odnosno na Bosanskom jeziku i pismu odnosno jeziku i pismu  Bošnjačke nacionalne manjine  kroz osnivanje i planiranje te uspostavu i organiziranje te upravljane i koordiniranje te provođenje i vođenje , kao i održivi progresivni razvoj visoko obrazovnog  Veleučilište Bošnjačkih Studija u vlasništvu Zajednice . 
•	Progresivno osmišljavanje i formiranje te ostvarivanje i organiziranje te upravljanje i koordiniranje te provođenje i vođenje , kao i održivi progresivni razvoj veleučilišta dualnog i integriranog prijediplomskog i diplomskog politološko – pravnog  studija odnosno studijskog programa međunarodni odnosi i pravo  na manjinskom jeziku i pismu Bošnjačke nacionalne manjine kroz osnivanje i planiranje te uspostavljanje i organiziranje te provođenje i vođenje , kao i održivi  progresivni razvoj visoko obrazovnog  Bošnjačkog Progresivnog  Političko – Pravnog   Veleučilište u vlasništvu Zajednice .    
•	Progresivno osmišljavanje i formiranje te ostvarivanje i organiziranje te upravljanje i koordiniranje  te provođenje i vođenje , kao i održivi progresivni razvoj veleučilišnog integriranog prijediplomskog i diplomskog zdravstvenog studija zdravstvenog menadžmenta i ekonomike  odnosno studijskog programa zdravstvenog menadžmenta i ekonomike  na manjinskom jeziku i pismu odnosno Bosanskom jeziku i pismu odnosno jeziku i pismu  Bošnjačke nacionalne manjine kroz osnivanje i planiranje te uspostavljanje i organiziranje te upravljanje i koordiniranje te provođenje i vođenje , kao i održivi progresivni razvoj visoko obrazovnog  Bošnjačko Zdravstvenog Veleučilišta u vlasništvu Zajednice .
•	Progresivno osmišljavanje i formiranje te ostvarivanje i organiziranje te upravljanje i koordiniranje te provođenje i vođenje , kao i održivi progresivni razvoj veleučilišnog integriranog prijediplomskog i diplomskog kineziološkog studija odnosno studijskog programa izobrazba trenera  na manjinskom jeziku i pismu odnosno Bosanskom jeziku i pismu odnosno jeziku i pismu Bošnjačke nacionalne manjine kroz osnivanje i planiranje te uspostavljanje i organiziranje te upravljanje i koordiniranje te provođenje i vođenje , kao i održivi progresivni razvoj visoko obrazovnog  Bošnjačko Kineziološkog Veleučilište u vlasništvu Zajednice . 
•	Progresivno osmišljavanje i formiranje te ostvarivanje i organiziranje te upravljanje i koordiniranje te provođenje i vođenje , kao i održivi progresivni razvoj specijaliziranih  odgojno – obrazovnih programa strukovnog i cjeloživotnog obrazovanja i učenja  i odgojno – obrazovnih programa strukovnog i cjeloživotnog suvremenog informacijsko – tehnološkog obrazovanja i učenja na manjinskom  jeziku i pismu odnosno na Bosanskom Jeziku i pismu Bošnjačke nacionalne manjine kroz osnivanje i planiranje te uspostavljanje i organiziranje te upravljanje i koordiniranje te provođenje i vođenje , kao i održivi progresivni razvoj Bošnjačkog Progresivno Suvremenog  Centra za Strukovno i Cjeloživotno Obrazovanje i Učenje u vlasništvu Zajednice . 
•	Progresivno osmišljavanje i formiranje te ostvarivanje i organiziranje te upravljanje i koordiniranje te provođenje i vođenje , kao i održivi progresivni razvoj odgojno - obrazovnih programa zdravstvenog strukovnog i cjeloživotnog obrazovanja i učenja i specijaliziranih odgojno – obrazovnih programa zdravstvenog strukovnog i cjeloživotnog obrazovanja i učenja na manjinskim jezicima i pismu odnosno na Bosanskom jeziku i pismu odnosno jeziku i pismu Bošnjačke nacionalne manjine kroz osnivanje i planiranje te provođenje i vođenje , kao i održivi progresivni razvoj odgojno – obrazovnog Bošnjačkog Progresivno - Zdravstvenog  Učilišta  u vlasništvu Zajednice .  
•	Progresivno osmišljavanje i formiranje te ostvarivanje i organiziranje te koordiniranje i upravljanje te provođenje i vođenje , kao i održivi progresivni razvoj organiziranja Bošnjačke Solidarne Posmrtne Pripomoći za redovne članove Zajednice u slučaju njihove smrti odnosno prikupljanjem sredstava putem članarine i na druge zakonom dozvoljene načine te obavljanjem poslova vezanih uz organizaciju pogreba svojih redovnih članova kroz progresivno  osnivanje i planiranje te uspostavljanje i organiziranje te upravljanje i koordiniranje te provođenje i vođenje , kao i održivi progresivni razvoj mreže Bošnjačkih Progresivnih Službi za Solidarnu Posmrtnu Pripomoć odnosno ustrojstvenih oblika Zajednice u vlasništvu Zajednice . 
•	Progresivno osmišljavanje i formiranje te ostvarivanje i organiziranje te koordiniranje i upravljanje te provođenje i vođenje , kao i održivi progresivni razvoj programa i/ili projekata progresivne stalne brige o unaprjeđenju i čuvanja i očuvanja kulturološkog identiteta i duhovne tradicije te  subjektivne kvalitete zdravlja i života te primarne i sekundarne prevencije pretilosti te progresivnog promicanja i razvoja zdravlja učenika pripadnika Bošnjačke nacionalne manjine i zapostavljenih nacionalnih i drugih manjina te članova i ciljanih skupina Zajednice  kroz besplatnu školsku zdravu i fitnes te pravilnu i uravnoteženu te nutritivno bogatu i biološko – dinamičku HALAL prehranu i do hranu za učenike pripadnike Bošnjačke  nacionalne manjine i zapostavljenih i drugih manjina te članova i ciljanih  skupina  Zajednice kroz  progresivno osnivanje i planiranje te uspostavljanje i organiziranje te upravljanje i koordiniranje te provođenje i vođenje , kao i održivi progresivni razvoj mreže Bošnjačkih Progresivnih Službi za Besplatnu Školsku Zdravu i Pravilnu  Halal Prehranu i Do hranu odnosno ustrojstvenih oblika  Zajednice u vlasništvu Zajednice . 
•	 Progresivno osmišljavanje i formiranje te ostvarivanje i organiziranje te koordiniranje i upravljanje te provođenje i vođenje , kao i održivi progresivni razvoj programa i/ili projekata progresivne brige o unaprjeđenju i čuvanju i očuvanju kulturološkog identiteta i duhovne tradicije te  subjektivne kvalitete zdravlja i života te primarne i sekundarne prevencije pretilosti te progresivnog promicanja i razvoja zdravlja studenata (redovnih i vanrednih) odnosno pripadnika Bošnjačke nacionalne manjine i zapostavljenih nacionalnih i drugih manjina te članova i ciljanih skupina Zajednice   kroz besplatnu studentsku zdravu i fitness te pravilnu i uravnoteženu te nutritivno bogatu i biološko – dinamičku HALAL prehranu i do hranu za studente (redovne i vanredne) odnosno  pripadnike Bošnjačke nacionalne manjine i zapostavljenih nacionalnih i drugih manjina te članova i ciljanih skupina Zajednice  kroz progresivno osnivanje i planiranje te uspostavljanje i organiziranje te upravljanje i koordiniranje te provođenje i vođenje , kao i održivi progresivni razvoj mreže  Bošnjačkih Progresivnih Službi za Besplatnu  Studentsku Zdravu i Pravilnu  HALAL  Prehranu i Do hranu odnosno ustrojstvenih oblika Zajednice u vlasništvu Zajednice . 
•	Progresivno osmišljavanje i formiranje te ostvarivanje i organiziranje te koordiniranje i upravljanje te provođenje i vođenje , kao i održivi progresivni razvoj programa i/ili projekata progresivne stalne brige o unaprjeđenju i čuvanju i očuvanju kulturološkog identiteta i duhovne tradicije te  subjektivne kvalitete zdravlja i života te primarne i sekundarne prevencije pretilosti te progresivnog promicanja i razvoja zdravlja radnika odnosno pripadnika Bošnjačke nacionalne manjine i zapostavljenih nacionalnih i drugih manjina te članova i ciljanih skupina Zajednice kroz besplatnu radničku zdravu i fitness te pravilnu i uravnoteženu te nutritivno bogatu i biološko – dinamičku HALAL prehranu i do hranu za radnike odnosno pripadnike Bošnjačke nacionalne manjine i zapostavljenih nacionalnih i drugih manjina te članova i ciljanih skupina Zajednice kroz progresivno osnivanje i planiranje te uspostavljanje i organiziranje te upravljanje i koordiniranje te provođenje i vođenje , kao i održivi progresivni razvoj mreže Bošnjačkih Progresivnih Službi za Besplatnu Radničku Zdravu i Pravilnu HALAL Prehranu i Do hranu odnosno ustrojstvenih oblika Zajednice u vlasništvu Zajednice .   
Progresivno osmišljavanje i formiranje te ostvarivanje i organiziranje te koordiniranje i upravljanje te provođenje i vođenje , kao i održivi progresivni razvoj programa i/ili projekata progresivne stalne brige o unaprjeđenju subjektivne kvalitete zdravlja i života te primarne i sekundarne prevencije pretilosti te progresivnog promicanja i razvoja zdravlja bolesnih i nemoćnih pripadnika Bošnjačke nacionalne manjine i zapostavljenih nacionalnih i drugih manjina te članova i ciljanih skupina Zajednice kroz besplatnu bolesničku zdravu i fitness te pravilnu i uravnoteženu te nutritivno bogatu i bološko – dinamičku HALAL prehranu i do hranu za bolesnike odnosno pripadnike Bošnjačke nacionalne manjine i zapostavljenih nacionalnih i drugih manjina kroz progresivno osnivanje i planiranje te uspostavljanje i organiziranje te upravljanje i koordiniranje te provođenje i vođenje , kao i održivi progresivni razvoj mreže Bošnjačkih Progresivnih Službi za Besplatnu Bolesničku Zdravu i Pravilnu HALAL Prehranu i Do hranu odnosno ustrojstvenog oblika Zajednice u vlasništvu Zajednice .    
•	Progresivno osmišljavanje i formiranje te ostvarivanje i organiziranje te koordiniranje i upravljanje te provođenje i vođenje , kao i održivi progresivni razvoj programa i/ili projekata progresivne stalne brige o unaprjeđenju i čuvanju i očuvanju kulturološkog identiteta i duhovne tradicije te  subjektivne kvalitete zdravlja i života te primarne i sekundarne prevencije o pretilosti te progresivnog promicanja i razvoja zdravlja predškolske djece odnosno pripadnika Bošnjačke nacionalne manjine i zapostavljenih nacionalnih i drugih manjina te članova i ciljanih skupina Zajednice kroz besplatnu predškolsku diječiju zdravu i fitness te pravilnu i uravnoteženu te nutritivno bogatu i biološko – dinamičku HALAL prehranu i do hranu za predškolsku djecu odnosno pripadnike Bošnjačke nacionalne manjine i zapostavljenih nacionalnih i drugih manjina te članova i ciljanih skupina Zajednice  kroz progresivno osnivanje i planiranje te uspostavljanje i organiziranje te upravljanje i koordiniranje te provođenje i vođenje , kao i održivi progresivni razvoj mreže Bošnjačkih Progresivnih Službi za Besplatnu Predškolsku Zdravu i Pravilnu HALAL Prehranu i Do hranu odnosno ustrojstvenih oblika Zajednice u vlasništvu Zajednice . 
•	Progresivno osmišljavanje i formiranje te ostvarivanje i organiziranje te koordiniranje i upravljanje te provođenje i vođenje , kao i održivi progresivni razvoj programa i/ili projekta progresivne stalne brige o unaprjeđenju i čuvanju i očuvanju kulturološkog identiteta i duhovne tradicije i duhovnosti te subjektivne kvalitete zdravlja i života te primarne i sekundarne prevencije pretilosti te progresivnog promicanja i razvoja zdravlja umirovljenika odnosno pripadnika Bošnjačke nacionalne manjine i zapostavljenih nacionalnih i drugih manjina te članova i ciljanih skupina Zajednice kroz besplatnu umirovljeničku zdravu i fitness te pravilnu i uravnoteženu te nutritivno bogatu i biološko -  dinamičku HALAL prehranu i do hranu za umirovljenike odnosno pripadnike bošnjačke nacionalne manjine i zapostavljenih nacionalnih i drugih manjina te članova i ciljanih skupina Zajednice kroz  progresivno osnivanje i planiranje te uspostavljanje i organiziranje te upravljanje i koordiniranje te provođenje i vođenje , kao i održivi progresivni razvoj mreže Bošnjačkih Progresivnih Službi za Besplatnu Umirovljeničku  Zdravu i Pravilnu HALAL Prehranu i Do hranu odnosno ustrojstvenih oblika Zajednice u vlasništvu Zajednice .  
•	Progresivno osmišljavanje i formiranje te ostvarivanje i organiziranje te koordiniranje i upravljanje te provođenje i vođenje , kao i održivi progresivni razvoj skrbi o učenicima  pripadnicima Bošnjačke nacionalne manjine i zapostavljenih nacionalnih i drugih manjina te članova i ciljanih skupina Zajednice kroz sustavno stipendiranje i organiziranje smještaja i prehrane te dohrane i sportskih aktivnosti , kao i prijevoza odnosno kroz progresivno osnivanje i planiranje te uspostavljanje i organiziranje te upravljanje i koordiniranje te provođenje i vođenje , kao i održivi progresivni razvoj odgojno – obrazovnog Bošnjačko Učeničkog Doma i Učeničkog Servisa u vlasništvu Zajednice  . 
•	Progresivno osmišljavanje i formiranje te ostvarivanje i organiziranje te koordiniranje i upravljanje te provođenje i vođenje , kao i održivi progresivni razvoj skrbi o studentima pripadnicima Bošnjačke nacionalne manjine i zapostavljenih nacionalnih i drugih manjina te članova i ciljanih skupina Zajednice kroz sustavno stipendiranje i organiziranje smještaja i prehrane te dohrane i sportskih aktivnosti , kao i prijevoza odnosno kroz osnivanje i planiranje te uspostavljanje i organiziranje te upravljanje i koordiniranje te provođenje i vođenje , kao i održivi progresivni razvoj odgojno – obrazovnog Bošnjačko Studentskog Doma  u vlasništvu Zajednice . 
•	Progresivno osmišljavanje i planiranje te izgradnja i formiranje te organiziranje te upravljanje i koordiniranje te provođenje i vođenje te održavanje i održivi progresivni razvoj odgojno – obrazovne infrastrukture za besplatno predškolski i osnovnoškolski i srednjoškolski odgoj i obrazovanje te obrazovanje odraslih odnosno cjeloživotno obrazovanje i stručno usavršavanje te cjeloživotno učenje i izobrazba , kao i visoko obrazovanje na Bosanskom jeziku i pismu odnosno jeziku i pismu Bošnjačke Nacionalne Manjine u organizaciji odgojno – obrazovnih i andragoških te Visoko Obrazovnih Centara u vlasništvu Zajednice . 
•	Progresivno osmišljavanje i planiranje te poticanje i promicanje te formiranje i organiziranje te upravljanje i koordiniranje , kao i održivi progresivni razvoj programa i/ili projekata namijenjenih za održivi progresivni rast i razvoj te tehnološko unaprjeđenje i jačanje konkurentnosti te progresivno unaprjeđenje proizvodnje i/ili razvoja novih proizvoda i/ili usluga mikro i malog te srednjeg i obiteljskog te start-up  i ženskog  poduzetništva te obrtništva i obiteljskih poljoprivrednih gospodarstava  pripadnika Bošnjačke nacionalne manjine i zapostavljenih nacionalnih manjina i drugih manjina te članova i ciljanih skupina Zajednice , kao i  održivo progresivnog razvoja malog i srednjeg poduzetništva obrta na područjima naseljenim pripadnicima Bošnjačke nacionalne manjine i zapostavljenih nacionalnih manjina i drugih manjina te članovima i ciljanim skupinama Zajednice  kroz osnivanje i planiranje te uspostavljanje i organiziranje te upravljanje i koordiniranje te provođenje i vođenje , kao i održivi progresivni razvoj mreže  Bošnjačko Poduzetničko – Razvojnih Centara (BPRC – a ) odnosno ustrojstvenih oblika Zajednice u vlasništvu Zajednice  . 
•	Progresivno formiranje i organiziranje te upravljanje i koordiniranje te provođenje i vođenje , kao i održivi progresivni razvoj društvenog kapitala i  održivog turizma te održivog gospodarskog razvoja i  edukacija za održivi razvoj ruralnih područja te leader pristupa ruralnih područja i  planiranje razvoja ruralnih područja , kao i zaštite javnih dobara u ruralnim područjima  naseljenim pripadnicima Bošnjačke nacionalne manjine i zapostavljenih nacionalnih i drugih manjina kroz osnivanje i planiranje te uspostavljanje i organiziranje te upravljanje i koordiniranje te provođenje i vođenje , kao i održivi progresivni razvoj mreže  Bošnjačko Ruralno – Razvojnih Centara (BRRC -a)  odnosno ustrojstvenih  oblika Zajednice u vlasništvu Zajednice .    
•	Progresivno promicanje vrijednosti i načela  zaštite kolektivnih ljudskih prava i interesa Bošnjačke nacionalne manjine u Republici Hrvatskoj kroz progresivno osnivanje i planiranje te uspostavljanje i organiziranje te upravljanje i koordiniranje te provođenje i vođenje , kao i održivi progresivni razvoj mreže Bošnjačkih Progresivnih Službi odnosno ustrojstvenih oblika Zajednice za Zaštitu Kolektivnih Ljudskih i Manjinskih Prava  Bošnjačke Nacionalne Manjine .  
•	Progresivno promicanje vrijednosti i načela  međunarodne suradnje i mobilnosti obrazovanja kroz progresivno osnivanje i planiranje te uspostavljanje i organiziranje te upravljanje i koordiniranje te provođenje i vođenje , kao i održivi progresivni razvoj mreže  Bošnjačke Progresivne Službe za međunarodnu suradnju i mobilnost obrazovanja odnosno ustrojstvenih oblika Zajednice .
•	Progresivno promicanje vrijednosti i načela trostruke poveznice odnosno humanitarne i razvojne i mirovne kroz  međunarodnu razvojnu suradnju i humanitarnu pomoć u organizaciji OCD  sukladno Zakonu o Međunarodnoj Razvojnoj Suradnji i Humanitarnoj Pomoći (Zakon , NN 14/2024- 253 ) kroz progresivno osnivanje i planiranje te uspostavljanje i organiziranje te upravljanje i koordiniranje te provođenje i vođenje te održivi progresivni razvoj mreže  Bošnjačko Progresivne Službe za Međunarodnu Razvojnu Suradnju i Humanitarnu Pomoć odnosno ustrojstvenih oblika Zajednice .
•	Progresivno osmišljavanje i planiranje te konceptiranje i formiranje te uspostavljanje i organiziranje te upravljanje i  koordiniranje te provođenje i vođenje , kao i održivi progresivni razvoj putovanja za stručno usavršavanja te odgojno – obrazovnih i društveno korisno učenih te kulturnih i interkulturno obrazovnih  te  studijskih i hodočasničkih  putovanja te društveno i zdravstveno korisnih doživljaja i događaja te odgojno – obrazovnih i edukacijskih izleta u organizaciji Zajednice za pripadnike Bošnjačke nacionalne manjine i zapostavljenih nacionalnih i drugih manjina i članove , kao i ciljane skupine Zajednice . 
•	Progresivno osmišljavanje i planiranje te konceptiranje i formiranje te uspostavljanje i upravljanje te provođenje i vođenje, kao i održivi progresivni razvoj u organizaciji Zajednice  Bilateralnih  projekata i/ili programa koji proizlaze iz Bilateralnih sporazuma i ugovora o pravima nacionalnih manjina potpisanih između Republike Hrvatske i Bosne i Hercegovine odnosno matične države Bošnjačke nacionalne manjine , kojima je Republika Hrvatska preuzela financijske obaveze .
•	Progresivno osmišljavanje i planiranje te konceptiranje i formiranje te organiziranje i upravljanje te provođenje i vođenje , kao i održivi progresivni razvoj sklapanja i ugovaranja te praćenja i nadziranja javno – privatnog partnerstva odnosno multiparitativnog i strateškog partnerstva sa krucijalno važnim ciljem odnosno ostvarivanjem i zaštitom vitalnih nacionalnih i egzistencijalnih te ekonomskih i kolektivnih interesa te socijalno – ekonomskih i kulturnih ljudskih prava te boljitaka životnog standarda i subjektivne kvalitete zdravlja i života te ekonomske i financijske te psihološke i egzistencijalne sigurnosti pripadnika Bošnjačke nacionalne manjine i zapostavljenih nacionalnih i drugih manjina te članova i ciljanih skupina Zajednice .  
•	Progresivno osmišljavanje i planiranje te konceptiranje i formiranje te organiziranje i upravljanje te provođenje i vođenje , kao i održivi progresivni razvoj sinergijskih projekata i/ili projekata Ugovorno javno – privatnog partnerstva i Statusno javno – privatnog partnerstva sa krucijalno važnim ciljem odnosno ostvarivanjem i zaštitom  vitalnih nacionalnih  i egzistencijalnih te ekonomskih i kolektivnih interesa te socijalno – ekonomskih i kulturnih ljudskih prava te boljitka životnog standarda i subjektivne kvalitete zdravlja i života te ekonomske i financijske te psihološke i egzistencijalne sigurnosti pripadnika Bošnjačke nacionalne manjine i zapostavljenih nacionalnih i drugih manjina te članova i ciljanih skupina Zajednice .","AKADEMSKA ZAJEDNICA, BRANITELJI - VETERANI, DAROVITA DJECA I MLADI, DJECA BEZ ODGOVARAJUĆE RODITELJSKE SKRBI, DJECA DO 14 GODINA, DJECA IZ OBITELJI KORISNIKA SUSTAVA SOCIJALNE SKRBI, DJECA OD 14 DO 18 GODINA, DJECA RATNIH STRADALNIKA, DJECA U RIZIKU OD SOCIJALNE ISKLJUČENOSTI, INVALIDI DOMOVINSKOG RATA, INVALIDI RADA, JEDNO RODITELJSKE OBITELJI, LOKALNA I REGIONALNA SAMOUPRAVA, MALI I SREDNJI PODUZETNICI I OBRTNICI, MANJINE - OPĆENITO, MLADI - OPĆA POPULACIJA, MLADI S POREMEĆAJIMA U PONAŠANJU, MLADI S RIZIČNIM OBLICIMA PONAŠANJA, MLADI S TEŠKOĆAMA U RAZVOJU, NACIONALNE MANJINE, NEZAPOSLENI, OBITELJI BRANITELJA, ODGOJNO-OBRAZOVNE USTANOVE, ODGOJNO-OBRAZOVNI DJELATNICI, OPĆA POPULACIJA PACIJENATA, OSOBE KOJE BOLUJU OD KRONIČNIH BOLESTI, OSOBE S INVALIDITETOM, OSOBE STARIJE ŽIVOTNE DOBI, OSOBE U RIZIKU OD SIROMAŠTVA I SIROMAŠNE OSOBE, POSLODAVCI, POVRATNICI U PORATNA PODRUČJA, PREDSTAVNICI MEDIJA, RATNI STRADALNICI, RATNI VETERANI, REGIONALNA ILI LOKALNA SAMOUPRAVA, ROMSKA DJECA I MLADI, RURALNO STANOVNIŠTVO, SINDIKATI, SPORTAŠI S INVALIDITETOM, SPORTSKI DJELATNICI, STANOVNICI POSLIJERATNIH ZAJEDNICA, STUDENTI, TIJELA DRŽAVNE UPRAVE, TURISTIČKI DJELATNICI, UDRUGE I GRAĐANSKE INICIJATIVE, UMIROVLJENICI, UČENICI, VOLONTERI, ŽENE PRIPADNICE NACIONALNIH MANJINA, ŽENE RURALNIH PODRUČJA, ŽRTVE I SVJEDOCI TEŠKIH KAZNENIH DJELA, ŽRTVE KATASTROFA","[""2.14.2. Poticanje kritičke rasprave u medijima"", ""2.10. Poticanje participativne demokracije/sudjelovanja građana u odlučivanju"", ""2.4.2. Djelatnost volonterskih centara"", ""2.3.2. Prevencija nasilja u obitelji"", ""2.6. Interkulturalni dijalog"", ""2.14.1. Proizvodnja medijskih sadržaja"", ""1.3.1. Promicanje antifašizma"", ""2.2. Promicanje nenasilja i izgradnja mira"", ""3.2.2. Poticanje osobnog razvoja"", ""1.1.3. Zaštita interesa hrvatskih ratnih vojnih invalida iz Domovinskog rata"", ""2.1. Obrazovanje za demokratsko građanstvo"", ""2.5. Promicanje društvene solidarnosti"", ""4.6.1. Promicanje razvoja socijalnog poduzetništva"", ""2.14.3. Promicanje medijske pismenosti"", ""1.1.2. Zaštita interesa hrvatskih branitelja iz Domovinskog rata i članova njihovih obitelji"", ""1.2.1. Zaštita interesa članova obitelji smrtno stradaloga, zatočenoga ili nestaloga hrvatskog branitelja iz Domovinskog rata"", ""2.14.4. Praćenje društvene odgovornosti medija"", ""2.11. Praćenje javnih politika i javno zagovaranje"", ""1.1.1. Promicanje vrijednosti Domovinskog rata"", ""2.4.1. Promicanje i razvoj volonterstva"", ""2.7. Organiziranje i provedba arbitražnih postupaka i postupaka mirenja"", ""2.13. Razvoj lokalne zajednice"", ""6.3.4. Djelatnost umjetničkih obrta"", ""6.2.6. Glazbene i scenske manifestacije i festivali"", ""6.3.7. Manifestacije vizualnih umjetnosti"", ""6.1.7. Zaštita i očuvanje nematerijalnih kulturnih dobara"", ""6.4.3. Nakladnička i knjižarska djelatnost"", ""6.5.5. Inovativne audiovizulne umjetničke prakse"", ""6.5.3. Interaktivni mediji"", ""6.4.6. Književno-nakladničke manifestacije"", ""6.2.2. Plesne umjetnosti"", ""6.2.3. Glazba i glazbeno-scenske umjetnosti"", ""6.6. Medijska kultura"", ""6.4.1. Književno stvaralaštvo"", ""6.3.3. Fotografska umjetnost"", ""6.1.1. Zaštita i očuvanje materijalnih kulturnih dobara"", ""6.5.4. Audiovizualni amaterizam"", ""6.3.1. Likovne umjetnosti"", ""6.3.2. Dizajn i arhitektura"", ""6.1.5. Muzejska djelatnost"", ""6.1.3. Arheološka (kopnena i podvodna) djelatnost"", ""6.1.2. Konzervatorsko-restauratorska djelatnost"", ""6.2.4. Kulturno-umjetnički (glazbeni i scenski) amaterizam"", ""6.5.2. Radio-televizijska djelatnost"", ""6.5.1. Filmska i video djelatnost"", ""6.4.4. Novinsko-nakladnička djelatnost"", ""9.1.10. Međunarodna suradnja i mobilnost u obrazovanju"", ""7.5.14. Zaštita prava zatvorenika"", ""8.1.9. Unapređenje zdravlja"", ""11.2.12. Skraćeni boravak, igraonice, radionice, klubovi"", ""10.1.1. Edukacija za održivi razvoj ruralnih područja"", ""7.5.7. Zaštita prava osoba s invaliditetom"", ""12.4.1. Grupni fitnes programi (aerobic, fitnes, pilates i dr.)"", ""11.1.6. Pomoć i podrška nezaposlenima"", ""9.2.11. Izdavanje znanstvenih i stručnih publikacija"", ""9.1.4. Potpora obrazovanju djece i mladih s posebnim potrebama"", ""9.1.6. Odgoj i obrazovanje za zaštitu i promicanje ljudskih prava"", ""9.1.7. Poticanje kreativnosti i stvaralaštva u odgoju i obrazovanju"", ""10.2.3. Planiranje razvoja urbanih područja"", ""12.4.4. Organiziranje i provođenje rekreacijskog vježbanja"", ""11.4. Solidarna posmrtna pripomoć"", ""11.2.13. Organiziranje slobodnih aktivnosti"", ""8.1.1. Demokratska tranzicija"", ""7.5.11. Zaštita prava pacijenata"", ""11.1.3. Pomoć i podrška djeci"", ""7.5.8. Zaštita prava osoba s mentalnim oštećenjem"", ""11.2.1. Savjetovanje i pomaganje"", ""8.1.2. Infrastruktura"", ""12.4.2. Individualni fitnes programi"", ""7.2. Prava aktivnih sudionika i stradalnika Domovinskog rata"", ""13.9. Cjeloživotno obrazovanje u tehničkoj kulturi"", ""13.3. Informatika i računalstvo"", ""9.2.13. Umrežavanje i međunarodna znanstvena i stručna suradnja"", ""12.7. Organiziranje i provođenje adaptiranog i zdravstveno usmjerenog tjelesnog vježbanja"", ""12.4.3. Tjelesne aktivnosti i igre koje se organizirano izvode radi unapređenja zdravlja i rekreacije"", ""8.3. Međunarodna prijateljstva"", ""7.3. Pravo na pristup informacijama"", ""9.2.10. Organizacija domaćih i međunarodnih znanstvenih i znanstvenostručnih skupova, škola, kongresa i seminara"", ""7.5.1. Ravnopravnost spolova"", ""9.1.2. Cjeloživotno učenje i obrazovanje odraslih"", ""13.6.2. Neprofesijska video djelatnost"", ""8.1.6. Ravnopravnost spolova"", ""11.3.3. Poboljšanje kvalitete života i zdravlja socijalno isključenih"", ""9.2.7. Umjetnost"", ""7.4. Pravo na zaštitu osobnih podatka"", ""11.2.14. Pomoć i podrška u vlastitom domu i zajednici"", ""8.1.8. Zaštita okoliša i prirode"", ""7.1. Besplatna pravna pomoć"", ""10.1.3. LEADER pristup razvoju ruralnih područja"", ""10.1.2. Planiranje razvoja ruralnih područja"", ""8.1.4. Ljudska prava"", ""7.5.18. Zaštita prava na zaštitu privatnosti"", ""12.5.1. Organiziranje i provođenje pustolovnih, višesportskih i dr. projekata, susreta i turnira"", ""12.8. Organiziranje i razvijanje sportskih udruga i sportskih djelatnosti"", ""9.1.8. Odgoj i obrazovanje za zaštitu i promicanje povijesno-kulturne baštine i nacionalnoga identiteta"", ""12.9. Promocija sporta i zdravog načina življenja"", ""8.1.5. Obrazovanje"", ""12.3. Sportska poduka"", ""7.5.6. Zaštita prava mladih"", ""9.1.1. Razvoj i promicanje odgoja i obrazovanja"", ""9.1.5. Odgoj i obrazovanje za aktivno sudjelovanje u razvoju demokratske kulture"", ""12.6. Upravljanje sportskim objektima"", ""7.5.2. Suzbijanje rasne diskriminacije"", ""11.2.8. Organizirano stanovanje"", ""6.8.2. Intersektorske kulturno-umjetničke aktivnosti"", ""9.1.3. Izvaninstitucionalni odgoj i obrazovanje"", ""12.5.2. Organiziranje sportskih edukativnih projekata i programa (kampovi, škole, priredbe, festivali, radionice) za poticanje bavljenja sportom i tjelesnim vježbanjem"", ""11.2.5. Pomoć pri uključivanju u programe odgoja i redovitog obrazovanja (integracija)"", ""11.3.4. Pomoć u podmirivanju osnovnih životnih potreba"", ""11.1.2. Pomoć i podrška osobama s invaliditetom"", ""7.5.9. Prava osoba starije životne dobi"", ""12.2. Sportska priprema"", ""9.2.2. Humanističke znanosti"", ""11.1.5. Pomoć i podrška osobama u riziku od siromaštva i socijalne isključenosti"", ""12.4.5. Organiziranje sportsko rekreacijskih natjecanja i sportsko rekreativnih edukativnih projekata i programa"", ""13.11. Poticanje kreativnosti i stvaralaštva djece i mladih u tehničkoj kulturi"", ""11.2.6. Boravak"", ""8.1.3. Mir i sigurnost"", ""6.8.1. Interdisciplinarne kulturno-umjetničke prakse"", ""13.6.1. Neprofesijska filmska djelatnost"", ""11.1.1. Pomoć i podrška starijim osobama"", ""10.2.1. Edukacija za održivi razvoj urbanih područja"", ""11.2.7. Smještaj"", ""9.2.8. Interdisciplinarna područja znanosti"", ""7.6. Vjerska prava i slobode"", ""7.5.5. Zaštita prava djece"", ""9.2.1. Društvene znanosti"", ""11.1.4. Pomoć i podrška mladima"", ""11.3.1. Pomoć žrtvama prirodnih katastrofa"", ""7.9. Zaštita prava nacionalne manjine"", ""8.1.7. Smanjenje siromaštva"", ""8.2. Međunarodna humanitarna pomoć"", ""9.2.6. Biotehničke znanosti"", ""12.1. Sudjelovanje u sportskom natjecanju"", ""9.2.5. Biomedicina i zdravstvo"", ""13.6.3. Neprofesijska fotografska djelatnost"", ""14.1.6. Unaprjeđenje kvalitete života osoba starije životne dobi"", ""14.1.3. Prevencija i zaštita mentalnog zdravlja"", ""14.3. Prevencija i suzbijanje ovisnosti"", ""16.2. Pomoć žrtvama katastrofa i sukoba"", ""14.1.5. Unapređenje i zaštita zdravlja osoba oboljelih od malignih bolesti""]",,"[""datagovhr:registar-udruga""]"
464,centar-premin-centar-za-poboljsanje-kvalitete-zivota-zagreb-6285,CENTAR PREMIN - CENTAR ZA POBOLJŠANJE KVALITETE ŽIVOTA,Centar Premin - Centar za Poboljšanje Kvalitete Života,CENTAR PREMIN,registar-udruga,60743,21010382,79490756285,AKTIVAN,,2013-07-09,2013-05-19,UDRUGA,molitvena,niska,3.5,"[""djelatnost:3.3."", ""djelatnost:3.1.1."", ""djelatnost:3.1.2.""]","Fraterščica 95, Zagreb",Fraterščica,95,Zagreb,Zagreb,Grad Zagreb,Grad Zagreb,10109,,45.83319624,15.93006273,dgu-adresa,Zagrebačka Nadbiskupija,derivirano-crkve.domovina.ai,bredy.tudina@gmail.com,,098/276-022,+38598276022,,Bredy Tuđina,Predsjednica,Cilj Udruge je poboljšanje kvalitete života te promicanje inicijativa koje pridonose osvještavanju svih oblika skladnijeg i zdravijeg života pojedinaca i zajednice.,"DJECA - OPĆA POPULACIJA, GRAĐANI – OPĆA POPULACIJA, MLADI - OPĆA POPULACIJA","[""11.2.12. Skraćeni boravak, igraonice, radionice, klubovi"", ""11.2.17. Ostale djelatnosti socijalnih usluga"", ""11.2.1. Savjetovanje i pomaganje"", ""6.2.1. Dramske umjetnosti"", ""3.3. Ostale djelatnosti iz područja duhovnosti"", ""8.4. Ostale djelatnosti iz područja međunarodne suradnje"", ""6.2.3. Glazba i glazbeno-scenske umjetnosti"", ""9.1.1. Razvoj i promicanje odgoja i obrazovanja"", ""6.2.6. Glazbene i scenske manifestacije i festivali"", ""17.1. Ostala područja djelovanja"", ""6.3.6. Inovativne vizualne umjetničke prakse"", ""9.1.3. Izvaninstitucionalni odgoj i obrazovanje"", ""6.4.4. Novinsko-nakladnička djelatnost"", ""3.1.1. Promicanje religijske etike"", ""8.1.5. Obrazovanje"", ""3.1.2. Promocija i izgradnja međuvjerničkog dijaloga"", ""6.2.2. Plesne umjetnosti"", ""8.1.9. Unapređenje zdravlja"", ""6.4.1. Književno stvaralaštvo"", ""11.2.3. Psihosocijalna podrška"", ""8.1.10. Ostale djelatnosti razvojne suradnje"", ""6.2.7. Ostale djelatnosti izvedbene umjetnosti"", ""6.2.5. Inovativne izvedbene umjetničke prakse"", ""9.1.2. Cjeloživotno učenje i obrazovanje odraslih"", ""6.3.1. Likovne umjetnosti"", ""6.4.3. Nakladnička i knjižarska djelatnost"", ""11.2.13. Organiziranje slobodnih aktivnosti"", ""6.3.3. Fotografska umjetnost"", ""9.3. Ostale djelatnosti iz područja obrazovanja, znanosti i istraživanja"", ""11.2.5. Pomoć pri uključivanju u programe odgoja i redovitog obrazovanja (integracija)""]",https://banovac.mfin.hr/rnoprt/Details?handler=Details&id=43131,"[""datagovhr:registar-udruga""]"
863,centar-za-razvoj-talenata-talent-za-tebe-zagreb-7812,"CENTAR ZA RAZVOJ TALENATA ""TALENT ZA TEBE""","Centar za Razvoj Talenata ""Talent za Tebe""",,registar-udruga,210852,21013106,03728347812,AKTIVAN,,2018-07-10,2018-05-20,UDRUGA,glazba,niska,3.5,"[""opis:liturgija"", ""opis:krscanski"", ""opis:crkva"", ""opis:duhovnost"", ""djelatnost:3.2.2."", ""opis:-protestant""]","Ulica Aleksandra Hondla 2/9, Zagreb",Ulica Aleksandra Hondla,2/9,Zagreb,Zagreb,Grad Zagreb,Grad Zagreb,10123,,45.81844588,16.02133157,dgu-adresa,Zagrebačka Nadbiskupija,derivirano-crkve.domovina.ai,ivona.zgrabljic@gmail.com,,095-7773-331,+385957773331,,Ivona Zgrabljić,Predsjednica,"Ciljevi Udruge su: Omogućiti što većem broju ljudi da otkrije svoje talente i nauče osluškivati svoj poziv;
Poticanje mladih generacija na razvoj pozitivnih i konstruktivnih projekata u njihovim sredinama; 
Ukazivanje na pozitivne primjere uspjeha i promociju kršćanskih vrijednosti;
Podrška inovativnih projekata (molitvena, novčana, mentorska); Promicanje i unapređivanje kršćanskih vrijednosti u svim područijma života
Poticanje razvoja poduzetništva i poduzetničkih inicijativa unutar kršćanskih organizacija; Aktivno pomaganje razvoja projekata razvoja zajednice i razvoja civilnog društva;
Poticati cjeloživotno učenje putem edukacija roditelja, nastavnika i stanovnika o metodama, tehnikama, sadržaju i načinima potrebnim za cjelovit rast i razvoj pojedinaca i obitelji;
Provoditi, promicati i razvijati različke socijalne i odgojno obrazovne programe za kvalitetniji i uspješniji razvoj djece, mladih i obitelji.
Poticanje razvoja sudioničke demokracije na lokalnoj i područnoj razini ostvarivanjem suradnje i umrežavanja s lokalnom zajednicom, odgojno-obrazovnim ustanovama i organizacijama, ustanovama socijalne skrbi, te domaćim i inozemnim ustanovama i organizacijama civiinog društva koje su usmjerene na rad s djecom, mladima i obiteljima.
Poticanje kvalitetnih programa za djecu i mlade;
Poticati oživljavanje i održivi razvoj ruralnih područja, kao i unapređenja kvalitete života u ruralnim i obalnim područjima;
Poboljšanje zapošljivosti i razvoja znanja, vještina i sposobnosti u svrhu samozapošljavanja i zapošljavanja te uspostave ravnoteže posfovnog i privatnog života;Poticati razvoj društvenog poduzetništva, odnosno poduzetništva utemeljenog na načelima društvene, okolišne i ekonomske održivosti, kod kojeg se stvorena dobit/višak prihoda u cijelosti ili većim dijelom ulaže za dobrobit zajednice;
Promicanje zaštite zdravlja i prevencije bolesti;
Promicanje volonterstva, partnerstva, donatorstva i sponzorstva.","DJECA - OPĆA POPULACIJA, GRAĐANI – OPĆA POPULACIJA, MALI I SREDNJI PODUZETNICI I OBRTNICI, MLADI - OPĆA POPULACIJA, NEZAPOSLENI, OBITELJI, ODGOJNO-OBRAZOVNE USTANOVE, ODGOJNO-OBRAZOVNI DJELATNICI, POSLODAVCI, RODITELJI, STUDENTI, UDRUGE I GRAĐANSKE INICIJATIVE, UČENICI, VOLONTERI, ŽENE","[""6.4.7. Ostale književno-nakladničke djelatnosti"", ""6.2.6. Glazbene i scenske manifestacije i festivali"", ""3.2.2. Poticanje osobnog razvoja"", ""6.2.3. Glazba i glazbeno-scenske umjetnosti"", ""4.6.2. Ostale djelatnosti socijalnog poduzetništva"", ""6.8.4. Ostale interdisciplinarne kulturno-umjetničke djelatnosti"", ""9.2.1. Društvene znanosti"", ""11.2.11. Stručna pomoć i podrška"", ""11.2.1. Savjetovanje i pomaganje"", ""7.5.1. Ravnopravnost spolova"", ""6.5.6. Ostale audiovizualne djelatnosti"", ""9.1.3. Izvaninstitucionalni odgoj i obrazovanje"", ""2.14.1. Proizvodnja medijskih sadržaja"", ""2.4.1. Promicanje i razvoj volonterstva"", ""10.2.6. Ostale djelatnosti razvoja urbanih područja"", ""11.2.3. Psihosocijalna podrška"", ""7.5.5. Zaštita prava djece"", ""2.13. Razvoj lokalne zajednice"", ""7.5.3. Zaštita prava i dostojanstva radnika"", ""9.2.7. Umjetnost"", ""9.2.2. Humanističke znanosti"", ""7.5.4. Zaštita obitelji"", ""9.2.8. Interdisciplinarna područja znanosti"", ""7.5.6. Zaštita prava mladih"", ""2.4.3. Ostale djelatnosti volonterstva"", ""9.2.9. Znanstvenoistraživački rad"", ""2.10. Poticanje participativne demokracije/sudjelovanja građana u odlučivanju"", ""14.1.8. Ostale djelatnosti preventivnog djelovanja, unapređenja i zaštite zdravlja"", ""9.1.1. Razvoj i promicanje odgoja i obrazovanja"", ""4.6.1. Promicanje razvoja socijalnog poduzetništva"", ""9.1.7. Poticanje kreativnosti i stvaralaštva u odgoju i obrazovanju"", ""9.1.9. Odgoj i obrazovanje za održivi razvoj, zdrave načine života i očuvanje prirode"", ""10.2.1. Edukacija za održivi razvoj urbanih područja"", ""2.12. Razvoj civilnoga društva"", ""10.1.1. Edukacija za održivi razvoj ruralnih područja"", ""9.2.10. Organizacija domaćih i međunarodnih znanstvenih i znanstvenostručnih skupova, škola, kongresa i seminara"", ""10.1.6. Ostale djelatnosti razvoja ruralnih područja"", ""2.3.1. Prevencija nasilja među djecom i mladima"", ""2.8. Promicanje dobrog upravljanja"", ""2.11. Praćenje javnih politika i javno zagovaranje"", ""2.14.5. Ostale djelatnosti javnog informiranja i medija"", ""9.1.2. Cjeloživotno učenje i obrazovanje odraslih"", ""11.2.4. Rana intervencija"", ""2.1. Obrazovanje za demokratsko građanstvo"", ""9.1.10. Međunarodna suradnja i mobilnost u obrazovanju""]",https://banovac.mfin.hr/rnoprt/Details?handler=Details&id=54549,"[""datagovhr:registar-udruga""]"
472,cornerstonearts-hrvatska-udruga-gradana-za-kazalisnu-umjetnost-kucan-marof-4011,"CORNERSTONEARTS - HRVATSKA, UDRUGA GRAĐANA ZA KAZALIŠNU UMJETNOST","Cornerstonearts - Hrvatska, Udruga Građana za Kazališnu Umjetnost",CORNERSTONEARTS - HRVATSKA,registar-udruga,53812,20001152,25435334011,AKTIVAN,,2011-04-05,2011-03-10,UDRUGA,kultura,niska,3.5,"[""opis:duhovnost"", ""djelatnost:3.2.1."", ""djelatnost:3.2.2."", ""djelatnost:3.1.1.""]","Varaždinska ulica 70, Kućan Marof",Varaždinska ulica,70,Kućan Marof,Kućan Marof,Varaždin,Varaždinska,42000,,46.29505223,16.37065595,dgu-adresa,Varaždinska Biskupija,derivirano-crkve.domovina.ai,vlado.hoblaj@gmail.com,,092/217-4304,+385922174304,,Danijel Behin,Predsjednik,"Primarni cilj Udruge je osmišljavanje, stvaranje i izvođenje kazališnih predstava, glazbenih mjuzikala te ostalih vidova scenske umjetnosti;  osim umjetničkih, Udruga svojim specifičnim načinom rada njeguje i značajne društvene ambicije. Naime, uz to što angažira afirmirane umjetnike iz Hrvatske i inozemstva, svojim projektima želi inspirirati i velik broj mladih amatera pružajući im priliku za sudjelovanje na izvedbenim projektima broadwayskih dimenzija. Mnogima je to iskustvo bilo presudno za njihovu kasniju karijeru u kazališnoj, glazbenoj ili estradnoj domeni, čime im svojim sekundarnim ciljevima Udruga pomaže ostvariti životne ambicije, umjetničko usavršavanje i profesionalni napredak. Te ciljeve Udruga angažirano proširuje i na volontere općenito koje uspješno uključuje na raznim produkcijskim poslovima čime obogaćuje njihova životna iskustva, a kroz afirmativno druženje obogaćuje njihove socijalna i umjetnička iskustva. Na taj način Udruga mnogim mladim ljudima pruža snažnu alternativu raznim destruktivnim i društveno neprihvatljivim utjecajima. Vodeći se spomenutim idealima, Udruga u svoje aktivnosti prioritetno uključuje volontere iz ranjivih društvenih skupina, a angažiranjem mladih iz različitih gradova i zemalja, doprinosi i njihovom internacionalnom povezivanju, napose među državama koje su opterećene određenim povijesnim, kulturološkim i političkim nasljeđima. 

Tercijarni ciljevi Udruge su povremeno koristiti financijske prihode svojih programa kako bi financijski pomogla osobama i skupinama u humanitarnoj potreba izazvanoj različitim povodima.","DAROVITA DJECA I MLADI, DJECA - OPĆA POPULACIJA, DJECA BEZ ODGOVARAJUĆE RODITELJSKE SKRBI, DJECA DO 14 GODINA, DJECA OD 14 DO 18 GODINA, DJECA RATNIH STRADALNIKA, ILEGALNI IMIGRANTI, MANJINE - OPĆENITO, MLADI - OPĆA POPULACIJA, MLADI S TEŠKOĆAMA U RAZVOJU, OBITELJI, OBITELJI BRANITELJA, OVISNICI I LIJEČENI OVISNICI, RODITELJI, ROMSKA DJECA I MLADI, UČENICI, ŽRTVE KATASTROFA","[""6.2.2. Plesne umjetnosti"", ""6.6. Medijska kultura"", ""8.1.7. Smanjenje siromaštva"", ""6.3.6. Inovativne vizualne umjetničke prakse"", ""6.2.1. Dramske umjetnosti"", ""11.1.7. Pomoć i podrška obitelji"", ""6.5.4. Audiovizualni amaterizam"", ""6.5.3. Interaktivni mediji"", ""6.8.3. Interaktivni mediji"", ""6.4.1. Književno stvaralaštvo"", ""11.2.13. Organiziranje slobodnih aktivnosti"", ""6.5.2. Radio-televizijska djelatnost"", ""8.3. Međunarodna prijateljstva"", ""11.3.4. Pomoć u podmirivanju osnovnih životnih potreba"", ""6.4.5. Literarni amaterizam"", ""9.1.1. Razvoj i promicanje odgoja i obrazovanja"", ""2.6. Interkulturalni dijalog"", ""6.2.5. Inovativne izvedbene umjetničke prakse"", ""6.2.6. Glazbene i scenske manifestacije i festivali"", ""11.3.1. Pomoć žrtvama prirodnih katastrofa"", ""1.1.1. Promicanje vrijednosti Domovinskog rata"", ""6.3.5. Likovni amaterizam"", ""6.2.4. Kulturno-umjetnički (glazbeni i scenski) amaterizam"", ""11.1.4. Pomoć i podrška mladima"", ""2.14.2. Poticanje kritičke rasprave u medijima"", ""2.3.1. Prevencija nasilja među djecom i mladima"", ""9.1.3. Izvaninstitucionalni odgoj i obrazovanje"", ""8.1.5. Obrazovanje"", ""6.5.1. Filmska i video djelatnost"", ""6.5.5. Inovativne audiovizulne umjetničke prakse"", ""2.3.2. Prevencija nasilja u obitelji"", ""11.2.12. Skraćeni boravak, igraonice, radionice, klubovi"", ""8.1.4. Ljudska prava"", ""6.4.3. Nakladnička i knjižarska djelatnost"", ""6.4.6. Književno-nakladničke manifestacije"", ""2.14.3. Promicanje medijske pismenosti"", ""3.2.1. Promicanje duhovnih aktivnosti"", ""11.1.6. Pomoć i podrška nezaposlenima"", ""6.4.4. Novinsko-nakladnička djelatnost"", ""6.3.3. Fotografska umjetnost"", ""6.8.1. Interdisciplinarne kulturno-umjetničke prakse"", ""11.1.3. Pomoć i podrška djeci"", ""2.4.1. Promicanje i razvoj volonterstva"", ""11.2.9. Prevencija nasilja"", ""3.2.2. Poticanje osobnog razvoja"", ""9.1.7. Poticanje kreativnosti i stvaralaštva u odgoju i obrazovanju"", ""6.2.3. Glazba i glazbeno-scenske umjetnosti"", ""11.1.5. Pomoć i podrška osobama u riziku od siromaštva i socijalne isključenosti"", ""3.1.1. Promicanje religijske etike"", ""2.14.1. Proizvodnja medijskih sadržaja"", ""6.3.7. Manifestacije vizualnih umjetnosti"", ""2.14.4. Praćenje društvene odgovornosti medija"", ""1.3.1. Promicanje antifašizma"", ""2.5. Promicanje društvene solidarnosti"", ""6.3.1. Likovne umjetnosti"", ""11.2.10. Prevencija ovisnosti"", ""11.3.3. Poboljšanje kvalitete života i zdravlja socijalno isključenih"", ""6.4.2. Knjižnična djelatnost""]",https://banovac.mfin.hr/rnoprt/Details?handler=Details&id=38620,"[""datagovhr:registar-udruga""]"
1064,crkveni-kantaci-kastel-kambelovac-kastel-gomilica-9576,CRKVENI KANTAČI KAŠTEL KAMBELOVAC,Crkveni Kantači Kaštel Kambelovac,,registar-udruga,267031,17006729,57273829576,AKTIVAN,,2023-11-20,2023-11-09,UDRUGA,zupna,niska,3.5,"[""naziv:crkva"", ""opis:crkva"", ""opis:duhovnost""]","Cesta dr. Franje Tuđmana 213, Kaštel Gomilica",Cesta dr. Franje Tuđmana,213,Kaštel Gomilica,Kaštel Gomilica,Kaštela,Splitsko-dalmatinska,21213,,43.54711477,16.40379018,dgu-adresa,Splitsko-makarska Nadbiskupija,derivirano-crkve.domovina.ai,crkveni.kantacikk@gmail.com,,099-5433-895,+385995433895,,Ivana Valić,Dopredsjednica Udruge,"Udruga je osnovana u cilju očuvanja, promicanja, razvitka i unapređenja kulture crkvenih napjeva.",GRAĐANI – OPĆA POPULACIJA,"[""6.1.7. Zaštita i očuvanje nematerijalnih kulturnih dobara"", ""6.2.6. Glazbene i scenske manifestacije i festivali""]",https://banovac.mfin.hr/rnoprt/Details?handler=Details&id=61420,"[""datagovhr:registar-udruga""]"
687,festival-u-siti-krscanske-suvremene-glazbe-strozanac-podstrana-7601,"FESTIVAL ""U SITI"" - KRŠĆANSKE SUVREMENE GLAZBE STROŽANAC - PODSTRANA","Festival ""U Siti"" - Kršćanske Suvremene Glazbe Strožanac - Podstrana","FESTIVAL ""U SITI""",registar-udruga,46215,17003288,38432287601,BRISAN,2023-07-20,2008-10-23,2008-09-27,UDRUGA,glazba,niska,3.5,"[""naziv:krscanski"", ""opis:krscanski"", ""opis:duhovnost""]","Trg dr. Franje Tuđmana 1, Podstrana",Trg dr. Franje Tuđmana,1,Podstrana,,,Splitsko-dalmatinska,,,,,,,,,,,,,Nensi Barić,Predsjednica Udruge,,,"[""8.1.1. GLAZBENA DJELATNOST""]",,"[""datagovhr:registar-udruga""]"
850,futura-vukovar-2685,FUTURA,Futura,,registar-udruga,225267,16002348,21341792685,AKTIVAN,,2019-12-02,2019-11-18,UDRUGA,molitvena,niska,3.5,"[""djelatnost:3.1.1."", ""djelatnost:3.2.2."", ""djelatnost:3.1.2.""]","Prosina 66, Vukovar",Prosina,66,Vukovar,Vukovar,Vukovar,Vukovarsko-srijemska,32000,,45.33429763,19.01926102,dgu-adresa,Đakovačko-osječka Nadbiskupija,derivirano-crkve.domovina.ai,,,095-8302-147,+385958302147,,Ivan Jeronim Kalajžić,Zamjenik Predsjednika,"pomoći svakom djetetu kako bi se razvilo u skladu s vlastitim potrebama, interesima i mogućnostima, usvojiti pozitivne društvene vrijednosti i promicati slobodno kreativno i kulturno izražavanje djece i roditelja, organizirati i provoditi individualne i grupne edukacije djece i roditelja, poticati kreativni rad i darovitost djece, poticati i voditi aktivnosti s djecom i za djecu koristeći njihovo slobodno vrijeme, na temelju interesa i želja djece, pridonositi ostvarivanju prava i potreba djeteta, poticati razvoj volonterstva, promicati zdrav način života i zaštitu prirode i okoliša, podizati svijest i poticati aktivnosti za smanjenje otpada i povećanja recikliranja, podizanje svijesti istih za demokratsko građanstvo, izgradnja mira, prevencija nasilja prema djeci i mladima, razvoj interkulturalnog dijaloga, veće sudjelovanje mladih u participativnoj demokraciji kao i javno zagovaranje i praćenje javnih politika koje su vezane za mlade, razvoj civilnog društva kao i lokalne zajednice, razvijanje programa pomoći u lokalnoj zajednici, razvoj socijalnog poduzetništva kao i pomoć mladim osobama iz ruralnih krajeva kroz zapošljavanje, povećanje kvalitete života djece i mladih, omogućavanje pružanja socijalne pomoći, socijalnih usluga te preventivno djelovanje, unapređenje i zaštita zdravlja djece i mladih,  uključivanje mladih u društvenu zajednicu, edukacija roditelja, nastavnika i građana o metodama, tehnikama, sadržaju i načinima potrebnim za primjeren rast i razvoj pojedinca i obitelji u cijelosti, ostvarivati suradnju s lokalnom zajednicom, odgojno obrazovnim institucijama i organizacijama socijalne skrbi te domaćim i međunarodnim organizacijama koje djeluju u području djece, mladih i obitelji te promicati zaštitu i provedbu ljudskih, a posebno dječjih prava na svim razinama.","AKADEMSKA ZAJEDNICA, AZILANTI, BESKUĆNICI, DAROVITA DJECA I MLADI, DJECA - OPĆA POPULACIJA, DJECA BEZ ODGOVARAJUĆE RODITELJSKE SKRBI, DJECA DO 14 GODINA, DJECA IZ OBITELJI KORISNIKA SUSTAVA SOCIJALNE SKRBI, DJECA OD 14 DO 18 GODINA, DJECA RATNIH STRADALNIKA, DJECA S POREMEĆAJIMA U PONAŠANJU, DJECA S TEŠKOĆAMA U RAZVOJU, DJECA U RIZIKU OD SOCIJALNE ISKLJUČENOSTI, GRAĐANI – OPĆA POPULACIJA, ILEGALNI IMIGRANTI, INOVATORI, IZBJEGLICE I PROGNANICI, JEDNO RODITELJSKE OBITELJI, MANJINE - OPĆENITO, MLADI - OPĆA POPULACIJA, MLADI S POREMEĆAJIMA U PONAŠANJU, MLADI S RIZIČNIM OBLICIMA PONAŠANJA, MLADI S TEŠKOĆAMA U RAZVOJU, NEZAPOSLENI, NOVOROĐENČAD, OBITELJI, OBITELJI BRANITELJA, OBITELJI S TROJE I VIŠE DJECE, ODGOJNO-OBRAZOVNI DJELATNICI, OSOBE KOJE BOLUJU OD KRONIČNIH BOLESTI, OSOBE S CEREBRALNOM I DJEČJOM PARALIZOM, OSOBE U RIZIKU OD SIROMAŠTVA I SIROMAŠNE OSOBE, OVISNICI I LIJEČENI OVISNICI, POVRATNICI U PORATNA PODRUČJA, RODITELJI, RODITELJI DJECE S TEŠKOĆAMA U RAZVOJU, ROMI, ROMSKA DJECA I MLADI, RURALNO STANOVNIŠTVO, STANOVNICI POSLIJERATNIH ZAJEDNICA, STUDENTI, TRUDNICE, UČENICI, VOLONTERI, ŽENE PRIPADNICE NACIONALNIH MANJINA, ŽENE ŽRTVE OBITELJSKOG NASILJA, ŽRTVE KATASTROFA, ŽRTVE OBITELJSKOG NASILJA, ŽRTVE TRGOVINE LJUDIMA","[""3.1.1. Promicanje religijske etike"", ""6.4.1. Književno stvaralaštvo"", ""8.1.2. Infrastruktura"", ""8.1.1. Demokratska tranzicija"", ""6.3.6. Inovativne vizualne umjetničke prakse"", ""11.1.8. Pomoć i podrška azilantima"", ""13.3. Informatika i računalstvo"", ""9.3. Ostale djelatnosti iz područja obrazovanja, znanosti i istraživanja"", ""8.1.7. Smanjenje siromaštva"", ""7.5.6. Zaštita prava mladih"", ""7.6. Vjerska prava i slobode"", ""7.5.1. Ravnopravnost spolova"", ""7.5.11. Zaštita prava pacijenata"", ""7.1. Besplatna pravna pomoć"", ""9.1.3. Izvaninstitucionalni odgoj i obrazovanje"", ""11.2.5. Pomoć pri uključivanju u programe odgoja i redovitog obrazovanja (integracija)"", ""9.1.7. Poticanje kreativnosti i stvaralaštva u odgoju i obrazovanju"", ""4.6.1. Promicanje razvoja socijalnog poduzetništva"", ""6.2.6. Glazbene i scenske manifestacije i festivali"", ""9.1.2. Cjeloživotno učenje i obrazovanje odraslih"", ""6.5.4. Audiovizualni amaterizam"", ""11.1.4. Pomoć i podrška mladima"", ""2.2. Promicanje nenasilja i izgradnja mira"", ""6.3.4. Djelatnost umjetničkih obrta"", ""6.3.7. Manifestacije vizualnih umjetnosti"", ""6.4.3. Nakladnička i knjižarska djelatnost"", ""11.1.7. Pomoć i podrška obitelji"", ""8.1.6. Ravnopravnost spolova"", ""4.6.2. Ostale djelatnosti socijalnog poduzetništva"", ""9.1.5. Odgoj i obrazovanje za aktivno sudjelovanje u razvoju demokratske kulture"", ""8.2. Međunarodna humanitarna pomoć"", ""6.5.2. Radio-televizijska djelatnost"", ""6.1.7. Zaštita i očuvanje nematerijalnih kulturnih dobara"", ""2.4.1. Promicanje i razvoj volonterstva"", ""2.3.2. Prevencija nasilja u obitelji"", ""8.1.4. Ljudska prava"", ""6.3.1. Likovne umjetnosti"", ""6.5.3. Interaktivni mediji"", ""2.10. Poticanje participativne demokracije/sudjelovanja građana u odlučivanju"", ""8.1.3. Mir i sigurnost"", ""2.3.3. Prevencija nasilja u vezama"", ""2.5. Promicanje društvene solidarnosti"", ""6.5.5. Inovativne audiovizulne umjetničke prakse"", ""9.1.6. Odgoj i obrazovanje za zaštitu i promicanje ljudskih prava"", ""7.5.2. Suzbijanje rasne diskriminacije"", ""2.15. Ostale djelatnosti iz područja demokratske političke kulture"", ""6.2.2. Plesne umjetnosti"", ""6.2.5. Inovativne izvedbene umjetničke prakse"", ""8.1.8. Zaštita okoliša i prirode"", ""11.2.10. Prevencija ovisnosti"", ""3.2.2. Poticanje osobnog razvoja"", ""11.1.3. Pomoć i podrška djeci"", ""2.12. Razvoj civilnoga društva"", ""2.11. Praćenje javnih politika i javno zagovaranje"", ""9.1.9. Odgoj i obrazovanje za održivi razvoj, zdrave načine života i očuvanje prirode"", ""6.3.2. Dizajn i arhitektura"", ""7.5.5. Zaštita prava djece"", ""6.2.1. Dramske umjetnosti"", ""6.8.3. Interaktivni mediji"", ""6.3.3. Fotografska umjetnost"", ""11.2.9. Prevencija nasilja"", ""7.5.16. Zaštita prava tražitelja azila, azilanata i stranaca pod supsidijarnom zaštitom"", ""7.10. Njegovanje zavičajnog identiteta"", ""6.3.5. Likovni amaterizam"", ""7.5.15. Zaštita žrtava/svjedoka"", ""8.1.9. Unapređenje zdravlja"", ""11.1.9. Pomoć i podrška beskućnicima"", ""11.1.6. Pomoć i podrška nezaposlenima"", ""7.3. Pravo na pristup informacijama"", ""6.6. Medijska kultura"", ""8.4. Ostale djelatnosti iz područja međunarodne suradnje"", ""11.2.3. Psihosocijalna podrška"", ""11.1.10. Pomoć i podrška žrtvama obiteljskog nasilja"", ""2.1. Obrazovanje za demokratsko građanstvo"", ""7.5.7. Zaštita prava osoba s invaliditetom"", ""7.7. Zaštita prava potrošača"", ""7.5.12. Zaštita ovisnika"", ""2.13. Razvoj lokalne zajednice"", ""10.1.1. Edukacija za održivi razvoj ruralnih područja"", ""11.2.11. Stručna pomoć i podrška"", ""2.6. Interkulturalni dijalog"", ""9.1.1. Razvoj i promicanje odgoja i obrazovanja"", ""7.5.10. Zaštita prava beskućnika"", ""2.8. Promicanje dobrog upravljanja"", ""6.2.3. Glazba i glazbeno-scenske umjetnosti"", ""9.1.4. Potpora obrazovanju djece i mladih s posebnim potrebama"", ""8.1.5. Obrazovanje"", ""7.5.8. Zaštita prava osoba s mentalnim oštećenjem"", ""2.3.4. Ostale djelatnosti prevencije nasilja"", ""2.14.1. Proizvodnja medijskih sadržaja"", ""7.5.4. Zaštita obitelji"", ""14.3. Prevencija i suzbijanje ovisnosti"", ""2.3.1. Prevencija nasilja među djecom i mladima"", ""8.3. Međunarodna prijateljstva"", ""6.2.4. Kulturno-umjetnički (glazbeni i scenski) amaterizam"", ""6.4.2. Knjižnična djelatnost"", ""13.11. Poticanje kreativnosti i stvaralaštva djece i mladih u tehničkoj kulturi"", ""6.5.1. Filmska i video djelatnost"", ""9.1.8. Odgoj i obrazovanje za zaštitu i promicanje povijesno-kulturne baštine i nacionalnoga identiteta"", ""7.4. Pravo na zaštitu osobnih podatka"", ""3.1.2. Promocija i izgradnja međuvjerničkog dijaloga"", ""11.1.5. Pomoć i podrška osobama u riziku od siromaštva i socijalne isključenosti"", ""11.1.1. Pomoć i podrška starijim osobama"", ""7.9. Zaštita prava nacionalne manjine"", ""10.3.2. Održivi turizam"", ""11.3.2. Psihosocijalna pomoć u kriznim situacijama"", ""11.2.4. Rana intervencija"", ""15.2.4. Podizanje svijesti i aktivnosti za smanjenje otpada i povećanje recikliranja"", ""14.1.7. Zaštita i prevencija bolesti reproduktivnog sustava"", ""10.3.1. Razvoj društvenog kapitala"", ""11.3.1. Pomoć žrtvama prirodnih katastrofa"", ""10.1.4. Ostale aktivnosti vezane za razvoj ruralnih područja"", ""11.2.15. Rehabilitacija"", ""14.1.1. Prevencija zaraznih bolesti"", ""11.2.1. Savjetovanje i pomaganje"", ""15.1.2. Očuvanje prirodne baštine"", ""11.1.11. Ostala djelatnosti socijalne pomoći i podrške"", ""11.2.12. Skraćeni boravak, igraonice, radionice, klubovi"", ""14.1.3. Prevencija i zaštita mentalnog zdravlja"", ""11.2.14. Pomoć i podrška u vlastitom domu i zajednici"", ""11.3.3. Poboljšanje kvalitete života i zdravlja socijalno isključenih"", ""11.2.13. Organiziranje slobodnih aktivnosti"", ""10.4. Ostale djelatnosti iz područja održivog razvoja"", ""11.3.4. Pomoć u podmirivanju osnovnih životnih potreba"", ""14.1.2. Prevencija i unapređenje zdravlja zubi""]",https://banovac.mfin.hr/rnoprt/Details?handler=Details&id=60787,"[""datagovhr:registar-udruga""]"
1013,harmonija-zivota-knezevo-3027,HARMONIJA ŽIVOTA,Harmonija Života,,registar-udruga,264709,14005104,24506493027,AKTIVAN,,2023-06-09,2023-05-18,UDRUGA,hodocasnicka,niska,3.5,"[""opis:hodocasce"", ""opis:svetac"", ""opis:duhovnost"", ""djelatnost:3.2.1."", ""djelatnost:3.2.2.""]","Osječka ulica 4, Kneževo",Osječka ulica,4,Kneževo,Kneževo,Popovac,Osječko-baranjska,31302,,45.84274568,18.64062482,dgu-adresa,Đakovačko-osječka Nadbiskupija,derivirano-crkve.domovina.ai,,,,,,Marijan Matanović,Predsjednik,"- promicanje, razvitak i unapređenje nenasilja i izgradnje mira, promicanje duhovnih aktivnosti, poticanje osobnog razvoja, promicanje, razvoj volonterstva  i razvoj ruralnih područja.",GRAĐANI – OPĆA POPULACIJA,"[""10.1.2. Planiranje razvoja ruralnih područja"", ""2.2. Promicanje nenasilja i izgradnja mira"", ""15.1.1. Očuvanje posebno vrijednih prirodnih područja i drugih prostora"", ""3.2.1. Promicanje duhovnih aktivnosti"", ""2.3.2. Prevencija nasilja u obitelji"", ""10.1.5. Zaštita javnih dobara u ruralnim područjima"", ""2.3.1. Prevencija nasilja među djecom i mladima"", ""2.4.1. Promicanje i razvoj volonterstva"", ""15.1.2. Očuvanje prirodne baštine"", ""3.2.2. Poticanje osobnog razvoja"", ""2.3.3. Prevencija nasilja u vezama""]",,"[""datagovhr:registar-udruga""]"
288,helm-hrvatska-ekumenska-liga-mladih-zagreb-9662,HELM-HRVATSKA EKUMENSKA LIGA MLADIH,Helm-hrvatska Ekumenska Liga Mladih,HELM,registar-udruga,16668,00001954,06252179662,BRISAN,2023-03-29,2001-04-10,2001-03-17,UDRUGA,mladi,niska,3.5,"[""naziv:krscanski"", ""opis:krscanski"", ""djelatnost:14.duhovna""]","Ilica 8, Zagreb",Ilica,8,Zagreb,Zagreb,Grad Zagreb,Grad Zagreb,10000,,45.81371273,15.97474586,dgu-adresa,Zagrebačka Nadbiskupija,derivirano-crkve.domovina.ai,,,,,,,,,,"[""14.99.99. OSTALE DUHOVNE DJELATNOSTI""]",,"[""datagovhr:registar-udruga""]"
832,herakhan-dharma-centar-zagreb-6688,HERAKHAN DHARMA CENTAR,Herakhan Dharma Centar,,registar-udruga,208790,21012866,02416636688,AKTIVAN,,2018-02-21,2017-12-24,UDRUGA,glazba,niska,3.5,"[""opis:duhovnost"", ""djelatnost:3.1.2."", ""djelatnost:3.1.1."", ""djelatnost:3.2.2."", ""djelatnost:3.2.1."", ""djelatnost:3.1.3."", ""opis:-ezoterija""]","Ladučka ulica 36, Zagreb",Ladučka ulica,36,Zagreb,Zagreb,Grad Zagreb,Grad Zagreb,10110,,45.80346064,15.93579102,dgu-adresa,Zagrebačka Nadbiskupija,derivirano-crkve.domovina.ai,vanjacigler@yahoo.com,,091 3653 558,+385913653558,,Krunoslav Marčinko,Predsjednik,Unapređenje duhovne svijesti i znanja te razvijanje osnovnih ljudskih vrijednosti kao što su suosjećanje i tolerancija.,GRAĐANI – OPĆA POPULACIJA,"[""3.1.2. Promocija i izgradnja međuvjerničkog dijaloga"", ""3.1.1. Promicanje religijske etike"", ""3.2.2. Poticanje osobnog razvoja"", ""3.2.1. Promicanje duhovnih aktivnosti"", ""3.1.3. Ostale religijske/vjerničke djelatnosti""]",https://banovac.mfin.hr/rnoprt/Details?handler=Details&id=54043,"[""datagovhr:registar-udruga""]"
1038,hodometni-klub-vis-9966,HODOMETNI KLUB VIS,Hodometni Klub Vis,HK VIS,registar-udruga,270022,17007013,24344669966,AKTIVAN,,2025-10-16,2025-08-21,UDRUGA,sport,niska,3.5,"[""opis:duhovnost"", ""djelatnost:3.2.3."", ""djelatnost:3.2.2."", ""djelatnost:3.2.1."", ""djelatnost:3.1.1.""]","Šetalište Stara Issa 4, Vis",Šetalište Stara Issa,4,Vis,Vis,Vis,Splitsko-dalmatinska,21480,,43.06204924,16.18347155,dgu-adresa,Hvarska Biskupija,derivirano-crkve.domovina.ai,hodomet.vis@gmail.com,,099/215-2982,+385992152982,,Marinko Ivanišević,Predsjednik,"- poticanje, promicanje i unaprjeđenje socijalne, duhovne, zdravstvene, materijalne, kulturne podrške i zaštite starijim osobama;
- poticanje unapređenja i poboljšanja kvalitete života svih dobnih skupina s posebnim naglaskom na skrb o osobama starije životne dobi;
- razvoj i povećanje dostupnosti izvaninstituciolnanih usluga u zajednici
- pomoć i podrška u smanjenju siromaštva i socijalne isključenosti najugroženijih i osjetljivih skupina društva
- promicanje socijalne uključenosti starijih osoba
- promicanje i razvoj društvene, međusobne i dobrosusjedske pomoći i suradnje, međugeneracijske solidarnosti i volonterstva
- senzibiliranje javnosti na potrebe starijih osoba
- razvijanje i promicanje sportsko rekreracijske amaterske igre za starije osobe koja se zove hodajući nogomet (engl. walking football, hrv. hodomet - u daljnjem tekstu:  hodomet), sukladno pravilima utvrđenim u suradnji s nogometnim organizacijama UEFA-e, HNS-a kao i drugim međunarodnim organizacijama za tu vrstu sportske aktivnosti u funkciji aktivnog starenja
- razvoj lokalne zajednice kroz sport i rekreaciju, promicanje zdravog načina života, timskog duha i fair playa
- promicanje i razvoj hodometa  kao rekreativne aktivnosti i sporta
- sudjelovanje u lokalnim, regionalnim, nacionalnim i internacionalnim natjecanjima i projektima 
- suradnja s drugim sportsko rekreacijskim udrugama i tijelima lokane uprave","DJECA - OPĆA POPULACIJA, GRAĐANI – OPĆA POPULACIJA, MLADI - OPĆA POPULACIJA, OBITELJI, OSOBE STARIJE ŽIVOTNE DOBI, OSOBE U RIZIKU OD SIROMAŠTVA I SIROMAŠNE OSOBE, RODITELJI, UMIROVLJENICI, VOLONTERI","[""3.2.3. Ostale duhovne djelatnosti"", ""3.2.2. Poticanje osobnog razvoja"", ""11.2.3. Psihosocijalna podrška"", ""11.3.4. Pomoć u podmirivanju osnovnih životnih potreba"", ""9.1.12. Ostale djelatnosti odgoja i obrazovanja"", ""15.2.5. Ostale djelatnosti zaštite okoliša"", ""11.2.1. Savjetovanje i pomaganje"", ""4.6.2. Ostale djelatnosti socijalnog poduzetništva"", ""2.14.1. Proizvodnja medijskih sadržaja"", ""12.9. Promocija sporta i zdravog načina življenja"", ""11.3.1. Pomoć žrtvama prirodnih katastrofa"", ""15.2.4. Podizanje svijesti i aktivnosti za smanjenje otpada i povećanje recikliranja"", ""11.1.2. Pomoć i podrška osobama s invaliditetom"", ""11.2.11. Stručna pomoć i podrška"", ""11.3.3. Poboljšanje kvalitete života i zdravlja socijalno isključenih"", ""16.4. Ostale djelatnosti iz područja zaštite i spašavanja"", ""11.2.13. Organiziranje slobodnih aktivnosti"", ""16.3. Traganje i spašavanje"", ""4.6.1. Promicanje razvoja socijalnog poduzetništva"", ""2.3.1. Prevencija nasilja među djecom i mladima"", ""9.1.2. Cjeloživotno učenje i obrazovanje odraslih"", ""7.5.7. Zaštita prava osoba s invaliditetom"", ""11.2.2. Pomoć u kući"", ""11.2.16. Osobna asistencija"", ""11.2.7. Smještaj"", ""11.2.9. Prevencija nasilja"", ""8.1.7. Smanjenje siromaštva"", ""11.1.11. Ostala djelatnosti socijalne pomoći i podrške"", ""16.2. Pomoć žrtvama katastrofa i sukoba"", ""7.5.19. Ostale djelatnosti suzbijanja i zaštite od diskriminacije"", ""8.1.9. Unapređenje zdravlja"", ""11.3.2. Psihosocijalna pomoć u kriznim situacijama"", ""12.4.5. Organiziranje sportsko rekreacijskih natjecanja i sportsko rekreativnih edukativnih projekata i programa"", ""8.1.5. Obrazovanje"", ""6.1.9. Ostale djelatnosti kulturne baštine"", ""7.5.9. Prava osoba starije životne dobi"", ""11.2.4. Rana intervencija"", ""9.1.3. Izvaninstitucionalni odgoj i obrazovanje"", ""3.2.1. Promicanje duhovnih aktivnosti"", ""8.1.10. Ostale djelatnosti razvojne suradnje"", ""15.5. Ostale djelatnosti iz područja zaštite okoliša i prirode"", ""6.1.1. Zaštita i očuvanje materijalnih kulturnih dobara"", ""11.2.12. Skraćeni boravak, igraonice, radionice, klubovi"", ""11.1.7. Pomoć i podrška obitelji"", ""14.1.6. Unaprjeđenje kvalitete života osoba starije životne dobi"", ""11.2.14. Pomoć i podrška u vlastitom domu i zajednici"", ""2.4.1. Promicanje i razvoj volonterstva"", ""11.2.17. Ostale djelatnosti socijalnih usluga"", ""11.1.1. Pomoć i podrška starijim osobama"", ""11.1.10. Pomoć i podrška žrtvama obiteljskog nasilja"", ""11.2.6. Boravak"", ""6.1.7. Zaštita i očuvanje nematerijalnih kulturnih dobara"", ""14.1.8. Ostale djelatnosti preventivnog djelovanja, unapređenja i zaštite zdravlja"", ""11.2.15. Rehabilitacija"", ""2.14.5. Ostale djelatnosti javnog informiranja i medija"", ""3.1.1. Promicanje religijske etike"", ""2.3.4. Ostale djelatnosti prevencije nasilja"", ""11.5. Ostale socijalne djelatnosti"", ""2.4.3. Ostale djelatnosti volonterstva"", ""11.3.5. Ostale djelatnosti humanitarne pomoći"", ""2.3.2. Prevencija nasilja u obitelji"", ""2.13. Razvoj lokalne zajednice"", ""11.1.5. Pomoć i podrška osobama u riziku od siromaštva i socijalne isključenosti"", ""12.4.6. Ostale djelatnosti sportske rekreacije"", ""17.1. Ostala područja djelovanja""]",https://banovac.mfin.hr/rnoprt/Details?handler=Details&id=63853,"[""datagovhr:registar-udruga""]"
43,hrvatska-ekumenska-inicijativa-zagreb-9368,HRVATSKA EKUMENSKA INICIJATIVA,Hrvatska Ekumenska Inicijativa,HEI,registar-udruga,52853,21008134,64519189368,AKTIVAN,,2010-12-15,2010-05-03,UDRUGA,karitativna,niska,3.5,"[""naziv:krscanski"", ""opis:krscanski"", ""opis:duhovnost""]","Medveščak 21, Zagreb",Medveščak,21,Zagreb,Zagreb,Grad Zagreb,Grad Zagreb,10112,,45.8205276,15.97920836,dgu-adresa,Zagrebačka Nadbiskupija,derivirano-crkve.domovina.ai,,,,,,Fran Mikuličić,Zamjenik Predsjednika,,,"[""20.99.99. OSTALE DJELATNOSTI""]",,"[""datagovhr:registar-udruga""]"
369,hrvatsko-kanonisticko-drustvo-zagreb-3448,HRVATSKO KANONISTIČKO DRUŠTVO,Hrvatsko Kanonističko Društvo,HKD,registar-udruga,53479,21008311,16165783448,AKTIVAN,,2011-03-01,2010-10-28,UDRUGA,molitvena,niska,3.5,"[""opis:vjernici"", ""opis:krscanski"", ""opis:crkva""]","Kaptol 31, Zagreb",Kaptol,31,Zagreb,Zagreb,Grad Zagreb,Grad Zagreb,10000,,45.81432721,15.97895309,dgu-adresa,Zagrebačka Nadbiskupija,derivirano-crkve.domovina.ai,info@hrvatsko-kanonisticko-drustvo.hr,https://www.hrvatsko-kanonisticko-drustvo.hr,098-475-497,+38598475497,,Lucija Boljat,Predsjednica,"Promicanje studija kanonskog prava;podupiranje studenata na studiju kanonskog prava;promicanje poznavanja kanonskog prava u crkvenoj i društvenoj stvarnosti; promicanje znanstvene, stručne i obrazovne suradnje među kanonistima; davanje stručnih mišljenja o pravnim pitanjima iz područja kanonskog prava; provođenje cjeloživotne formacije djelatnika crkvenih sudova, biskupijskih kurija i drugih
pastoralnih djelatnika čiji rad zahtijeva šire poznavanje kanonskog prava; promicanje i štićenje ljudskih i vjerničkih prava u crkvenoj i društvenoj zajednici;njegovanje hrvatske kanonske tradicije; njegovanje i razvitak ugleda i etike pravničkog poziva; raspravljanje znanstvenih i stručnih problema pravničke struke i zauzimanje stanovišta o njima; poticanje i razvitak suradnje s drugim znanstvenim, stručnim, obrazovnim, razvojnim istraživačkim organizacijama te suradnje sa sličnim društvima u zemlji i inozemstvu.",GRAĐANI – OPĆA POPULACIJA,"[""20.99.99. OSTALE DJELATNOSTI"", ""9.3. Ostale djelatnosti iz područja obrazovanja, znanosti i istraživanja""]",https://banovac.mfin.hr/rnoprt/Details?handler=Details&id=38176,"[""datagovhr:registar-udruga""]"
216,hrvatsko-kulturno-umjetnicko-drustvo-tribunj-7843,"HRVATSKO KULTURNO UMJETNIČKO DRUŠTVO ""TRIBUNJ""","Hrvatsko Kulturno Umjetničko Društvo ""Tribunj""","HKUD ""TRIBUNJ""",registar-udruga,11447,15000158,70832067843,AKTIVAN,,1998-06-25,1992-09-05,UDRUGA,kultura,niska,3.5,"[""opis:duhovnost"", ""djelatnost:3.1.1."", ""djelatnost:3.1.2.""]","Badnje 1, Tribunj",Badnje,1,Tribunj,Tribunj,Tribunj,Šibensko-kninska,22212,,43.75373748,15.74439775,dgu-adresa,Šibenska Biskupija,derivirano-crkve.domovina.ai,hkudtribunj1@gmail.com,,098-386-723,+38598386723,,Milan Perkov,Predsjednik Društva,"Promicanje nacionalnog i kulturnog identiteta hrvatskog naroda na području umjetničkog stvaralaštva (pjevanja, sviranja, folklora i dr.); čuvati i štititi hrvatsku kulturnu baštinu, upoznavati ljude sa njom, na svakom mjestu gdje nastupa u javnosti; djelovati odgojno na svoje članstvo koje je najvećim dijelom mladež i djeca.","DAROVITA DJECA I MLADI, GRAĐANI – OPĆA POPULACIJA, MLADI - OPĆA POPULACIJA","[""3.1.1. Promicanje religijske etike"", ""6.1.1. Zaštita i očuvanje materijalnih kulturnih dobara"", ""6.2.4. Kulturno-umjetnički (glazbeni i scenski) amaterizam"", ""6.2.6. Glazbene i scenske manifestacije i festivali"", ""6.2.2. Plesne umjetnosti"", ""3.1.2. Promocija i izgradnja međuvjerničkog dijaloga"", ""6.2.3. Glazba i glazbeno-scenske umjetnosti""]",https://banovac.mfin.hr/rnoprt/Details?handler=Details&id=10162,"[""datagovhr:registar-udruga""]"
501,itinerazagreb-3919,ITINERAZAGREB,Itinerazagreb,ITR-ZG,registar-udruga,59847,21010104,08232973919,AKTIVAN,,2013-03-28,2013-01-21,UDRUGA,hodocasnicka,niska,3.5,"[""opis:hodocasce"", ""opis:krscanski"", ""opis:duhovnost"", ""djelatnost:14.duhovna""]","Pantovčak 178A, Zagreb",Pantovčak,178A,Zagreb,Zagreb,Grad Zagreb,Grad Zagreb,10163,,45.83179724,15.9622896,dgu-adresa,Zagrebačka Nadbiskupija,derivirano-crkve.domovina.ai,,,,,,Giovanni Mucciacciaro,Predsjednik,,,"[""14.1.1. DUHOVNA VJERNIČKA DJELATNOST""]",,"[""datagovhr:registar-udruga""]"
1122,kristov-savez-crikvenica-9532,KRISTOV SAVEZ,Kristov Savez,,strane-udruge,99945,000055,25074069532,AKTIVNA,,1999-05-10,,STRANA UDRUGA,molitvena,niska,3.5,"[""naziv:krscanski"", ""opis:krscanski"", ""djelatnost:14.duhovna""]","Vladimira Nazora 55, Crikvenica",Vladimira Nazora,55,Crikvenica,Crikvenica,Crikvenica,Primorsko-goranska,51260,"Muhlweg 8, Friolzheim, NJEMAČKA",45.16956188,14.70026244,dgu-adresa,Riječka Nadbiskupija,derivirano-crkve.domovina.ai,vbs.crikevnica@ri.t-com.hr,,051/242-964,+38551242964,,Matthias Koehler,Prvi Predsjednik,,,"[""14.99. OSTALE DUHOVNE DJELATNOSTI""]",https://banovac.mfin.hr/rnoprt/Details?handler=Details&id=44114,"[""datagovhr:strane-udruge""]"
305,krizarsko-drustvo-dragutin-kukalj-ogulin-u-likvidaciji-3607,"KRIŽARSKO DRUŠTVO ""DRAGUTIN KUKALJ"" OGULIN U LIKVIDACIJI","Križarsko Društvo ""Dragutin Kukalj"" Ogulin u Likvidaciji",,registar-udruga,38529,04000907,42516233607,PRESTANAK DJELOVANJA,2019-03-11,2005-12-29,2005-12-09,UDRUGA,glazba,niska,3.5,"[""opis:liturgija"", ""opis:crkva"", ""opis:duhovnost"", ""djelatnost:14.duhovna""]","Gajeva 2, Ogulin",Gajeva,2,Ogulin,Ogulin,Ogulin,Karlovačka,,,45.261034962718036,15.215995477757925,naselje-teziste,Gospićko-senjska Biskupija,derivirano-crkve.domovina.ai,,,,,,Ana Lipošćak,Predsjednik,,,"[""14.1.1. DUHOVNA VJERNIČKA DJELATNOST""]",,"[""datagovhr:registar-udruga""]"
213,krscanski-mirovni-krug-zagreb-4653,KRŠĆANSKI MIROVNI KRUG,Kršćanski Mirovni Krug,KMK,registar-udruga,16565,00001851,43962824653,BRISAN,2018-02-27,2000-11-09,2000-02-15,UDRUGA,molitvena,niska,3.5,"[""naziv:krscanski"", ""opis:krscanski"", ""djelatnost:3.3.""]","Remetski kamenjak 13, Zagreb",Remetski kamenjak,13,Zagreb,Zagreb,Grad Zagreb,Grad Zagreb,10163,,45.85358044,15.97976176,dgu-adresa,Zagrebačka Nadbiskupija,derivirano-crkve.domovina.ai,marija.znidarcic@kmk.hr,https://www.kmk.hr,091/3586-362,+385913586362,,Marija Znidarčić,Predsjednica,"Promicanje pomirenja i zajedništva medu kršćanima, promicanje kulture mira i nenasilja.",OSTALI,"[""8.4. Ostale djelatnosti iz područja međunarodne suradnje"", ""3.3. Ostale djelatnosti iz područja duhovnosti"", ""6.9. Ostale djelatnosti iz područja kulture i umjetnosti"", ""11.5. Ostale socijalne djelatnosti"", ""9.3. Ostale djelatnosti iz područja obrazovanja, znanosti i istraživanja""]",https://banovac.mfin.hr/rnoprt/Details?handler=Details&id=15634,"[""datagovhr:registar-udruga""]"
639,kulturna-udruga-milenko-galic-svib-6700,"KULTURNA UDRUGA ""MILENKO GALIĆ"" SVIB","Kulturna Udruga ""Milenko Galić"" Svib","K.U. ""MILENKO GALIĆ"" SVIB",registar-udruga,45049,17003172,11639606700,BRISAN,2024-03-21,2008-05-05,2008-04-20,UDRUGA,kultura,niska,3.5,"[""opis:marija"", ""opis:krscanski"", ""opis:svetac"", ""opis:duhovnost""]","ALOJZIJA STEPINCA  25, Svib",ALOJZIJA STEPINCA,25,Svib,Svib,Cista Provo,Splitsko-dalmatinska,21256,,43.55192623,16.96447185,dgu-adresa,Splitsko-makarska Nadbiskupija,derivirano-crkve.domovina.ai,,,,,,Marijan Bodrožić-Džakić,Dopredsjednik Udruge,"Njegovanje kulture i običaja, posebno onih vezanih za mjesto Svib, te uključivanje svih zainteresiranih u razne oblike športskih aktivnosti, njegujući domoljublje, kulturno-umjetnički i športski duh, kršćanska, moralna i etička načela.","BRANITELJI - VETERANI, GRAĐANI – OPĆA POPULACIJA, MLADI - OPĆA POPULACIJA","[""1.2.1. Zaštita interesa članova obitelji smrtno stradaloga, zatočenoga ili nestaloga hrvatskog branitelja iz Domovinskog rata""]",,"[""datagovhr:registar-udruga""]"
85,kulturno-umjetnicko-drustvo-lipa-sinac-1091,"KULTURNO UMJETNIČKO DRUŠTVO ""LIPA"" SINAC","Kulturno Umjetničko Društvo ""Lipa"" Sinac","KUD ""LIPA"" SINAC",registar-udruga,2196,09000087,33077351091,AKTIVAN,,1998-02-04,1998-01-04,UDRUGA,kultura,niska,3.5,"[""opis:katolic"", ""opis:duhovnost""]","Sinac 353, Sinac",Sinac,353,Sinac,Sinac,Otočac,Ličko-senjska,53224,,44.82850461,15.33291767,dgu-adresa,Gospićko-senjska Biskupija,derivirano-crkve.domovina.ai,jasna.sinac.lika@gmail.com,https://www.kud-lipa-sinac.hr,091 5322 656,+385915322656,,Ante Žagrović,Dopredsjednik,"Promicanje kulturnih, povjesnih, gospodarskih, turističkih i drugih interesa mjesta Sinac, te zaštita i očuvanje kulturne i narodne baštine, očuvanja vjerske i nacionalne baštine katolika Hrvata, kao i zaštite zdravog izvornog načina života netaknute prirode Gacke i Like.",GRAĐANI – OPĆA POPULACIJA,"[""8.7.1. KULTURNO-UMJETNIČKO DRUŠTVO"", ""6.2.2. Plesne umjetnosti"", ""6.2.4. Kulturno-umjetnički (glazbeni i scenski) amaterizam"", ""6.2.3. Glazba i glazbeno-scenske umjetnosti"", ""6.1.1. Zaštita i očuvanje materijalnih kulturnih dobara"", ""6.1.7. Zaštita i očuvanje nematerijalnih kulturnih dobara""]",https://banovac.mfin.hr/rnoprt/Details?handler=Details&id=8372,"[""datagovhr:registar-udruga""]"
82,katedralni-zbor-dubrovnik-9114,Katedralni zbor Dubrovnik,Katedralni zbor Dubrovnik,,registar-udruga,2043,19000640,93323179114,BRISAN,2019-05-29,2000-12-20,2000-11-05,UDRUGA,glazba,niska,3.5,"[""naziv:crkva"", ""opis:crkva"", ""opis:duhovnost""]","Kneza Damjana Jude 1, Dubrovnik",Kneza Damjana Jude,1,Dubrovnik,Dubrovnik,Dubrovnik,Dubrovačko-neretvanska,20000,,42.64001277,18.11088818,dgu-adresa,Dubrovačka Biskupija - Dioecesis Ragusina,derivirano-crkve.domovina.ai,,,,,,Laura Zoranić,Predsjednica,,,"[""8.1.1. GLAZBENA DJELATNOST""]",,"[""datagovhr:registar-udruga""]"
798,kreativna-udruga-sveta-klara-slavonski-brod-brodski-varos-4549,"Kreativna udruga ""Sveta Klara"" - Slavonski Brod","Kreativna udruga ""Sveta Klara"" - Slavonski Brod",Sv. Klara,registar-udruga,207298,12001724,04634414549,BRISAN,2020-05-28,2017-10-03,2017-07-23,UDRUGA,karitativna,niska,3.5,"[""naziv:svetac"", ""opis:crkva"", ""opis:duhovnost"", ""djelatnost:3.2.2."", ""djelatnost:3.2.1.""]","Zagrebačka 336, Brodski Varoš",Zagrebačka,336,Brodski Varoš,Brodski Varoš,Slavonski Brod,Brodsko-posavska,35000,,45.17736625,17.97653344,dgu-adresa,Đakovačko-osječka Nadbiskupija,derivirano-crkve.domovina.ai,dakovic.renata8@gmail.com,,091-5894-661,+385915894661,,Anka Galović,Voditeljica Udruge,"Udruga je osnovana u cilju očuvanja, promicanja i razvitka tradicionalne materijalne narodne i crkvene baštine koji će se ostvariti putem interesnog, stručnog i poslovnog povezivanja svojih članova.","GRAĐANI – OPĆA POPULACIJA, VOLONTERI, ŽENE","[""9.1.8. Odgoj i obrazovanje za zaštitu i promicanje povijesno-kulturne baštine i nacionalnoga identiteta"", ""3.2.2. Poticanje osobnog razvoja"", ""2.4.1. Promicanje i razvoj volonterstva"", ""3.2.1. Promicanje duhovnih aktivnosti"", ""6.1.1. Zaštita i očuvanje materijalnih kulturnih dobara""]",https://banovac.mfin.hr/rnoprt/Details?handler=Details&id=53647,"[""datagovhr:registar-udruga""]"
691,magis-zagreb-5598,MAGIS,Magis,,registar-udruga,63937,21011227,88181985598,AKTIVAN,,2014-09-04,2014-06-01,UDRUGA,molitvena,niska,3.5,"[""opis:krscanski"", ""opis:duhovnost"", ""djelatnost:3.3."", ""djelatnost:3.2.2."", ""djelatnost:3.1.2.""]","Palmotićeva ulica 31, Zagreb",Palmotićeva ulica,31,Zagreb,Zagreb,Grad Zagreb,Grad Zagreb,10000,,45.80914293,15.98201694,dgu-adresa,Zagrebačka Nadbiskupija,derivirano-crkve.domovina.ai,magisudruga@gmail.com,,01-4803-007,+38514803007,,Bojan Bijelić,Predsjednik,"Promicanje ignacijevske duhovnosti.
Koordinacija i standardizacija ignacijevskih programa među udrugama, zajednicama i sličnim organizacijama koje promiču ignacijevsku duhovnost.
Promicanje ekumenizma, medureligijskog dijaloga, pomirenja, kulture dijaloga i učenja o drugima.
Suradnja sa znanstvenim i odgojnim institucijama radi produbljivanja znanja i iskustva.
Ekologija i umjetnost.
Pružanje podrške djeci, mladima i odraslim osobama u prepoznavanju i razvijanju njihovih kvaliteta te autentičnog samopouzdanja s ciljem njihovog osobnog rasta i poticanjem na aktivno uključivanje u društvo u skladu s općeljudskim vrednotama.
Promicanje ispravne ljestvice vrednota i zdravog života, smanjivanje štetnih posljedica izloženosti urbanim rizicima te prevencija društveno neprihvatljivog ponašanja i svih vrsta ovisnosti djece i mladeži s područja Grada Zagreba i Republike Hrvatske.
Ukazati na potrebu za održivim načinom razvoja i gospodarenja dobrima, zdravim načinom života i povečati ekološku osviještenost djece, mladih i odraslih osoba
Promicanje i poticanje demokratskog dijaloga i aktivnog gradanstva kroz zagovaranje kršćanskih vrijednosti te izjašnjavanje o važnim socijalno - etičkim pitanjima u društvu u duhu općeljudskog morala.
Razvoj civilnog društva i lokalne zajednice.
Promocija zdravog načina življenja.","DJECA - OPĆA POPULACIJA, GRAĐANI – OPĆA POPULACIJA, MLADI - OPĆA POPULACIJA","[""15.5. Ostale djelatnosti iz područja zaštite okoliša i prirode"", ""3.3. Ostale djelatnosti iz područja duhovnosti"", ""15.2.4. Podizanje svijesti i aktivnosti za smanjenje otpada i povećanje recikliranja"", ""15.1.2. Očuvanje prirodne baštine"", ""14.3. Prevencija i suzbijanje ovisnosti"", ""3.2.2. Poticanje osobnog razvoja"", ""9.1.4. Potpora obrazovanju djece i mladih s posebnim potrebama"", ""6.5.6. Ostale audiovizualne djelatnosti"", ""6.1.7. Zaštita i očuvanje nematerijalnih kulturnih dobara"", ""6.3.8. Ostale djelatnosti vizualne umjetnosti"", ""11.2.1. Savjetovanje i pomaganje"", ""2.11. Praćenje javnih politika i javno zagovaranje"", ""6.1.6. Zaštita kulturnih krajolika"", ""7.5.5. Zaštita prava djece"", ""2.10. Poticanje participativne demokracije/sudjelovanja građana u odlučivanju"", ""6.2.7. Ostale djelatnosti izvedbene umjetnosti"", ""6.1.8. Općekulturna (kulturološka) djelatnost"", ""3.1.2. Promocija i izgradnja međuvjerničkog dijaloga"", ""7.6. Vjerska prava i slobode"", ""2.3.1. Prevencija nasilja među djecom i mladima"", ""2.4.1. Promicanje i razvoj volonterstva"", ""7.5.4. Zaštita obitelji"", ""11.3.2. Psihosocijalna pomoć u kriznim situacijama"", ""9.1.8. Odgoj i obrazovanje za zaštitu i promicanje povijesno-kulturne baštine i nacionalnoga identiteta"", ""2.5. Promicanje društvene solidarnosti"", ""11.2.3. Psihosocijalna podrška"", ""9.1.6. Odgoj i obrazovanje za zaštitu i promicanje ljudskih prava"", ""2.12. Razvoj civilnoga društva"", ""6.8.1. Interdisciplinarne kulturno-umjetničke prakse"", ""9.1.10. Međunarodna suradnja i mobilnost u obrazovanju"", ""9.1.5. Odgoj i obrazovanje za aktivno sudjelovanje u razvoju demokratske kulture"", ""2.3.2. Prevencija nasilja u obitelji"", ""11.2.11. Stručna pomoć i podrška"", ""11.3.4. Pomoć u podmirivanju osnovnih životnih potreba"", ""7.5.1. Ravnopravnost spolova"", ""7.5.3. Zaštita prava i dostojanstva radnika"", ""6.1.1. Zaštita i očuvanje materijalnih kulturnih dobara"", ""11.1.3. Pomoć i podrška djeci"", ""11.2.13. Organiziranje slobodnih aktivnosti"", ""9.1.7. Poticanje kreativnosti i stvaralaštva u odgoju i obrazovanju"", ""7.5.6. Zaštita prava mladih"", ""11.1.4. Pomoć i podrška mladima"", ""7.5.2. Suzbijanje rasne diskriminacije"", ""11.1.1. Pomoć i podrška starijim osobama"", ""9.1.3. Izvaninstitucionalni odgoj i obrazovanje"", ""11.1.5. Pomoć i podrška osobama u riziku od siromaštva i socijalne isključenosti"", ""7.5.8. Zaštita prava osoba s mentalnim oštećenjem"", ""2.2. Promicanje nenasilja i izgradnja mira"", ""7.5.7. Zaštita prava osoba s invaliditetom"", ""11.1.2. Pomoć i podrška osobama s invaliditetom"", ""2.1. Obrazovanje za demokratsko građanstvo"", ""2.13. Razvoj lokalne zajednice"", ""11.1.7. Pomoć i podrška obitelji"", ""11.1.9. Pomoć i podrška beskućnicima"", ""11.2.4. Rana intervencija"", ""11.3.1. Pomoć žrtvama prirodnih katastrofa"", ""11.3.3. Poboljšanje kvalitete života i zdravlja socijalno isključenih"", ""2.6. Interkulturalni dijalog"", ""11.1.8. Pomoć i podrška azilantima"", ""11.2.10. Prevencija ovisnosti"", ""11.2.9. Prevencija nasilja"", ""11.1.6. Pomoć i podrška nezaposlenima"", ""2.8. Promicanje dobrog upravljanja"", ""9.1.9. Odgoj i obrazovanje za održivi razvoj, zdrave načine života i očuvanje prirode"", ""2.4.3. Ostale djelatnosti volonterstva""]",https://banovac.mfin.hr/rnoprt/Details?handler=Details&id=47097,"[""datagovhr:registar-udruga""]"
1103,metafizicko-drustvo-centar-svijesti-jezero-i-dio-3037,METAFIZIČKO DRUŠTVO CENTAR SVIJESTI,Metafizičko Društvo Centar Svijesti,CENTAR SVIJESTI,registar-udruga,270372,04001789,74602273037,AKTIVAN,,2025-12-18,2025-11-29,UDRUGA,glazba,niska,3.5,"[""opis:duhovnost"", ""djelatnost:3.1.2."", ""djelatnost:3.2.1."", ""djelatnost:3.1.1."", ""djelatnost:3.2.2."", ""opis:-ezoterija""]","Jezero 108, Jezero I Dio",Jezero,108,Jezero I Dio,Jezero I Dio,Plaški,Karlovačka,47304,,45.06791939,15.43816273,dgu-adresa,Gospićko-senjska Biskupija,derivirano-crkve.domovina.ai,janja.centar.svijesti@gmail.com,https://www.centarsvijesti.com,095/777-1001,+385957771001,,Ivan Bavčević,Predsjednik Upravnog Odbora,"Udruga kao nepolitička, neovisna, dobrovoljna, neprofitna, duhovna zajednica/udruga ima za cilj stvaranje svjesnog društva kroz buđenje i širenje svijesti i duhovne samospoznaje svakog pojedinca da je jedno s Izvorom Kreacije (Bogom Stvoriteljem). Udruga potiče na praktično življenje duhovnosti utemeljeno na meditaciji te dopuštanju, otpuštanju i prepuštanju u svim aspektima života (privatnom, obiteljskom, poslovnom, društvenom…). Udruga predstavlja međunarodnu platformu koja potiče stupanje u kontakt s Izvorom Kreacije, sa svojim Višim Sebstvom, te sa svojim urođenim potencijalom za razvijanje unutarnjeg mira te širenja globalnog mira, pružanje podrške u osobnom i duhovnom rastu pojedinaca  i nesebičnom služenju društvu.","DJECA - OPĆA POPULACIJA, GRAĐANI – OPĆA POPULACIJA, MLADI - OPĆA POPULACIJA, ODGOJNO-OBRAZOVNE USTANOVE, ODGOJNO-OBRAZOVNI DJELATNICI, POSLOVNE ORGANIZACIJE, REGIONALNA ILI LOKALNA SAMOUPRAVA, RODITELJI, STUDENTI, UDRUGE I GRAĐANSKE INICIJATIVE, VOLONTERI","[""15.2.1. Zaštita i održivo korištenje šuma"", ""2.7. Organiziranje i provedba arbitražnih postupaka i postupaka mirenja"", ""6.4.6. Književno-nakladničke manifestacije"", ""2.8. Promicanje dobrog upravljanja"", ""11.3.4. Pomoć u podmirivanju osnovnih životnih potreba"", ""4.5.2. Pčelarstvo"", ""2.6. Interkulturalni dijalog"", ""6.2.1. Dramske umjetnosti"", ""8.1.6. Ravnopravnost spolova"", ""2.1. Obrazovanje za demokratsko građanstvo"", ""8.1.4. Ljudska prava"", ""10.3.2. Održivi turizam"", ""2.14.4. Praćenje društvene odgovornosti medija"", ""2.11. Praćenje javnih politika i javno zagovaranje"", ""6.4.5. Literarni amaterizam"", ""8.1.5. Obrazovanje"", ""9.2.1. Društvene znanosti"", ""7.6. Vjerska prava i slobode"", ""9.1.1. Razvoj i promicanje odgoja i obrazovanja"", ""2.5. Promicanje društvene solidarnosti"", ""2.3.1. Prevencija nasilja među djecom i mladima"", ""2.12. Razvoj civilnoga društva"", ""11.2.13. Organiziranje slobodnih aktivnosti"", ""8.3. Međunarodna prijateljstva"", ""8.1.8. Zaštita okoliša i prirode"", ""2.9. Suzbijanje korupcije"", ""6.3.7. Manifestacije vizualnih umjetnosti"", ""11.2.5. Pomoć pri uključivanju u programe odgoja i redovitog obrazovanja (integracija)"", ""6.4.3. Nakladnička i knjižarska djelatnost"", ""15.1.2. Očuvanje prirodne baštine"", ""6.5.3. Interaktivni mediji"", ""4.5.3. Ratarstvo"", ""6.2.3. Glazba i glazbeno-scenske umjetnosti"", ""2.14.3. Promicanje medijske pismenosti"", ""2.10. Poticanje participativne demokracije/sudjelovanja građana u odlučivanju"", ""8.1.9. Unapređenje zdravlja"", ""10.1.2. Planiranje razvoja ruralnih područja"", ""4.4. Inovatorstvo"", ""6.3.1. Likovne umjetnosti"", ""9.1.10. Međunarodna suradnja i mobilnost u obrazovanju"", ""3.1.2. Promocija i izgradnja međuvjerničkog dijaloga"", ""6.5.4. Audiovizualni amaterizam"", ""9.1.5. Odgoj i obrazovanje za aktivno sudjelovanje u razvoju demokratske kulture"", ""11.3.1. Pomoć žrtvama prirodnih katastrofa"", ""9.1.9. Odgoj i obrazovanje za održivi razvoj, zdrave načine života i očuvanje prirode"", ""4.6.1. Promicanje razvoja socijalnog poduzetništva"", ""6.2.6. Glazbene i scenske manifestacije i festivali"", ""4.5.6. Šumarstvo"", ""6.2.2. Plesne umjetnosti"", ""2.13. Razvoj lokalne zajednice"", ""6.3.5. Likovni amaterizam"", ""3.2.1. Promicanje duhovnih aktivnosti"", ""9.1.2. Cjeloživotno učenje i obrazovanje odraslih"", ""15.4. Zaštita životinja"", ""6.6. Medijska kultura"", ""2.14.1. Proizvodnja medijskih sadržaja"", ""2.3.2. Prevencija nasilja u obitelji"", ""3.1.1. Promicanje religijske etike"", ""9.1.8. Odgoj i obrazovanje za zaštitu i promicanje povijesno-kulturne baštine i nacionalnoga identiteta"", ""9.1.3. Izvaninstitucionalni odgoj i obrazovanje"", ""10.1.5. Zaštita javnih dobara u ruralnim područjima"", ""11.3.3. Poboljšanje kvalitete života i zdravlja socijalno isključenih"", ""9.2.10. Organizacija domaćih i međunarodnih znanstvenih i znanstvenostručnih skupova, škola, kongresa i seminara"", ""10.1.1. Edukacija za održivi razvoj ruralnih područja"", ""9.2.11. Izdavanje znanstvenih i stručnih publikacija"", ""3.2.2. Poticanje osobnog razvoja"", ""15.1.1. Očuvanje posebno vrijednih prirodnih područja i drugih prostora"", ""6.2.4. Kulturno-umjetnički (glazbeni i scenski) amaterizam"", ""15.2.4. Podizanje svijesti i aktivnosti za smanjenje otpada i povećanje recikliranja"", ""4.9. Ugostiteljstvo"", ""15.2.2. Zaštita voda i mora"", ""15.3. Energetska učinkovitost i obnovljivi izvori energije"", ""2.4.1. Promicanje i razvoj volonterstva"", ""4.8. Turizam"", ""2.2. Promicanje nenasilja i izgradnja mira"", ""9.1.6. Odgoj i obrazovanje za zaštitu i promicanje ljudskih prava"", ""8.1.7. Smanjenje siromaštva""]",https://banovac.mfin.hr/rnoprt/Details?handler=Details&id=63870,"[""datagovhr:registar-udruga""]"
1129,misija-bez-granica-split-9802,MISIJA BEZ GRANICA,Misija Bez Granica,,strane-udruge,99940,000060,42265749802,PRESTANAK DJELOVANJA,2002-04-30,1999-06-07,,STRANA UDRUGA,karitativna,niska,3.5,"[""opis:red"", ""opis:krscanski"", ""opis:duhovnost"", ""djelatnost:14.duhovna""]","Vukovarska 94/II, Split",Vukovarska 94/II,,Split,Split,Split,Splitsko-dalmatinska,,"Avenida Acaso 841, Camarillo, SJEDINJENE AMERIČKE DRŽAVE",43.51402345392424,16.462125450234186,naselje-teziste,Splitsko-makarska Nadbiskupija,derivirano-crkve.domovina.ai,,,,,,Miroslav Jovišić,Direktor,,,"[""14.1. VJERNIČKA""]",,"[""datagovhr:strane-udruge""]"
851,nas-turanj-karlovac-4482,NAŠ TURANJ,Naš Turanj,NAŠ TURANJ,registar-udruga,220789,04001621,13993784482,AKTIVAN,,2019-07-19,2019-05-09,UDRUGA,molitvena,niska,3.5,"[""opis:duhovnost"", ""djelatnost:3.1.2."", ""djelatnost:3.1.1.""]","Turan 71, Karlovac",Turan,71,Karlovac,Karlovac,Karlovac,Karlovačka,47000,,45.46066034,15.57013849,dgu-adresa,Zagrebačka Nadbiskupija,derivirano-crkve.domovina.ai,naanalemic@gmail.com,,095-9087-666,+385959087666,,Nataša Lemić,Predsjednica Udruge,promicanje poboljšanja kvalitete života na području gradske četvrti Turanj; promicanje povijesne i kulturne baštine; promicanje odgoja i obrazovanja djece i odraslih; promicanje i unaprjeđenje ekološke svijesti i očuvanja okoliša; promicanje aktivnog bavljenja sportom i rekreacijom djece i odraslih; pružanje pomoći socijalno osjetljivim kategorijama stanovništva; poticanje djece i mladih na volontiranje u lokalnoj zajednici; razvoj demokratske i političke kulture; promicanje tradicionalnih religijskih vrijednosti; promicanje i zaštita ljudskih prava; promicanje međunarodne suradnje; promicanje održivog razvoja; promicanje zaštite zdravlja i zdravog života; pružanje zaštite i spašavanja u slučaju prirodnih katastrofa.,"DJECA - OPĆA POPULACIJA, GRAĐANI – OPĆA POPULACIJA, MLADI - OPĆA POPULACIJA, VOLONTERI","[""6.2.4. Kulturno-umjetnički (glazbeni i scenski) amaterizam"", ""6.1.1. Zaštita i očuvanje materijalnih kulturnih dobara"", ""2.12. Razvoj civilnoga društva"", ""2.2. Promicanje nenasilja i izgradnja mira"", ""6.1.7. Zaštita i očuvanje nematerijalnih kulturnih dobara"", ""6.2.2. Plesne umjetnosti"", ""2.13. Razvoj lokalne zajednice"", ""6.5.3. Interaktivni mediji"", ""2.1. Obrazovanje za demokratsko građanstvo"", ""2.4.1. Promicanje i razvoj volonterstva"", ""6.2.3. Glazba i glazbeno-scenske umjetnosti"", ""3.1.2. Promocija i izgradnja međuvjerničkog dijaloga"", ""6.1.6. Zaštita kulturnih krajolika"", ""6.4.5. Literarni amaterizam"", ""3.1.1. Promicanje religijske etike"", ""6.1.8. Općekulturna (kulturološka) djelatnost"", ""6.2.1. Dramske umjetnosti"", ""6.5.4. Audiovizualni amaterizam"", ""6.2.6. Glazbene i scenske manifestacije i festivali"", ""2.3.1. Prevencija nasilja među djecom i mladima"", ""15.4. Zaštita životinja"", ""15.2.4. Podizanje svijesti i aktivnosti za smanjenje otpada i povećanje recikliranja"", ""15.1.2. Očuvanje prirodne baštine"", ""12.9. Promocija sporta i zdravog načina življenja"", ""12.5.2. Organiziranje sportskih edukativnih projekata i programa (kampovi, škole, priredbe, festivali, radionice) za poticanje bavljenja sportom i tjelesnim vježbanjem"", ""15.3. Energetska učinkovitost i obnovljivi izvori energije"", ""12.4.3. Tjelesne aktivnosti i igre koje se organizirano izvode radi unapređenja zdravlja i rekreacije"", ""14.1.5. Unapređenje i zaštita zdravlja osoba oboljelih od malignih bolesti"", ""15.2.1. Zaštita i održivo korištenje šuma"", ""16.2. Pomoć žrtvama katastrofa i sukoba"", ""12.4.5. Organiziranje sportsko rekreacijskih natjecanja i sportsko rekreativnih edukativnih projekata i programa"", ""15.1.1. Očuvanje posebno vrijednih prirodnih područja i drugih prostora"", ""15.2.2. Zaštita voda i mora"", ""12.4.4. Organiziranje i provođenje rekreacijskog vježbanja"", ""15.2.3. Zaštita i održivo korištenje tla"", ""14.3. Prevencija i suzbijanje ovisnosti"", ""7.5.6. Zaštita prava mladih"", ""9.1.11. Strukovne udruge u odgoju i obrazovanju"", ""11.1.3. Pomoć i podrška djeci"", ""9.1.1. Razvoj i promicanje odgoja i obrazovanja"", ""8.1.2. Infrastruktura"", ""7.5.5. Zaštita prava djece"", ""10.2.4. Urbana obnova"", ""10.2.3. Planiranje razvoja urbanih područja"", ""9.1.6. Odgoj i obrazovanje za zaštitu i promicanje ljudskih prava"", ""11.3.1. Pomoć žrtvama prirodnih katastrofa"", ""9.1.8. Odgoj i obrazovanje za zaštitu i promicanje povijesno-kulturne baštine i nacionalnoga identiteta"", ""8.1.5. Obrazovanje"", ""10.2.5. Zaštita javnih dobara u urbanim područjima"", ""9.1.9. Odgoj i obrazovanje za održivi razvoj, zdrave načine života i očuvanje prirode"", ""8.1.7. Smanjenje siromaštva"", ""11.1.2. Pomoć i podrška osobama s invaliditetom"", ""10.1.1. Edukacija za održivi razvoj ruralnih područja"", ""8.1.9. Unapređenje zdravlja"", ""9.1.4. Potpora obrazovanju djece i mladih s posebnim potrebama"", ""10.1.3. LEADER pristup razvoju ruralnih područja"", ""8.1.8. Zaštita okoliša i prirode"", ""9.1.5. Odgoj i obrazovanje za aktivno sudjelovanje u razvoju demokratske kulture"", ""9.1.10. Međunarodna suradnja i mobilnost u obrazovanju"", ""8.1.3. Mir i sigurnost"", ""9.1.3. Izvaninstitucionalni odgoj i obrazovanje"", ""7.10. Njegovanje zavičajnog identiteta"", ""11.1.7. Pomoć i podrška obitelji"", ""8.1.6. Ravnopravnost spolova"", ""11.1.1. Pomoć i podrška starijim osobama"", ""11.1.6. Pomoć i podrška nezaposlenima"", ""8.1.1. Demokratska tranzicija"", ""11.4. Solidarna posmrtna pripomoć"", ""11.2.13. Organiziranje slobodnih aktivnosti"", ""9.1.2. Cjeloživotno učenje i obrazovanje odraslih"", ""10.1.2. Planiranje razvoja ruralnih područja"", ""11.1.5. Pomoć i podrška osobama u riziku od siromaštva i socijalne isključenosti"", ""7.5.9. Prava osoba starije životne dobi"", ""11.2.12. Skraćeni boravak, igraonice, radionice, klubovi"", ""9.1.7. Poticanje kreativnosti i stvaralaštva u odgoju i obrazovanju"", ""11.1.4. Pomoć i podrška mladima"", ""8.3. Međunarodna prijateljstva"", ""8.1.4. Ljudska prava"", ""4.8. Turizam""]",https://banovac.mfin.hr/rnoprt/Details?handler=Details&id=56265,"[""datagovhr:registar-udruga""]"
791,opcinski-ogranak-uhddr-bogdanovci-4785,OPĆINSKI OGRANAK UHDDR  BOGDANOVCI,Općinski Ogranak Uhddr Bogdanovci,OO UHDDR BOGDANOVCI,registar-udruga,203203,16002139,22256444785,AKTIVAN,,2016-02-26,2016-01-30,UDRUGA,molitvena,niska,3.5,"[""opis:duhovnost"", ""djelatnost:3.1.1."", ""djelatnost:3.2.1.""]","Ulica Bana Josipa Jelačića 1, Bogdanovci",Ulica Bana Josipa Jelačića,1,Bogdanovci,Bogdanovci,Bogdanovci,Vukovarsko-srijemska,32000,,45.33814642,18.93089602,dgu-adresa,Đakovačko-osječka Nadbiskupija,derivirano-crkve.domovina.ai,mirkogelo66@gmail.com,,099 7036 838,+385997036838,,Mirko Gelo,Predsjednik,"Udruga u skladu s Ustavom Republike Hrvatske, Zakonom o udrugama, te ovim Statutom i Kodeks etike članova Udruge ima za cilj: 
•zaštita statusa i promicanje interesa hrvatskih dragovoljaca Domovinskog rata,
•pomoć u ostvarivanju prava hrvatskih dragovoljaca Domovinskog rata i članova njihovih obitelji, 
•promicanje i zaštita stečevina Domovinskog rata i njegovih sudionika, te iniciranje i sudjelovanje u njegovom znanstvenom, kulturnom, vjerskom i spomeničkom iskazivanju uključivanjem sudionika Domovinskog rata, članova njihovih obitelji i ostalih građana u projekte i programe.
•podizanje kvaliteta života pojedinca i unaprjeđivanje razvoja šire društvene zajednice.
•promicanje gospodarske djelatnosti članova i Udruge u skladu s pozitivnim propisima Republike Hrvatske, a poglavito Zakona o hrvatskim braniteljima,","BRANITELJI - VETERANI, INVALIDI DOMOVINSKOG RATA, OBITELJI BRANITELJA, RATNI VETERANI, ŽRTVE I SVJEDOCI RATNIH ZLOČINA","[""1.3.1. Promicanje antifašizma"", ""2.5. Promicanje društvene solidarnosti"", ""14.2. Dobrovoljno darivanje krvi"", ""4.9. Ugostiteljstvo"", ""6.2.6. Glazbene i scenske manifestacije i festivali"", ""15.1.2. Očuvanje prirodne baštine"", ""3.1.1. Promicanje religijske etike"", ""6.1.8. Općekulturna (kulturološka) djelatnost"", ""6.5.1. Filmska i video djelatnost"", ""6.1.3. Arheološka (kopnena i podvodna) djelatnost"", ""11.1.5. Pomoć i podrška osobama u riziku od siromaštva i socijalne isključenosti"", ""9.2.10. Organizacija domaćih i međunarodnih znanstvenih i znanstvenostručnih skupova, škola, kongresa i seminara"", ""12.4.3. Tjelesne aktivnosti i igre koje se organizirano izvode radi unapređenja zdravlja i rekreacije"", ""7.5.15. Zaštita žrtava/svjedoka"", ""12.4.5. Organiziranje sportsko rekreacijskih natjecanja i sportsko rekreativnih edukativnih projekata i programa"", ""11.2.12. Skraćeni boravak, igraonice, radionice, klubovi"", ""7.8. Zaštita hrvatske dijaspore"", ""2.12. Razvoj civilnoga društva"", ""15.1.1. Očuvanje posebno vrijednih prirodnih područja i drugih prostora"", ""6.7. Strukovne udruge u kulturi i umjetnosti"", ""7.5.7. Zaštita prava osoba s invaliditetom"", ""2.4.1. Promicanje i razvoj volonterstva"", ""11.2.14. Pomoć i podrška u vlastitom domu i zajednici"", ""9.2.9. Znanstvenoistraživački rad"", ""2.14.1. Proizvodnja medijskih sadržaja"", ""9.1.1. Razvoj i promicanje odgoja i obrazovanja"", ""6.1.6. Zaštita kulturnih krajolika"", ""10.2.5. Zaštita javnih dobara u urbanim područjima"", ""8.2. Međunarodna humanitarna pomoć"", ""7.5.4. Zaštita obitelji"", ""7.10. Njegovanje zavičajnog identiteta"", ""11.1.1. Pomoć i podrška starijim osobama"", ""11.3.1. Pomoć žrtvama prirodnih katastrofa"", ""8.1.8. Zaštita okoliša i prirode"", ""13.2.1. Izrada uporabnih i ukrasnih tvorevina"", ""13.6.1. Neprofesijska filmska djelatnost"", ""14.3. Prevencija i suzbijanje ovisnosti"", ""8.1.3. Mir i sigurnost"", ""6.3.1. Likovne umjetnosti"", ""10.3.2. Održivi turizam"", ""6.1.1. Zaštita i očuvanje materijalnih kulturnih dobara"", ""6.4.1. Književno stvaralaštvo"", ""3.2.1. Promicanje duhovnih aktivnosti"", ""6.2.4. Kulturno-umjetnički (glazbeni i scenski) amaterizam"", ""4.8. Turizam"", ""6.1.5. Muzejska djelatnost"", ""8.3. Međunarodna prijateljstva"", ""2.3.1. Prevencija nasilja među djecom i mladima"", ""4.7. Trgovina"", ""13.6.3. Neprofesijska fotografska djelatnost"", ""9.2.7. Umjetnost"", ""2.13. Razvoj lokalne zajednice"", ""8.1.4. Ljudska prava"", ""9.2.11. Izdavanje znanstvenih i stručnih publikacija"", ""1.2.1. Zaštita interesa članova obitelji smrtno stradaloga, zatočenoga ili nestaloga hrvatskog branitelja iz Domovinskog rata"", ""1.1.1. Promicanje vrijednosti Domovinskog rata""]",https://banovac.mfin.hr/rnoprt/Details?handler=Details&id=51672,"[""datagovhr:registar-udruga""]"
140,pjevacko-drustvo-svetoga-josipa-osijek-0759,PJEVAČKO DRUŠTVO SVETOGA JOSIPA OSIJEK,Pjevačko Društvo Svetoga Josipa Osijek,PD SV. JOSIPA OSIJEK,registar-udruga,7539,14000972,42178040759,AKTIVAN,,1998-08-19,1994-02-05,UDRUGA,glazba,niska,3.5,"[""naziv:svetac"", ""opis:liturgija"", ""opis:crkva""]","DRINSKA 2, Osijek",DRINSKA,2,Osijek,Osijek,Osijek,Osječko-baranjska,31000,,45.54583956,18.67938844,dgu-adresa,Đakovačko-osječka Nadbiskupija,derivirano-crkve.domovina.ai,pdsvjosipa.os@gmail.com,,091-5464-178,+385915464178,,Zvonimir Klaić,Predsjednik,Ciljevi Društva su očuvanje i širenje crkvene glazbene baštine te njegovanje zbornoga pjevanja; promicanje crkvene glazbene baštine putem Mješovitog pjevačkog zbora.,"AKADEMSKA ZAJEDNICA, DJECA - OPĆA POPULACIJA, DJECA DO 14 GODINA, DJECA OD 14 DO 18 GODINA, GRAĐANI – OPĆA POPULACIJA, MLADI - OPĆA POPULACIJA, STUDENTI, UČENICI","[""6.1.9. Ostale djelatnosti kulturne baštine"", ""6.1.7. Zaštita i očuvanje nematerijalnih kulturnih dobara"", ""6.2.3. Glazba i glazbeno-scenske umjetnosti""]",https://banovac.mfin.hr/rnoprt/Details?handler=Details&id=13033,"[""datagovhr:registar-udruga""]"
361,preuzviseni-konjicko-bolnicki-red-sv-jeronima-9366,PREUZVIŠENI KONJIČKO-BOLNIČKI RED SV. JERONIMA,Preuzvišeni Konjičko-bolnički Red sv. Jeronima,RED SV. JERONIMA,registar-udruga,60028,17004753,37668029366,AKTIVAN,,2013-04-16,2013-01-01,UDRUGA,molitvena,niska,3.5,"[""naziv:svetac"", ""opis:caritas"", ""opis:krscanski""]","Trg Klapavica 6, Vis",Trg Klapavica,6,Vis,Vis,Vis,Splitsko-dalmatinska,21480,,43.06001683,16.18498655,dgu-adresa,Hvarska Biskupija,derivirano-crkve.domovina.ai,,,,,,Rafael De Tramontana,Veliki Meštar,,,"[""3.99.99. OSTALE HUMANITARNE DJELATNOSTI""]",,"[""datagovhr:registar-udruga""]"
1080,poduzetnistvo-s-povjerenjem-zagreb-6007,Poduzetništvo s povjerenjem,Poduzetništvo s povjerenjem,,registar-udruga,266469,10001114,07367476007,AKTIVAN,,2023-08-30,2023-06-15,UDRUGA,strukovna,niska,3.5,"[""opis:krscanski"", ""opis:duhovnost"", ""djelatnost:3.2.1."", ""djelatnost:3.2.2."", ""djelatnost:3.1.2.""]","Trg Josipa Jurja Strossmayera 7, Zagreb",Trg Josipa Jurja Strossmayera,7,Zagreb,Zagreb,Grad Zagreb,Grad Zagreb,10000,,45.80779079,15.97776306,dgu-adresa,Zagrebačka Nadbiskupija,derivirano-crkve.domovina.ai,catcrowomen@gmail.com,https://www.poduzetnistvospovjerenjem.hr,091-511-4044,+385915114044,,Andreja Oroš,Predsjednica Udruge,"Ciljevi Udruge su:
●	promicanje, razvoj i unaprjeđena poduzetništva temeljenog na kršćanskim načelima poslovanja, s posebnim naglaskom na žensko poduzetništvo, u Republici Hrvatskoj i na međunarodnoj razini 
●	stvaranje i poticanje poduzetničke klime s posebnim naglaskom na žensko poduzetništvo
●	umrežavanje poduzetnih žena na lokalnoj, regionalnoj i međunarodnoj razini
●	osnaživanje poduzetnih žena s ciljem usklađivanja privatnog i poslovnog života 
●	edukacija javnosti o ulozi i važnosti poduzetništva za gospodarstvo, društvo i državu u cijelosti
●	unaprjeđenije razvoja i kvalitete društva u cijelosti kroz promociju društvene odgovornosti i visokih standarda poslovanja
●	pružanje podrške djeci, mladima i odraslim osobama u prepoznavanju i razvijanju njihovih kvaliteta te autentičnog samopouzdanja s ciljem njihovog osobnog rasta i poticanjem na aktivno uključivanje u društvo i razvoj poduzetničkih vještina u skladu s općeljudskim vrednotama. 
●	Promicanje ispravne ljestvice vrednota i zdravog života, smanjivanje štetnih posljedica izloženosti urbanim rizicima te prevencija društveno neprihvatljivog ponašanja i svih vrsta ovisnosti osoba s područja Republike Hrvatske i dijaspore.
●	Promicanje ekumenizma, međureligijskog dijaloga, pomirenja, kulture dijaloga i učenja o drugima.
●	Promicanje i poticanje demokratskog dijaloga i aktivnog građanstva kroz zagovaranje kršćanskih vrijednosti te izjašnjavanje o važnim socijalno - etičkim pitanjima u društvu i u duhu općeljudskog morala. 
●	Promicanje obiteljskih vrijednosti, te poticanje međugeneracijske i međuobiteljske solidarnosti,
●	Surađivanje s udrugama i ostalim organizacijama u Hrvatskoj i inozemstvu koje imaju iste ili slične ciljeve,
●	Razvoj civilnog društva i lokalne zajednice. 
●	Ukazati na potrebu za održivim načinom razvoja i gospodarenja dobrima, zdravim načinom života i povećati ekološku osviještenost djece, mladih i odraslih osoba
●	Promicanje održivog turizma što podrazumijeva: optimalno korištenje prirodnih resursa uz očuvanje ekoloških procesa, prirodne baštine i 
biološke raznolikosti; poštivanje društvenih i kulturnih vrijednosti zajednice, te očuvanje kulturne baštine i tradicionalnih vrijednosti uz međukulturalno razumijevanje i toleranciju; dugoročno planiranje za unaprjeđenje gospodarskih prilika i ublažavanje siromaštva uz konstantan doprinos socijalnim prilikama unutar zajednice.
●	Promicanje volonterskog rada, partnerstva, donatorstva i sponzorstva.","AKADEMSKA ZAJEDNICA, GRAĐANI – OPĆA POPULACIJA, LOKALNA I REGIONALNA SAMOUPRAVA, MALI I SREDNJI PODUZETNICI I OBRTNICI, MLADI - OPĆA POPULACIJA, NEZAPOSLENI, OBITELJI, POSLODAVCI, POSLOVNE ORGANIZACIJE, RODITELJI, RURALNO STANOVNIŠTVO, UDRUGE I GRAĐANSKE INICIJATIVE, VOLONTERI, ŽENE, ŽENE PODUZETNICE, ŽENE RURALNIH PODRUČJA","[""4.6.1. Promicanje razvoja socijalnog poduzetništva"", ""2.10. Poticanje participativne demokracije/sudjelovanja građana u odlučivanju"", ""9.1.2. Cjeloživotno učenje i obrazovanje odraslih"", ""2.5. Promicanje društvene solidarnosti"", ""9.2.12. Popularizacija znanosti"", ""15.2.5. Ostale djelatnosti zaštite okoliša"", ""7.5.1. Ravnopravnost spolova"", ""3.2.1. Promicanje duhovnih aktivnosti"", ""7.6. Vjerska prava i slobode"", ""2.12. Razvoj civilnoga društva"", ""8.1.6. Ravnopravnost spolova"", ""11.1.6. Pomoć i podrška nezaposlenima"", ""3.2.2. Poticanje osobnog razvoja"", ""2.8. Promicanje dobrog upravljanja"", ""3.1.2. Promocija i izgradnja međuvjerničkog dijaloga"", ""2.4.1. Promicanje i razvoj volonterstva"", ""2.1. Obrazovanje za demokratsko građanstvo"", ""10.3.3. Ostale djelatnosti održivog gospodarskog razvoja"", ""10.1.4. Ostale aktivnosti vezane za razvoj ruralnih područja"", ""2.11. Praćenje javnih politika i javno zagovaranje"", ""8.1.8. Zaštita okoliša i prirode"", ""14.1.3. Prevencija i zaštita mentalnog zdravlja"", ""8.1.7. Smanjenje siromaštva"", ""4.8. Turizam"", ""10.3.2. Održivi turizam""]",https://banovac.mfin.hr/rnoprt/Details?handler=Details&id=61250,"[""datagovhr:registar-udruga""]"
550,rijecka-krscanska-televizija-na-internetu-rijeka-0202,RIJEČKA KRŠĆANSKA TELEVIZIJA NA INTERNETU,Riječka Kršćanska Televizija na Internetu,RIKATV,registar-udruga,56015,08003532,62248330202,BRISAN,2024-02-22,2012-01-10,2011-11-11,UDRUGA,mediji,niska,3.5,"[""naziv:krscanski"", ""opis:krscanski"", ""opis:crkva"", ""opis:duhovnost"", ""opis:-protestant""]","A. Kosića Rika 9, Rijeka",A. Kosića Rika,9,Rijeka,Rijeka,Rijeka,Primorsko-goranska,51000,,45.34206802,14.40675742,dgu-adresa,Riječka Nadbiskupija,derivirano-crkve.domovina.ai,,,,,,Darko Gašparović,Potpredsjednik Udruge,,,"[""20.99.99. OSTALE DJELATNOSTI""]",,"[""datagovhr:registar-udruga""]"
741,sanat-kumara-akademija-bozjih-znanosti-i-umjetnosti-opatija-5385,SANAT KUMARA AKADEMIJA BOŽJIH ZNANOSTI I UMJETNOSTI,Sanat Kumara Akademija Božjih Znanosti i Umjetnosti,SANAT KUMARA BOŽJA AKADEMIJA,registar-udruga,33736,08001896,99310855385,BRISAN,2023-05-19,2003-10-24,2003-10-01,UDRUGA,mladi,niska,3.5,"[""naziv:duhovnost"", ""opis:bratovstina"", ""opis:duhovnost"", ""djelatnost:14.duhovna""]","Vladimira Nazora 12, Opatija",Vladimira Nazora,12,Opatija,Opatija,Opatija,Primorsko-goranska,51410,,45.33530563,14.30512271,dgu-adresa,Riječka Nadbiskupija,derivirano-crkve.domovina.ai,,,,,,Dubravka Mandić,Predsjednica,,,"[""14.99.99. OSTALE DUHOVNE DJELATNOSTI""]",,"[""datagovhr:registar-udruga""]"
295,savez-crnogoraca-hrvatske-rijeka-8198,SAVEZ CRNOGORACA HRVATSKE,Savez Crnogoraca Hrvatske,SAVEZ CH,registar-udruga,40397,14002265,37044468198,AKTIVAN,,2006-09-26,2006-09-23,SAVEZ UDRUGA,glazba,niska,3.5,"[""opis:crkva"", ""opis:duhovnost"", ""djelatnost:3.1.1.""]","Pomerio 22, Rijeka",Pomerio,22,Rijeka,Rijeka,Rijeka,Primorsko-goranska,51000,,45.33032032,14.43767951,dgu-adresa,Riječka Nadbiskupija,derivirano-crkve.domovina.ai,cromontenegrina@gmail.com,,098/9833-148,+385989833148,,Ljubo Radović,Predsjednik,-očuvanje kulturnog i nacionalnog identiteta Crnogoraca i manjinskih naroda u Republici Hrvatskoj koji Crnu Goru doživljavaju kao svoju matičnu domovinu te građana Crne Gore koji Republiku Hrvatsku doživljavaju svojom matičnom domovinom.,"AKADEMSKA ZAJEDNICA, DAROVITA DJECA I MLADI, DJECA - OPĆA POPULACIJA, GRAĐANI – OPĆA POPULACIJA, NACIONALNE MANJINE, UDRUGE I GRAĐANSKE INICIJATIVE, VOLONTERI","[""15.1.1. Očuvanje posebno vrijednih prirodnih područja i drugih prostora"", ""9.1.8. Odgoj i obrazovanje za zaštitu i promicanje povijesno-kulturne baštine i nacionalnoga identiteta"", ""3.1.1. Promicanje religijske etike"", ""2.1. Obrazovanje za demokratsko građanstvo"", ""2.4.1. Promicanje i razvoj volonterstva"", ""7.9. Zaštita prava nacionalne manjine"", ""8.3. Međunarodna prijateljstva"", ""15.1.2. Očuvanje prirodne baštine"", ""6.1.7. Zaštita i očuvanje nematerijalnih kulturnih dobara"", ""8.1.4. Ljudska prava""]",https://banovac.mfin.hr/rnoprt/Details?handler=Details&id=24016,"[""datagovhr:registar-udruga""]"
611,transforma-zagreb-0605,TRANSFORMA,Transforma,,registar-udruga,45082,21006137,57571880605,BRISAN,2022-02-09,2008-05-26,2008-04-06,UDRUGA,molitvena,niska,3.5,"[""opis:krscanski"", ""djelatnost:3.1.1."", ""djelatnost:3.3.""]","STRAŽNJIČKI PUT 42, Zagreb",STRAŽNJIČKI PUT,42,Zagreb,Zagreb,Grad Zagreb,Grad Zagreb,10040,,45.86067442,16.04928033,dgu-adresa,Zagrebačka Nadbiskupija,derivirano-crkve.domovina.ai,transformazagreb@gmail.com,https://www.transforma.hr,095 8529 720,+385958529720,,Damir Mehanović,Predsjednik,"Transformacija osoba s poremećajima u ponašanju, koja zatim pridonosi transformaciji obitelji, zajednice i društva","DJECA S POREMEĆAJIMA U PONAŠANJU, GRAĐANI – OPĆA POPULACIJA, MLADI S POREMEĆAJIMA U PONAŠANJU","[""3.1.1. Promicanje religijske etike"", ""11.2.15. Rehabilitacija"", ""11.5. Ostale socijalne djelatnosti"", ""3.3. Ostale djelatnosti iz područja duhovnosti"", ""11.2.1. Savjetovanje i pomaganje""]",https://banovac.mfin.hr/rnoprt/Details?handler=Details&id=8908,"[""datagovhr:registar-udruga""]"
379,u-duhu-s-kristom-domaslovec-2311,U DUHU S KRISTOM,U Duhu s Kristom,UDSK,registar-udruga,55109,01002572,92332792311,AKTIVAN,,2011-09-22,2011-09-09,UDRUGA,molitvena,niska,3.5,"[""naziv:krscanski"", ""opis:duhovnost"", ""djelatnost:3.2.1."", ""djelatnost:3.2.2.""]","Željeznička ulica 10, Domaslovec",Željeznička ulica,10,Domaslovec,Domaslovec,Samobor,Zagrebačka,10430,,45.80769143,15.75193846,dgu-adresa,Zagrebačka Nadbiskupija,derivirano-crkve.domovina.ai,uduhuskristom@gmail.com,,099/577-9410,+385995779410,,Eduard Kirschenheuter,Dopredsjednik,"Udruga je osnovana u cilju promicanja, razvitka i unapređenja DUHOVNE KULTURE",GRAĐANI – OPĆA POPULACIJA,"[""6.2.6. Glazbene i scenske manifestacije i festivali"", ""3.2.1. Promicanje duhovnih aktivnosti"", ""3.2.2. Poticanje osobnog razvoja""]",https://banovac.mfin.hr/rnoprt/Details?handler=Details&id=39574,"[""datagovhr:registar-udruga""]"
705,udruga-bozja-ljubav-sesvete-3540,"UDRUGA ""BOŽJA LJUBAV""","Udruga ""Božja Ljubav""",,registar-udruga,60384,21010268,39839263540,AKTIVAN,,2013-05-23,2013-04-17,UDRUGA,hodocasnicka,niska,3.5,"[""naziv:duhovnost"", ""opis:hodocasce"", ""opis:duhovnost"", ""djelatnost:14.duhovna""]","Ulica Ivane Lang 15, Sesvete",Ulica Ivane Lang,15,Sesvete,Sesvete,Grad Zagreb,Grad Zagreb,10360,,45.81008101,16.10439879,dgu-adresa,Zagrebačka Nadbiskupija,derivirano-crkve.domovina.ai,,,098/9616-693,+385989616693,,Antonio Martić,Dopredsjednik,,,"[""14.1.1. DUHOVNA VJERNIČKA DJELATNOST""]",https://banovac.mfin.hr/rnoprt/Details?handler=Details&id=43080,"[""datagovhr:registar-udruga""]"
352,udruga-dva-srca-zagreb-1172,"UDRUGA ""DVA SRCA""","Udruga ""Dva Srca""",,registar-udruga,59360,21009965,48507241172,BRISAN,2016-10-26,2013-02-13,2013-01-17,UDRUGA,hodocasnicka,niska,3.5,"[""opis:hodocasce"", ""opis:krscanski"", ""opis:duhovnost"", ""djelatnost:14.duhovna""]","Borongajski lug 7, Zagreb",Borongajski lug,7,Zagreb,Zagreb,Grad Zagreb,Grad Zagreb,10135,,45.80738474,16.03949222,dgu-adresa,Zagrebačka Nadbiskupija,derivirano-crkve.domovina.ai,udrugadvasrca@gmail.com,,091/5096-045,+385915096045,,Luja Zubak,Predsjednica,,,"[""14.1.1. DUHOVNA VJERNIČKA DJELATNOST""]",https://banovac.mfin.hr/rnoprt/Details?handler=Details&id=42375,"[""datagovhr:registar-udruga""]"
630,udruga-hrvatska-zena-donja-stubica-6209,"UDRUGA ""HRVATSKA ŽENA"" DONJA STUBICA","Udruga ""Hrvatska Žena"" Donja Stubica",,registar-udruga,6209,02000355,,BRISAN,2008-08-25,1998-03-10,1997-12-04,UDRUGA,obitelj,niska,3.5,"[""opis:katolic"", ""opis:duhovnost""]","Golubovečka 2, Donja Stubica",Golubovečka,2,Donja Stubica,Donja Stubica,Donja Stubica,Krapinsko-zagorska,49240,,45.98008117,15.97317065,dgu-adresa,Zagrebačka Nadbiskupija,derivirano-crkve.domovina.ai,,,,,,Cecilija Štefek,Predsjednik Udruge,,,"[""8.99.99. OSTALE KULTURNE DJELATNOSTI""]",,"[""datagovhr:registar-udruga""]"
597,udruga-hrvatska-zena-grabostani-5387,"UDRUGA ""HRVATSKA ŽENA"" GRABOŠTANI","Udruga ""Hrvatska Žena"" Graboštani","UDRUGA ""HRVATSKA ŽENA"" GRABOŠTANI",registar-udruga,37039,03001145,95586655387,AKTIVAN,,2005-04-21,2005-01-14,UDRUGA,molitvena,niska,3.5,"[""opis:katolic"", ""opis:duhovnost""]","Graboštani 27, Graboštani",Graboštani,27,Graboštani,Graboštani,Majur,Sisačko-moslavačka,44430,,45.27903072,16.54445076,dgu-adresa,Sisačka Biskupija,derivirano-crkve.domovina.ai,,,091/725-9635,+385917259635,,Josipa Slabinjac,Dopredsjednica,"poticanje i razvijanje među hrvatskim ženama duhovne vrijednosti, čovječnosti, a napose ljubavi prema svojoj Hrvatskoj domovini, te inicirati akcije na unapređenju kulture, zdravstva i gospodarstva, brige o djeci, brige o starim i nemoćnim osobama, očuvanje kulturne baštine, razvijanje ekološke svijesti i potrebe zaštite okoliša s ciljem sprečavanja rizika i opasnosti po okoliš i njege moralnih i etničkih načela katoličke vjere; zalaganje za slobodu kulturnog stvaralaštva i kulturnih aktivnosti, te suradnja sa Savezom Udruga i jedinicom lokalne uprave i područne regionalne samouprave, te poticanje suradnje između udruga; sudjelovanje u zajedničkim manifestacijama i programima u suradnji s odgovarajućim udrugama, ustanovama i tijelima jedinica lokalne uprave i područne (regionalne) samouprave te radi i na drugim poslovima od zajedničkog interesa članova Udruge","DJECA - OPĆA POPULACIJA, GRAĐANI – OPĆA POPULACIJA, MLADI - OPĆA POPULACIJA, OSOBE STARIJE ŽIVOTNE DOBI, OSOBE U RIZIKU OD SIROMAŠTVA I SIROMAŠNE OSOBE, UDRUGE I GRAĐANSKE INICIJATIVE, VOLONTERI, ŽENE PODUZETNICE, ŽENE RURALNIH PODRUČJA, ŽENE S INVALIDITETOM, ŽENE ŽRTVE OBITELJSKOG NASILJA","[""16.1.1. OKUPLJANJE ŽENA"", ""11.3.1. Pomoć žrtvama prirodnih katastrofa"", ""7.10. Njegovanje zavičajnog identiteta"", ""2.4.1. Promicanje i razvoj volonterstva"", ""8.3. Međunarodna prijateljstva"", ""4.6.1. Promicanje razvoja socijalnog poduzetništva"", ""6.1.1. Zaštita i očuvanje materijalnih kulturnih dobara"", ""15.1.2. Očuvanje prirodne baštine"", ""2.13. Razvoj lokalne zajednice"", ""11.3.3. Poboljšanje kvalitete života i zdravlja socijalno isključenih"", ""6.1.7. Zaštita i očuvanje nematerijalnih kulturnih dobara""]",https://banovac.mfin.hr/rnoprt/Details?handler=Details&id=21716,"[""datagovhr:registar-udruga""]"
111,udruga-hrvatska-zena-oroslavje-andrasevec-8722,"UDRUGA ""HRVATSKA ŽENA"" OROSLAVJE","Udruga ""Hrvatska Žena"" Oroslavje",Hrvatska žena Oroslavje,registar-udruga,6425,02000142,75970668722,AKTIVAN,,1998-02-05,1997-12-10,UDRUGA,karitativna,niska,3.5,"[""opis:caritas"", ""djelatnost:3.1.1.""]","Barlovićeva ulica 10, Andraševec",Barlovićeva ulica,10,Andraševec,Andraševec,Oroslavje,Krapinsko-zagorska,49243,,46.00084408,15.93578303,dgu-adresa,Zagrebačka Nadbiskupija,derivirano-crkve.domovina.ai,stefica104@gmail.com,,098-1847-374,+385981847374,,Štefica Tkalčević,Predsjednica,"Promicanje, razvitak i unapređenje uvjeta života građana u gradu Oroslavju, Krapinsko-zagorskoj županiji, Republici Hrvatskoj i šire.","GRAĐANI – OPĆA POPULACIJA, ŽENE","[""11.1.5. Pomoć i podrška osobama u riziku od siromaštva i socijalne isključenosti"", ""6.4.6. Književno-nakladničke manifestacije"", ""6.2.4. Kulturno-umjetnički (glazbeni i scenski) amaterizam"", ""11.3.3. Poboljšanje kvalitete života i zdravlja socijalno isključenih"", ""3.1.1. Promicanje religijske etike"", ""6.1.7. Zaštita i očuvanje nematerijalnih kulturnih dobara"", ""6.1.8. Općekulturna (kulturološka) djelatnost""]",https://banovac.mfin.hr/rnoprt/Details?handler=Details&id=50041,"[""datagovhr:registar-udruga""]"
164,udruga-hrvatska-zena-sunja-8210,"UDRUGA ""HRVATSKA ŽENA"" SUNJA","Udruga ""Hrvatska Žena"" Sunja",,registar-udruga,12144,03000356,77536418210,AKTIVAN,,1998-01-26,1997-11-19,UDRUGA,karitativna,niska,3.5,"[""opis:katolic"", ""opis:duhovnost""]","MATIJE GUPCA 2, Sunja",MATIJE GUPCA,2,Sunja,Sunja,Sunja,Sisačko-moslavačka,,,45.37285377689126,16.588129102253085,naselje-teziste,Sisačka Biskupija,derivirano-crkve.domovina.ai,,,091-7372-474,+385917372474,,Davorka Brleković,Dopredsjednica,"poticati i razvijati među hrvatskim ženama duhovne vrijednosti, čovječnost, društvenost, a napose ljubav prema svojoj Domovini te inicirati akcije na unapređenju kulture, zdravstva i gospodarstva","MLADI - OPĆA POPULACIJA, OBITELJI, ŽENE","[""6.1.8. Općekulturna (kulturološka) djelatnost"", ""11.1.7. Pomoć i podrška obitelji"", ""6.1.7. Zaštita i očuvanje nematerijalnih kulturnih dobara"", ""6.1.1. Zaštita i očuvanje materijalnih kulturnih dobara"", ""11.1.4. Pomoć i podrška mladima""]",https://banovac.mfin.hr/rnoprt/Details?handler=Details&id=31952,"[""datagovhr:registar-udruga""]"
109,udruga-hrvatska-zena-zabok-8395,"UDRUGA ""HRVATSKA ŽENA"" ZABOK","Udruga ""Hrvatska Žena"" Zabok",,registar-udruga,6385,02000172,47674658395,AKTIVAN,,1998-02-06,1998-01-09,UDRUGA,obitelj,niska,3.5,"[""opis:katolic"", ""opis:duhovnost""]","M. Gupca 53, Zabok",M. Gupca,53,Zabok,Zabok,Zabok,Krapinsko-zagorska,49210,,46.02540873,15.90427726,dgu-adresa,Zagrebačka Nadbiskupija,derivirano-crkve.domovina.ai,,,,,,Biserka Šimunić,Dopredsjednik Udruge,,,"[""16.1.1. OKUPLJANJE ŽENA""]",,"[""datagovhr:registar-udruga""]"
94,udruga-prigorska-zena-moravce-7156,"UDRUGA ""PRIGORSKA ŽENA"" MORAVČE","Udruga ""Prigorska Žena"" Moravče",,registar-udruga,4112,21001753,31903687156,BRISAN,2025-09-30,1999-11-19,1999-10-23,UDRUGA,karitativna,niska,3.5,"[""opis:katolic"", ""opis:duhovnost""]","Prigorska bb, Moravče",Prigorska,,Moravče,Moravče,Grad Zagreb,Grad Zagreb,,,45.94368122538671,16.15987887604645,naselje-teziste,Zagrebačka Nadbiskupija,derivirano-crkve.domovina.ai,,,,,,Gordana Bahlen,Predsjednik Udruge,,,"[""16.1.1. OKUPLJANJE ŽENA""]",,"[""datagovhr:registar-udruga""]"
605,udruga-sestinska-skrinjica-zagreb-42757,"UDRUGA ""ŠESTINSKA ŠKRINJICA""","Udruga ""Šestinska Škrinjica""","""ŠESTINSKA ŠKRINJICA""",registar-udruga,42757,21005519,,BRISAN,2026-04-25,2007-07-10,2007-05-22,UDRUGA,obitelj,niska,3.5,"[""opis:katolic"", ""opis:duhovnost""]","Šestinski kraljevec 6, Zagreb",Šestinski kraljevec,6,Zagreb,Zagreb,Grad Zagreb,Grad Zagreb,10163,,45.85494459,15.95856837,dgu-adresa,Zagrebačka Nadbiskupija,derivirano-crkve.domovina.ai,,,,,,Brankica Blažević,Predsjednica,,,"[""20.99.99. OSTALE DJELATNOSTI""]",,"[""datagovhr:registar-udruga""]"
1113,udruga-cornum-zagreb-0363,UDRUGA CORNUM,Udruga Cornum,CORNUM,registar-udruga,268339,21015114,44217170363,AKTIVAN,,2024-09-06,2024-07-23,UDRUGA,karitativna,niska,3.5,"[""opis:krscanski"", ""opis:duhovnost"", ""djelatnost:3.2.1."", ""djelatnost:3.2.2."", ""djelatnost:3.1.2.""]","Horvaćanska cesta 43, Zagreb",Horvaćanska cesta,43,Zagreb,Zagreb,Grad Zagreb,Grad Zagreb,10110,,45.78824892,15.9487474,dgu-adresa,Zagrebačka Nadbiskupija,derivirano-crkve.domovina.ai,udruga.cornum@gmail.com,,099-692-3840,+385996923840,,Mateja Vukadin,Predsjednica,"Uključivanje djece i mladih u riziku od socijalne isključenosti; Poticanje aktivnog sudjelovanja mladih u društvu; Pružanje podrške djeci, mladima i odraslim osobama u prepoznavanju i razvijanju njihovih kvaliteta te autentičnog samopouzdanja s ciljem njihovog osobnog rasta i poticanjem na aktivno uključivanje u društvo u skladu s općeljudskim vrednotama; Jačanje kulture vršnjačkog i elektroničkog nenasilja među mladima; Poticanje kreativnog i umjetničkog izražavanja mladih; Poticanje jačanja kapaciteta organizacija za rad s mladima; Promicanje ispravne ljestvice vrednota i zdravog života, smanjivanje štetnih posljedica izloženosti urbanim rizicima te prevencija društveno neprihvatljivog ponašanja i svih vrsta ovisnosti osoba s područja Republike Hrvatske; Ukazati na potrebu za održivim načinom razvoja i gospodarenja dobrima, zdravim načinom života i povećati ekološku osviještenost djece, mladih i odraslih osoba; Promicanje i poticanje demokratskog dijaloga i aktivnog građanstva kroz zagovaranje kršćanskih vrijednosti te izjašnjavanje o važnim socijalno - etičkim pitanjima u društvu i u duhu općeljudskog morala; Poticanje poslovnih subjekata na povećanu društvenu odgovornost; Surađivanje s udrugama i ostalim organizacijama u Hrvatskoj i inozemstvu koje imaju iste iii slične ciljeve; Promicanje volonterskog rada, partnerstva, donatorstva i sponzorstva.","DJECA - OPĆA POPULACIJA, DJECA BEZ ODGOVARAJUĆE RODITELJSKE SKRBI, DJECA DO 14 GODINA, DJECA IZ OBITELJI KORISNIKA SUSTAVA SOCIJALNE SKRBI, DJECA OD 14 DO 18 GODINA, DJECA S POREMEĆAJIMA U PONAŠANJU, DJECA S TEŠKOĆAMA U RAZVOJU, DJECA U RIZIKU OD SOCIJALNE ISKLJUČENOSTI, MLADI S POREMEĆAJIMA U PONAŠANJU, MLADI S RIZIČNIM OBLICIMA PONAŠANJA, MLADI S TEŠKOĆAMA U RAZVOJU, NACIONALNE MANJINE, ODGOJNO-OBRAZOVNE USTANOVE, OSOBE U RIZIKU OD SIROMAŠTVA I SIROMAŠNE OSOBE, USTANOVE SOCIJALNE SKRBI, ŽRTVE NASILJA","[""10.1.4. Ostale aktivnosti vezane za razvoj ruralnih područja"", ""14.1.3. Prevencija i zaštita mentalnog zdravlja"", ""3.2.1. Promicanje duhovnih aktivnosti"", ""8.1.5. Obrazovanje"", ""11.1.5. Pomoć i podrška osobama u riziku od siromaštva i socijalne isključenosti"", ""11.1.2. Pomoć i podrška osobama s invaliditetom"", ""2.1. Obrazovanje za demokratsko građanstvo"", ""3.2.2. Poticanje osobnog razvoja"", ""11.1.3. Pomoć i podrška djeci"", ""6.1.7. Zaštita i očuvanje nematerijalnih kulturnih dobara"", ""3.1.2. Promocija i izgradnja međuvjerničkog dijaloga"", ""9.1.3. Izvaninstitucionalni odgoj i obrazovanje"", ""15.1.2. Očuvanje prirodne baštine"", ""2.5. Promicanje društvene solidarnosti"", ""11.3.4. Pomoć u podmirivanju osnovnih životnih potreba"", ""11.3.3. Poboljšanje kvalitete života i zdravlja socijalno isključenih"", ""9.2.12. Popularizacija znanosti"", ""2.3.1. Prevencija nasilja među djecom i mladima"", ""2.4.1. Promicanje i razvoj volonterstva"", ""11.3.5. Ostale djelatnosti humanitarne pomoći"", ""11.1.4. Pomoć i podrška mladima"", ""2.12. Razvoj civilnoga društva""]",https://banovac.mfin.hr/rnoprt/Details?handler=Details&id=62347,"[""datagovhr:registar-udruga""]"
722,udruga-croatia-fidelis-zagreb-3882,UDRUGA CROATIA FIDELIS,Udruga Croatia Fidelis,CROATIA FIDELIS,registar-udruga,39829,21004751,43002713882,AKTIVAN,,2006-06-07,2005-12-13,UDRUGA,obitelj,niska,3.5,"[""opis:red"", ""opis:vjernici"", ""opis:krscanski"", ""opis:duhovnost"", ""djelatnost:3.3."", ""opis:-islam""]","Vankina ulica 4, Zagreb",Vankina ulica,4,Zagreb,Zagreb,Grad Zagreb,Grad Zagreb,10146,,45.78080691,15.99454356,dgu-adresa,Zagrebačka Nadbiskupija,derivirano-crkve.domovina.ai,,,,,,Miroslav Rovis,Predsjednik,"Udruga je osnovana u cilju promicanja domoljublja i vjere u Boga u hrvatskom puku, bez isključivosti prema bilo kojim drugim vjernicima, pa i nevjernicima, ali bitno pod okriljem Marije, Isusove Majke, kao Kraljice Hrvata, kako ju vjerni dio Hrvata od dolaska u svoju zerniju i prihvaćanja kršćanstva, pa dovijeka, priznaje i zaziva. Udruga prihvaća i promiče domoljublje uključujući i Hrvate druge vjere, posebice onih koji su stoljećima, od doba Turaka, u Islamu.","AKADEMSKA ZAJEDNICA, BRANITELJI - VETERANI, GRAĐANI – OPĆA POPULACIJA, OSTALI","[""6.5.6. Ostale audiovizualne djelatnosti"", ""6.1.4. Arhivska djelatnost"", ""3.3. Ostale djelatnosti iz područja duhovnosti"", ""6.9. Ostale djelatnosti iz područja kulture i umjetnosti"", ""9.3. Ostale djelatnosti iz područja obrazovanja, znanosti i istraživanja"", ""2.15. Ostale djelatnosti iz područja demokratske političke kulture""]",,"[""datagovhr:registar-udruga""]"
32,udruga-dobrote-emanuel-osijek-4300,UDRUGA DOBROTE EMANUEL,Udruga Dobrote Emanuel,EMANUEL,registar-udruga,47816,14002819,12020474300,AKTIVAN,,2009-04-20,2009-01-24,UDRUGA,glazba,niska,3.5,"[""opis:hodocasce"", ""opis:liturgija"", ""opis:duhovnost"", ""djelatnost:3.2.2."", ""djelatnost:3.2.1."", ""opis:-protestant""]","Ulica Ljudevita Posavskog 14A, Osijek",Ulica Ljudevita Posavskog,14A,Osijek,Osijek,Osijek,Osječko-baranjska,31000,,45.5626521,18.65270328,dgu-adresa,Đakovačko-osječka Nadbiskupija,derivirano-crkve.domovina.ai,emanuel.udruga@gmail.com,,095-5105-285,+385955105285,,Božica Sukić,Predsjednica,"Udruga je osnovana u cilju promicanja moralnih i Evanđeoskih vrednota, razvitka i unapređenja pojedinaca, obitelji i društva u cjelini. Razlog osnivanja je duhovna i materijalna kriza u društvu. Udruga se zalaže u prvom očuvati i širiti ove vrednote: vjera, nada, ljubav, čovječnost, istina, moralnost, poštenje, marljivost, sloboda, znanje, solidarnost i dr.","BESKUĆNICI, DJECA - OPĆA POPULACIJA, DJECA RATNIH STRADALNIKA, GRAĐANI – OPĆA POPULACIJA, MLADI - OPĆA POPULACIJA, NEZAPOSLENI, OSOBE S HIV/AIDS-OM, OSOBE S INTELEKTUALNIM TEŠKOĆAMA, OSOBE S INVALIDITETOM, OSOBE STARIJE ŽIVOTNE DOBI, RODITELJI, ROMI","[""6.9. Ostale djelatnosti iz područja kulture i umjetnosti"", ""11.5. Ostale socijalne djelatnosti"", ""3.2.2. Poticanje osobnog razvoja"", ""3.2.1. Promicanje duhovnih aktivnosti""]",https://banovac.mfin.hr/rnoprt/Details?handler=Details&id=48284,"[""datagovhr:registar-udruga""]"
956,udruga-evo-me-u-likvidaciji-senkovec-6930,UDRUGA EVO ME U LIKVIDACIJI,Udruga Evo Me u Likvidaciji,EVO ME,registar-udruga,226667,20001487,05149346930,BRISAN,2026-04-01,2019-12-31,2019-12-24,UDRUGA,karitativna,niska,3.5,"[""opis:duhovnost"", ""djelatnost:3.1.1."", ""djelatnost:3.2.1.""]","Maršala Tita 32, Šenkovec",Maršala Tita,32,Šenkovec,Šenkovec,Šenkovec,Međimurska,40000,,46.40246858,16.42288698,dgu-adresa,Varaždinska Biskupija,derivirano-crkve.domovina.ai,d.peras1976@gmail.com,http://www.misija-evo-me.org,092-2110-727,+385922110727,,Darko Horvat,Dopredsjednik,"pomoć potrebitima kroz namirenje osnovnih životnih, financijskih, materijalnih i nematerijalnih potreba; pomoć ugroženim hrvatskim braniteljima; promicanje religijske etike; promicanje duhovnih aktivnosti.","BRANITELJI - VETERANI, DJECA - OPĆA POPULACIJA, MLADI - OPĆA POPULACIJA, OBITELJI, OSOBE STARIJE ŽIVOTNE DOBI, OSOBE U RIZIKU OD SIROMAŠTVA I SIROMAŠNE OSOBE, RODITELJI","[""11.3.5. Ostale djelatnosti humanitarne pomoći"", ""1.1.2. Zaštita interesa hrvatskih branitelja iz Domovinskog rata i članova njihovih obitelji"", ""3.1.1. Promicanje religijske etike"", ""3.2.1. Promicanje duhovnih aktivnosti"", ""11.1.1. Pomoć i podrška starijim osobama""]",https://banovac.mfin.hr/rnoprt/Details?handler=Details&id=56723,"[""datagovhr:registar-udruga""]"
231,udruga-likovnih-umjetnika-krscana-sol-zagreb-14777,"UDRUGA LIKOVNIH UMJETNIKA KRŠĆANA  ""SOL""","Udruga Likovnih Umjetnika Kršćana ""Sol""",SOL,registar-udruga,14777,00000093,,BRISAN,2024-01-15,1998-01-19,1994-08-18,UDRUGA,kultura,niska,3.5,"[""naziv:krscanski"", ""opis:krscanski"", ""opis:duhovnost""]","Kustošijanska 232, Zagreb",Kustošijanska,232,Zagreb,Zagreb,Grad Zagreb,Grad Zagreb,10109,,45.82661448,15.92302552,dgu-adresa,Zagrebačka Nadbiskupija,derivirano-crkve.domovina.ai,,,,,,,,,,"[""8.2.1. LIKOVNA DJELATNOST""]",,"[""datagovhr:registar-udruga""]"
729,udruga-mladih-osmijeh-beli-manastir-37849,"UDRUGA MLADIH ""OSMIJEH""","Udruga Mladih ""Osmijeh""","""OSMIJEH""",registar-udruga,37849,14002090,,BRISAN,2020-02-28,2005-09-16,2005-07-05,UDRUGA,mladi,niska,3.5,"[""opis:katolic"", ""opis:duhovnost""]","Osječka 73A, Beli Manastir",Osječka,73A,Beli Manastir,Beli Manastir,Beli Manastir,Osječko-baranjska,31300,,45.77502751,18.60899771,dgu-adresa,Đakovačko-osječka Nadbiskupija,derivirano-crkve.domovina.ai,,,,,,Josip Kajić,Dopredsjednik,"-	promicanje i zaštita mladih,
-	pomoć mladima,
-	promoviranje svih oblika zaštite ljudskih prava i sloboda, s posebnim naglaskom na zaštitu prava mladih,
-	promicanje vjere, tolerancije, solidarnosti i ljudskih prava među svim skupinama građana
-	posebno promicanje mladih u katoličkom odgoju
-	poticanje mladih na druženje
-	podizanje svijesti kod mladih o zaštiti zdravlja
-	podizanje svijesti o važnosti obrazovanja mladih u RH
-	aktivno sudjelovanje u pružanju raznih oblika socijalne pomoći,
-	pružanje humanitarne pomoći, sukladno posebnom propisu
-	poticanje i iniciranje akcija u gradu i ostalim lokalnim zajednicama kada je u pitanju promicanje vjere i  ljudskih prava i sloboda,
-	savjetodavna pravna pomoć građanima, sukladno posebnom propisu
-	organiziranje društvenih, kulturnih, zabavnih, rekreativnih i sportskih aktivnosti za članove Udruge,
-	suradnja sa drugim organizacijama i institucijama.","DAROVITA DJECA I MLADI, DJECA - OPĆA POPULACIJA, DJECA BEZ ODGOVARAJUĆE RODITELJSKE SKRBI, DJECA DO 14 GODINA, DJECA IZ OBITELJI KORISNIKA SUSTAVA SOCIJALNE SKRBI, DJECA OD 14 DO 18 GODINA, DJECA RATNIH STRADALNIKA, DJECA U RIZIKU OD SOCIJALNE ISKLJUČENOSTI, GRAĐANI – OPĆA POPULACIJA, MLADI - OPĆA POPULACIJA, MLADI S POREMEĆAJIMA U PONAŠANJU, OBITELJI, OBITELJI S TROJE I VIŠE DJECE, RODITELJI, STUDENTI, UČENICI, VOLONTERI","[""14.1.8. Ostale djelatnosti preventivnog djelovanja, unapređenja i zaštite zdravlja"", ""9.1.1. Razvoj i promicanje odgoja i obrazovanja"", ""2.1. Obrazovanje za demokratsko građanstvo"", ""11.3.3. Poboljšanje kvalitete života i zdravlja socijalno isključenih"", ""7.5.6. Zaštita prava mladih"", ""11.1.4. Pomoć i podrška mladima""]",,"[""datagovhr:registar-udruga""]"
1121,udruga-mladih-pristeg-7152,UDRUGA MLADIH PRISTEG,Udruga Mladih Pristeg,U.M. Pristeg,registar-udruga,271196,13002466,94935437152,AKTIVAN,,2026-07-08,2026-05-13,UDRUGA,mladi,niska,3.5,"[""opis:duhovnost"", ""djelatnost:3.1.1."", ""djelatnost:3.2.1.""]","Pristeg 112, Pristeg",Pristeg,112,Pristeg,Pristeg,Benkovac,Zadarska,23420,,43.95624969,15.63586503,dgu-adresa,Zadarska Nadbiskupija,derivirano-crkve.domovina.ai,amoric0708@gmail.com,,095-7275-679,+385957275679,,Ivan Bljaić,Predsjednik Udruge,"Cilj udruge je:
-	cjeloviti razvoj mjesta Pristeg kroz očuvanje i promicanje vrijednosti Domovinskog rata te zaštita prava branitelja i stradalnika, 
-	jačanje demokratske političke kulture i aktivnog sudjelovanja građana u društvenom životu 
-	izgradnja skladne lokalne zajednice temeljene na duhovnim vrijednostima i etičkim načelima, koja aktivno zagovara ljudska prava, toleranciju i solidarnost među svim generacijama mještana Pristega, 
-	uključivanje mladih u društveni, kulturni i ekološki život zajednice i
-	provedba aktivnosti usmjerenih na zaštitu okoliša i prirode te promicanje održivih životnih navika unutar zajednice, s posebnim naglaskom na edukaciju mladih o očuvanju kulturne i prirodne baštine te kvalitete života u Pristegu.","DJECA - OPĆA POPULACIJA, GRAĐANI – OPĆA POPULACIJA, MLADI - OPĆA POPULACIJA, OBITELJI, RURALNO STANOVNIŠTVO","[""1.1.1. Promicanje vrijednosti Domovinskog rata"", ""6.1.7. Zaštita i očuvanje nematerijalnih kulturnih dobara"", ""15.2.5. Ostale djelatnosti zaštite okoliša"", ""2.4.1. Promicanje i razvoj volonterstva"", ""3.1.1. Promicanje religijske etike"", ""3.2.1. Promicanje duhovnih aktivnosti"", ""10.4. Ostale djelatnosti iz područja održivog razvoja"", ""15.1.2. Očuvanje prirodne baštine"", ""7.11. Ostale djelatnosti iz područja ostvarivanja i zaštite ljudskih prava"", ""1.1.2. Zaštita interesa hrvatskih branitelja iz Domovinskog rata i članova njihovih obitelji"", ""2.12. Razvoj civilnoga društva""]",https://banovac.mfin.hr/rnoprt/Details?handler=Details&id=64683,"[""datagovhr:registar-udruga""]"
1042,udruga-nova-nada-pula-4727,UDRUGA NOVA NADA,Udruga Nova Nada,,registar-udruga,267632,18003624,46250054727,AKTIVAN,,2024-03-15,2023-12-18,UDRUGA,karitativna,niska,3.5,"[""opis:krscanski"", ""opis:duhovnost"", ""djelatnost:3.1.3.""]","Gajeva ulica - Via Ljudevit Gaj 12, Pula",Gajeva ulica - Via Ljudevit Gaj,12,Pula,Pula,Pula - Pola,Istarska,52100,,44.86377326,13.84347557,dgu-adresa,Biskupija Porečka i Pulska,derivirano-crkve.domovina.ai,,,,,,Alen Pešić,Predsjednik,Poticanje i razvijanje svijesti o zdravom načinu života u vjeri,"GRAĐANI – OPĆA POPULACIJA, OBITELJI","[""11.2.10. Prevencija ovisnosti"", ""11.3.5. Ostale djelatnosti humanitarne pomoći"", ""3.1.3. Ostale religijske/vjerničke djelatnosti""]",,"[""datagovhr:registar-udruga""]"
633,udruga-stablo-zivota-cakovec-9709,UDRUGA STABLO ŽIVOTA,Udruga Stablo Života,,registar-udruga,50094,20001063,41816069709,AKTIVAN,,2010-01-25,2009-12-22,UDRUGA,karitativna,niska,3.5,"[""opis:krscanski"", ""opis:duhovnost"", ""djelatnost:3.1.1.""]","Ulica Milke Trnine 47A, Čakovec",Ulica Milke Trnine,47A,Čakovec,Čakovec,Čakovec,Međimurska,40000,,46.37525001,16.44790803,dgu-adresa,Varaždinska Biskupija,derivirano-crkve.domovina.ai,,,,,,Rajko Telebar,Predsjednik,promicanje vrijednosti Biblije te okupljanje ljudi u Udrugu kako bi se na konkretan način pomoglo onima koji su u duhovnoj i materijalnoj potrebi; pomoći svakom čovjeku tako da mu približi Bibliju te svakoga uputiti na život po principima Božje Riječi kako bi mogao riješiti svoje duhovne i materijalne potrebe. (Isus je došao na ovaj svijet ne da ljudima daruje ribu nego da ih nauči ribariti!).,GRAĐANI – OPĆA POPULACIJA,"[""3.1.1. Promicanje religijske etike""]",,"[""datagovhr:registar-udruga""]"
398,udruga-studenata-teologije-ovis-flaciana-zagreb-1081,"UDRUGA STUDENATA TEOLOGIJE ""OVIS FLACIANA""","Udruga Studenata Teologije ""Ovis Flaciana""","""OVIS FLACIANA""",registar-udruga,59172,21009907,61869511081,AKTIVAN,,2013-01-25,2012-09-20,UDRUGA,mladi,niska,3.5,"[""naziv:krscanski"", ""opis:krscanski"", ""djelatnost:14.duhovna""]","Radićeva 34, Zagreb",Radićeva,34,Zagreb,Zagreb,Grad Zagreb,Grad Zagreb,10163,,45.83507377,15.97882167,dgu-adresa,Zagrebačka Nadbiskupija,derivirano-crkve.domovina.ai,a.b.mimica@gmail.com,,091/1556-976,+385911556976,,Andrej Bukovac-Mimica,Predsjednik,,,"[""14.99.99. OSTALE DUHOVNE DJELATNOSTI""]",https://banovac.mfin.hr/rnoprt/Details?handler=Details&id=42622,"[""datagovhr:registar-udruga""]"
967,udruga-za-audiovizualnu-djelatnost-film-i-medijsku-kulturu-art-media-dakovo-9941,"UDRUGA ZA AUDIOVIZUALNU DJELATNOST, FILM I MEDIJSKU KULTURU ART MEDIA","Udruga za Audiovizualnu Djelatnost, Film i Medijsku Kulturu Art Media",ART MEDIA,registar-udruga,245929,14004946,30482099941,AKTIVAN,,2021-10-07,2021-09-27,UDRUGA,mediji,niska,3.5,"[""opis:duhovnost"", ""djelatnost:3.2.1."", ""djelatnost:3.2.3."", ""djelatnost:3.2.2."", ""djelatnost:3.1.1.""]","Augusta Cesarca 1, Đakovo",Augusta Cesarca,1,Đakovo,Đakovo,Đakovo,Osječko-baranjska,31400,,45.30832612,18.41319968,dgu-adresa,Đakovačko-osječka Nadbiskupija,derivirano-crkve.domovina.ai,mario.sulina@gmail.com,,098-9095-015,+385989095015,,Mario Šulina,Predsjednik,"Poticanje i promocija stvaralaštva filmskih djela, audio i vizualnih kulturno-umjetničkih, tradicijskih, duhovnih, demokratsko politički kulturnih,  obrazovno – znanstvenih, tehničko kulturnih, ekoloških tema  i posebno tema o očuvanju istine i vrednota Domovinskog rata na području Slavonije i Baranje, Hrvatske.","BRANITELJI - VETERANI, CIVILNI INVALIDI RATA, CIVILNI STRADALNICI, DAROVITA DJECA I MLADI, DJECA - OPĆA POPULACIJA, DJECA RATNIH STRADALNIKA, GLUHE OSOBE, GRAĐANI – OPĆA POPULACIJA","[""6.4.7. Ostale književno-nakladničke djelatnosti"", ""6.3.1. Likovne umjetnosti"", ""9.1.9. Odgoj i obrazovanje za održivi razvoj, zdrave načine života i očuvanje prirode"", ""6.3.3. Fotografska umjetnost"", ""15.2.1. Zaštita i održivo korištenje šuma"", ""15.1.1. Očuvanje posebno vrijednih prirodnih područja i drugih prostora"", ""6.2.2. Plesne umjetnosti"", ""2.2. Promicanje nenasilja i izgradnja mira"", ""6.3.8. Ostale djelatnosti vizualne umjetnosti"", ""6.5.1. Filmska i video djelatnost"", ""2.9. Suzbijanje korupcije"", ""9.1.2. Cjeloživotno učenje i obrazovanje odraslih"", ""15.5. Ostale djelatnosti iz područja zaštite okoliša i prirode"", ""6.1.9. Ostale djelatnosti kulturne baštine"", ""6.2.6. Glazbene i scenske manifestacije i festivali"", ""6.3.2. Dizajn i arhitektura"", ""6.5.2. Radio-televizijska djelatnost"", ""6.1.1. Zaštita i očuvanje materijalnih kulturnih dobara"", ""3.2.1. Promicanje duhovnih aktivnosti"", ""13.6.2. Neprofesijska video djelatnost"", ""6.1.6. Zaštita kulturnih krajolika"", ""6.3.4. Djelatnost umjetničkih obrta"", ""9.1.8. Odgoj i obrazovanje za zaštitu i promicanje povijesno-kulturne baštine i nacionalnoga identiteta"", ""6.4.3. Nakladnička i knjižarska djelatnost"", ""1.2.3. Ostale djelatnosti stradalnika Domovinskog rata"", ""3.2.3. Ostale duhovne djelatnosti"", ""13.6.1. Neprofesijska filmska djelatnost"", ""2.5. Promicanje društvene solidarnosti"", ""2.14.3. Promicanje medijske pismenosti"", ""6.2.4. Kulturno-umjetnički (glazbeni i scenski) amaterizam"", ""2.3.4. Ostale djelatnosti prevencije nasilja"", ""15.2.4. Podizanje svijesti i aktivnosti za smanjenje otpada i povećanje recikliranja"", ""6.1.8. Općekulturna (kulturološka) djelatnost"", ""6.2.1. Dramske umjetnosti"", ""1.2.2. Zaštita interesa civilnih stradalnika i njihovih obitelji"", ""3.2.2. Poticanje osobnog razvoja"", ""6.3.7. Manifestacije vizualnih umjetnosti"", ""6.5.6. Ostale audiovizualne djelatnosti"", ""6.2.7. Ostale djelatnosti izvedbene umjetnosti"", ""9.1.3. Izvaninstitucionalni odgoj i obrazovanje"", ""15.1.2. Očuvanje prirodne baštine"", ""15.1.3. Ostale djelatnosti očuvanja prirode"", ""2.6. Interkulturalni dijalog"", ""6.4.6. Književno-nakladničke manifestacije"", ""2.11. Praćenje javnih politika i javno zagovaranje"", ""2.13. Razvoj lokalne zajednice"", ""3.1.1. Promicanje religijske etike"", ""6.3.6. Inovativne vizualne umjetničke prakse"", ""15.4. Zaštita životinja"", ""6.6. Medijska kultura"", ""13.6.3. Neprofesijska fotografska djelatnost"", ""1.1.1. Promicanje vrijednosti Domovinskog rata"", ""6.8.3. Interaktivni mediji"", ""2.14.5. Ostale djelatnosti javnog informiranja i medija"", ""2.12. Razvoj civilnoga društva"", ""6.5.5. Inovativne audiovizulne umjetničke prakse"", ""2.14.2. Poticanje kritičke rasprave u medijima"", ""6.5.3. Interaktivni mediji"", ""9.1.1. Razvoj i promicanje odgoja i obrazovanja"", ""2.3.1. Prevencija nasilja među djecom i mladima"", ""15.3. Energetska učinkovitost i obnovljivi izvori energije"", ""9.1.7. Poticanje kreativnosti i stvaralaštva u odgoju i obrazovanju"", ""6.1.7. Zaštita i očuvanje nematerijalnih kulturnih dobara"", ""6.5.4. Audiovizualni amaterizam"", ""15.2.2. Zaštita voda i mora"", ""6.2.3. Glazba i glazbeno-scenske umjetnosti"", ""15.2.3. Zaštita i održivo korištenje tla"", ""2.14.1. Proizvodnja medijskih sadržaja"", ""9.1.6. Odgoj i obrazovanje za zaštitu i promicanje ljudskih prava"", ""1.1.2. Zaštita interesa hrvatskih branitelja iz Domovinskog rata i članova njihovih obitelji"", ""9.1.12. Ostale djelatnosti odgoja i obrazovanja"", ""6.2.5. Inovativne izvedbene umjetničke prakse""]",https://banovac.mfin.hr/rnoprt/Details?handler=Details&id=58898,"[""datagovhr:registar-udruga""]"
571,udruga-za-narodne-obicaje-ledenice-ledenice-7178,UDRUGA ZA NARODNE OBIČAJE LEDENICE-LEDENICE,Udruga za Narodne Običaje Ledenice-ledenice,,registar-udruga,32334,08001768,13798847178,AKTIVAN,,2003-02-14,2002-12-22,UDRUGA,glazba,niska,3.5,"[""opis:red"", ""opis:marija"", ""opis:duhovnost""]","Ledenice 6, Ledenice",Ledenice,6,Ledenice,Ledenice,Novi Vinodolski,Primorsko-goranska,51251,,45.13783876,14.84044055,dgu-adresa,Riječka Nadbiskupija,derivirano-crkve.domovina.ai,oliver.lovosevic@gmail.com,,092 1711 091,+385921711091,,Mate Frković,Dopredsjednik,"Promicanje i njegovanje kulturno-povijesne baštine,  starih narodnih običaja, očuvanja maškaranih običaja i tradicije maškaranja, promicanja kulturno – umjetničkog i zabavnog života  mjesta Ledenice.","DJECA - OPĆA POPULACIJA, GRAĐANI – OPĆA POPULACIJA, MLADI - OPĆA POPULACIJA","[""6.2.6. Glazbene i scenske manifestacije i festivali"", ""6.1.1. Zaštita i očuvanje materijalnih kulturnih dobara"", ""6.2.4. Kulturno-umjetnički (glazbeni i scenski) amaterizam"", ""6.1.6. Zaštita kulturnih krajolika""]",https://banovac.mfin.hr/rnoprt/Details?handler=Details&id=19555,"[""datagovhr:registar-udruga""]"
723,udruga-za-ocuvanje-kulturne-bastine-bobovac-2475,UDRUGA ZA OČUVANJE KULTURNE BAŠTINE BOBOVAC,Udruga za Očuvanje Kulturne Baštine Bobovac,UDRUGA OKB BOBOVAC,registar-udruga,42088,03001338,31139772475,AKTIVAN,,2007-04-25,2007-04-14,UDRUGA,kultura,niska,3.5,"[""opis:red"", ""opis:krscanski"", ""opis:crkva""]","Bobovac 165, Bobovac",Bobovac,165,Bobovac,Bobovac,Sunja,Sisačko-moslavačka,,,45.3517443395335,16.65247942076216,naselje-teziste,Sisačka Biskupija,derivirano-crkve.domovina.ai,,,044/847-110,+38544847110,,Ivica Kovačević,Predsjednik,"promicanje, razvitak i unapređenje očuvanja i promicanja kulturne baštine mjesta Bobovac.",OSOBE STARIJE ŽIVOTNE DOBI,"[""8.99.99. OSTALE KULTURNE DJELATNOSTI"", ""11.2.1. Savjetovanje i pomaganje"", ""11.1.5. Pomoć i podrška osobama u riziku od siromaštva i socijalne isključenosti"", ""6.1.1. Zaštita i očuvanje materijalnih kulturnih dobara"", ""6.1.7. Zaštita i očuvanje nematerijalnih kulturnih dobara"", ""6.1.5. Muzejska djelatnost"", ""11.1.1. Pomoć i podrška starijim osobama"", ""6.1.9. Ostale djelatnosti kulturne baštine"", ""6.1.2. Konzervatorsko-restauratorska djelatnost""]",https://banovac.mfin.hr/rnoprt/Details?handler=Details&id=25291,"[""datagovhr:registar-udruga""]"
917,udruga-za-ocuvanje-planeta-i-stvori-bog-zemlju-zagreb-3829,"UDRUGA ZA OČUVANJE PLANETA ""I STVORI BOG ZEMLJU""","Udruga za Očuvanje Planeta ""I Stvori Bog Zemlju""","UDRUGA ""ISBZ""",registar-udruga,226430,21013722,80029433829,AKTIVAN,,2020-02-21,2019-09-17,UDRUGA,glazba,niska,3.5,"[""opis:crkva"", ""opis:duhovnost"", ""djelatnost:3.1.3.""]","Remete 63, Zagreb",Remete,63,Zagreb,Zagreb,Grad Zagreb,Grad Zagreb,10163,,45.84387741,15.99482794,dgu-adresa,Zagrebačka Nadbiskupija,derivirano-crkve.domovina.ai,info@istvoribogzemlju.com,https://www.istvoribogzemlju.com,098-739-615,+38598739615,,Andrej Grubišić,Potpredsjednik,"Popularizacija enciklike Pape Franje „Laudato si""; Poticanje na promišljanje o osobnoj odgovornosti za zajednički dom; Podizanje svijesti o potrebi promjena svakodnevnih navika čovjeka u svrhu očuvanja prirodnih resursa; Promicanje volonterskih aktivnosti i humanitarnog djelovanja; Suradnja sa srodnim udrugama u Hrvatskoj i inozemstvu.","AKADEMSKA ZAJEDNICA, DAROVITA DJECA I MLADI, DJECA - OPĆA POPULACIJA, GRAĐANI – OPĆA POPULACIJA, IZVIĐAČI, LOKALNA I REGIONALNA SAMOUPRAVA, MALI I SREDNJI PODUZETNICI I OBRTNICI, POSLOVNE ORGANIZACIJE, PREDSTAVNICI MEDIJA, REGIONALNA ILI LOKALNA SAMOUPRAVA, RURALNO STANOVNIŠTVO, STUDENTI, TIJELA DRŽAVNE UPRAVE, UDRUGE I GRAĐANSKE INICIJATIVE, VOLONTERI, ŽRTVE KATASTROFA","[""2.4.1. Promicanje i razvoj volonterstva"", ""2.4.3. Ostale djelatnosti volonterstva"", ""3.1.3. Ostale religijske/vjerničke djelatnosti"", ""2.4.2. Djelatnost volonterskih centara"", ""11.3.5. Ostale djelatnosti humanitarne pomoći"", ""15.5. Ostale djelatnosti iz područja zaštite okoliša i prirode""]",https://banovac.mfin.hr/rnoprt/Details?handler=Details&id=57076,"[""datagovhr:registar-udruga""]"
759,udruga-za-pomoc-pri-izgradnji-crkvice-sveti-rok-jablan-vrbovsko-4006,"UDRUGA ZA POMOĆ PRI IZGRADNJI CRKVICE ""SVETI ROK"" JABLAN","Udruga za Pomoć pri Izgradnji Crkvice ""Sveti Rok"" Jablan",,registar-udruga,32482,08001789,42512274006,BRISAN,2014-10-22,2003-03-07,2003-01-08,UDRUGA,karitativna,niska,3.5,"[""naziv:crkva"", ""opis:crkva"", ""opis:svetac""]","Jablan 93, Vrbovsko",Jablan,93,Vrbovsko,Vrbovsko,Vrbovsko,Primorsko-goranska,,,45.37847936088345,15.067172633434073,naselje-teziste,Riječka Nadbiskupija,derivirano-crkve.domovina.ai,,,,,,Franjo Palijan,Predsjednik Udruge,,,"[""20.99.99. OSTALE DJELATNOSTI""]",https://banovac.mfin.hr/rnoprt/Details?handler=Details&id=18323,"[""datagovhr:registar-udruga""]"
750,udruga-za-produhovljavanje-umjetnosti-svitnjak-split-8836,UDRUGA ZA PRODUHOVLJAVANJE UMJETNOSTI SVITNJAK,Udruga za Produhovljavanje Umjetnosti Svitnjak,SVITNJAK,registar-udruga,35805,17002202,96472738836,AKTIVAN,,2004-10-07,2004-06-23,UDRUGA,kultura,niska,3.5,"[""opis:duhovnost"", ""djelatnost:3.2.2."", ""djelatnost:3.1.1."", ""djelatnost:3.2.1."", ""djelatnost:3.1.2."", ""djelatnost:3.3."", ""opis:-ezoterija""]","PUT SKALICA 47, Split",PUT SKALICA,47,Split,Split,Split,Splitsko-dalmatinska,21000,,43.5177714,16.43827524,dgu-adresa,Splitsko-makarska Nadbiskupija,derivirano-crkve.domovina.ai,udruga.srma@st.t-com.hr,,021661661,+38521661661,,Enita Nurkić,Dopredsjednica,"Ciljevi i svrha osnivanja Udruge su:
-	njegovanje, promicanje i zaštita umjetničkog stvaralaštva temeljenog na antropozofiji - duhovnoj znanosti koju je utemeljio dr. Rudolf Steiner i teorijama boja J.W. Goethea i Rudolfa Steinera,
-	izgradnja kulture dijaloga, međusobnog razumijevanja, suradnje i zajedničkih impulsa sa različitim umjetničkim pravcima koji njeguju moralne, estetske i intelektualne vrijednosti,
-	poboljšanje kvalitete življenja kroz umjetničko stvaralaštvo i umjetničko osmišljavanje i organizaciju slobodnog vremena prvenstveno djece i mladih, ali i šire društvene zajednice, te promicanje umjetnosti kao vida humanosti","AKADEMSKA ZAJEDNICA, DJECA - OPĆA POPULACIJA, GRAĐANI – OPĆA POPULACIJA, LOKALNA I REGIONALNA SAMOUPRAVA, MLADI - OPĆA POPULACIJA, OBITELJI, ODGOJNO-OBRAZOVNE USTANOVE, ODGOJNO-OBRAZOVNI DJELATNICI, OPĆA POPULACIJA PACIJENATA, RODITELJI, STUDENTI, UDRUGE I GRAĐANSKE INICIJATIVE, UMIROVLJENICI, USTANOVE SOCIJALNE SKRBI, UČENICI, VOLONTERI, ZDRAVSTVENE USTANOVE","[""10.1.6. Ostale djelatnosti razvoja ruralnih područja"", ""2.13. Razvoj lokalne zajednice"", ""6.4.1. Književno stvaralaštvo"", ""2.9. Suzbijanje korupcije"", ""6.2.6. Glazbene i scenske manifestacije i festivali"", ""6.1.3. Arheološka (kopnena i podvodna) djelatnost"", ""7.6. Vjerska prava i slobode"", ""6.2.3. Glazba i glazbeno-scenske umjetnosti"", ""6.2.5. Inovativne izvedbene umjetničke prakse"", ""3.2.2. Poticanje osobnog razvoja"", ""3.1.1. Promicanje religijske etike"", ""10.3.3. Ostale djelatnosti održivog gospodarskog razvoja"", ""15.4. Zaštita životinja"", ""3.2.1. Promicanje duhovnih aktivnosti"", ""2.15. Ostale djelatnosti iz područja demokratske političke kulture"", ""6.4.5. Literarni amaterizam"", ""6.6. Medijska kultura"", ""10.4. Ostale djelatnosti iz područja održivog razvoja"", ""6.3.6. Inovativne vizualne umjetničke prakse"", ""9.2.1. Društvene znanosti"", ""14.5. Ostale djelatnosti u području zaštite zdravlja"", ""6.5.3. Interaktivni mediji"", ""6.8.4. Ostale interdisciplinarne kulturno-umjetničke djelatnosti"", ""6.2.2. Plesne umjetnosti"", ""6.4.7. Ostale književno-nakladničke djelatnosti"", ""11.5. Ostale socijalne djelatnosti"", ""6.1.5. Muzejska djelatnost"", ""6.4.4. Novinsko-nakladnička djelatnost"", ""6.5.6. Ostale audiovizualne djelatnosti"", ""6.1.4. Arhivska djelatnost"", ""6.5.1. Filmska i video djelatnost"", ""6.4.2. Knjižnična djelatnost"", ""7.11. Ostale djelatnosti iz područja ostvarivanja i zaštite ljudskih prava"", ""6.3.8. Ostale djelatnosti vizualne umjetnosti"", ""6.2.1. Dramske umjetnosti"", ""7.3. Pravo na pristup informacijama"", ""6.5.2. Radio-televizijska djelatnost"", ""6.3.1. Likovne umjetnosti"", ""2.6. Interkulturalni dijalog"", ""15.5. Ostale djelatnosti iz područja zaštite okoliša i prirode"", ""7.10. Njegovanje zavičajnog identiteta"", ""6.1.8. Općekulturna (kulturološka) djelatnost"", ""11.3.5. Ostale djelatnosti humanitarne pomoći"", ""6.5.5. Inovativne audiovizulne umjetničke prakse"", ""2.8. Promicanje dobrog upravljanja"", ""8.3. Međunarodna prijateljstva"", ""6.9. Ostale djelatnosti iz područja kulture i umjetnosti"", ""6.1.1. Zaštita i očuvanje materijalnih kulturnih dobara"", ""8.2. Međunarodna humanitarna pomoć"", ""6.3.5. Likovni amaterizam"", ""14.3. Prevencija i suzbijanje ovisnosti"", ""6.3.2. Dizajn i arhitektura"", ""4.11. Ostale djelatnosti iz područja gospodarstva"", ""2.2. Promicanje nenasilja i izgradnja mira"", ""6.4.3. Nakladnička i knjižarska djelatnost"", ""2.3.4. Ostale djelatnosti prevencije nasilja"", ""6.1.7. Zaštita i očuvanje nematerijalnih kulturnih dobara"", ""2.10. Poticanje participativne demokracije/sudjelovanja građana u odlučivanju"", ""2.4.1. Promicanje i razvoj volonterstva"", ""6.3.3. Fotografska umjetnost"", ""6.5.4. Audiovizualni amaterizam"", ""3.1.2. Promocija i izgradnja međuvjerničkog dijaloga"", ""6.8.2. Intersektorske kulturno-umjetničke aktivnosti"", ""2.1. Obrazovanje za demokratsko građanstvo"", ""6.2.7. Ostale djelatnosti izvedbene umjetnosti"", ""2.12. Razvoj civilnoga društva"", ""9.2.7. Umjetnost"", ""7.4. Pravo na zaštitu osobnih podatka"", ""15.3. Energetska učinkovitost i obnovljivi izvori energije"", ""9.1.1. Razvoj i promicanje odgoja i obrazovanja"", ""6.8.1. Interdisciplinarne kulturno-umjetničke prakse"", ""9.2.11. Izdavanje znanstvenih i stručnih publikacija"", ""4.4. Inovatorstvo"", ""7.5.1. Ravnopravnost spolova"", ""2.5. Promicanje društvene solidarnosti"", ""6.2.4. Kulturno-umjetnički (glazbeni i scenski) amaterizam"", ""9.2.10. Organizacija domaćih i međunarodnih znanstvenih i znanstvenostručnih skupova, škola, kongresa i seminara"", ""2.11. Praćenje javnih politika i javno zagovaranje"", ""6.8.3. Interaktivni mediji"", ""2.14.1. Proizvodnja medijskih sadržaja"", ""4.6.1. Promicanje razvoja socijalnog poduzetništva"", ""10.2.6. Ostale djelatnosti razvoja urbanih područja"", ""6.1.2. Konzervatorsko-restauratorska djelatnost"", ""6.3.4. Djelatnost umjetničkih obrta"", ""3.3. Ostale djelatnosti iz područja duhovnosti"", ""6.1.9. Ostale djelatnosti kulturne baštine"", ""6.3.7. Manifestacije vizualnih umjetnosti"", ""6.4.6. Književno-nakladničke manifestacije""]",https://banovac.mfin.hr/rnoprt/Details?handler=Details&id=10342,"[""datagovhr:registar-udruga""]"
998,udruga-za-promicanje-kulture-splitski-kultivator-9682,UDRUGA ZA PROMICANJE KULTURE SPLITSKI KULTIVATOR,Udruga za Promicanje Kulture Splitski Kultivator,SPLITSKI KULTIVATOR,registar-udruga,252090,17006515,92122939682,AKTIVAN,,2022-04-28,2022-02-25,UDRUGA,kultura,niska,3.5,"[""opis:duhovnost"", ""djelatnost:3.1.1."", ""djelatnost:3.1.2.""]","Sredmanuška 23, Split",Sredmanuška,23,Split,Split,Split,Splitsko-dalmatinska,21000,,43.51065605,16.44197438,dgu-adresa,Splitsko-makarska Nadbiskupija,derivirano-crkve.domovina.ai,,,,,,Ilija Borković,Predsjednik Udruge,"Udruga je osnovana u cilju promicanja kulture kao ljudskog prava na učenje, prenošenje znanja i razvijanje kroz kulturno – umjetničko djelovanje u cilju poboljšanja osnovnih uvjeta i kvalitete života, te promicanje vrijednosti slobodnog i socijalno pravednog društva u gradu Splitu, Republici Hrvatskoj i u inozemstvu sukladno pravnom poretku dotične države.","AZILANTI, BESKUĆNICI, DJECA - OPĆA POPULACIJA, DJECA U RIZIKU OD SOCIJALNE ISKLJUČENOSTI, GRAĐANI – OPĆA POPULACIJA, MANJINE - OPĆENITO, MLADI - OPĆA POPULACIJA, OSOBE S INVALIDITETOM, ROMSKA DJECA I MLADI, UDRUGE I GRAĐANSKE INICIJATIVE","[""2.1. Obrazovanje za demokratsko građanstvo"", ""2.2. Promicanje nenasilja i izgradnja mira"", ""11.1.7. Pomoć i podrška obitelji"", ""8.3. Međunarodna prijateljstva"", ""9.1.1. Razvoj i promicanje odgoja i obrazovanja"", ""9.1.6. Odgoj i obrazovanje za zaštitu i promicanje ljudskih prava"", ""6.4.6. Književno-nakladničke manifestacije"", ""3.1.1. Promicanje religijske etike"", ""6.1.7. Zaštita i očuvanje nematerijalnih kulturnih dobara"", ""11.1.2. Pomoć i podrška osobama s invaliditetom"", ""11.2.1. Savjetovanje i pomaganje"", ""11.1.3. Pomoć i podrška djeci"", ""11.1.1. Pomoć i podrška starijim osobama"", ""9.1.8. Odgoj i obrazovanje za zaštitu i promicanje povijesno-kulturne baštine i nacionalnoga identiteta"", ""11.1.4. Pomoć i podrška mladima"", ""6.6. Medijska kultura"", ""3.1.2. Promocija i izgradnja međuvjerničkog dijaloga"", ""9.1.10. Međunarodna suradnja i mobilnost u obrazovanju"", ""7.10. Njegovanje zavičajnog identiteta"", ""11.1.8. Pomoć i podrška azilantima"", ""6.1.1. Zaštita i očuvanje materijalnih kulturnih dobara"", ""11.3.1. Pomoć žrtvama prirodnih katastrofa"", ""7.9. Zaštita prava nacionalne manjine"", ""8.2. Međunarodna humanitarna pomoć"", ""11.3.2. Psihosocijalna pomoć u kriznim situacijama"", ""11.1.5. Pomoć i podrška osobama u riziku od siromaštva i socijalne isključenosti"", ""6.4.3. Nakladnička i knjižarska djelatnost"", ""7.6. Vjerska prava i slobode"", ""6.4.1. Književno stvaralaštvo"", ""6.7. Strukovne udruge u kulturi i umjetnosti"", ""6.4.4. Novinsko-nakladnička djelatnost"", ""11.1.6. Pomoć i podrška nezaposlenima"", ""11.1.10. Pomoć i podrška žrtvama obiteljskog nasilja"", ""11.3.3. Poboljšanje kvalitete života i zdravlja socijalno isključenih"", ""11.1.9. Pomoć i podrška beskućnicima"", ""11.2.2. Pomoć u kući""]",,"[""datagovhr:registar-udruga""]"
908,udruga-za-promicanje-pozitivnih-vrijednosti-u-drustvu-dobre-price-sisak-6575,UDRUGA ZA PROMICANJE POZITIVNIH VRIJEDNOSTI U DRUŠTVU-DOBRE PRIČE,Udruga za Promicanje Pozitivnih Vrijednosti u Društvu-dobre Priče,DOBRE PRIČE,registar-udruga,221906,03002182,89072956575,AKTIVAN,,2019-08-29,2019-03-10,UDRUGA,molitvena,niska,3.5,"[""djelatnost:3.1.2."", ""djelatnost:3.1.1."", ""djelatnost:3.2.2.""]","Ulica Josipa Severa 1, Sisak",Ulica Josipa Severa,1,Sisak,Sisak,Sisak,Sisačko-moslavačka,44000,,45.48463644,16.36756901,dgu-adresa,Sisačka Biskupija,derivirano-crkve.domovina.ai,jasmina.jovev@gmail.com,https://dobre-price.hr,098 212 091,+38598212091,,Jasmina Jovev,Predsjednica,"promicanje razvoja demokratskog društva, promicanje društvene solidarnosti, promicanje i razvoj volonterstva, promicanje intelektualnog dijaloga, razvoj civilnog društva i zajednice, javno informiranje i mediji.","AKADEMSKA ZAJEDNICA, AZILANTI, BESKUĆNICI, BRANITELJI - VETERANI, DAROVITA DJECA I MLADI, DJECA - OPĆA POPULACIJA, DJECA BEZ ODGOVARAJUĆE RODITELJSKE SKRBI, DJECA DO 14 GODINA, DJECA IZ OBITELJI KORISNIKA SUSTAVA SOCIJALNE SKRBI, DJECA RATNIH STRADALNIKA, DJECA S POREMEĆAJIMA U PONAŠANJU, DJECA S TEŠKOĆAMA U RAZVOJU, DJECA U RIZIKU OD SOCIJALNE ISKLJUČENOSTI, GRAĐANI – OPĆA POPULACIJA, JEDNO RODITELJSKE OBITELJI, MALI I SREDNJI PODUZETNICI I OBRTNICI, MANJINE - OPĆENITO, MLADI - OPĆA POPULACIJA, MLADI S POREMEĆAJIMA U PONAŠANJU, MLADI S RIZIČNIM OBLICIMA PONAŠANJA, MLADI S TEŠKOĆAMA U RAZVOJU, NACIONALNE MANJINE, NAVIJAČKE SKUPINE, NEZAPOSLENI, OBITELJI, OBITELJI BRANITELJA, OBITELJI S TROJE I VIŠE DJECE, ODGOJNO-OBRAZOVNE USTANOVE, ODGOJNO-OBRAZOVNI DJELATNICI, OPĆA POPULACIJA PACIJENATA, OSOBE STARIJE ŽIVOTNE DOBI, OVISNICI I LIJEČENI OVISNICI, POSLODAVCI, POSLOVNE ORGANIZACIJE, POTROŠAČI, PREDSTAVNICI MEDIJA, RATNI STRADALNICI, REGIONALNA ILI LOKALNA SAMOUPRAVA, RODITELJI, RODITELJI DJECE S TEŠKOĆAMA U RAZVOJU, ROMI, ROMSKA DJECA I MLADI, RURALNO STANOVNIŠTVO, SINDIKATI, SLIJEPE I SLABOVIDNE OSOBE, STANOVNICI POSLIJERATNIH ZAJEDNICA, STUDENTI, TIJELA DRŽAVNE UPRAVE, UDRUGE I GRAĐANSKE INICIJATIVE, UMIROVLJENICI, USTANOVE SOCIJALNE SKRBI, UČENICI, VOLONTERI, ZDRAVSTVENE USTANOVE, ŽENE, ŽENE PODUZETNICE, ŽENE PRIPADNICE NACIONALNIH MANJINA, ŽENE S INVALIDITETOM, ŽENE ŽRTVE OBITELJSKOG NASILJA, ŽRTVE NASILJA, ŽRTVE OBITELJSKOG NASILJA","[""9.2.3. Prirodne znanosti"", ""9.2.11. Izdavanje znanstvenih i stručnih publikacija"", ""9.1.7. Poticanje kreativnosti i stvaralaštva u odgoju i obrazovanju"", ""7.5.9. Prava osoba starije životne dobi"", ""8.1.1. Demokratska tranzicija"", ""8.3. Međunarodna prijateljstva"", ""9.2.13. Umrežavanje i međunarodna znanstvena i stručna suradnja"", ""8.1.9. Unapređenje zdravlja"", ""9.1.9. Odgoj i obrazovanje za održivi razvoj, zdrave načine života i očuvanje prirode"", ""9.1.2. Cjeloživotno učenje i obrazovanje odraslih"", ""7.4. Pravo na zaštitu osobnih podatka"", ""14.1.1. Prevencija zaraznih bolesti"", ""14.1.3. Prevencija i zaštita mentalnog zdravlja"", ""11.2.5. Pomoć pri uključivanju u programe odgoja i redovitog obrazovanja (integracija)"", ""14.3. Prevencija i suzbijanje ovisnosti"", ""11.2.3. Psihosocijalna podrška"", ""14.1.7. Zaštita i prevencija bolesti reproduktivnog sustava"", ""11.2.4. Rana intervencija"", ""14.1.5. Unapređenje i zaštita zdravlja osoba oboljelih od malignih bolesti"", ""14.1.4. Stvaranje uvjeta za što kvalitetniji život oboljelih od kroničnih bolesti"", ""11.3.3. Poboljšanje kvalitete života i zdravlja socijalno isključenih"", ""13.6.2. Neprofesijska video djelatnost"", ""11.1.10. Pomoć i podrška žrtvama obiteljskog nasilja"", ""13.6.3. Neprofesijska fotografska djelatnost"", ""13.6.1. Neprofesijska filmska djelatnost"", ""11.1.3. Pomoć i podrška djeci"", ""11.1.4. Pomoć i podrška mladima"", ""13.5.5. Digitalne komunikacije"", ""14.4. Strukovne udruge u području zaštite zdravlja"", ""11.1.1. Pomoć i podrška starijim osobama"", ""14.1.2. Prevencija i unapređenje zdravlja zubi"", ""12.9. Promocija sporta i zdravog načina življenja"", ""14.1.6. Unaprjeđenje kvalitete života osoba starije životne dobi"", ""13.11. Poticanje kreativnosti i stvaralaštva djece i mladih u tehničkoj kulturi"", ""11.1.7. Pomoć i podrška obitelji"", ""6.5.5. Inovativne audiovizulne umjetničke prakse"", ""6.1.8. Općekulturna (kulturološka) djelatnost"", ""6.3.7. Manifestacije vizualnih umjetnosti"", ""6.8.1. Interdisciplinarne kulturno-umjetničke prakse"", ""6.8.3. Interaktivni mediji"", ""6.6. Medijska kultura"", ""6.5.4. Audiovizualni amaterizam"", ""6.5.2. Radio-televizijska djelatnost"", ""6.2.5. Inovativne izvedbene umjetničke prakse"", ""6.4.6. Književno-nakladničke manifestacije"", ""6.7. Strukovne udruge u kulturi i umjetnosti"", ""6.1.7. Zaštita i očuvanje nematerijalnih kulturnih dobara"", ""6.3.4. Djelatnost umjetničkih obrta"", ""6.8.2. Intersektorske kulturno-umjetničke aktivnosti"", ""6.2.4. Kulturno-umjetnički (glazbeni i scenski) amaterizam"", ""6.5.1. Filmska i video djelatnost"", ""6.3.6. Inovativne vizualne umjetničke prakse"", ""2.14.3. Promicanje medijske pismenosti"", ""2.5. Promicanje društvene solidarnosti"", ""2.6. Interkulturalni dijalog"", ""2.10. Poticanje participativne demokracije/sudjelovanja građana u odlučivanju"", ""2.13. Razvoj lokalne zajednice"", ""2.12. Razvoj civilnoga društva"", ""4.6.1. Promicanje razvoja socijalnog poduzetništva"", ""2.11. Praćenje javnih politika i javno zagovaranje"", ""2.8. Promicanje dobrog upravljanja"", ""2.1. Obrazovanje za demokratsko građanstvo"", ""2.4.1. Promicanje i razvoj volonterstva"", ""2.9. Suzbijanje korupcije"", ""2.14.4. Praćenje društvene odgovornosti medija"", ""3.1.2. Promocija i izgradnja međuvjerničkog dijaloga"", ""2.2. Promicanje nenasilja i izgradnja mira"", ""3.1.1. Promicanje religijske etike"", ""2.14.2. Poticanje kritičke rasprave u medijima"", ""2.3.2. Prevencija nasilja u obitelji"", ""3.2.2. Poticanje osobnog razvoja"", ""2.3.1. Prevencija nasilja među djecom i mladima"", ""2.14.1. Proizvodnja medijskih sadržaja"", ""6.4.5. Literarni amaterizam"", ""6.2.3. Glazba i glazbeno-scenske umjetnosti"", ""6.1.6. Zaštita kulturnih krajolika"", ""6.4.3. Nakladnička i knjižarska djelatnost"", ""6.4.4. Novinsko-nakladnička djelatnost"", ""6.2.6. Glazbene i scenske manifestacije i festivali"", ""6.4.1. Književno stvaralaštvo"", ""6.5.3. Interaktivni mediji"", ""6.3.5. Likovni amaterizam"", ""6.1.1. Zaštita i očuvanje materijalnih kulturnih dobara"", ""9.2.14. Strukovne udruge u području znanosti, stručnog rada i istraživanja"", ""9.1.3. Izvaninstitucionalni odgoj i obrazovanje"", ""8.1.8. Zaštita okoliša i prirode"", ""7.5.1. Ravnopravnost spolova"", ""9.2.9. Znanstvenoistraživački rad"", ""9.2.5. Biomedicina i zdravstvo"", ""9.2.8. Interdisciplinarna područja znanosti"", ""7.10. Njegovanje zavičajnog identiteta"", ""9.1.8. Odgoj i obrazovanje za zaštitu i promicanje povijesno-kulturne baštine i nacionalnoga identiteta"", ""9.1.11. Strukovne udruge u odgoju i obrazovanju"", ""9.1.6. Odgoj i obrazovanje za zaštitu i promicanje ljudskih prava"", ""7.5.4. Zaštita obitelji"", ""9.2.4. Tehničke znanosti"", ""7.3. Pravo na pristup informacijama"", ""8.1.7. Smanjenje siromaštva"", ""9.2.2. Humanističke znanosti"", ""8.1.4. Ljudska prava"", ""9.1.10. Međunarodna suradnja i mobilnost u obrazovanju"", ""9.2.12. Popularizacija znanosti"", ""7.9. Zaštita prava nacionalne manjine"", ""7.5.7. Zaštita prava osoba s invaliditetom"", ""9.1.5. Odgoj i obrazovanje za aktivno sudjelovanje u razvoju demokratske kulture"", ""9.1.1. Razvoj i promicanje odgoja i obrazovanja"", ""8.1.5. Obrazovanje"", ""9.2.7. Umjetnost"", ""9.2.1. Društvene znanosti"", ""8.1.6. Ravnopravnost spolova"", ""7.5.5. Zaštita prava djece"", ""7.5.6. Zaštita prava mladih""]",https://banovac.mfin.hr/rnoprt/Details?handler=Details&id=57052,"[""datagovhr:registar-udruga""]"
971,udruga-za-promicanje-zdravlja-i-socijalnog-blagostanja-dah-zivota-knin-2463,"UDRUGA ZA PROMICANJE ZDRAVLJA I SOCIJALNOG BLAGOSTANJA ""DAH ŽIVOTA""","Udruga za Promicanje Zdravlja i Socijalnog Blagostanja ""Dah Života""","UDRUGA ""DAH ŽIVOTA""",registar-udruga,239487,15001630,59449252463,BRISAN,2024-01-13,2021-03-05,2021-01-26,UDRUGA,glazba,niska,3.5,"[""opis:duhovnost"", ""djelatnost:3.2.2."", ""djelatnost:3.2.1."", ""djelatnost:3.1.1."", ""djelatnost:3.1.2."", ""opis:-ezoterija""]","Medačka 18, Knin",Medačka,18,Knin,Knin,Knin,Šibensko-kninska,22300,,44.04655975,16.19714844,dgu-adresa,Šibenska Biskupija,derivirano-crkve.domovina.ai,dah.zivota21@gmail.com,,022-660-683,+38522660683,,Anita Nakić,Dopredsjednica Udruge,"Razvitak, unaprjeđenje i stjecanje zdravih životnih navika, promicanja zdravog načina života i prehrane utemeljeno na znanstveno potvrđenim načelima, poduzimanja preventivnih mjera i provedbi različitih aktivnosti u skladu s Ustavom i zakonima RH u smislu očuvanja cjelovitog zdravlja (tjelesnog, emocionalnog, umnog, socijalnog, kulturnog, demokratskog i duhovnog), te ranog otkrivanja bolesti, poboljšanja kvalitete života u svim dobnim skupinama, promicanja znanja u svim dobnim skupinama, promicanja znanosti i obrazovanja, te jačanja kapaciteta razine samopoštovanja i smanjenja socijalne isključenosti.","AKADEMSKA ZAJEDNICA, BRANITELJI - VETERANI, DJECA - OPĆA POPULACIJA, DJECA S POREMEĆAJIMA U PONAŠANJU, DJECA S TEŠKOĆAMA U RAZVOJU, DJECA U RIZIKU OD SOCIJALNE ISKLJUČENOSTI, GLUHE OSOBE, GLUHONIJEME OSOBE, GRAĐANI – OPĆA POPULACIJA, INVALIDI DOMOVINSKOG RATA, LOKALNA I REGIONALNA SAMOUPRAVA, MALI I SREDNJI PODUZETNICI I OBRTNICI, MANJINE - OPĆENITO, MLADI - OPĆA POPULACIJA, NACIONALNE MANJINE, NEZAPOSLENI, NOVOROĐENČAD, OBITELJI, OBITELJI BRANITELJA, ODGOJNO-OBRAZOVNE USTANOVE, ODGOJNO-OBRAZOVNI DJELATNICI, OPĆA POPULACIJA PACIJENATA, OSOBE KOJE BOLUJU OD KRONIČNIH BOLESTI, OSOBE KOJE BOLUJU OD MALIGNIH BOLESTI, OSOBE KOJE BOLUJU OD ZARAZNIH BOLESTI, OSOBE S INTELEKTUALNIM TEŠKOĆAMA, OSOBE S INVALIDITETOM, OSOBE STARIJE ŽIVOTNE DOBI, OSOBE U RIZIKU OD SIROMAŠTVA I SIROMAŠNE OSOBE, OVISNICI I LIJEČENI OVISNICI O NIKOTINU, POSLODAVCI, POSLOVNE ORGANIZACIJE, POTROŠAČI, POVRATNICI U PORATNA PODRUČJA, PREDSTAVNICI MEDIJA, RATNI VETERANI, REGIONALNA ILI LOKALNA SAMOUPRAVA, RODITELJI, RODITELJI DJECE S TEŠKOĆAMA U RAZVOJU, RURALNO STANOVNIŠTVO, SLIJEPE I SLABOVIDNE OSOBE, STUDENTI, TIJELA DRŽAVNE UPRAVE, TRUDNICE, TURISTI, TURISTIČKI DJELATNICI, UDRUGE I GRAĐANSKE INICIJATIVE, UMIROVLJENICI, USTANOVE SOCIJALNE SKRBI, UČENICI, VOLONTERI, ZDRAVSTVENE USTANOVE, ŽENE, ŽENE PODUZETNICE, ŽENE PRIPADNICE NACIONALNIH MANJINA, ŽENE RURALNIH PODRUČJA","[""11.2.10. Prevencija ovisnosti"", ""10.2.3. Planiranje razvoja urbanih područja"", ""11.2.5. Pomoć pri uključivanju u programe odgoja i redovitog obrazovanja (integracija)"", ""6.1.1. Zaštita i očuvanje materijalnih kulturnih dobara"", ""6.4.5. Literarni amaterizam"", ""2.14.4. Praćenje društvene odgovornosti medija"", ""14.1.2. Prevencija i unapređenje zdravlja zubi"", ""6.4.4. Novinsko-nakladnička djelatnost"", ""2.8. Promicanje dobrog upravljanja"", ""3.2.2. Poticanje osobnog razvoja"", ""8.1.9. Unapređenje zdravlja"", ""11.1.2. Pomoć i podrška osobama s invaliditetom"", ""14.1.5. Unapređenje i zaštita zdravlja osoba oboljelih od malignih bolesti"", ""11.1.3. Pomoć i podrška djeci"", ""8.1.5. Obrazovanje"", ""6.4.3. Nakladnička i knjižarska djelatnost"", ""14.1.6. Unaprjeđenje kvalitete života osoba starije životne dobi"", ""2.12. Razvoj civilnoga društva"", ""8.1.7. Smanjenje siromaštva"", ""10.2.1. Edukacija za održivi razvoj urbanih područja"", ""11.2.1. Savjetovanje i pomaganje"", ""3.2.1. Promicanje duhovnih aktivnosti"", ""14.3. Prevencija i suzbijanje ovisnosti"", ""6.4.1. Književno stvaralaštvo"", ""11.1.1. Pomoć i podrška starijim osobama"", ""2.5. Promicanje društvene solidarnosti"", ""3.1.1. Promicanje religijske etike"", ""11.2.16. Osobna asistencija"", ""1.4. Ostale djelatnosti iz područja branitelja i stradalnika"", ""10.1.1. Edukacija za održivi razvoj ruralnih područja"", ""11.1.6. Pomoć i podrška nezaposlenima"", ""6.4.2. Knjižnična djelatnost"", ""11.2.14. Pomoć i podrška u vlastitom domu i zajednici"", ""11.2.3. Psihosocijalna podrška"", ""3.1.2. Promocija i izgradnja međuvjerničkog dijaloga"", ""11.1.4. Pomoć i podrška mladima"", ""14.1.3. Prevencija i zaštita mentalnog zdravlja"", ""2.2. Promicanje nenasilja i izgradnja mira"", ""9.1.2. Cjeloživotno učenje i obrazovanje odraslih"", ""6.4.6. Književno-nakladničke manifestacije"", ""2.14.3. Promicanje medijske pismenosti"", ""14.1.7. Zaštita i prevencija bolesti reproduktivnog sustava"", ""11.1.7. Pomoć i podrška obitelji"", ""2.14.1. Proizvodnja medijskih sadržaja"", ""2.13. Razvoj lokalne zajednice"", ""9.2.5. Biomedicina i zdravstvo"", ""9.1.4. Potpora obrazovanju djece i mladih s posebnim potrebama"", ""6.2.2. Plesne umjetnosti"", ""6.2.3. Glazba i glazbeno-scenske umjetnosti"", ""14.1.1. Prevencija zaraznih bolesti"", ""2.10. Poticanje participativne demokracije/sudjelovanja građana u odlučivanju"", ""6.3.2. Dizajn i arhitektura"", ""2.14.2. Poticanje kritičke rasprave u medijima"", ""11.2.2. Pomoć u kući"", ""14.1.4. Stvaranje uvjeta za što kvalitetniji život oboljelih od kroničnih bolesti"", ""11.3.3. Poboljšanje kvalitete života i zdravlja socijalno isključenih"", ""10.1.2. Planiranje razvoja ruralnih područja"", ""9.1.1. Razvoj i promicanje odgoja i obrazovanja"", ""2.4.1. Promicanje i razvoj volonterstva"", ""10.3.2. Održivi turizam"", ""11.2.13. Organiziranje slobodnih aktivnosti"", ""9.2.10. Organizacija domaćih i međunarodnih znanstvenih i znanstvenostručnih skupova, škola, kongresa i seminara"", ""11.2.4. Rana intervencija"", ""2.1. Obrazovanje za demokratsko građanstvo"", ""6.3.1. Likovne umjetnosti"", ""11.1.5. Pomoć i podrška osobama u riziku od siromaštva i socijalne isključenosti"", ""2.11. Praćenje javnih politika i javno zagovaranje""]",https://banovac.mfin.hr/rnoprt/Details?handler=Details&id=58266,"[""datagovhr:registar-udruga""]"
767,udruga-zagrebacki-dragovoljci-branitelji-vukovara-sesvete-4091,UDRUGA ZAGREBAČKI DRAGOVOLJCI BRANITELJI VUKOVARA,Udruga Zagrebački Dragovoljci Branitelji Vukovara,UZDBV,registar-udruga,205526,21012402,10581884091,AKTIVAN,,2017-02-20,2017-01-12,UDRUGA,pokret,niska,3.5,"[""opis:duhovnost"", ""djelatnost:3.2.2."", ""djelatnost:3.1.1."", ""djelatnost:3.3."", ""djelatnost:3.2.1."", ""djelatnost:3.2.3.""]","Ulica Ljudevita Posavskog 25, Sesvete",Ulica Ljudevita Posavskog,25,Sesvete,Sesvete,Grad Zagreb,Grad Zagreb,10360,,45.81226766,16.10211006,dgu-adresa,Zagrebačka Nadbiskupija,derivirano-crkve.domovina.ai,gzorica@gmail.com,,099-7102-284,+385997102284,,Zorica Gregurić,Predsjednica,"Promicanje i očuvanje vrednota Domovinskog rata; Okupljanje, zaštita, promicanje, razvitak i unapređenje prava i interesa hrvatskih branitelja i stradalnika iz Domovinskog rata koji su časno obavljali svoje dužnosti i zadaće u borbi za samostalnu i suverenu Republiku Hrvatsku i članova njihovih obitelji, bez obzira na stranačku, vjersku i nacionalnu pripadnost; Zaštita interesa hrvatskih ratnih vojnih invalida iz Domovinskog rata; Zaštita interesa članova obitelji smrtno stradaloga, zatočenoga ili nestaloga hrvatskog branitelja iz Domovinskog rata; Pružanje potpore u izgradnji i razvoju Republike Hrvatske; Očuvanje i njegovanje povijesne tradicije iz ratne povijesti Hrvatske države; Razvijanje prijateljstva, uzajamnosti i solidarnosti među hrvatskim braniteljima-veteranima, stradalnicima i članovima njihovih obitelji; Njegovanje tradicije veteranskog pokreta; promicanje i zaštita ljudskih prava; pružanje socijalne podrške i pomoći te posmrtne pripomoći; promicanje duhovnih aktivnosti te poticanje osobnog razvoja; promicanje odgoja i obrazovanja iz područja djelovanja Udruge; promicanje i razvijanje međunarodne suradnje a posebice suradnje s hrvatskom dijasporom.","BRANITELJI - VETERANI, CIVILNI INVALIDI RATA, CIVILNI STRADALNICI, DJECA - OPĆA POPULACIJA, DJECA IZ OBITELJI KORISNIKA SUSTAVA SOCIJALNE SKRBI, DJECA RATNIH STRADALNIKA, DJECA U RIZIKU OD SOCIJALNE ISKLJUČENOSTI, GRAĐANI – OPĆA POPULACIJA, ILEGALNI IMIGRANTI, INVALIDI DOMOVINSKOG RATA, MLADI - OPĆA POPULACIJA, NEZAPOSLENI, OBITELJI BRANITELJA, OPĆA POPULACIJA PACIJENATA, OSOBE S INVALIDITETOM, OSOBE S MENTALNOM RETARDACIJOM, OSOBE S PSIHO-SOCIJALNIM TEŠKOĆAMA, OSOBE STARIJE ŽIVOTNE DOBI, OSOBE U RIZIKU OD SIROMAŠTVA I SIROMAŠNE OSOBE, OSTALI, RATNI STRADALNICI, RATNI VETERANI, UMIROVLJENICI, VOLONTERI, ŽENE","[""1.1.4. Ostale djelatnosti branitelja-veterana Domovinskog rata"", ""1.2.3. Ostale djelatnosti stradalnika Domovinskog rata"", ""1.4. Ostale djelatnosti iz područja branitelja i stradalnika"", ""1.1.2. Zaštita interesa hrvatskih branitelja iz Domovinskog rata i članova njihovih obitelji"", ""6.9. Ostale djelatnosti iz područja kulture i umjetnosti"", ""6.5.6. Ostale audiovizualne djelatnosti"", ""1.1.3. Zaštita interesa hrvatskih ratnih vojnih invalida iz Domovinskog rata"", ""3.2.2. Poticanje osobnog razvoja"", ""7.6. Vjerska prava i slobode"", ""7.11. Ostale djelatnosti iz područja ostvarivanja i zaštite ljudskih prava"", ""4.6.1. Promicanje razvoja socijalnog poduzetništva"", ""11.4. Solidarna posmrtna pripomoć"", ""1.2.2. Zaštita interesa civilnih stradalnika i njihovih obitelji"", ""3.1.1. Promicanje religijske etike"", ""11.1.1. Pomoć i podrška starijim osobama"", ""9.3. Ostale djelatnosti iz područja obrazovanja, znanosti i istraživanja"", ""9.2.15. Ostale djelatnosti znanosti, stručnog rada i istraživanja"", ""6.1.9. Ostale djelatnosti kulturne baštine"", ""2.14.1. Proizvodnja medijskih sadržaja"", ""1.2.1. Zaštita interesa članova obitelji smrtno stradaloga, zatočenoga ili nestaloga hrvatskog branitelja iz Domovinskog rata"", ""8.3. Međunarodna prijateljstva"", ""7.2. Prava aktivnih sudionika i stradalnika Domovinskog rata"", ""11.5. Ostale socijalne djelatnosti"", ""3.3. Ostale djelatnosti iz područja duhovnosti"", ""1.3.3. Ostale djelatnosti sudionika i stradalnika II. svjetskog rata i poraća"", ""7.5.19. Ostale djelatnosti suzbijanja i zaštite od diskriminacije"", ""8.1.10. Ostale djelatnosti razvojne suradnje"", ""11.2.1. Savjetovanje i pomaganje"", ""11.2.17. Ostale djelatnosti socijalnih usluga"", ""2.11. Praćenje javnih politika i javno zagovaranje"", ""6.5.1. Filmska i video djelatnost"", ""11.3.5. Ostale djelatnosti humanitarne pomoći"", ""7.8. Zaštita hrvatske dijaspore"", ""6.6. Medijska kultura"", ""8.4. Ostale djelatnosti iz područja međunarodne suradnje"", ""2.2. Promicanje nenasilja i izgradnja mira"", ""14.5. Ostale djelatnosti u području zaštite zdravlja"", ""14.1.8. Ostale djelatnosti preventivnog djelovanja, unapređenja i zaštite zdravlja"", ""2.3.1. Prevencija nasilja među djecom i mladima"", ""2.1. Obrazovanje za demokratsko građanstvo"", ""2.15. Ostale djelatnosti iz područja demokratske političke kulture"", ""3.2.1. Promicanje duhovnih aktivnosti"", ""11.1.5. Pomoć i podrška osobama u riziku od siromaštva i socijalne isključenosti"", ""6.4.7. Ostale književno-nakladničke djelatnosti"", ""1.1.1. Promicanje vrijednosti Domovinskog rata"", ""2.6. Interkulturalni dijalog"", ""7.3. Pravo na pristup informacijama"", ""11.2.2. Pomoć u kući"", ""9.1.12. Ostale djelatnosti odgoja i obrazovanja"", ""2.14.2. Poticanje kritičke rasprave u medijima"", ""2.4.3. Ostale djelatnosti volonterstva"", ""2.13. Razvoj lokalne zajednice"", ""10.4. Ostale djelatnosti iz područja održivog razvoja"", ""14.2. Dobrovoljno darivanje krvi"", ""2.4.1. Promicanje i razvoj volonterstva"", ""2.5. Promicanje društvene solidarnosti"", ""2.14.5. Ostale djelatnosti javnog informiranja i medija"", ""2.10. Poticanje participativne demokracije/sudjelovanja građana u odlučivanju"", ""2.9. Suzbijanje korupcije"", ""2.12. Razvoj civilnoga društva"", ""3.2.3. Ostale duhovne djelatnosti"", ""11.1.11. Ostala djelatnosti socijalne pomoći i podrške"", ""2.3.2. Prevencija nasilja u obitelji""]",https://banovac.mfin.hr/rnoprt/Details?handler=Details&id=52843,"[""datagovhr:registar-udruga""]"
727,udruga-zena-kruna-stubalj-stubalj45a-0906,"UDRUGA ŽENA "" KRUNA "" STUBALJ","Udruga Žena ""Kruna"" Stubalj","UDRUGA ŽENA "" KRUNA """,registar-udruga,39513,03001238,95412290906,AKTIVAN,,2006-05-03,2006-03-18,UDRUGA,karitativna,niska,3.5,"[""opis:katolic"", ""opis:duhovnost""]",Stubalj45a,Stubalj,45a,Stubalj,Stubalj,Majur,Sisačko-moslavačka,44430,,45.2680037,16.54079811,dgu-adresa,Sisačka Biskupija,derivirano-crkve.domovina.ai,vujcic.anamarija@gmail.com,,091-755-8608,+385917558608,,Blaženka Gamberger,Predsjednica,"poticanje i razvijanje među hrvatskim ženama duhovne vrijednosti, čovječnosti, a napose ljubavi prema svojoj Hrvatskoj domovini te iniciranje akcija na unapređenju kulture, zdravstva i gospodarstva, briga o djeci, briga o starim i nemoćnim osobama, očuvanju kulturne baštine, razvijanju ekološke svijesti o potrebi zaštite okoliša s ciljem spriječavanja rizika i opasnosti po okoliš i njega moralnih i etničkih načela katoličke vjere.","DJECA - OPĆA POPULACIJA, GRAĐANI – OPĆA POPULACIJA, MLADI - OPĆA POPULACIJA, OSOBE STARIJE ŽIVOTNE DOBI, OSOBE U RIZIKU OD SIROMAŠTVA I SIROMAŠNE OSOBE, OSTALI, UDRUGE I GRAĐANSKE INICIJATIVE, VOLONTERI, ŽENE PODUZETNICE, ŽENE RURALNIH PODRUČJA, ŽENE S INVALIDITETOM, ŽENE ŽRTVE OBITELJSKOG NASILJA","[""4.6.2. Ostale djelatnosti socijalnog poduzetništva"", ""4.6.1. Promicanje razvoja socijalnog poduzetništva"", ""8.3. Međunarodna prijateljstva"", ""6.1.7. Zaštita i očuvanje nematerijalnih kulturnih dobara"", ""11.3.1. Pomoć žrtvama prirodnih katastrofa"", ""15.5. Ostale djelatnosti iz područja zaštite okoliša i prirode"", ""6.1.1. Zaštita i očuvanje materijalnih kulturnih dobara"", ""15.1.2. Očuvanje prirodne baštine"", ""7.10. Njegovanje zavičajnog identiteta"", ""6.1.9. Ostale djelatnosti kulturne baštine"", ""2.13. Razvoj lokalne zajednice"", ""11.3.3. Poboljšanje kvalitete života i zdravlja socijalno isključenih"", ""2.4.1. Promicanje i razvoj volonterstva""]",https://banovac.mfin.hr/rnoprt/Details?handler=Details&id=23743,"[""datagovhr:registar-udruga""]"
903,udruga-zena-barbaric-u-likvidaciji-barbarici-kravarski-3703,UDRUGA ŽENA BARBARIĆ U LIKVIDACIJI,Udruga Žena Barbarić u Likvidaciji,UŽB,registar-udruga,209035,01003400,79496293703,BRISAN,2020-08-08,2018-02-20,2018-01-21,UDRUGA,karitativna,niska,3.5,"[""opis:crkva"", ""opis:duhovnost"", ""djelatnost:3.1.1.""]","Stara Gora 69, Barbarići Kravarski",Stara Gora,69,Barbarići Kravarski,Barbarići Kravarski,Kravarsko,Zagrebačka,,,45.604842954176334,16.086388190717724,naselje-teziste,Sisačka Biskupija,derivirano-crkve.domovina.ai,,,091-5885-615,+385915885615,,Mirjana Antolić,Predsjednica Udruge,"Zadovoljavanje potreba članica u socijalnom, kulturnom,estetskom, humanitarnom, zdravstvenom, sportskom, edukativnom i tehničkom pogledu.",ŽENE,"[""6.1.8. Općekulturna (kulturološka) djelatnost"", ""10.1.1. Edukacija za održivi razvoj ruralnih područja"", ""11.2.13. Organiziranje slobodnih aktivnosti"", ""2.13. Razvoj lokalne zajednice"", ""11.1.1. Pomoć i podrška starijim osobama"", ""9.1.2. Cjeloživotno učenje i obrazovanje odraslih"", ""3.1.1. Promicanje religijske etike"", ""12.4.1. Grupni fitnes programi (aerobic, fitnes, pilates i dr.)""]",https://banovac.mfin.hr/rnoprt/Details?handler=Details&id=54055,"[""datagovhr:registar-udruga""]"
443,udruga-zena-pusca-donja-pusca-3644,UDRUGA ŽENA PUŠĆA,Udruga Žena Pušća,,registar-udruga,19617,01001007,53997833644,AKTIVAN,,1998-05-08,1998-05-05,UDRUGA,karitativna,niska,3.5,"[""opis:katolic"", ""opis:duhovnost""]","Kumrovečka cesta 107, Donja Pušća",Kumrovečka cesta,107,Donja Pušća,Donja Pušća,Pušća,Zagrebačka,10294,,45.91668221,15.77601438,dgu-adresa,Zagrebačka Nadbiskupija,derivirano-crkve.domovina.ai,dragica.milic7@gmail.com,,01/3355-090,+38513355090,,Dragica Milić,Predsjednica,"promicanje, razvitak i unapređenje duhovnih vrijednosti, čovječnosti, zdravlja, održavanje tradicije hrvatskih običaja udruga.",GRAĐANI – OPĆA POPULACIJA,"[""6.1.7. Zaštita i očuvanje nematerijalnih kulturnih dobara"", ""8.2. Međunarodna humanitarna pomoć"", ""6.1.1. Zaštita i očuvanje materijalnih kulturnih dobara"", ""12.9. Promocija sporta i zdravog načina življenja"", ""11.1.5. Pomoć i podrška osobama u riziku od siromaštva i socijalne isključenosti"", ""11.1.2. Pomoć i podrška osobama s invaliditetom"", ""11.2.10. Prevencija ovisnosti"", ""14.3. Prevencija i suzbijanje ovisnosti"", ""11.3.3. Poboljšanje kvalitete života i zdravlja socijalno isključenih""]",https://banovac.mfin.hr/rnoprt/Details?handler=Details&id=38104,"[""datagovhr:registar-udruga""]"
525,udruga-opera-selecta-trogir-9310,Udruga Opera selecta,Udruga Opera selecta,Opera selecta,registar-udruga,54051,17004169,38250519310,AKTIVAN,,2011-05-02,2011-02-19,UDRUGA,glazba,niska,3.5,"[""opis:katolic"", ""opis:duhovnost""]","Put Balana 55, Trogir",Put Balana,55,Trogir,Trogir,Trogir,Splitsko-dalmatinska,21220,,43.5132933,16.25219905,dgu-adresa,Splitsko-makarska Nadbiskupija,derivirano-crkve.domovina.ai,operaselecta@gmail.com,,098/527-101,+38598527101,,Vinko Buble,Predsjednik Udruge,"Promicanje, razvitak i unapređenje kulturno umjetničkog djelovanja članova; podizanje umjetničke kvalitete djelovanja; obogaćivanje kulturnog života zajednice; promicanje i očuvanje kulturne baštine Trogira i okolice; promicanje socijalne osjetljivosti; promicanje volonterizma; promicanje Republike Hrvatske u inozemstvu; pridonošenje produbljivanju vrednota Katoličke vjere; drugi ciljevi vezani uz kulturu, socijalnu osjetljivost i srodne ciljeve.",GRAĐANI – OPĆA POPULACIJA,"[""6.1.7. Zaštita i očuvanje nematerijalnih kulturnih dobara"", ""6.2.3. Glazba i glazbeno-scenske umjetnosti""]",https://banovac.mfin.hr/rnoprt/Details?handler=Details&id=39706,"[""datagovhr:registar-udruga""]"
830,udruga-svete-majke-terezije-resnik-kastel-stafilic-5560,Udruga Svete Majke Terezije - Resnik,Udruga Svete Majke Terezije - Resnik,,registar-udruga,209393,17005853,77238715560,AKTIVAN,,2018-03-27,2018-02-28,UDRUGA,obitelj,niska,3.5,"[""naziv:svetac"", ""opis:duhovnost"", ""djelatnost:3.1.1.""]","Mije Gunjala 10, Kaštel Štafilić",Mije Gunjala,10,Kaštel Štafilić,Kaštel Štafilić,Kaštela,Splitsko-dalmatinska,21217,,43.54626335,16.32303887,dgu-adresa,Splitsko-makarska Nadbiskupija,derivirano-crkve.domovina.ai,visic.ma@gmail.com,,095-5793-826,+385955793826,,Jerko Šustić,Potpredsjednik Udruge,okupljanje građana radi promicanja i unapređivanja kulturnih i vjerskih vrijednosti,GRAĐANI – OPĆA POPULACIJA,"[""15.1.2. Očuvanje prirodne baštine"", ""2.13. Razvoj lokalne zajednice"", ""2.4.1. Promicanje i razvoj volonterstva"", ""3.1.1. Promicanje religijske etike""]",https://banovac.mfin.hr/rnoprt/Details?handler=Details&id=54431,"[""datagovhr:registar-udruga""]"
1090,udruga-sv-ante-pustinjak-kotezi-kutac-3700,"Udruga sv. Ante Pustinjak, Kotezi-Kutac","Udruga sv. Ante Pustinjak, Kotezi-Kutac",Udruga Pustinjak,registar-udruga,270881,17007105,70666133700,AKTIVAN,,2026-04-17,2026-01-30,UDRUGA,molitvena,niska,3.5,"[""naziv:svetac"", ""opis:crkva"", ""opis:svetac"", ""opis:duhovnost"", ""djelatnost:3.3.""]","Kotezi 49A, Kotezi",Kotezi,49A,Kotezi,Kotezi,Vrgorac,Splitsko-dalmatinska,21276,,43.2015102,17.34511852,dgu-adresa,Splitsko-makarska Nadbiskupija,derivirano-crkve.domovina.ai,udrugasvetiantepustinjak@gmail.com,,091-2674-779,+385912674779,,Ante Rakić,Dopredsjednik Udruge,"Udruga je osnovana u cilju očuvanja, obnove i promicanja kulturne, sakralne i nematerijalne baštine Koteza i Kutca, s posebnim naglaskom na kapelicu sv. Ante Pustinjaka, te jačanje zajedništva lokalne zajednice i dijaspore.",GRAĐANI – OPĆA POPULACIJA,"[""3.3. Ostale djelatnosti iz područja duhovnosti"", ""6.1.1. Zaštita i očuvanje materijalnih kulturnih dobara""]",https://banovac.mfin.hr/rnoprt/Details?handler=Details&id=64337,"[""datagovhr:registar-udruga""]"
414,udruga-za-obnovu-kapele-sv-marije-lauretanske-pogancec-6606,Udruga za obnovu kapele Sv. Marije Lauretanske,Udruga za obnovu kapele Sv. Marije Lauretanske,,registar-udruga,19703,01000919,91875346606,AKTIVAN,,1998-01-22,1998-01-10,UDRUGA,zupna,niska,3.5,"[""naziv:crkva"", ""naziv:svetac"", ""opis:crkva"", ""djelatnost:14.duhovna"", ""opis:-ezoterija""]","Pogančec 18, Pogančec",Pogančec,18,Pogančec,Pogančec,Preseka,Zagrebačka,10346,,45.94618893,16.38580238,dgu-adresa,Bjelovarsko-križevačka Biskupija,derivirano-crkve.domovina.ai,,,,,,Slavko Hunjed,Predsjednik Udruge,,,"[""14.1.1. DUHOVNA VJERNIČKA DJELATNOST""]",,"[""datagovhr:registar-udruga""]"
1002,udruga-zena-velimirovac-7490,Udruga žena VELIMIROVAC,Udruga žena VELIMIROVAC,,registar-udruga,253729,14005011,91938757490,AKTIVAN,,2022-06-01,2022-05-19,UDRUGA,karitativna,niska,3.5,"[""opis:crkva"", ""opis:duhovnost"", ""djelatnost:3.1.1.""]","Ul. bana Jelačića 53a, Velimirovac",Ul. bana Jelačića,53a,Velimirovac,Velimirovac,Našice,Osječko-baranjska,31500,,45.52399657,18.10342682,dgu-adresa,Požeška Biskupija,derivirano-crkve.domovina.ai,dpralas.efos@gmail.com,,091-5572-593,+385915572593,,Doris Pralas,Predsjednica,"Cilj osnivanja Udruge je promicanje, razvitak i unapređenje kvalitete života članica u: socijalnom, kulturnom, estetskom, humanitarnom, zdravstvenom, sportskom, ekološkom, edukativnom i turističkom pogledu.","MLADI - OPĆA POPULACIJA, VOLONTERI, ŽENE","[""14.1.6. Unaprjeđenje kvalitete života osoba starije životne dobi"", ""6.1.8. Općekulturna (kulturološka) djelatnost"", ""15.2.4. Podizanje svijesti i aktivnosti za smanjenje otpada i povećanje recikliranja"", ""5.6. Ostale hobističke djelatnosti"", ""2.4.1. Promicanje i razvoj volonterstva"", ""15.2.5. Ostale djelatnosti zaštite okoliša"", ""11.3.1. Pomoć žrtvama prirodnih katastrofa"", ""12.9. Promocija sporta i zdravog načina življenja"", ""11.1.3. Pomoć i podrška djeci"", ""6.1.6. Zaštita kulturnih krajolika"", ""2.4.3. Ostale djelatnosti volonterstva"", ""11.1.2. Pomoć i podrška osobama s invaliditetom"", ""3.1.1. Promicanje religijske etike"", ""10.4. Ostale djelatnosti iz područja održivog razvoja"", ""12.4.6. Ostale djelatnosti sportske rekreacije"", ""15.5. Ostale djelatnosti iz područja zaštite okoliša i prirode"", ""11.1.1. Pomoć i podrška starijim osobama"", ""11.3.5. Ostale djelatnosti humanitarne pomoći""]",https://banovac.mfin.hr/rnoprt/Details?handler=Details&id=59862,"[""datagovhr:registar-udruga""]"
149,zajednica-dreznickih-srba-dreznica-0804,ZAJEDNICA DREŽNIČKIH SRBA,Zajednica Drežničkih Srba,ZDS,registar-udruga,15376,00001334,98372640804,AKTIVAN,,1999-03-04,1998-11-09,UDRUGA,molitvena,niska,3.5,"[""opis:duhovnost"", ""djelatnost:3.1.1."", ""djelatnost:3.1.2.""]","Spomendom 17, Drežnica",Spomendom,17,Drežnica,Drežnica,Ogulin,Karlovačka,,,45.150362960747735,15.074668431419285,naselje-teziste,Gospićko-senjska Biskupija,derivirano-crkve.domovina.ai,,,099 212 059,+38599212059,,Branka Radulović,Predsjednica Zajednice,"gospodarska i demografska revitalizacija mjesta Drežnice, uključujući sva naselja koja torne pojmu povijesno pripadaju; uspostava kontakata sa iseljenim Drežničanirna u cilju jačanja veza sa ovim krajem, posebno onima koji nastanjuju prostor prethodne Jugoslavije; jačanja veza sa matičnom zemljom radi unapređenja nacionalnog, kulturnog, vjerskog i jezičnog razvoja;prornicanja i zaštite nacionalnih interesa i prava u cjelini hrvatskog društva; uspostava kontakata sa lokalnom upravom i samoupravom, a posebno sa tijelima iste zaduženim za pitanja djelovanja nacionalnih zajednica ili manjina i ostvarivanja njihovih prava sa ciljem unapređenja istih suglasno Ustavu i Zakonu, očuvanje spomen objekata ( Spomendoma i Doma kulture u posjedu i vlasništvu) za rad, postojanje i opstanak manjine u Drežnici ( kulturne autonomije ); prikupljanje i zaštita spomeničkog blaga i kulturne baštine; razvijanje kulturnog i sportskog amaterizma, posebno kod mladih, te stvaranje uvjeta za realizaciju istog; pomoć u ostvarivanju osjećaja gospodarske, pravne, nacionalne i vjerske sigurnosti nacionalne manjine ovog kraja kao i pretpostavke za iskreno artikuliranje svojih manjinskih interesa naročito u domeni školske autonomije, a zatim sistematizacije i upućivanja istih tijelima državne uprave i samouprave, radi realizacije.",MANJINE - OPĆENITO,"[""12.4.4. Organiziranje i provođenje rekreacijskog vježbanja"", ""7.9. Zaštita prava nacionalne manjine"", ""3.1.1. Promicanje religijske etike"", ""4.6.1. Promicanje razvoja socijalnog poduzetništva"", ""6.1.1. Zaštita i očuvanje materijalnih kulturnih dobara"", ""9.1.6. Odgoj i obrazovanje za zaštitu i promicanje ljudskih prava"", ""3.1.2. Promocija i izgradnja međuvjerničkog dijaloga"", ""9.1.8. Odgoj i obrazovanje za zaštitu i promicanje povijesno-kulturne baštine i nacionalnoga identiteta""]",https://banovac.mfin.hr/rnoprt/Details?handler=Details&id=4656,"[""datagovhr:registar-udruga""]"
1127,zajednica-kraljice-mira-potpuno-tvoji-po-mariji-k-isusu-bijakovici-citluk-metkovic-100012,ZAJEDNICA KRALJICE MIRA - POTPUNO TVOJI PO MARIJI K ISUSU BIJAKOVIĆI - ČITLUK,Zajednica Kraljice Mira - Potpuno Tvoji po Mariji K Isusu Bijakovići - Čitluk,,strane-udruge,100012,000133,,AKTIVNA,,2005-04-28,,STRANA UDRUGA,molitvena,niska,3.5,"[""naziv:krscanski"", ""opis:krscanski"", ""djelatnost:14.duhovna""]","Ulica hrvatskih iseljenika 6, Metković",Ulica hrvatskih iseljenika,6,Metković,Metković,Metković,Dubrovačko-neretvanska,20350,"Čitluk, Bijakovići b.b., Međugorje, BOSNA I HERCEGOVINA",43.054643,17.64745876,dgu-adresa,Splitsko-makarska Nadbiskupija,derivirano-crkve.domovina.ai,,,,,,Ana Glasnović,Voditelj Udruge,,,"[""14.1. VJERNIČKA""]",,"[""datagovhr:strane-udruge""]"
12,zajednica-mladih-zrno-nade-lucko-9353,"ZAJEDNICA MLADIH ""ZRNO NADE""","Zajednica Mladih ""Zrno Nade""",,registar-udruga,40841,21005055,78015069353,BRISAN,2019-01-18,2006-11-17,2006-07-09,UDRUGA,molitvena,niska,3.5,"[""opis:liturgija"", ""opis:crkva"", ""opis:duhovnost"", ""djelatnost:14.duhovna""]","Sijačevo Šetalište 3, Lučko",Sijačevo Šetalište,3,Lučko,Lučko,Grad Zagreb,Grad Zagreb,10250,,45.76039442,15.88231475,dgu-adresa,Zagrebačka Nadbiskupija,derivirano-crkve.domovina.ai,,,,,,Nikola Tomečak,Predsjednik,,,"[""14.1.1. DUHOVNA VJERNIČKA DJELATNOST""]",,"[""datagovhr:registar-udruga""]"
841,zavicajni-klub-trosmarija-5413,"ZAVIČAJNI KLUB  ""TROŠMARIJA""","Zavičajni Klub ""Trošmarija""",ZK TROŠMARIJA,registar-udruga,224146,04001632,88936115413,AKTIVAN,,2019-11-06,2019-09-29,UDRUGA,sport,niska,3.5,"[""opis:duhovnost"", ""djelatnost:3.2.1."", ""djelatnost:3.1.1.""]","Trošmarija 25, Trošmarija",Trošmarija,25,Trošmarija,Trošmarija,Ogulin,Karlovačka,47300,,45.32240709,15.27038204,dgu-adresa,Gospićko-senjska Biskupija,derivirano-crkve.domovina.ai,dliposcak@mup.hr,,098 364 810,+38598364810,,Dražen Lipošćak,Predsjednik,"poticanje na okupljanje i međusobno povezivanje stanovnika i građana porijeklom iz trošmarskog kraja, očuvanje i promdžba kulturnih, vjerskih, tradicijskih i drugih vrijednosti Trošmarije i trošmarskog kraja.","BRANITELJI - VETERANI, DAROVITA DJECA I MLADI, DJECA - OPĆA POPULACIJA, GRAĐANI – OPĆA POPULACIJA, LOKALNA I REGIONALNA SAMOUPRAVA, MLADI - OPĆA POPULACIJA, OBITELJI, OSOBE STARIJE ŽIVOTNE DOBI, REGIONALNA ILI LOKALNA SAMOUPRAVA, RURALNO STANOVNIŠTVO, UDRUGE I GRAĐANSKE INICIJATIVE","[""3.2.1. Promicanje duhovnih aktivnosti"", ""3.1.1. Promicanje religijske etike"", ""1.1.1. Promicanje vrijednosti Domovinskog rata"", ""12.4.3. Tjelesne aktivnosti i igre koje se organizirano izvode radi unapređenja zdravlja i rekreacije"", ""6.1.6. Zaštita kulturnih krajolika"", ""6.1.1. Zaštita i očuvanje materijalnih kulturnih dobara"", ""1.1.3. Zaštita interesa hrvatskih ratnih vojnih invalida iz Domovinskog rata"", ""11.1.4. Pomoć i podrška mladima"", ""11.1.3. Pomoć i podrška djeci"", ""1.1.2. Zaštita interesa hrvatskih branitelja iz Domovinskog rata i članova njihovih obitelji"", ""6.1.7. Zaštita i očuvanje nematerijalnih kulturnih dobara"", ""18.93. Sportska rekreacija (Sport za sve)"", ""11.1.5. Pomoć i podrška osobama u riziku od siromaštva i socijalne isključenosti""]",https://banovac.mfin.hr/rnoprt/Details?handler=Details&id=56919,"[""datagovhr:registar-udruga""]"
420,zavicajni-klub-hrtkovcana-gomolava-u-likvidaciji-zagreb-9272,"ZAVIČAJNI KLUB  HRTKOVČANA  ""GOMOLAVA"" U LIKVIDACIJI","Zavičajni Klub Hrtkovčana ""Gomolava"" u Likvidaciji",Z.K. GOMOLAVA,registar-udruga,16405,00000313,72630199272,BRISAN,2019-10-28,1998-02-25,1998-01-10,UDRUGA,sport,niska,3.5,"[""opis:zupa"", ""opis:klerik"", ""opis:duhovnost""]","Ulica grada Vukovara 235, Zagreb",Ulica grada Vukovara,235,Zagreb,Zagreb,Grad Zagreb,Grad Zagreb,10000,,45.80149797,15.99035531,dgu-adresa,Zagrebačka Nadbiskupija,derivirano-crkve.domovina.ai,zlatko.zuzic@xnet.hr,https://www.udruga-hrvata-iz-srijema.hr,01/2913-840 098/716-095,,,Antun Plivelić,Predsjednik,,,"[""11.1.1. ZAVIČAJNA DJELATNOST""]",https://banovac.mfin.hr/rnoprt/Details?handler=Details&id=7267,"[""datagovhr:registar-udruga""]"
230,zavicajni-klub-marinbrod-4302,ZAVIČAJNI KLUB MARINBROD,Zavičajni Klub Marinbrod,ZKM,registar-udruga,11844,03000681,61596464302,AKTIVAN,,1999-02-01,1999-01-19,UDRUGA,sport,niska,3.5,"[""opis:stepinac"", ""opis:krscanski"", ""opis:crkva""]","Marinbrod 41, Marinbrod",Marinbrod,41,Marinbrod,Marinbrod,Glina,Sisačko-moslavačka,44400,,45.3856572,16.14115322,dgu-adresa,Sisačka Biskupija,derivirano-crkve.domovina.ai,ivo.zinic@gmail.com,https://www.marinbrod.hr,098 430 644,+38598430644,,Ivo Žinić,Predsjednik Kluba,"- okupljanje mještana naselja Marinbrod, kao i svih osoba koje su na bilo koji način ( opisano u članku 1.) vezane uz naselje Marinbrod; njegovanje kulturnih tradicija naselja Marinbrod, njegovanje športskih tradicija naselja Marinbrod; njegovanje povijesnih tradicija naselja Marinbrod; prigodno obilježavanje značajnih obljetnica naselja Marinbrod, poput obljetnice dobivanja imena naselja Marinbrod, obljetnice nastanka naselja na mjestu današnjeg Marinbrod, obljetnice oslobođenja naselja od privremenih okupatora tijekom ratova kroz povijest, kao i obilježavanje drugih značajnih datuma iz povijesti Marinbroda; promicanje interesa svojih članova; povezivanje putem zajedničkih interesa s ostalim zavičajnim klubovima; njegovanje tradicije i čuvanje ugleda, časti i slave uglednih osoba iz povijesti Marinbrod; pružanje pomoći članstvu i njihovim obiteljima; organiziranje društvenih, kulturnih i sportsko-rekreativnih aktivnosti svojih članova, druge aktivnosti od općeg interesa za članove kluba i mještane Marinbroda.","DJECA - OPĆA POPULACIJA, GRAĐANI – OPĆA POPULACIJA, MLADI - OPĆA POPULACIJA, OSTALI","[""20.99.99. OSTALE DJELATNOSTI"", ""10.2.6. Ostale djelatnosti razvoja urbanih područja"", ""8.1.8. Zaštita okoliša i prirode"", ""4.8. Turizam"", ""10.3.2. Održivi turizam"", ""7.10. Njegovanje zavičajnog identiteta"", ""6.1.7. Zaštita i očuvanje nematerijalnih kulturnih dobara"", ""6.1.9. Ostale djelatnosti kulturne baštine"", ""4.9. Ugostiteljstvo"", ""10.1.4. Ostale aktivnosti vezane za razvoj ruralnih područja"", ""11.5. Ostale socijalne djelatnosti"", ""10.3.3. Ostale djelatnosti održivog gospodarskog razvoja"", ""11.2.14. Pomoć i podrška u vlastitom domu i zajednici"", ""11.2.13. Organiziranje slobodnih aktivnosti"", ""6.1.1. Zaštita i očuvanje materijalnih kulturnih dobara"", ""12.5.1. Organiziranje i provođenje pustolovnih, višesportskih i dr. projekata, susreta i turnira"", ""12.4.4. Organiziranje i provođenje rekreacijskog vježbanja"", ""12.8. Organiziranje i razvijanje sportskih udruga i sportskih djelatnosti"", ""12.9. Promocija sporta i zdravog načina življenja"", ""12.4.5. Organiziranje sportsko rekreacijskih natjecanja i sportsko rekreativnih edukativnih projekata i programa"", ""12.6. Upravljanje sportskim objektima"", ""12.10. Strukovne udruge u sportu"", ""12.4.1. Grupni fitnes programi (aerobic, fitnes, pilates i dr.)"", ""12.5.2. Organiziranje sportskih edukativnih projekata i programa (kampovi, škole, priredbe, festivali, radionice) za poticanje bavljenja sportom i tjelesnim vježbanjem"", ""12.7. Organiziranje i provođenje adaptiranog i zdravstveno usmjerenog tjelesnog vježbanja"", ""12.4.2. Individualni fitnes programi"", ""12.4.3. Tjelesne aktivnosti i igre koje se organizirano izvode radi unapređenja zdravlja i rekreacije""]",https://banovac.mfin.hr/rnoprt/Details?handler=Details&id=9422,"[""datagovhr:registar-udruga""]"
779,zavicajno-braniteljska-udruga-sibic-0899,ZAVIČAJNO-BRANITELJSKA UDRUGA SIBIĆ,Zavičajno-braniteljska Udruga Sibić,ZBUS,registar-udruga,205782,03002075,45431590899,AKTIVAN,,2017-03-08,2017-02-25,UDRUGA,glazba,niska,3.5,"[""opis:duhovnost"", ""djelatnost:3.2.1."", ""djelatnost:3.1.1.""]","Sibić 3A, Sibić",Sibić,3A,Sibić,Sibić,Petrinja,Sisačko-moslavačka,44250,,45.40685135,16.1961507,dgu-adresa,Sisačka Biskupija,derivirano-crkve.domovina.ai,udruga.zbus@gmail.com,,091-3300-141,+385913300141,,Boris Dražetić,Predsjednik,"- okupljanje mještana sela Sibić kao i svih osoba koje su na bilo koji način vezane uz selo Sibić; Obnova i izgradnja kulturnih,vjerskih te športskih objekata na području sela Sibić sa ciljem razvoja kulture,športa te okupljanja mještana; promicanje duhovnosti i religije; očuvanje kulturne baštine, narodnih običaja te promicanje kulturno-umjetničkog amaterizma  i njegovanja tradicije sela Sibić; pružanje pomoći socijalno ugroženim članovima te  njihovim obiteljima; organiziranje društvenih, kulturnih i športsko-rekreativnih aktivnosti te organiziranje prigodnih proslava i obilježavanje obljetnica značajnih za selo Sibić; uređivanje okoliša ,okućnica, zapuštenih poljoprivrednih površina, poljskih i šumskih putova; poticanje ruralnog razvoja sela te podizanje ekološke svijesti mještana; davanje logistike pri većim radovima u selu Sibić; poticanje i promoviranje poljoprivredne proizvodnje, očuvanje prirode, zaštite okoliša, seoskog turizma, planinarstva, šetnje, lova i ribolova; poticanje mladih na aktivno sudjelovanje u društvu te ostanak na selu; poticanje naseljavanja s ciljem demografske obnove sela; održavanje spomena na poginule hrvatske branitelje i ubijene civile sela Sibić u Domovinskom ratu i drugim ratovima u kojima su stradali mještani s prostora sela Sibić  (I. i II. svjetski rat ); pomoć hrvatskim braniteljima sela te izgradnja i održavanje spomen obilježja značajnih za selo Sibić; suradnja sa tijelima lokalne samouprave Grada Petrinje i ostalim tijelima lokalne i  regionalne samouprave u Republici Hrvatskoj; povezivanje putem zajedničkih interesa s ostalim zavičajnim klubovima i udrugama; druge aktivnosti od općeg interesa za članove Udruge i mještane sela Sibić.","BRANITELJI - VETERANI, CIVILNI STRADALNICI, DJECA - OPĆA POPULACIJA, GRAĐANI – OPĆA POPULACIJA, INVALIDI DOMOVINSKOG RATA, MLADI - OPĆA POPULACIJA, OBITELJI, OBITELJI BRANITELJA, OBITELJI S TROJE I VIŠE DJECE, OSOBE STARIJE ŽIVOTNE DOBI, POLJOPRIVREDNICI I RIBARI, RATNI STRADALNICI, RODITELJI, RURALNO STANOVNIŠTVO, VOLONTERI, ŽENE, ŽENE RURALNIH PODRUČJA","[""4.5.5. Stočarstvo"", ""15.1.1. Očuvanje posebno vrijednih prirodnih područja i drugih prostora"", ""4.5.3. Ratarstvo"", ""4.5.8. Voćarstvo"", ""4.5.6. Šumarstvo"", ""4.5.7. Vinarstvo i vinogradarstvo"", ""10.1.3. LEADER pristup razvoju ruralnih područja"", ""15.2.4. Podizanje svijesti i aktivnosti za smanjenje otpada i povećanje recikliranja"", ""10.1.2. Planiranje razvoja ruralnih područja"", ""4.5.2. Pčelarstvo"", ""15.2.3. Zaštita i održivo korištenje tla"", ""4.5.4. Ribarstvo"", ""10.1.1. Edukacija za održivi razvoj ruralnih područja"", ""15.1.2. Očuvanje prirodne baštine"", ""10.1.5. Zaštita javnih dobara u ruralnim područjima"", ""4.5.1. Lovstvo"", ""15.2.1. Zaštita i održivo korištenje šuma"", ""15.2.2. Zaštita voda i mora"", ""11.1.7. Pomoć i podrška obitelji"", ""3.2.1. Promicanje duhovnih aktivnosti"", ""6.2.6. Glazbene i scenske manifestacije i festivali"", ""3.1.1. Promicanje religijske etike"", ""6.2.4. Kulturno-umjetnički (glazbeni i scenski) amaterizam"", ""2.13. Razvoj lokalne zajednice"", ""2.5. Promicanje društvene solidarnosti"", ""2.4.1. Promicanje i razvoj volonterstva"", ""6.1.7. Zaštita i očuvanje nematerijalnih kulturnih dobara"", ""1.1.1. Promicanje vrijednosti Domovinskog rata"", ""1.1.2. Zaštita interesa hrvatskih branitelja iz Domovinskog rata i članova njihovih obitelji"", ""1.2.2. Zaštita interesa civilnih stradalnika i njihovih obitelji"", ""6.1.6. Zaštita kulturnih krajolika"", ""11.1.3. Pomoć i podrška djeci"", ""7.10. Njegovanje zavičajnog identiteta"", ""1.3.2. Zaštita interesa sudionika i stradalnika II. svjetskog rata i poslijeratnog razdoblja"", ""11.1.1. Pomoć i podrška starijim osobama"", ""6.1.1. Zaštita i očuvanje materijalnih kulturnih dobara"", ""12.4.5. Organiziranje sportsko rekreacijskih natjecanja i sportsko rekreativnih edukativnih projekata i programa"", ""1.2.1. Zaštita interesa članova obitelji smrtno stradaloga, zatočenoga ili nestaloga hrvatskog branitelja iz Domovinskog rata"", ""1.1.3. Zaštita interesa hrvatskih ratnih vojnih invalida iz Domovinskog rata"", ""11.1.4. Pomoć i podrška mladima"", ""2.12. Razvoj civilnoga društva""]",https://banovac.mfin.hr/rnoprt/Details?handler=Details&id=52240,"[""datagovhr:registar-udruga""]"
979,zavicajna-kulturna-udruga-fra-filip-grabovac-vrlika-9160,Zavičajna kulturna udruga ''fra Filip Grabovac'',Zavičajna kulturna udruga ''fra Filip Grabovac'',ZKU ''fra Filip Grabovac'',registar-udruga,249609,17006472,48317519160,AKTIVAN,,2022-02-07,2021-11-15,UDRUGA,kultura,niska,3.5,"[""naziv:fra"", ""opis:caritas""]","Petra Mišura 2, Vrlika",Petra Mišura,2,Vrlika,Vrlika,Vrlika,Splitsko-dalmatinska,21236,,43.91136112,16.39538242,dgu-adresa,Splitsko-makarska Nadbiskupija,derivirano-crkve.domovina.ai,fra.filip.grabovac@gmail.com,,491789353038,,,Ivan Režić,Predsjednik Udruge,"Promicanje kulturne i prirodne baštine vrličkog kraja, te poticanje njegova daljnjeg istraživanja.",GRAĐANI – OPĆA POPULACIJA,"[""9.2.9. Znanstvenoistraživački rad"", ""9.2.10. Organizacija domaćih i međunarodnih znanstvenih i znanstvenostručnih skupova, škola, kongresa i seminara"", ""9.2.11. Izdavanje znanstvenih i stručnih publikacija"", ""6.1.7. Zaštita i očuvanje nematerijalnih kulturnih dobara"", ""6.4.6. Književno-nakladničke manifestacije"", ""6.1.8. Općekulturna (kulturološka) djelatnost"", ""6.4.3. Nakladnička i knjižarska djelatnost"", ""6.1.1. Zaštita i očuvanje materijalnih kulturnih dobara"", ""11.3.5. Ostale djelatnosti humanitarne pomoći""]",https://banovac.mfin.hr/rnoprt/Details?handler=Details&id=59327,"[""datagovhr:registar-udruga""]"
240,hrvatski-savez-udruga-dragovoljaca-domovinskog-rata-zagreb-8750,"""HRVATSKI SAVEZ UDRUGA DRAGOVOLJACA DOMOVINSKOG RATA""","""Hrvatski Savez Udruga Dragovoljaca Domovinskog Rata""","""HSUDDR""",registar-udruga,15003,00001720,73105268750,AKTIVAN,,2000-04-18,2000-02-05,SAVEZ UDRUGA,molitvena,niska,3.0,"[""opis:pokret"", ""opis:duhovnost"", ""djelatnost:3.2.1."", ""djelatnost:3.2.2.""]","Ivanićgradska ulica 66, Zagreb",Ivanićgradska ulica,66,Zagreb,Zagreb,Grad Zagreb,Grad Zagreb,10135,,45.80137181,16.02045121,dgu-adresa,Zagrebačka Nadbiskupija,derivirano-crkve.domovina.ai,sinisa.pavelic@zg.t-com.hr,,091/5200-238,+385915200238,,Ivana Pavelić,Zamjenica Predsjednika,"Zaštita statusa i promicanje interesa hrvatskih dragovoljaca Domovinskog rata, pomoć u ostvarivanju prava hrvatskih dragovoljaca Domovinskog rata i članova njihovih obitelji,
promicanje i zaštita stečevina Domovinskog rata i njegovih sudionika, te iniciranje i sudjelovanje u njegovom znanstvenom, kulturnom, vjerskom i spomeničkom iskazivanju
uključivanjem sudionika Domovinskog rata, članova njihovih obitelji i ostalih građana projekte i programe. podizanje kvaliteta života pojedinca i unaprjeđivanje razvoja šire društvene zajednice,promicanje djelatnosti članova i Udruge u skladu s pozitivnim propisima Republike Hrvatske, a poglavito Zakona o hrvatskim braniteljima.","BRANITELJI - VETERANI, OBITELJI BRANITELJA","[""11.3.5. Ostale djelatnosti humanitarne pomoći"", ""9.1.2. Cjeloživotno učenje i obrazovanje odraslih"", ""9.1.1. Razvoj i promicanje odgoja i obrazovanja"", ""2.4.1. Promicanje i razvoj volonterstva"", ""11.1.5. Pomoć i podrška osobama u riziku od siromaštva i socijalne isključenosti"", ""9.1.8. Odgoj i obrazovanje za zaštitu i promicanje povijesno-kulturne baštine i nacionalnoga identiteta"", ""11.1.2. Pomoć i podrška osobama s invaliditetom"", ""1.1.1. Promicanje vrijednosti Domovinskog rata"", ""3.2.1. Promicanje duhovnih aktivnosti"", ""11.3.3. Poboljšanje kvalitete života i zdravlja socijalno isključenih"", ""3.2.2. Poticanje osobnog razvoja"", ""1.1.2. Zaštita interesa hrvatskih branitelja iz Domovinskog rata i članova njihovih obitelji"", ""9.1.9. Odgoj i obrazovanje za održivi razvoj, zdrave načine života i očuvanje prirode"", ""7.2. Prava aktivnih sudionika i stradalnika Domovinskog rata"", ""1.2.1. Zaštita interesa članova obitelji smrtno stradaloga, zatočenoga ili nestaloga hrvatskog branitelja iz Domovinskog rata""]",https://banovac.mfin.hr/rnoprt/Details?handler=Details&id=14707,"[""datagovhr:registar-udruga""]"
199,mali-svjetionik-zagreb-3000,"""MALI SVJETIONIK""","""Mali Svjetionik""","""MS""",registar-udruga,14805,00000061,54255353000,AKTIVAN,,1997-12-29,1996-11-23,UDRUGA,karitativna,niska,3.0,"[""opis:caritas"", ""opis:krscanski"", ""djelatnost:3.3.""]","Strojarska cesta 20, Zagreb",Strojarska cesta,20,Zagreb,Zagreb,Grad Zagreb,Grad Zagreb,10000,,45.80360871,15.98930736,dgu-adresa,Zagrebačka Nadbiskupija,derivirano-crkve.domovina.ai,malisvjetionik@gmail.com,https://www.malisvjetionik.hr,095-9053-862,+385959053862,,Kristijan Cinotti,Predsjednik,Cilj osnivanja Udruge je inspirirati integritet u svakodnevnom životu i radu te poticati primjenu biblijskih vrednota i etike u vodstvu i poslovanju.,"GRAĐANI – OPĆA POPULACIJA, MALI I SREDNJI PODUZETNICI I OBRTNICI, POSLODAVCI","[""3.3. Ostale djelatnosti iz područja duhovnosti""]",https://banovac.mfin.hr/rnoprt/Details?handler=Details&id=6415,"[""datagovhr:registar-udruga""]"
34,udruga-stovatelja-lika-sv-nikole-podgorci-2139,"""UDRUGA ŠTOVATELJA LIKA SV. NIKOLE""","""Udruga Štovatelja Lika sv. Nikole""",,registar-udruga,47175,07001103,67964842139,BRISAN,2019-01-18,2008-12-29,2008-12-17,UDRUGA,molitvena,niska,3.0,"[""naziv:svetac"", ""opis:crkva"", ""opis:duhovnost"", ""djelatnost:14.duhovna""]","Podgorci 0, Podgorci",Podgorci,0,Podgorci,Podgorci,Rovišće,Bjelovarsko-bilogorska,,,45.96616791929946,16.790520700454465,naselje-teziste,Bjelovarsko-križevačka Biskupija,derivirano-crkve.domovina.ai,,,,,,Roko Tomić,Predsjednik,,,"[""14.1.1. DUHOVNA VJERNIČKA DJELATNOST""]",,"[""datagovhr:registar-udruga""]"
107,zajednica-kraljice-mira-potpuno-tvoji-po-mariji-k-isusu-zagreb-3203,"""ZAJEDNICA KRALJICE MIRA - POTPUNO TVOJI PO MARIJI K ISUSU""","""Zajednica Kraljice Mira - Potpuno Tvoji po Mariji K Isusu""","""ZAJEDNICA KRALJICE MIRA""",registar-udruga,3203,21000843,,BRISAN,2003-04-07,1996-12-10,1996-11-15,UDRUGA,molitvena,niska,3.0,"[""naziv:krscanski"", ""opis:duhovnost"", ""djelatnost:14.duhovna""]","Fancevljev prilaz 9, Zagreb",Fancevljev prilaz,9,Zagreb,Zagreb,Grad Zagreb,Grad Zagreb,10010,,45.77422819,15.99649821,dgu-adresa,Zagrebačka Nadbiskupija,derivirano-crkve.domovina.ai,,,,,,Ljiljana Zlatunić,Predsjednik Udruge,,,"[""14.1.1. DUHOVNA VJERNIČKA DJELATNOST""]",,"[""datagovhr:registar-udruga""]"
852,akademska-udruga-srpske-omladine-josif-runjanin-vukovar-9171,"AKADEMSKA UDRUGA SRPSKE OMLADINE "" JOSIF RUNJANIN""","Akademska Udruga Srpske Omladine ""Josif Runjanin""","AUSO "" JOSIF RUNJANIN""",registar-udruga,220868,16002329,58119379171,BRISAN,2024-02-14,2019-07-22,2019-07-05,UDRUGA,mladi,niska,3.0,"[""opis:vjernici"", ""opis:duhovnost"", ""djelatnost:3.1.2.""]","Eugena Kvaternika 1, Vukovar",Eugena Kvaternika,1,Vukovar,Vukovar,Vukovar,Vukovarsko-srijemska,32000,,45.34826493,18.99764712,dgu-adresa,Đakovačko-osječka Nadbiskupija,derivirano-crkve.domovina.ai,udruzenjejosifrunjanin@gmail.com,,099-4507-939,+385994507939,,Marija Andrijin,Predsjednica,"Promicanje,   razvijanje     i   unapređenje   europskog   sustava   vrijednosti, demokratskih   tekovina ,  ljudskih  prava  i  prava  mladih  te  prava  zagarantiranih Erdutskim  sporazumom,  informiranje  mladih  o njima bliskim temama uz aktivno 
            poticanje društvenog i  socijalnog  poduzetništva,   informiranje  mladih o mogućnostima zapošljavanja i pomaganje u pronalasku  posla , poticanje  mladih  na  aktivno  sudjelovanje  u  društvu, poticanje mladih na volontiranje   i   pružanje   pomoći  
            socijalno  osjetljivim ,   marginaliziranim   grupama   ljudi, promicanje   i   zaštita    prava  mladih  pripadnika  srpske nacionalne manjine   u  Republici  Hrvatskoj, unapređenje zakonodavnog, institucionalnog, financijskog i strateškog okvira za rad 
            udruga mladih i za mlade, podizanje svijesti mladih pripadnika srpske nacionalne manjine njihovom zavičajnom, kulturnom, nacionalnom, duhovnom i političkom identitetu, okupljanje mladih radi stjecanja novih znanja i poznanstava s pripadnicima 
            srpske nacionalne manjine, ali i pripadnicima drugih naroda, povezivanje mladih pripadnika srpske nacionalne manjine sa sličnim udrugama pripadnika većinskog naroda, udrugama pripadnika drugih nacionalnih manjina i sličnim udrugama iz 
            inozemstva.","AKADEMSKA ZAJEDNICA, DAROVITA DJECA I MLADI, DJECA - OPĆA POPULACIJA, MANJINE - OPĆENITO, MLADI - OPĆA POPULACIJA, NACIONALNE MANJINE, STUDENTI, UDRUGE I GRAĐANSKE INICIJATIVE, UČENICI, VOLONTERI, ŽENE PRIPADNICE NACIONALNIH MANJINA","[""2.14.4. Praćenje društvene odgovornosti medija"", ""2.13. Razvoj lokalne zajednice"", ""6.1.8. Općekulturna (kulturološka) djelatnost"", ""7.5.2. Suzbijanje rasne diskriminacije"", ""11.1.3. Pomoć i podrška djeci"", ""7.5.4. Zaštita obitelji"", ""9.1.8. Odgoj i obrazovanje za zaštitu i promicanje povijesno-kulturne baštine i nacionalnoga identiteta"", ""7.5.5. Zaštita prava djece"", ""11.1.5. Pomoć i podrška osobama u riziku od siromaštva i socijalne isključenosti"", ""2.6. Interkulturalni dijalog"", ""2.2. Promicanje nenasilja i izgradnja mira"", ""7.10. Njegovanje zavičajnog identiteta"", ""11.3.3. Poboljšanje kvalitete života i zdravlja socijalno isključenih"", ""2.4.1. Promicanje i razvoj volonterstva"", ""2.1. Obrazovanje za demokratsko građanstvo"", ""9.2.12. Popularizacija znanosti"", ""3.1.2. Promocija i izgradnja međuvjerničkog dijaloga"", ""2.3.1. Prevencija nasilja među djecom i mladima"", ""6.1.7. Zaštita i očuvanje nematerijalnih kulturnih dobara"", ""11.3.4. Pomoć u podmirivanju osnovnih životnih potreba"", ""2.5. Promicanje društvene solidarnosti"", ""11.1.4. Pomoć i podrška mladima"", ""7.6. Vjerska prava i slobode"", ""9.1.1. Razvoj i promicanje odgoja i obrazovanja"", ""6.6. Medijska kultura"", ""7.5.1. Ravnopravnost spolova"", ""9.1.10. Međunarodna suradnja i mobilnost u obrazovanju"", ""11.1.7. Pomoć i podrška obitelji"", ""9.1.6. Odgoj i obrazovanje za zaštitu i promicanje ljudskih prava"", ""2.12. Razvoj civilnoga društva"", ""11.1.6. Pomoć i podrška nezaposlenima"", ""9.1.5. Odgoj i obrazovanje za aktivno sudjelovanje u razvoju demokratske kulture"", ""2.10. Poticanje participativne demokracije/sudjelovanja građana u odlučivanju"", ""9.2.13. Umrežavanje i međunarodna znanstvena i stručna suradnja"", ""6.1.1. Zaštita i očuvanje materijalnih kulturnih dobara"", ""8.3. Međunarodna prijateljstva"", ""7.9. Zaštita prava nacionalne manjine"", ""9.1.7. Poticanje kreativnosti i stvaralaštva u odgoju i obrazovanju"", ""7.5.6. Zaštita prava mladih"", ""9.2.10. Organizacija domaćih i međunarodnih znanstvenih i znanstvenostručnih skupova, škola, kongresa i seminara"", ""9.2.9. Znanstvenoistraživački rad""]",https://banovac.mfin.hr/rnoprt/Details?handler=Details&id=56110,"[""datagovhr:registar-udruga""]"
1200,atletski-klub-alojzije-stepinac-zadar-8683,ATLETSKI KLUB ALOJZIJE STEPINAC ZADAR,Atletski Klub Alojzije Stepinac Zadar,AK ALOJZIJE STEPINAC ZADAR,registar-udruga,37873,13000826,35240858683,AKTIVAN,,2005-10-13,2005-08-24,UDRUGA,sport,niska,3.0,"[""naziv:stepinac"", ""opis:-islam"", ""naziv:jak-pojam""]","Ulica Domovinskog rata 7, Zadar",Ulica Domovinskog rata,7,Zadar,Zadar,Zadar,Zadarska,23000,,44.11825614,15.24226299,dgu-adresa,Zadarska Nadbiskupija,derivirano-crkve.domovina.ai,akastepinac@net.hr,,,,,Mladen Peša,Predsjednik Kluba,"Cilj Kluba je poticanje, razvijanje i unapređivanje atletskog športa i razvitak odgojnih, moralnih, etičkih i športskih vrijednosti kod svojih članova bavljenjem športom.","DJECA - OPĆA POPULACIJA, GRAĐANI – OPĆA POPULACIJA, MLADI - OPĆA POPULACIJA, SPORTAŠI","[""1.2.7. ATLETIKA"", ""12.1. Sudjelovanje u sportskom natjecanju"", ""18.1. ATLETIKA"", ""12.3. Sportska poduka"", ""12.6. Upravljanje sportskim objektima"", ""12.2. Sportska priprema"", ""12.9. Promocija sporta i zdravog načina življenja""]",,"[""datagovhr:registar-udruga""]"
490,biciklisticki-klub-sveti-franjo-okucani-5471,"Biciklistički klub ""Sveti Franjo""","Biciklistički klub ""Sveti Franjo""","BK"" SVETI FRANJO""",registar-udruga,51535,12001265,88777385471,AKTIVAN,,2010-06-30,2010-06-20,UDRUGA,sport,niska,3.0,"[""naziv:svetac"", ""opis:franjevci"", ""opis:pokret"", ""opis:krscanski"", ""opis:duhovnost"", ""sport:-svetac-u-imenu""]","Ulica kardinala bl. Alojzija Stepinca 5a, Okučani",Ulica kardinala bl. Alojzija Stepinca,5a,Okučani,Okučani,Okučani,Brodsko-posavska,35430,,45.26028526,17.20137755,dgu-adresa,Požeška Biskupija,derivirano-crkve.domovina.ai,simunklar@gmail.com,,0915562455,+385915562455,,Matej Jakić,Dopredsjednik Kluba,Klub je osnovan s ciljem promicanja i razvitka biciklističkog sporta na području i izvan područja  Republike Hrvatske.,"DJECA - OPĆA POPULACIJA, GRAĐANI – OPĆA POPULACIJA","[""1.2.25. BICIKLIZAM""]",https://banovac.mfin.hr/rnoprt/Details?handler=Details&id=47212,"[""datagovhr:registar-udruga""]"
209,centar-za-duhovnu-pomoc-zagreb-5503,CENTAR ZA DUHOVNU POMOĆ,Centar za Duhovnu Pomoć,CDP,registar-udruga,15853,00000873,87641655503,AKTIVAN,,1998-06-19,1990-08-20,UDRUGA,karitativna,niska,3.0,"[""naziv:duhovnost"", ""opis:pokret"", ""djelatnost:3.3.""]","Vodnikova ulica 2, Zagreb",Vodnikova ulica,2,Zagreb,Zagreb,Grad Zagreb,Grad Zagreb,10000,,45.8055648,15.96903959,dgu-adresa,Zagrebačka Nadbiskupija,derivirano-crkve.domovina.ai,cdp@cdp.hr,https://www.cdp.hr,01-4829-829,+38514829829,,Nevenka Bohaček,Predsjednica,"Primjena i razvoj antropološke medicine i hagioterapije. Promicanje znanja o antropološkom zdravlju pojedinaca, obitelji i društva koje se postiže oslobadanjem, odnosno ozdravljenjem patoloških stanja čovjekove antropološke strukture, a koja se očituju u traumama, moralnim patnjama, konfliktima, ovisnostima, suicidalnim mislima, beznađu, depresiji i agresivnosti u skladu s principima hagioterapije. Unapređenje antropološkog zdravlja djece i mladih, te prevencija patoloških stanja njihove antropološke strukture.
Unapređenje kvalitete života osoba starije životne dobi, osoba s invaliditetom te osoba s mentalnim oboljenjima. Pomoć u liječenju uzroka kod mentalnih i simptomatskih tjelesnih bolesti. Prevencija nasilja i agresivnosti, prevencija ovisnosti .Podizanje svijesti osoba o važnosti prevencije i zaštite zdravlja u smislu cjelovitog pristupa čovjeku i društvu u cjelini.","BRANITELJI - VETERANI, DJECA - OPĆA POPULACIJA, DJECA S POREMEĆAJIMA U PONAŠANJU, GRAĐANI – OPĆA POPULACIJA, MLADI - OPĆA POPULACIJA, MLADI S RIZIČNIM OBLICIMA PONAŠANJA, OBITELJI, OSOBE STARIJE ŽIVOTNE DOBI, OVISNICI I LIJEČENI OVISNICI, RODITELJI, ZATVORENICI I BIVŠI ZATVORENICI, ŽRTVE NASILJA","[""9.2.14. Strukovne udruge u području znanosti, stručnog rada i istraživanja"", ""14.3. Prevencija i suzbijanje ovisnosti"", ""2.3.3. Prevencija nasilja u vezama"", ""3.3. Ostale djelatnosti iz područja duhovnosti"", ""11.1.3. Pomoć i podrška djeci"", ""11.2.1. Savjetovanje i pomaganje"", ""11.2.10. Prevencija ovisnosti"", ""2.3.1. Prevencija nasilja među djecom i mladima"", ""11.1.4. Pomoć i podrška mladima"", ""11.1.7. Pomoć i podrška obitelji"", ""2.3.2. Prevencija nasilja u obitelji"", ""11.1.10. Pomoć i podrška žrtvama obiteljskog nasilja"", ""2.3.4. Ostale djelatnosti prevencije nasilja"", ""11.2.11. Stručna pomoć i podrška"", ""9.2.10. Organizacija domaćih i međunarodnih znanstvenih i znanstvenostručnih skupova, škola, kongresa i seminara"", ""11.1.2. Pomoć i podrška osobama s invaliditetom"", ""14.1.3. Prevencija i zaštita mentalnog zdravlja""]",https://banovac.mfin.hr/rnoprt/Details?handler=Details&id=7733,"[""datagovhr:registar-udruga""]"
1056,centar-za-povratak-hrvatskog-iseljenistva-i-poduzetnistvo-povratak2hrvatska-zagreb-3795,"CENTAR ZA POVRATAK HRVATSKOG ISELJENIŠTVA I PODUZETNIŠTVO ""POVRATAK2HRVATSKA""","Centar za Povratak Hrvatskog Iseljeništva i Poduzetništvo ""Povratak2hrvatska""",POVRATAK2HRVATSKA,registar-udruga,271360,21015648,64713633795,AKTIVAN,,2026-08-06,2026-07-20,UDRUGA,strukovna,niska,3.0,"[""opis:katolic""]","Ilica 150/1, Zagreb",Ilica,150/1,Zagreb,Zagreb,Grad Zagreb,Grad Zagreb,10109,,45.81345595,15.95753378,dgu-adresa,Zagrebačka Nadbiskupija,derivirano-crkve.domovina.ai,info@return2croatia.eu,,,,,Sanja Seljan,Predsjednica,"Poticati i olakšavati povratak hrvatskog iseljeništva i njihovih potomaka u Republiku Hrvatsku kroz pružanje pouzdanih informacija, umrežavanje, poduzetništvo, poslovnu i gospodarsku, kulturnu, obrazovnu i znanstvenu suradnju te druge oblike povezivanja
iseljene i domovinske Hrvatske; Povezivanje iseljeništva s poduzetnicima, poslodavcima, investitorima, institucijama, udrugama i lokalnim zajednicama u Republici Hrvatskoj; Poticanje poduzetništva, samozapošljavanja, ulaganja, poslovnog umrežavanja i
prijenosa znanja i iskustava; Poticanje gospodarske, kulturne, obrazovne, znanstvene i stručne suradnje između iseljene i domovinske Hrvatske; Očuvanje i promicanje hrvatskog jezika, kulture, tradicije, običaja, identiteta i kulturne baštine; Razvoj međunarodne suradnje i suradnje s hrvatskim zajednicama, udrugama, institucijama, diplomatsko-konzularnim predstavništvima, hrvatskim katoličkim misijama i drugim partnerima u inozemstvu; Razvoj i primjena digitalnih tehnologija, informacijskih sustava i rješenja temeljenih na umjetnoj inteligenciji radi ostvarivanja ciljeva Centra; Razvoj, održavanje i davanje na korištenje digitalnih platformi, informacijskih sustava i drugih digitalnih rješenja povezanih s ciljevima Centra; Informiranje, usmjeravanje i povezivanje korisnika s poslodavcima, poduzetnicima, investitorima, obrazovnim ustanovama, razvojnim agencijama i drugim relevantnim institucijama, bez obavljanja reguliranih poslova posredovanja za koje je potrebno posebno odobrenje; Unaprjeđenje dostupnosti pouzdanih i strukturiranih informacija te razvoj digitalnih modela informiranja, komunikacije i povezivanja hrvatskog iseljeništva s Republikom Hrvatskom; Poticanje profesionalne integracije, zapošljavanja, stručnog usavršavanja, cjeloživotnog
obrazovanja i priznavanja kompetencija hrvatskih iseljenika, povratnika i njihovih potomaka u Republici Hrvatskoj; Razvoj domaćih i međunarodnih poslovnih, profesionalnih, stručnih, znanstvenih i mentorskih mreža hrvatskog iseljeništva i povratnika; Promicanje povratka hrvatskog iseljeništva kroz prijenos međunarodnog znanja, iskustava, inovacija i dobrih praksi u Republiku Hrvatsku radi jačanja gospodarstva, poduzetništva, znanosti, obrazovanja i društvenog razvoja; Promicanje pozitivnih primjera povratka, integracije i doprinosa hrvatskog iseljeništva razvoju Republike Hrvatske.","AKADEMSKA ZAJEDNICA, LOKALNA I REGIONALNA SAMOUPRAVA, MALI I SREDNJI PODUZETNICI I OBRTNICI, OSTALI, POSLODAVCI, POSLOVNE ORGANIZACIJE, REGIONALNA ILI LOKALNA SAMOUPRAVA, STUDENTI, TIJELA DRŽAVNE UPRAVE","[""8.3. Međunarodna prijateljstva"", ""9.2.13. Umrežavanje i međunarodna znanstvena i stručna suradnja"", ""4.6.1. Promicanje razvoja socijalnog poduzetništva"", ""6.3.4. Djelatnost umjetničkih obrta"", ""17.1. Ostala područja djelovanja"", ""9.1.2. Cjeloživotno učenje i obrazovanje odraslih"", ""9.1.8. Odgoj i obrazovanje za zaštitu i promicanje povijesno-kulturne baštine i nacionalnoga identiteta"", ""9.1.12. Ostale djelatnosti odgoja i obrazovanja"", ""9.2.8. Interdisciplinarna područja znanosti"", ""8.4. Ostale djelatnosti iz područja međunarodne suradnje"", ""7.10. Njegovanje zavičajnog identiteta"", ""6.1.7. Zaštita i očuvanje nematerijalnih kulturnih dobara"", ""2.12. Razvoj civilnoga društva"", ""6.9. Ostale djelatnosti iz područja kulture i umjetnosti"", ""10.4. Ostale djelatnosti iz područja održivog razvoja"", ""4.6.2. Ostale djelatnosti socijalnog poduzetništva"", ""6.4.3. Nakladnička i knjižarska djelatnost"", ""9.2.10. Organizacija domaćih i međunarodnih znanstvenih i znanstvenostručnih skupova, škola, kongresa i seminara""]",https://banovac.mfin.hr/rnoprt/Details?handler=Details&id=64719,"[""datagovhr:registar-udruga""]"
1041,claris-mala-ludina-2057,CLARIS,Claris,,registar-udruga,270952,03002389,31992042057,AKTIVAN,,2026-04-27,2026-04-09,UDRUGA,hodocasnicka,niska,3.0,"[""opis:hodocasce"", ""opis:duhovnost"", ""djelatnost:3.2.1."", ""djelatnost:3.2.2.""]","Moslavačka ulica 40, Mala Ludina",Moslavačka ulica,40,Mala Ludina,Mala Ludina,Velika Ludina,Sisačko-moslavačka,44316,,45.61988045,16.58954067,dgu-adresa,Sisačka Biskupija,derivirano-crkve.domovina.ai,,,,,,Marija Grubešić,Predsjednica,očuvanje i promicanje vjerske i kulturne baštine povezano s hodočašćima,GRAĐANI – OPĆA POPULACIJA,"[""3.2.1. Promicanje duhovnih aktivnosti"", ""3.2.2. Poticanje osobnog razvoja""]",,"[""datagovhr:registar-udruga""]"
624,crkveni-zbor-sv-margarita-pula-u-likvidaciji-5585,"CRKVENI ZBOR ""Sv. MARGARITA"" PULA U LIKVIDACIJI","CRKVENI ZBOR ""Sv. MARGARITA"" PULA U LIKVIDACIJI",,registar-udruga,42790,18001712,42752265585,BRISAN,2023-04-29,2007-07-18,2007-05-03,UDRUGA,glazba,niska,3.0,"[""naziv:crkva"", ""naziv:svetac""]","Prilaz Plazina 20, Pula",Prilaz Plazina,20,Pula,Pula,Pula - Pola,Istarska,52100,,44.90052594,13.82228939,dgu-adresa,Biskupija Porečka i Pulska,derivirano-crkve.domovina.ai,,,,,,Zlatko Krajcar,Predsjednik,,,"[""8.1.1. GLAZBENA DJELATNOST""]",,"[""datagovhr:registar-udruga""]"
449,crkveno-pjevacko-glazbeno-drustvo-sv-vid-vrbovec-19765,"Crkveno pjevačko glazbeno društvo ""SV. Vid"" Vrbovec","Crkveno pjevačko glazbeno društvo ""SV. Vid"" Vrbovec","CPGD ""Sv.Vid""Vrbovec",registar-udruga,19765,01000875,,AKTIVAN,,1998-01-22,1997-11-17,UDRUGA,glazba,niska,3.0,"[""naziv:crkva"", ""naziv:svetac""]","Krste Frankopana 2, Vrbovec",Krste Frankopana,2,Vrbovec,Vrbovec,Vrbovec,Zagrebačka,,,45.8819818381842,16.421327733105297,naselje-teziste,Bjelovarsko-križevačka Biskupija,derivirano-crkve.domovina.ai,,,,,,Zlata Smolković,Predsjednik Udruge,,,"[""8.1.1. GLAZBENA DJELATNOST""]",,"[""datagovhr:registar-udruga""]"
999,david-osijek-2652,DAVID OSIJEK,David Osijek,,registar-udruga,252533,14005002,89298172652,BRISAN,2023-07-12,2022-04-28,2022-04-12,UDRUGA,karitativna,niska,3.0,"[""opis:vjernici"", ""opis:duhovnost"", ""djelatnost:3.2.1.""]","Josipa Jurja Strossmayera 198, Osijek",Josipa Jurja Strossmayera,198,Osijek,Osijek,Osijek,Osječko-baranjska,31000,,45.56472789,18.65275929,dgu-adresa,Đakovačko-osječka Nadbiskupija,derivirano-crkve.domovina.ai,valentino.fabing@gmail.com,,092-2369-372,+385922369372,,Ivica Klisurić,Potpredsjednik,"Promicanje, razvitak i unapređenje ukupnog socijalnog i zdravstvenog statusa svojih članova, veterana domovinskog rata, vojnih i civilnih invalida, umirovljenika, nezaposlenih, socijalno ugroženih osoba i  njihova duhovna pomoć i podrška.","BRANITELJI - VETERANI, CIVILNI INVALIDI RATA, CIVILNI STRADALNICI, GRAĐANI – OPĆA POPULACIJA, INVALIDI DOMOVINSKOG RATA, INVALIDI RADA, IZBJEGLICE I PROGNANICI, MANJINE - OPĆENITO, NACIONALNE MANJINE, NEZAPOSLENI, OBITELJI BRANITELJA, OSOBE S INVALIDITETOM, OSOBE STARIJE ŽIVOTNE DOBI, OSOBE U RIZIKU OD SIROMAŠTVA I SIROMAŠNE OSOBE, RATNI STRADALNICI, RATNI VETERANI, RODITELJI DJECE S TEŠKOĆAMA U RAZVOJU, UMIROVLJENICI, ŽRTVE KATASTROFA","[""6.9. Ostale djelatnosti iz područja kulture i umjetnosti"", ""11.1.6. Pomoć i podrška nezaposlenima"", ""11.1.8. Pomoć i podrška azilantima"", ""11.3.3. Poboljšanje kvalitete života i zdravlja socijalno isključenih"", ""6.4.3. Nakladnička i knjižarska djelatnost"", ""9.1.9. Odgoj i obrazovanje za održivi razvoj, zdrave načine života i očuvanje prirode"", ""11.1.7. Pomoć i podrška obitelji"", ""7.11. Ostale djelatnosti iz područja ostvarivanja i zaštite ljudskih prava"", ""11.1.5. Pomoć i podrška osobama u riziku od siromaštva i socijalne isključenosti"", ""3.2.1. Promicanje duhovnih aktivnosti"", ""12.7. Organiziranje i provođenje adaptiranog i zdravstveno usmjerenog tjelesnog vježbanja"", ""11.1.10. Pomoć i podrška žrtvama obiteljskog nasilja"", ""6.4.4. Novinsko-nakladnička djelatnost"", ""11.1.1. Pomoć i podrška starijim osobama"", ""11.1.3. Pomoć i podrška djeci"", ""11.1.2. Pomoć i podrška osobama s invaliditetom"", ""11.2.12. Skraćeni boravak, igraonice, radionice, klubovi"", ""11.2.6. Boravak"", ""2.4.1. Promicanje i razvoj volonterstva"", ""11.3.5. Ostale djelatnosti humanitarne pomoći"", ""2.4.2. Djelatnost volonterskih centara""]",https://banovac.mfin.hr/rnoprt/Details?handler=Details&id=60459,"[""datagovhr:registar-udruga""]"
676,drustvo-za-ocuvanje-krizevacke-bastine-krizevacki-statuti-krizevci-2454,"DRUŠTVO ZA OČUVANJE KRIŽEVAČKE BAŠTINE ""KRIŽEVAČKI ŠTATUTI""","Društvo za Očuvanje Križevačke Baštine ""Križevački Štatuti""","Društvo ""KRIŽEVAČKI ŠTATUTI""",registar-udruga,64460,06001381,23843802454,AKTIVAN,,2014-12-29,2014-11-07,UDRUGA,kultura,niska,3.0,"[""opis:krscanski"", ""opis:svetac"", ""opis:duhovnost"", ""djelatnost:3.2.1.""]","Ulica Sidonije Rubido 7, Križevci",Ulica Sidonije Rubido,7,Križevci,Križevci,Križevci,Koprivničko-križevačka,48260,,46.02032708,16.54879023,dgu-adresa,Bjelovarsko-križevačka Biskupija,derivirano-crkve.domovina.ai,drustvo.krizevacki.statuti@gmail.com,,098 658 796,+38598658796,,Igor Tomić,Dopredsjednik,"skrb o cjelokupnoj križevačkoj baštini s naglaskom na kulturnu (duhovnu i materijalnu), turističku, gospodarsku, obrtničku, poljoprivrednu, sportsku baštinu,	upoznavanje i promoviranje duhovne i materijalne baštine križevačkoga kraja, promocija duhovne baštine ponajprije se odnosi na promociju križevačkih (sv. Marko Križevčanin i Stjepan Kranjčić), ali i ostalih hrvatskih duhovnih velikana te na promociju ostalih znamenitih križevačkih ljudi, usmene književnosti, legendi, predaja, običaja, književnih zapisa,križevačkih jezičnih narječja i sl. Promocija materijalne baštine odnosi se na cjelokupnu skrb o kulturno-povijesnim spomenicima u križevačkom kraju, na popravke, konzervaciju, restauraciju i restituciju spomenika i drugih povijesnih vrijednosti. Osmišljavanje i održavanje raznih multimedijalnih programa radi upoznavanja šire javnosti o Križevačkim štatutima, svjetskoj i hrvatskoj vinskoj kulturi, hrvatskim vinsko-pajdaškim regulama, Križevačkom velikom spravišču, i ostalim križevačkim duhovnim i materijalnim vrednotama, suradnja sa znanstvenim i stručnim, turističkim, gospodarskim, obrtničkim, poljoprivrednim, vjerskim, umjetničkim, kulturnim, sportskim i prosvjetnim ustanovama i udrugama, s tijelima lokalne samouprave te raznim domaćim i međunarodnim institucijama, pravnim i fizičkim osobama radi osvjetljavanja, zaštite i promocije križevačke baštine, osmišljavanje i apliciranje načina financiranja i pomoći, vođenja i izvršenja programa i akcija oko izgradnje muzeja i spomenika te zaštite i otkupa križevačkih duhovnih vrednota te predmeta od povijesnog i etnografskog značenja, spomenika kulture, arhivske građe i drugih kulturno-povijesnih vrijednosti, upravljanje kulturno-povijesnim spomenicima koji će mu biti povjereni na korištenje te upravljanja novim kulturnim, turističkim, vjerskim, gospodarskim, ugostiteljskim, poljoprivrednim i sportskim proizvodima, pokretninama i nekretninama koje će nastati zalaganjem Društva, osmišljavanje raznih turističkih, gospodarskih, obrtničkih, poljoprivrednih, kulturnih, vjerskih, sportskih sadržaja i programa sa željom promoviranja križevačkoga identiteta široj javnosti.","DJECA OD 14 DO 18 GODINA, GRAĐANI – OPĆA POPULACIJA, MLADI - OPĆA POPULACIJA, TURISTI","[""6.1.7. Zaštita i očuvanje nematerijalnih kulturnih dobara"", ""6.1.1. Zaštita i očuvanje materijalnih kulturnih dobara"", ""9.2.9. Znanstvenoistraživački rad"", ""6.5.1. Filmska i video djelatnost"", ""9.2.10. Organizacija domaćih i međunarodnih znanstvenih i znanstvenostručnih skupova, škola, kongresa i seminara"", ""6.4.3. Nakladnička i knjižarska djelatnost"", ""3.2.1. Promicanje duhovnih aktivnosti"", ""4.7. Trgovina"", ""6.2.6. Glazbene i scenske manifestacije i festivali"", ""9.2.11. Izdavanje znanstvenih i stručnih publikacija"", ""6.2.1. Dramske umjetnosti"", ""6.3.3. Fotografska umjetnost"", ""6.1.8. Općekulturna (kulturološka) djelatnost"", ""6.1.5. Muzejska djelatnost"", ""4.9. Ugostiteljstvo"", ""6.2.3. Glazba i glazbeno-scenske umjetnosti"", ""9.1.8. Odgoj i obrazovanje za zaštitu i promicanje povijesno-kulturne baštine i nacionalnoga identiteta"", ""6.4.6. Književno-nakladničke manifestacije"", ""4.5.7. Vinarstvo i vinogradarstvo"", ""6.3.7. Manifestacije vizualnih umjetnosti"", ""6.3.1. Likovne umjetnosti"", ""8.3. Međunarodna prijateljstva"", ""4.8. Turizam"", ""6.4.1. Književno stvaralaštvo"", ""9.2.12. Popularizacija znanosti"", ""6.2.4. Kulturno-umjetnički (glazbeni i scenski) amaterizam"", ""6.5.3. Interaktivni mediji"", ""6.3.2. Dizajn i arhitektura""]",https://banovac.mfin.hr/rnoprt/Details?handler=Details&id=47607,"[""datagovhr:registar-udruga""]"
241,drustvo-za-razvoj-univerzalne-svijesti-millennium-brezovica-9619,DRUŠTVO ZA RAZVOJ UNIVERZALNE SVIJESTI - MILLENNIUM,Društvo za Razvoj Univerzalne Svijesti - Millennium,DRUŠTVO MILLENNIUM,registar-udruga,15017,00001673,36129399619,AKTIVAN,,2000-03-17,2000-02-05,UDRUGA,bratovstina,niska,3.0,"[""opis:bratovstina"", ""opis:duhovnost"", ""djelatnost:3.2.2."", ""djelatnost:3.2.1."", ""djelatnost:3.3.""]","Drežnik III. odvojak br. 17A, Brezovica",Drežnik III. odvojak br.,17A,Brezovica,Brezovica,Grad Zagreb,Grad Zagreb,,,45.735263464269316,15.917665957850327,naselje-teziste,Zagrebačka Nadbiskupija,derivirano-crkve.domovina.ai,,,,,,Nenad Žimjanski,Predsjednik,"Cilj Udruge je promicanje i podučavanje duhovnih tehnika za poboljšanje unutarnjeg stanja pojedinca i društva, fizičkih vježbi i vještina koje pomažu usklađenju čovjeka sa prirodom i uskladenju tjelesnih funkcija i energetskih tokova u tijelu, učenja koja pomažu u razvijanju univerzalne svijesti, ljubavi i bratstva između ljudi različitih vjera, nacija i rasa, promicanje kako drevnih tako i modernih znanosti, tehnika i učenja koja svojim djelovanjem doprinose boljem shvaćanju duhovnog i materijalnog postojanja čovjeka u cjelini i koja u izravnom kontaktu sa čovjekom doprinose poboljšanju fizičkog i psihičkog stanja ljudskog društva i njegove okoline.",GRAĐANI – OPĆA POPULACIJA,"[""3.2.2. Poticanje osobnog razvoja"", ""3.2.1. Promicanje duhovnih aktivnosti"", ""3.3. Ostale djelatnosti iz područja duhovnosti""]",,"[""datagovhr:registar-udruga""]"
925,drustvo-centar-sv-ivan-krstitelj-gornje-vratno-7006,Društvo Centar Sv. Ivan Krstitelj,Društvo Centar Sv. Ivan Krstitelj,,registar-udruga,237086,05002175,14928017006,AKTIVAN,,2021-01-22,2020-11-20,UDRUGA,molitvena,niska,3.0,"[""naziv:svetac"", ""naziv:duhovnost"", ""opis:svetac"", ""opis:duhovnost""]","Ulica Petra Kalanjoša 1, Gornje Vratno",Ulica Petra Kalanjoša,1,Gornje Vratno,Gornje Vratno,Cestica,Varaždinska,42208,,46.36907235,16.16554618,dgu-adresa,Varaždinska Biskupija,derivirano-crkve.domovina.ai,sv.ivan.kr@gmail.com,https://centar-sv-ivan-krstitelj.hr,099-4895-414,+385994895414,,Georg Eltz,Predsjednik,"Udruga Društvo Sv. Ivan Krstitelj je nepolitička, nestranačka, humanitarna udruga kojoj je cilj udruživanje osoba koje su voljne dragovoljno, časno i bez naknade surađivati na svestranim aktivnostima na promicanju humanitarne i socijalne pomoći članovima romske zajednice s ciljem njihove integracije u društvo.",OSOBE U RIZIKU OD SIROMAŠTVA I SIROMAŠNE OSOBE,"[""11.3.3. Poboljšanje kvalitete života i zdravlja socijalno isključenih"", ""11.3.1. Pomoć žrtvama prirodnih katastrofa"", ""11.3.4. Pomoć u podmirivanju osnovnih životnih potreba"", ""11.3.2. Psihosocijalna pomoć u kriznim situacijama"", ""11.1.5. Pomoć i podrška osobama u riziku od siromaštva i socijalne isključenosti"", ""11.5. Ostale socijalne djelatnosti""]",https://banovac.mfin.hr/rnoprt/Details?handler=Details&id=59349,"[""datagovhr:registar-udruga""]"
1134,ed-black-ministries-inc-zagreb-2031,"ED BLACK MINISTRIES, INC.","Ed Black Ministries, Inc.",,strane-udruge,99906,000094,50158512031,AKTIVNA,,2001-10-08,,STRANA UDRUGA,zupna,niska,3.0,"[""opis:vjernici"", ""opis:crkva"", ""djelatnost:14.duhovna""]","1. Trnava 56, Zagreb",1. Trnava,56,Zagreb,Zagreb,Grad Zagreb,Grad Zagreb,,"Neptun Drive 395, Akron, Ohio 44319, SJEDINJENE AMERIČKE DRŽAVE",45.83187302388278,15.977892800834798,naselje-teziste,Zagrebačka Nadbiskupija,derivirano-crkve.domovina.ai,,https://dudyspeed.hr,01 6119-734,+38516119734,,Edward James Black,Ovlaštena Odgovorna Osoba,,,"[""14.1. VJERNIČKA""]",https://banovac.mfin.hr/rnoprt/Details?handler=Details&id=8995,"[""datagovhr:strane-udruge""]"
617,ekumenska-inicijativa-zena-omis-2564,EKUMENSKA INICIJATIVA ŽENA,Ekumenska Inicijativa Žena,E I Ž,registar-udruga,42683,17002925,48843342564,AKTIVAN,,2007-06-11,2007-03-24,UDRUGA,karitativna,niska,3.0,"[""naziv:krscanski"", ""djelatnost:3.1.2.""]","Četvrt kralja Slavca 3, Omiš",Četvrt kralja Slavca,3,Omiš,Omiš,Omiš,Splitsko-dalmatinska,21310,,43.44538438,16.69283826,dgu-adresa,Splitsko-makarska Nadbiskupija,derivirano-crkve.domovina.ai,eiz@eiz.hr,https://www.eiz.hr,021/862-599,+38521862599,,Mirna Karzen,Predsjednica Udruge,"EIŽ je osnovana u cilju jačanja uloge žena u kolalnim i regionalnim procesima izgradanje mira putem promicanja, razvitka i unapređenja ženskih ljudskih prava , nenasilja i međuvjerničkog/etičnog dijaloga.","AKADEMSKA ZAJEDNICA, DJECA OD 14 DO 18 GODINA, GRAĐANI – OPĆA POPULACIJA, LOKALNA I REGIONALNA SAMOUPRAVA, ODGOJNO-OBRAZOVNI DJELATNICI, POVRATNICI U PORATNA PODRUČJA, RATNI STRADALNICI, STANOVNICI POSLIJERATNIH ZAJEDNICA, UDRUGE I GRAĐANSKE INICIJATIVE, VOLONTERI, ŽENE, ŽENE PODUZETNICE, ŽENE PRIPADNICE NACIONALNIH MANJINA, ŽENE RURALNIH PODRUČJA, ŽENE S INVALIDITETOM, ŽENE ŽRTVE OBITELJSKOG NASILJA, ŽRTVE I SVJEDOCI RATNIH ZLOČINA, ŽRTVE NASILJA","[""9.1.6. Odgoj i obrazovanje za zaštitu i promicanje ljudskih prava"", ""7.5.2. Suzbijanje rasne diskriminacije"", ""9.1.3. Izvaninstitucionalni odgoj i obrazovanje"", ""9.2.9. Znanstvenoistraživački rad"", ""3.1.2. Promocija i izgradnja međuvjerničkog dijaloga"", ""7.6. Vjerska prava i slobode"", ""8.1.6. Ravnopravnost spolova"", ""9.2.11. Izdavanje znanstvenih i stručnih publikacija"", ""9.2.10. Organizacija domaćih i međunarodnih znanstvenih i znanstvenostručnih skupova, škola, kongresa i seminara"", ""7.5.1. Ravnopravnost spolova"", ""9.1.5. Odgoj i obrazovanje za aktivno sudjelovanje u razvoju demokratske kulture"", ""2.12. Razvoj civilnoga društva"", ""2.2. Promicanje nenasilja i izgradnja mira"", ""2.3.4. Ostale djelatnosti prevencije nasilja"", ""2.4.1. Promicanje i razvoj volonterstva"", ""2.6. Interkulturalni dijalog"", ""2.10. Poticanje participativne demokracije/sudjelovanja građana u odlučivanju""]",https://banovac.mfin.hr/rnoprt/Details?handler=Details&id=3571,"[""datagovhr:registar-udruga""]"
73,folklorni-ansambl-vencec-u-likvidaciji-zagreb-3643,"FOLKLORNI ANSAMBL ""VENČEC"" U LIKVIDACIJI","Folklorni Ansambl ""Venčec"" u Likvidaciji","FA ""VENČEC""",registar-udruga,2989,21000629,45924343643,BRISAN,2016-01-27,1998-02-19,1979-03-26,UDRUGA,kultura,niska,3.0,"[""opis:katolic""]","Kapucinska 25, Zagreb",Kapucinska,25,Zagreb,Zagreb,Grad Zagreb,Grad Zagreb,10040,,45.82530279,16.04916999,dgu-adresa,Zagrebačka Nadbiskupija,derivirano-crkve.domovina.ai,,,,,,Vlatka Hlišć,Umjetnička Voditeljica,,,"[""8.3.1. PLESNA DJELATNOST""]",,"[""datagovhr:registar-udruga""]"
660,gradski-ogranak-udruge-hrvatskih-dragovoljaca-domovinskog-rata-grada-svete-nedelje-mala-gorica-0419,GRADSKI OGRANAK UDRUGE HRVATSKIH DRAGOVOLJACA DOMOVINSKOG RATA GRADA SVETE NEDELJE,Gradski Ogranak Udruge Hrvatskih Dragovoljaca Domovinskog Rata Grada Svete Nedelje,GO UHDDR GRADA SVETE NEDELJE,registar-udruga,63770,01003094,63020930419,AKTIVAN,,2014-08-08,2014-05-10,UDRUGA,molitvena,niska,3.0,"[""naziv:svetac"", ""opis:svetac"", ""opis:duhovnost"", ""djelatnost:3.2.1."", ""djelatnost:3.2.2.""]","Ulica Augusta Šenoe 34, Mala Gorica",Ulica Augusta Šenoe,34,Mala Gorica,Mala Gorica,Sveta Nedelja,Zagrebačka,10431,,45.76367265,15.7876418,dgu-adresa,Zagrebačka Nadbiskupija,derivirano-crkve.domovina.ai,uhddrgosvn@gmail.com,,099 33 88 155,+385993388155,,Mladen Cindrić,Predsjednik,"-	zaštita statusa i promicanje interesa hrvatskih dragovoljaca Domovinskog rata,
-	pomoć u ostvarivanju prava hrvatskih dragovoljaca Domovinskog rata i članova njihovih obitelji, 
-	promicanje i zaštita stečevina Domovinskog rata i njegovih sudionika, te iniciranje i sudjelovanje u njegovom znanstvenom, kulturnom, vjerskom i spomeničkom iskazivanju uključivanjem sudionika Domovinskog rata, članova njihovih obitelji i ostalih građana u projekte i programe,
-	podizanje kvaliteta života pojedinca i unaprjeđivanje razvoja šire društvene zajednice,
-	promicanje djelatnosti i gospodarske djelatnosti članova i UHDDR u skladu s pozitivnim propisima Republike Hrvatske, a poglavito Zakona o hrvatskim braniteljima.","BRANITELJI - VETERANI, DJECA - OPĆA POPULACIJA, DJECA RATNIH STRADALNIKA, INVALIDI DOMOVINSKOG RATA, MANJINE - OPĆENITO, MLADI - OPĆA POPULACIJA, OBITELJI BRANITELJA, OSOBE S INVALIDITETOM, VOLONTERI","[""1.1.2. Zaštita interesa hrvatskih branitelja iz Domovinskog rata i članova njihovih obitelji"", ""1.1.1. Promicanje vrijednosti Domovinskog rata"", ""1.2.1. Zaštita interesa članova obitelji smrtno stradaloga, zatočenoga ili nestaloga hrvatskog branitelja iz Domovinskog rata"", ""2.10. Poticanje participativne demokracije/sudjelovanja građana u odlučivanju"", ""2.5. Promicanje društvene solidarnosti"", ""9.1.10. Međunarodna suradnja i mobilnost u obrazovanju"", ""7.2. Prava aktivnih sudionika i stradalnika Domovinskog rata"", ""9.1.8. Odgoj i obrazovanje za zaštitu i promicanje povijesno-kulturne baštine i nacionalnoga identiteta"", ""9.1.6. Odgoj i obrazovanje za zaštitu i promicanje ljudskih prava"", ""14.3. Prevencija i suzbijanje ovisnosti"", ""11.1.2. Pomoć i podrška osobama s invaliditetom"", ""2.4.1. Promicanje i razvoj volonterstva"", ""9.1.1. Razvoj i promicanje odgoja i obrazovanja"", ""9.1.9. Odgoj i obrazovanje za održivi razvoj, zdrave načine života i očuvanje prirode"", ""3.2.1. Promicanje duhovnih aktivnosti"", ""3.2.2. Poticanje osobnog razvoja"", ""11.2.10. Prevencija ovisnosti"", ""7.9. Zaštita prava nacionalne manjine"", ""11.2.13. Organiziranje slobodnih aktivnosti"", ""9.1.5. Odgoj i obrazovanje za aktivno sudjelovanje u razvoju demokratske kulture"", ""4.6.1. Promicanje razvoja socijalnog poduzetništva"", ""13.10. Organiziranje i razvijanje tehničke kulture"", ""12.9. Promocija sporta i zdravog načina življenja"", ""6.1.8. Općekulturna (kulturološka) djelatnost"", ""1.1.3. Zaštita interesa hrvatskih ratnih vojnih invalida iz Domovinskog rata"", ""11.3.5. Ostale djelatnosti humanitarne pomoći""]",https://banovac.mfin.hr/rnoprt/Details?handler=Details&id=48657,"[""datagovhr:registar-udruga""]"
812,grad-andela-za-pomoc-djeci-i-mladima-s-teskocama-u-razvoju-igrisce-4059,Grad Anđela za pomoć djeci i mladima s teškoćama u razvoju,Grad Anđela za pomoć djeci i mladima s teškoćama u razvoju,Grad Anđela,registar-udruga,203883,01003238,37017704059,BRISAN,2021-10-08,2016-05-19,2016-04-18,UDRUGA,karitativna,niska,3.0,"[""naziv:duhovnost"", ""opis:hodocasce"", ""opis:duhovnost""]","Dugi Konec 28, Igrišće",Dugi Konec,28,Igrišće,Igrišće,Jakovlje,Zagrebačka,10297,,45.97335254,15.85921711,dgu-adresa,Zagrebačka Nadbiskupija,derivirano-crkve.domovina.ai,,,091/6122-013,+385916122013,,Slaven Vujić,Predsjednik Udruge,Ciljevi udruge Grad Anđela za pomoć djeci i mladima s teškoćama u razvoju su: cilj udruge je unapređenje života djece i mladih s teškoćama u razvoju.,"DJECA S TEŠKOĆAMA U RAZVOJU, DJECA U RIZIKU OD SOCIJALNE ISKLJUČENOSTI, MLADI S TEŠKOĆAMA U RAZVOJU, OSOBE S INTELEKTUALNIM TEŠKOĆAMA, OSOBE S INVALIDITETOM, OSOBE U RIZIKU OD SIROMAŠTVA I SIROMAŠNE OSOBE","[""11.1.7. Pomoć i podrška obitelji"", ""11.1.3. Pomoć i podrška djeci"", ""11.2.3. Psihosocijalna podrška"", ""11.2.1. Savjetovanje i pomaganje"", ""11.1.4. Pomoć i podrška mladima""]",https://banovac.mfin.hr/rnoprt/Details?handler=Details&id=51739,"[""datagovhr:registar-udruga""]"
63,hrvatski-centar-za-teolosko-religijska-istrazivanja-zagreb-8852,HRVATSKI CENTAR ZA TEOLOŠKO-RELIGIJSKA ISTRAŽIVANJA,Hrvatski Centar za Teološko-religijska Istraživanja,HCTR,registar-udruga,55480,21008836,74151118852,AKTIVAN,,2011-10-31,2011-09-27,UDRUGA,obrazovanje,niska,3.0,"[""naziv:krscanski"", ""opis:krscanski""]","Trnsko 39a, Zagreb",Trnsko,39a,Zagreb,Zagreb,Grad Zagreb,Grad Zagreb,10020,,45.77039447,15.9643002,dgu-adresa,Zagrebačka Nadbiskupija,derivirano-crkve.domovina.ai,mmiholek@gmail.com,https://teologija.info,091/7285-847,+385917285847,,Mislav Miholek,Predsjednik,,,"[""20.99.99. OSTALE DJELATNOSTI""]",https://banovac.mfin.hr/rnoprt/Details?handler=Details&id=39300,"[""datagovhr:registar-udruga""]"
281,hrvatski-pedagosko-knjizevni-zbor-zagreb-8670,HRVATSKI PEDAGOŠKO-KNJIŽEVNI ZBOR,Hrvatski Pedagoško-književni Zbor,HPKZ,registar-udruga,15575,00001121,94476328670,AKTIVAN,,1998-09-29,1978-04-21,UDRUGA,glazba,niska,3.0,"[""djelatnost:3.1.1."", ""djelatnost:3.1.2.""]","Trg Republike Hrvatske 4, Zagreb",Trg Republike Hrvatske,4,Zagreb,Zagreb,Grad Zagreb,Grad Zagreb,10000,,45.80920848,15.97100738,dgu-adresa,Zagrebačka Nadbiskupija,derivirano-crkve.domovina.ai,hpkz@zg.t-com.hr,https://hpkz-napredak.hr,01 4855 713,+38514855713,,Ljiljana Klinger,Predsjednica,"Ciljevi HPKZ-a su: strukovno okupljanje stručnih djelatnika u sustavu odgoja i obrazovanja radi unapređivanja njihove struke i zaštite interesa članova ,  promoviranje i unapređivanje teorije i prakse odgoja i obrazovanja temeljenih na suvremenim znanstvenim, filozofskim, religijskim, umjetničkim, humanističkim i drugim spoznajama o toj djelatnosti, a u cilju izgradnje demokratskih, odgojnih, obrazovnih, etičkih i drugih vrijednosti u hrvatskom društvu kao sastavnice europske i svjetske zajednice naroda  , promicanje i unapređivanje humane antropologije u odgoju i obrazovanju te proučavanje hrvatske kulture i tradicije, a posebice hrvatskog jezika   promicanje i izgradnja međureligijskog dijaloga u odgojno-obrazovnom sustavu  , promicanje i zaštita interesa članova HPKZ-a hrvatskih branitelja i članova njihovih obitelji uz pomoć promicanja vrijednosti Domovinskog rata te pružanje pomoći i podrške članovima HPKZ-a u riziku Od siromaštva  , razvijanje svih oblika aktivnosti uključivanjem u programe odgoja i redovnog obrazovanja azilanata  , poticanje književnog stvaralaštva te promoviranje knjižnične djelatnosti ,  umrežavanje svih profesija u sustavu odgoja i obrazovanja ,  promicanje međunarodne stručne suradnje.","AKADEMSKA ZAJEDNICA, AZILANTI, DAROVITA DJECA I MLADI, GRAĐANI – OPĆA POPULACIJA, ODGOJNO-OBRAZOVNE USTANOVE, ODGOJNO-OBRAZOVNI DJELATNICI, OSOBE STARIJE ŽIVOTNE DOBI, RATNI VETERANI, RODITELJI, UČENICI","[""9.1.1. Razvoj i promicanje odgoja i obrazovanja"", ""9.2.9. Znanstvenoistraživački rad"", ""9.2.8. Interdisciplinarna područja znanosti"", ""9.2.12. Popularizacija znanosti"", ""9.2.13. Umrežavanje i međunarodna znanstvena i stručna suradnja"", ""9.1.8. Odgoj i obrazovanje za zaštitu i promicanje povijesno-kulturne baštine i nacionalnoga identiteta"", ""9.1.11. Strukovne udruge u odgoju i obrazovanju"", ""9.2.10. Organizacija domaćih i međunarodnih znanstvenih i znanstvenostručnih skupova, škola, kongresa i seminara"", ""3.1.1. Promicanje religijske etike"", ""6.4.3. Nakladnička i knjižarska djelatnost"", ""6.4.1. Književno stvaralaštvo"", ""1.1.1. Promicanje vrijednosti Domovinskog rata"", ""8.1.5. Obrazovanje"", ""3.1.2. Promocija i izgradnja međuvjerničkog dijaloga"", ""8.4. Ostale djelatnosti iz područja međunarodne suradnje"", ""6.4.6. Književno-nakladničke manifestacije"", ""11.2.5. Pomoć pri uključivanju u programe odgoja i redovitog obrazovanja (integracija)"", ""7.5.16. Zaštita prava tražitelja azila, azilanata i stranaca pod supsidijarnom zaštitom"", ""6.4.2. Knjižnična djelatnost"", ""11.1.5. Pomoć i podrška osobama u riziku od siromaštva i socijalne isključenosti"", ""1.2.1. Zaštita interesa članova obitelji smrtno stradaloga, zatočenoga ili nestaloga hrvatskog branitelja iz Domovinskog rata""]",https://banovac.mfin.hr/rnoprt/Details?handler=Details&id=898,"[""datagovhr:registar-udruga""]"
1053,hrvatsko-drustvo-za-bibliodramu-zagreb-5559,HRVATSKO DRUŠTVO ZA BIBLIODRAMU,Hrvatsko Društvo za Bibliodramu,HDBD,registar-udruga,270205,21015440,29733285559,AKTIVAN,,2025-11-17,2025-01-25,UDRUGA,obrazovanje,niska,3.0,"[""opis:vjernici"", ""opis:krscanski"", ""opis:duhovnost""]","Miramarska cesta 100, Zagreb",Miramarska cesta,100,Zagreb,Zagreb,Grad Zagreb,Grad Zagreb,10000,,45.79617514,15.97364566,dgu-adresa,Zagrebačka Nadbiskupija,derivirano-crkve.domovina.ai,vlahovich.kristina@gmail.com,,098-951-6739,+385989516739,,Zdravka Leutar,Predsjednica,"Unaprjeđivanje bibliodrame kao metode u području pastoralnog djelovanja, ekumenizrna, obrazovanja, zdravstva, kulture, politike, duhovne skrbi, socijalne skrbi, uprave i gospodarstva te zastupanje i koordinacija aktivnosti edukacija bibliodrame i bibliodramskih djelatnosti u Hrvatskoj.","AKADEMSKA ZAJEDNICA, DJECA - OPĆA POPULACIJA, GRAĐANI – OPĆA POPULACIJA, MLADI - OPĆA POPULACIJA, OBITELJI, ODGOJNO-OBRAZOVNE USTANOVE, OPĆA POPULACIJA PACIJENATA, OSOBE S PSIHO-SOCIJALNIM TEŠKOĆAMA, OSOBE STARIJE ŽIVOTNE DOBI, OSOBE U RIZIKU OD SIROMAŠTVA I SIROMAŠNE OSOBE, OSTALI, UDRUGE I GRAĐANSKE INICIJATIVE, USTANOVE SOCIJALNE SKRBI, ŽENE PODUZETNICE","[""9.1.12. Ostale djelatnosti odgoja i obrazovanja""]",https://banovac.mfin.hr/rnoprt/Details?handler=Details&id=63763,"[""datagovhr:registar-udruga""]"
845,humanitarna-udruga-dobrocinstvo-pacetin-9641,"HUMANITARNA UDRUGA ""DOBROČINSTVO"" PAČETIN","Humanitarna Udruga ""Dobročinstvo"" Pačetin","UDRUGA ""DOBROČINSTVO""",registar-udruga,210028,16002264,95773149641,AKTIVAN,,2018-05-25,2018-05-20,UDRUGA,karitativna,niska,3.0,"[""opis:pokret"", ""opis:duhovnost"", ""djelatnost:3.2.3."", ""djelatnost:3.2.2."", ""djelatnost:3.2.1.""]","Popovićeva 2, Pačetin",Popovićeva,2,Pačetin,Pačetin,Trpinja,Vukovarsko-srijemska,32222,,45.37555624,18.85153597,dgu-adresa,Đakovačko-osječka Nadbiskupija,derivirano-crkve.domovina.ai,dobrocinstvo032@gmail.com,,098-270-334,+38598270334,,Stefan Azap,Predsjednik,"briga o socijalno i materijalno potrebitim, zaštita njihovih interesa i prava i poboljšanje kvalitete života, razvijanje zabavnog i kulturnog života, poticanje međugeneracijske solidarnosti te poticanje duhovnog napretka i odmora","GRAĐANI – OPĆA POPULACIJA, NACIONALNE MANJINE, UDRUGE I GRAĐANSKE INICIJATIVE","[""11.2.2. Pomoć u kući"", ""14.1.6. Unaprjeđenje kvalitete života osoba starije životne dobi"", ""3.2.3. Ostale duhovne djelatnosti"", ""11.2.3. Psihosocijalna podrška"", ""3.2.2. Poticanje osobnog razvoja"", ""11.3.5. Ostale djelatnosti humanitarne pomoći"", ""7.9. Zaštita prava nacionalne manjine"", ""3.2.1. Promicanje duhovnih aktivnosti"", ""11.3.4. Pomoć u podmirivanju osnovnih životnih potreba""]",https://banovac.mfin.hr/rnoprt/Details?handler=Details&id=54785,"[""datagovhr:registar-udruga""]"
921,humanitarna-udruga-fra-ante-antic-zagreb-2604,"HUMANITARNA UDRUGA ""FRA ANTE ANTIĆ""","Humanitarna Udruga ""Fra Ante Antić""",HUFAA,registar-udruga,232654,21013929,70145052604,AKTIVAN,,2020-08-18,2020-07-04,UDRUGA,karitativna,niska,3.0,"[""naziv:fra"", ""opis:duhovnost"", ""djelatnost:3.2.3.""]","Ulica Frana Vrbanića 35, Zagreb",Ulica Frana Vrbanića,35,Zagreb,Zagreb,Grad Zagreb,Grad Zagreb,10000,,45.81083086,15.99976735,dgu-adresa,Zagrebačka Nadbiskupija,derivirano-crkve.domovina.ai,udruga.faa@gmail.com,,091-6180-130,+385916180130,,Stjepan Kelčić,Predsjednik,"Promicanje socijalne i humanitarne djelatnosti; PomoćI i pružanja smještaja oboljelim osobama i njihovoj pratnji iz Hrvatske i hrvatskog iseljeništva koji dolaze u Republiku Hrvatsku na liječenje bez obzira na dob, spol, vrstu bolesti, socijalni status, vjeroispovijest i nacionalnost; Promicanje i razvoj volonterstva; Promicanje ljudskih vrijednosti naročito kroz zdravstveni sustav; Zalaganje za zaštitu prava pacijenata, posebno dječjih te zaštitu i promicanje ljudskih prava općenito; Zalaganje za zaštitu interesa branitelja i invalida Domovinskog rata i članova njihovih obitelji, te promicanju vrijednosti Domovinskog rata; Promicanja psihološke, duhovne, informacijske i materijalne pomoći oboljelim osobama i članovima njihovih obitelji, s ciljem pomoći pri liječenju i podizanju kvalitete života oboljelih i liječenih osoba i članova njihovih obitelji; Promicanje životnih kvaliteta i senzibiliziranje civilnog društva na važnost uključivanja i pružanja sveobuhvatne pomoći oboljelim i liječenim osobama i članovima njihovih obitelji, kroz razna humanitarna, sportska, kulturna, kreativna i druga javna događanja; Zaštite i promicanja prava osoba s invaliditetom i djece s teškoćama u razvoju, starijih i nemoćnih; Zaštite i promicanja jednakosti i ravnopravnosti, mirotvorstva i borbe protiv nasilja i
diskriminacije; Zaštita, brige i izobrazbe djece i mladih, te njihovog aktivnog sudjelovanja u društvu; Prevencije i borbe protiv svih oblika ovisnosti; Zaštite okoliša i prirode; Zaštite i očuvanja kulturnih i duhovnih dobara.","BRANITELJI - VETERANI, DJECA - OPĆA POPULACIJA, GRAĐANI – OPĆA POPULACIJA, MLADI - OPĆA POPULACIJA, OBITELJI, OPĆA POPULACIJA PACIJENATA, OSOBE STARIJE ŽIVOTNE DOBI, OSOBE U RIZIKU OD SIROMAŠTVA I SIROMAŠNE OSOBE, OSTALI, VOLONTERI","[""14.1.8. Ostale djelatnosti preventivnog djelovanja, unapređenja i zaštite zdravlja"", ""11.2.7. Smještaj"", ""11.3.5. Ostale djelatnosti humanitarne pomoći"", ""7.11. Ostale djelatnosti iz područja ostvarivanja i zaštite ljudskih prava"", ""2.4.1. Promicanje i razvoj volonterstva"", ""11.2.10. Prevencija ovisnosti"", ""7.5.5. Zaštita prava djece"", ""11.1.4. Pomoć i podrška mladima"", ""11.1.7. Pomoć i podrška obitelji"", ""11.1.3. Pomoć i podrška djeci"", ""2.2. Promicanje nenasilja i izgradnja mira"", ""14.3. Prevencija i suzbijanje ovisnosti"", ""7.5.11. Zaštita prava pacijenata"", ""7.5.9. Prava osoba starije životne dobi"", ""7.5.19. Ostale djelatnosti suzbijanja i zaštite od diskriminacije"", ""3.2.3. Ostale duhovne djelatnosti"", ""8.4. Ostale djelatnosti iz područja međunarodne suradnje"", ""7.5.7. Zaštita prava osoba s invaliditetom"", ""1.1.2. Zaštita interesa hrvatskih branitelja iz Domovinskog rata i članova njihovih obitelji"", ""1.1.1. Promicanje vrijednosti Domovinskog rata"", ""2.4.3. Ostale djelatnosti volonterstva"", ""11.2.3. Psihosocijalna podrška"", ""7.5.6. Zaštita prava mladih""]",https://banovac.mfin.hr/rnoprt/Details?handler=Details&id=57490,"[""datagovhr:registar-udruga""]"
365,humanitarna-udruga-prijatelj-malog-doma-varazdin-3110,"HUMANITARNA UDRUGA ""PRIJATELJ MALOG DOMA""","Humanitarna Udruga ""Prijatelj Malog Doma""",PRIJATELJ MALOG DOMA,registar-udruga,57644,21009432,43498993110,AKTIVAN,,2012-07-06,2012-02-11,UDRUGA,karitativna,niska,3.0,"[""opis:vjernici"", ""opis:fra"", ""opis:duhovnost""]","Trnovečka ulica 11, Varaždin",Trnovečka ulica,11,Varaždin,Varaždin,Varaždin,Varaždinska,42000,,46.31339986,16.32808891,dgu-adresa,Varaždinska Biskupija,derivirano-crkve.domovina.ai,ivanasekol83@gmail.com,https://www.malidom.com,091/883 1587,+385918831587,,Ivana Sekol,Predsjednica,"pružanje posredne i neposredne pomoći stanovništvu zemalja u razvoju, doprinos socijalnim uvjetima, razvoju edukacije i medicinske skrbi, unapređivanje kulture i duhovnog razvoja, razvoj civilnog društva i vrijednosti volontiranja, promicanje odlika humanosti i osobnog razvitka, podizanje javne svijesti i informiranosti o problemima u siromašnim područjima svijeta, prikupljanje i raspodjela humanitarne pomoći za misiju hrvatskog misionara u Africi fra Mire Babića","DJECA - OPĆA POPULACIJA, GRAĐANI – OPĆA POPULACIJA, OSOBE STARIJE ŽIVOTNE DOBI","[""8.2. Međunarodna humanitarna pomoć"", ""2.4.1. Promicanje i razvoj volonterstva"", ""2.5. Promicanje društvene solidarnosti"", ""6.4.3. Nakladnička i knjižarska djelatnost""]",https://banovac.mfin.hr/rnoprt/Details?handler=Details&id=40839,"[""datagovhr:registar-udruga""]"
890,humanitarni-institut-za-drustvenu-pomoc-zagreb-8365,HUMANITARNI INSTITUT ZA DRUŠTVENU POMOĆ,Humanitarni Institut za Društvenu Pomoć,,registar-udruga,220615,21013536,56748678365,BRISAN,2023-02-28,2019-07-17,2019-06-04,UDRUGA,karitativna,niska,3.0,"[""opis:duhovnost"", ""djelatnost:3.2.2."", ""djelatnost:3.1.3.""]","LUKŠIĆ 53, Zagreb",LUKŠIĆ,53,Zagreb,Zagreb,Grad Zagreb,Grad Zagreb,10163,,45.85047193,15.93838177,dgu-adresa,Zagrebačka Nadbiskupija,derivirano-crkve.domovina.ai,,,,,,Zoran Krajačić,Predsjednik,"Unaprjeđenje kvalitete ljudskoga života u sadašnjem i budućem trenutku; Pomaganje, napredovanje, učenje, usavršavanje, uzdizanje, suradnja i povezivanje ljudi bez obzira na starosne, spolne, vjerske, geografske i ostale razlike; Povezivanje čovječanstva na misaonoj razini, kako bi se ostvarila neverbalna komunikacija koja teži međusobnom pomaganju, altruizmu, suosjećanju i međusobnoj ljubavi; Promicanje interesa svojih članova, ali i svih ostalih članova našega društva istih preferencija, interesa i stavova.","DJECA - OPĆA POPULACIJA, GRAĐANI – OPĆA POPULACIJA, VOLONTERI","[""7.11. Ostale djelatnosti iz područja ostvarivanja i zaštite ljudskih prava"", ""2.12. Razvoj civilnoga društva"", ""3.2.2. Poticanje osobnog razvoja"", ""2.2. Promicanje nenasilja i izgradnja mira"", ""3.1.3. Ostale religijske/vjerničke djelatnosti"", ""2.5. Promicanje društvene solidarnosti"", ""11.3.5. Ostale djelatnosti humanitarne pomoći"", ""8.4. Ostale djelatnosti iz područja međunarodne suradnje""]",,"[""datagovhr:registar-udruga""]"
83,hrvatska-glazbena-udruga-sveta-vincenca-blato-9409,"Hrvatska glazbena udruga ""Sveta Vincenca"" - Blato","Hrvatska glazbena udruga ""Sveta Vincenca"" - Blato","H.G.U. ""Sv.Vicenca"" - Blato",registar-udruga,1861,19000458,15744889409,AKTIVAN,,1998-12-31,1993-10-08,UDRUGA,glazba,niska,3.0,"[""naziv:svetac"", ""djelatnost:3.1.3.""]","80. ulica 2, Blato",80. ulica,2,Blato,,,Dubrovačko-neretvanska,,,,,,,,teo.separovic@radez.hr,,099/216 7800,+385992167800,,Petra Žanetić,Predsjednica,kulturno-umjetnička aktivnost,GRAĐANI – OPĆA POPULACIJA,"[""8.1.1. GLAZBENA DJELATNOST"", ""8.3. Međunarodna prijateljstva"", ""9.1.1. Razvoj i promicanje odgoja i obrazovanja"", ""11.1.1. Pomoć i podrška starijim osobama"", ""6.1.7. Zaštita i očuvanje nematerijalnih kulturnih dobara"", ""11.4. Solidarna posmrtna pripomoć"", ""11.1.6. Pomoć i podrška nezaposlenima"", ""6.2.4. Kulturno-umjetnički (glazbeni i scenski) amaterizam"", ""3.1.3. Ostale religijske/vjerničke djelatnosti"", ""11.1.7. Pomoć i podrška obitelji"", ""9.1.8. Odgoj i obrazovanje za zaštitu i promicanje povijesno-kulturne baštine i nacionalnoga identiteta"", ""11.1.3. Pomoć i podrška djeci"", ""11.1.4. Pomoć i podrška mladima""]",https://banovac.mfin.hr/rnoprt/Details?handler=Details&id=8672,"[""datagovhr:registar-udruga""]"
778,hrvatsko-drustvo-za-pripodvijedanje-logos-udruga-za-promicanje-usmenoga-pripovijedanja-i-popularizaciju-znanosti-0953,"Hrvatsko društvo za pripodvijedanje ""Logos"", udruga za promicanje usmenoga pripovijedanja i popularizaciju znanosti","Hrvatsko društvo za pripodvijedanje ""Logos"", udruga za promicanje usmenoga pripovijedanja i popularizaciju znanosti","Hrvatsko društvo za pripovijedanje ""Logos""",registar-udruga,205781,05002021,08728470953,AKTIVAN,,2017-03-17,2016-11-11,UDRUGA,glazba,niska,3.0,"[""djelatnost:3.1.3."", ""djelatnost:3.1.2.""]","Ulica Antuna Štera 19, Varaždin",Ulica Antuna Štera,19,Varaždin,Varaždin,Varaždin,Varaždinska,42000,,46.31467829,16.32991299,dgu-adresa,Varaždinska Biskupija,derivirano-crkve.domovina.ai,udruga.ks.logos@gmail.com,https://kreativni studio-logos.hr,099-7969-469,+385997969469,,Ivan Mašić,Predsjednik,"poticanje stvaralaštva te kreativnog promišljanja i djelovanja djece i mladih u područjima kulture i umjetnosti te unapređenje znanja i vještina djece i mladih u području demokratskog građanstva; poticanje kreativnosti i uporabe usmenoga pripovijedanja u krugu odgojno - obrazovnih djelatnika, roditelja, studenata, voditelja, stručnih suradnika i drugih kojima je komunikacija primarni način rada; njegovanje nematerijalne kulturne baštine (usmeno pripovijedanje, kazivanje narodnih priča, mitova, legendi i bajki); istraživanje fenomena usmenoga pripovijedanja u svakodnevnom životu i svakodnevnoj komunikacijom te njegova primjena u odgoju i obrazovanju; popularizacija znanosti (posebno društvenih, humanističkih i interdisciplinarnih znanosti); organizacijom predavanja, tečajeva, konferencija i znanstveno stručnih skupova; poticanje i osnaživanje ženskoga poduzetništva organizacijom predavanja, tečajeva i konferencija.","AKADEMSKA ZAJEDNICA, DAROVITA DJECA I MLADI, DJECA - OPĆA POPULACIJA, GRAĐANI – OPĆA POPULACIJA, MLADI - OPĆA POPULACIJA, NACIONALNE MANJINE, OBITELJI, ODGOJNO-OBRAZOVNE USTANOVE, ODGOJNO-OBRAZOVNI DJELATNICI, POSLODAVCI, POSLOVNE ORGANIZACIJE, RODITELJI, RURALNO STANOVNIŠTVO, STUDENTI, UDRUGE I GRAĐANSKE INICIJATIVE, UČENICI, VOLONTERI, ŽENE, ŽENE PODUZETNICE","[""9.1.5. Odgoj i obrazovanje za aktivno sudjelovanje u razvoju demokratske kulture"", ""3.1.3. Ostale religijske/vjerničke djelatnosti"", ""6.1.8. Općekulturna (kulturološka) djelatnost"", ""9.1.8. Odgoj i obrazovanje za zaštitu i promicanje povijesno-kulturne baštine i nacionalnoga identiteta"", ""6.4.6. Književno-nakladničke manifestacije"", ""9.1.6. Odgoj i obrazovanje za zaštitu i promicanje ljudskih prava"", ""9.1.9. Odgoj i obrazovanje za održivi razvoj, zdrave načine života i očuvanje prirode"", ""3.1.2. Promocija i izgradnja međuvjerničkog dijaloga"", ""6.4.5. Literarni amaterizam"", ""9.1.7. Poticanje kreativnosti i stvaralaštva u odgoju i obrazovanju"", ""9.1.1. Razvoj i promicanje odgoja i obrazovanja"", ""6.4.3. Nakladnička i knjižarska djelatnost"", ""9.1.3. Izvaninstitucionalni odgoj i obrazovanje"", ""6.1.7. Zaštita i očuvanje nematerijalnih kulturnih dobara"", ""8.1.5. Obrazovanje"", ""6.8.3. Interaktivni mediji"", ""9.1.11. Strukovne udruge u odgoju i obrazovanju"", ""9.2.8. Interdisciplinarna područja znanosti"", ""9.2.2. Humanističke znanosti"", ""6.4.1. Književno stvaralaštvo"", ""9.1.10. Međunarodna suradnja i mobilnost u obrazovanju"", ""9.2.12. Popularizacija znanosti"", ""9.2.11. Izdavanje znanstvenih i stručnih publikacija"", ""9.2.9. Znanstvenoistraživački rad"", ""9.1.2. Cjeloživotno učenje i obrazovanje odraslih"", ""9.2.10. Organizacija domaćih i međunarodnih znanstvenih i znanstvenostručnih skupova, škola, kongresa i seminara"", ""9.2.14. Strukovne udruge u području znanosti, stručnog rada i istraživanja"", ""9.2.1. Društvene znanosti"", ""9.2.13. Umrežavanje i međunarodna znanstvena i stručna suradnja"", ""6.8.1. Interdisciplinarne kulturno-umjetničke prakse"", ""9.2.7. Umjetnost"", ""6.2.5. Inovativne izvedbene umjetničke prakse"", ""8.3. Međunarodna prijateljstva"", ""6.8.2. Intersektorske kulturno-umjetničke aktivnosti"", ""6.4.4. Novinsko-nakladnička djelatnost"", ""6.2.7. Ostale djelatnosti izvedbene umjetnosti"", ""6.4.2. Knjižnična djelatnost"", ""9.1.4. Potpora obrazovanju djece i mladih s posebnim potrebama"", ""6.8.4. Ostale interdisciplinarne kulturno-umjetničke djelatnosti""]",https://banovac.mfin.hr/rnoprt/Details?handler=Details&id=52503,"[""datagovhr:registar-udruga""]"
703,humanitarna-udruga-za-razvitak-i-ocuvanje-krscanske-kvalitete-zivota-kuca-kruha-virovitica-9868,Humanitarna Udruga za razvitak i očuvanje kršćanske kvalitete života KUĆA KRUHA,Humanitarna Udruga za razvitak i očuvanje kršćanske kvalitete života KUĆA KRUHA,KUĆA KRUHA,registar-udruga,63645,10000973,02361699868,BRISAN,2018-06-15,2014-07-17,2014-05-29,UDRUGA,karitativna,niska,3.0,"[""naziv:krscanski"", ""opis:krscanski""]","Matije Gupca 129, Virovitica",Matije Gupca,129,Virovitica,Virovitica,Virovitica,Virovitičko-podravska,33000,,45.84814445,17.38779121,dgu-adresa,Požeška Biskupija,derivirano-crkve.domovina.ai,diana.vidovic@skole.hr,,091-3593-819,+385913593819,,Diana Vidović Petrović,Predsjednica Udruge,"Udruga je osnovana u cilju promicanja i unapređenja kvalitete kršćanskog života, općenito društva, ugroženih skupina ljudi, obitelji te pojedinaca.","BESKUĆNICI, NEZAPOSLENI, OSOBE U RIZIKU OD SIROMAŠTVA I SIROMAŠNE OSOBE","[""11.3.2. Psihosocijalna pomoć u kriznim situacijama"", ""11.3.3. Poboljšanje kvalitete života i zdravlja socijalno isključenih"", ""11.3.4. Pomoć u podmirivanju osnovnih životnih potreba""]",https://banovac.mfin.hr/rnoprt/Details?handler=Details&id=48872,"[""datagovhr:registar-udruga""]"
901,institut-za-filozofiju-teologiju-i-drustvenu-kritiku-zagreb-6044,"INSTITUT ZA FILOZOFIJU, TEOLOGIJU I DRUŠTVENU KRITIKU","Institut za Filozofiju, Teologiju i Društvenu Kritiku",IFTDK,registar-udruga,223168,21013623,43026676044,BRISAN,2024-10-15,2019-10-16,2019-08-15,UDRUGA,mladi,niska,3.0,"[""naziv:krscanski"", ""opis:krscanski""]","ULICA FRANJE FUISA  2, Zagreb",ULICA FRANJE FUISA,2,Zagreb,Zagreb,Grad Zagreb,Grad Zagreb,10104,,45.78718414,15.93908727,dgu-adresa,Zagrebačka Nadbiskupija,derivirano-crkve.domovina.ai,,,092-1658-991,+385921658991,,Mislav Šolta,Dopredsjednik,"Obrazovanje mladih i općeg građanstva u kritičkom mišljenju, informiranju istih o rezultatima suvremenih filozofijskih, teologijskih i drugih društveno-humanističkih istraživanja, poticanja društvenog angažmana i očuvanja materijalne i nematerijalne kulturne baštine.","BRANITELJI - VETERANI, GRAĐANI – OPĆA POPULACIJA, MLADI - OPĆA POPULACIJA","[""9.2.1. Društvene znanosti"", ""9.2.2. Humanističke znanosti"", ""6.1.9. Ostale djelatnosti kulturne baštine"", ""9.2.9. Znanstvenoistraživački rad"", ""9.1.8. Odgoj i obrazovanje za zaštitu i promicanje povijesno-kulturne baštine i nacionalnoga identiteta"", ""6.1.7. Zaštita i očuvanje nematerijalnih kulturnih dobara"", ""6.1.1. Zaštita i očuvanje materijalnih kulturnih dobara"", ""9.1.5. Odgoj i obrazovanje za aktivno sudjelovanje u razvoju demokratske kulture"", ""9.2.10. Organizacija domaćih i međunarodnih znanstvenih i znanstvenostručnih skupova, škola, kongresa i seminara""]",https://banovac.mfin.hr/rnoprt/Details?handler=Details&id=56376,"[""datagovhr:registar-udruga""]"
1087,institut-za-jacanje-osobnih-kapaciteta-rijeka-8985,INSTITUT ZA JAČANJE OSOBNIH KAPACITETA,Institut za Jačanje Osobnih Kapaciteta,IJOK,registar-udruga,269932,08005118,13223638985,AKTIVAN,,2025-11-07,2025-08-03,UDRUGA,karitativna,niska,3.0,"[""djelatnost:3.1.2."", ""djelatnost:3.1.1.""]","Vjenceslava Novaka 14, Rijeka",Vjenceslava Novaka,14,Rijeka,Rijeka,Rijeka,Primorsko-goranska,51000,,45.33159945,14.44616442,dgu-adresa,Riječka Nadbiskupija,derivirano-crkve.domovina.ai,jelena.ivelic@gmail.com,,,,,Jelena Ivelić Telišman,Predsjednica Predsjedništva,"Ciljevi Instituta su promicanje, razvitak i unaprjeđenje kvalitete života osoba svih dobnih skupina kroz istraživanje, procjenu, razvoj, edukaciju, savjetovanje i inovacije u svim aspektima osobnog i poslovnog djelovanja.","GRAĐANI – OPĆA POPULACIJA, LOKALNA I REGIONALNA SAMOUPRAVA, MALI I SREDNJI PODUZETNICI I OBRTNICI, MLADI - OPĆA POPULACIJA, NEZAPOSLENI, ODGOJNO-OBRAZOVNE USTANOVE, ODGOJNO-OBRAZOVNI DJELATNICI, OSOBE S INVALIDITETOM, POSLODAVCI, POSLOVNE ORGANIZACIJE, REGIONALNA ILI LOKALNA SAMOUPRAVA, RODITELJI, SPORTAŠI, STUDENTI, UDRUGE I GRAĐANSKE INICIJATIVE, UČENICI, VOLONTERI, ŽENE, ŽENE PODUZETNICE, ŽENE S INVALIDITETOM, ŽRTVE KATASTROFA","[""13.3. Informatika i računalstvo"", ""9.2.11. Izdavanje znanstvenih i stručnih publikacija"", ""9.2.1. Društvene znanosti"", ""13.6.3. Neprofesijska fotografska djelatnost"", ""13.6.2. Neprofesijska video djelatnost"", ""9.1.5. Odgoj i obrazovanje za aktivno sudjelovanje u razvoju demokratske kulture"", ""9.2.12. Popularizacija znanosti"", ""13.9. Cjeloživotno obrazovanje u tehničkoj kulturi"", ""6.4.6. Književno-nakladničke manifestacije"", ""11.2.1. Savjetovanje i pomaganje"", ""8.1.4. Ljudska prava"", ""13.6.4. Podvodna fotografija"", ""9.2.9. Znanstvenoistraživački rad"", ""10.1.1. Edukacija za održivi razvoj ruralnih područja"", ""6.6. Medijska kultura"", ""8.1.6. Ravnopravnost spolova"", ""2.1. Obrazovanje za demokratsko građanstvo"", ""6.4.3. Nakladnička i knjižarska djelatnost"", ""13.10. Organiziranje i razvijanje tehničke kulture"", ""9.2.13. Umrežavanje i međunarodna znanstvena i stručna suradnja"", ""4.4. Inovatorstvo"", ""13.5.7. Bežični mrežni sustavi"", ""9.1.10. Međunarodna suradnja i mobilnost u obrazovanju"", ""8.1.3. Mir i sigurnost"", ""3.1.2. Promocija i izgradnja međuvjerničkog dijaloga"", ""14.3. Prevencija i suzbijanje ovisnosti"", ""9.1.9. Odgoj i obrazovanje za održivi razvoj, zdrave načine života i očuvanje prirode"", ""2.12. Razvoj civilnoga društva"", ""8.1.5. Obrazovanje"", ""8.1.8. Zaštita okoliša i prirode"", ""2.2. Promicanje nenasilja i izgradnja mira"", ""9.1.1. Razvoj i promicanje odgoja i obrazovanja"", ""2.4.1. Promicanje i razvoj volonterstva"", ""6.4.1. Književno stvaralaštvo"", ""8.1.9. Unapređenje zdravlja"", ""8.1.7. Smanjenje siromaštva"", ""9.2.2. Humanističke znanosti"", ""13.5.6. Satelitske komunikacije"", ""8.3. Međunarodna prijateljstva"", ""10.1.2. Planiranje razvoja ruralnih područja"", ""3.1.1. Promicanje religijske etike"", ""13.6.1. Neprofesijska filmska djelatnost"", ""2.4.2. Djelatnost volonterskih centara"", ""4.6.1. Promicanje razvoja socijalnog poduzetništva"", ""11.1.2. Pomoć i podrška osobama s invaliditetom"", ""10.1.3. LEADER pristup razvoju ruralnih područja"", ""2.8. Promicanje dobrog upravljanja"", ""2.13. Razvoj lokalne zajednice"", ""9.2.8. Interdisciplinarna područja znanosti"", ""13.5.5. Digitalne komunikacije"", ""9.2.10. Organizacija domaćih i međunarodnih znanstvenih i znanstvenostručnih skupova, škola, kongresa i seminara"", ""2.6. Interkulturalni dijalog"", ""9.1.2. Cjeloživotno učenje i obrazovanje odraslih"", ""8.1.2. Infrastruktura"", ""13.11. Poticanje kreativnosti i stvaralaštva djece i mladih u tehničkoj kulturi"", ""2.5. Promicanje društvene solidarnosti"", ""15.3. Energetska učinkovitost i obnovljivi izvori energije"", ""10.2.3. Planiranje razvoja urbanih područja"", ""8.2. Međunarodna humanitarna pomoć"", ""7.3. Pravo na pristup informacijama"", ""8.1.1. Demokratska tranzicija"", ""9.1.3. Izvaninstitucionalni odgoj i obrazovanje"", ""10.3.1. Razvoj društvenog kapitala"", ""10.2.1. Edukacija za održivi razvoj urbanih područja""]",,"[""datagovhr:registar-udruga""]"
815,iskra-svjetlosti-split-0568,ISKRA SVJETLOSTI,Iskra Svjetlosti,,registar-udruga,203375,17005460,40118970568,AKTIVAN,,2016-05-09,2016-02-08,UDRUGA,karitativna,niska,3.0,"[""djelatnost:3.1.1."", ""djelatnost:3.2.2."", ""djelatnost:3.2.1.""]","Lovački put 11, Split",Lovački put,11,Split,Split,Split,Splitsko-dalmatinska,21000,,43.5131437,16.48570284,dgu-adresa,Splitsko-makarska Nadbiskupija,derivirano-crkve.domovina.ai,info@iskrasvjetlosti.hr,https://www.iskrasvjetlosti.hr,097-6653-783,+385976653783,,Božena Ljušanin,Dopredsjednica Udruge,"Organiziranje projekata i humanitarnih akcija u svrhu prikupljanja i raspodjele materijalnih, financijskih i drugih dobara bolesnoj, nemoćnoj, napuštenoj ili siromašnoj djeci te socijalno ugroženim obiteljima, samohranim roditeljima te starijim i nemoćnim osobama sa svrhom poboljšanja kvalitete njihovih života.","DJECA - OPĆA POPULACIJA, DJECA BEZ ODGOVARAJUĆE RODITELJSKE SKRBI, DJECA U RIZIKU OD SOCIJALNE ISKLJUČENOSTI, JEDNO RODITELJSKE OBITELJI, MLADI - OPĆA POPULACIJA, MLADI S TEŠKOĆAMA U RAZVOJU, NEZAPOSLENI, OSOBE STARIJE ŽIVOTNE DOBI, RODITELJI, TRUDNICE, UČENICI, ŽENE, ŽRTVE NASILJA, ŽRTVE OBITELJSKOG NASILJA","[""9.1.6. Odgoj i obrazovanje za zaštitu i promicanje ljudskih prava"", ""11.1.6. Pomoć i podrška nezaposlenima"", ""11.1.9. Pomoć i podrška beskućnicima"", ""11.3.3. Poboljšanje kvalitete života i zdravlja socijalno isključenih"", ""11.1.7. Pomoć i podrška obitelji"", ""3.1.1. Promicanje religijske etike"", ""11.1.5. Pomoć i podrška osobama u riziku od siromaštva i socijalne isključenosti"", ""11.3.4. Pomoć u podmirivanju osnovnih životnih potreba"", ""11.3.1. Pomoć žrtvama prirodnih katastrofa"", ""3.2.2. Poticanje osobnog razvoja"", ""15.3. Energetska učinkovitost i obnovljivi izvori energije"", ""9.1.4. Potpora obrazovanju djece i mladih s posebnim potrebama"", ""11.1.1. Pomoć i podrška starijim osobama"", ""3.2.1. Promicanje duhovnih aktivnosti"", ""11.1.2. Pomoć i podrška osobama s invaliditetom"", ""15.1.2. Očuvanje prirodne baštine"", ""11.1.4. Pomoć i podrška mladima"", ""11.1.3. Pomoć i podrška djeci"", ""9.1.5. Odgoj i obrazovanje za aktivno sudjelovanje u razvoju demokratske kulture"", ""15.4. Zaštita životinja"", ""15.1.1. Očuvanje posebno vrijednih prirodnih područja i drugih prostora"", ""9.1.1. Razvoj i promicanje odgoja i obrazovanja"", ""9.1.2. Cjeloživotno učenje i obrazovanje odraslih"", ""11.1.10. Pomoć i podrška žrtvama obiteljskog nasilja"", ""11.3.2. Psihosocijalna pomoć u kriznim situacijama"", ""9.1.3. Izvaninstitucionalni odgoj i obrazovanje""]",https://banovac.mfin.hr/rnoprt/Details?handler=Details&id=55377,"[""datagovhr:registar-udruga""]"
173,klub-prijatelja-grada-trsata-rijeka-3149,KLUB PRIJATELJA GRADA TRSATA,Klub Prijatelja Grada Trsata,,registar-udruga,10177,08000842,40100413149,AKTIVAN,,1998-07-13,1992-04-15,UDRUGA,sport,niska,3.0,"[""opis:marija"", ""opis:crkva"", ""opis:duhovnost""]","Šetalište Joakima Rakovca 33, Rijeka",Šetalište Joakima Rakovca,33,Rijeka,Rijeka,Rijeka,Primorsko-goranska,51000,,45.33117021,14.45623416,dgu-adresa,Riječka Nadbiskupija,derivirano-crkve.domovina.ai,ruzica.azman@yahoo.com,https://www.facebook.com,098-326-349,+38598326349,,Ivanka Štrljić,Dopredsjednica,"Ciljevi udruge su: očuvanje i promicanje tradicijske, kulturne i povijesne baštine Trsata i njegovih starih običaja; istraživanje i dokumentiranje povijesti Trsata; zaštita materijalne i nematerijalne kulturne baštine; jačanje lokalnog identiteta i zajedništva građana poradi rješavanja  komunalnog, društvenog, ekološkog  i drugog razvoja Trsata kako bi svojim prijedlozima potaknuli mjesne, gradske i druge nezavisne institucije na njihovo sudjelovanje; posebna pažnja posvećuje se zaštiti, promicanju i valorizaciji lokaliteta kao što su Trsatska gradina i Svetište Majke Božje Trsatske kao ključnih simbola povijesnog identiteta Trsata.",GRAĐANI – OPĆA POPULACIJA,"[""6.1.6. Zaštita kulturnih krajolika"", ""6.4.4. Novinsko-nakladnička djelatnost"", ""6.1.8. Općekulturna (kulturološka) djelatnost"", ""6.3.7. Manifestacije vizualnih umjetnosti"", ""6.2.6. Glazbene i scenske manifestacije i festivali"", ""6.1.1. Zaštita i očuvanje materijalnih kulturnih dobara"", ""6.1.7. Zaštita i očuvanje nematerijalnih kulturnih dobara""]",https://banovac.mfin.hr/rnoprt/Details?handler=Details&id=31620,"[""datagovhr:registar-udruga""]"
451,klub-studenata-teologije-zagreb-5671,KLUB STUDENATA TEOLOGIJE,Klub Studenata Teologije,KST,registar-udruga,35010,21003495,41183725671,BRISAN,2026-03-13,2004-04-27,2003-01-27,UDRUGA,mladi,niska,3.0,"[""naziv:krscanski"", ""opis:krscanski""]","Granična 13, Zagreb",Granična,13,Zagreb,Zagreb,Grad Zagreb,Grad Zagreb,10090,,45.80941035,15.91776269,dgu-adresa,Zagrebačka Nadbiskupija,derivirano-crkve.domovina.ai,,,,,,,,,,"[""7.1.1. OKUPLJANJE STUDENATA""]",,"[""datagovhr:registar-udruga""]"
1169,kolo-srpskih-sestara-sv-jelena-decanska-beli-manastir-1345,KOLO SRPSKIH SESTARA SV. JELENA DEČANSKA BELI MANASTIR,Kolo Srpskih Sestara sv. Jelena Dečanska Beli Manastir,KSS,registar-udruga,202366,14004316,14722381345,AKTIVAN,,2015-11-06,2015-10-03,UDRUGA,strukovna,niska,3.0,"[""naziv:svetac"", ""opis:crkva"", ""opis:svetac"", ""opis:duhovnost"", ""djelatnost:3.2.1."", ""djelatnost:3.2.2."", ""opis:-pravoslavlje""]","Vladana Desnice 74, Beli Manastir",Vladana Desnice,74,Beli Manastir,Beli Manastir,Beli Manastir,Osječko-baranjska,31300,,45.77768308,18.60688239,dgu-adresa,Đakovačko-osječka Nadbiskupija,derivirano-crkve.domovina.ai,,,,,,Dajana Vukadinović,Predsjednica Upravnog Odbora,"je kulturno prosvjetni i humanitarni rad, a kroz njegovanje i razvijanje običaja, kulture, tradicije, jezika i pravoslavne vjere pripadnika srpske nacionalne manjine, a od interesa za opće dobro:
-	očuvanje kulture, tradicije, jezika i drugih obilježja srpske nacionalne manjine
-	očuvanje i aktivno sudjelovanje u obilježavanju pravoslavnih vjerskih praznika i drugih crkvenih i duhovnih manifestacija
-	suradnja sa Srpskom pravoslavnom crkvenom opštinom Beli Manastir.","GRAĐANI – OPĆA POPULACIJA, NACIONALNE MANJINE, ŽENE PRIPADNICE NACIONALNIH MANJINA","[""8.1.4. Ljudska prava"", ""11.1.5. Pomoć i podrška osobama u riziku od siromaštva i socijalne isključenosti"", ""2.5. Promicanje društvene solidarnosti"", ""6.1.8. Općekulturna (kulturološka) djelatnost"", ""3.2.1. Promicanje duhovnih aktivnosti"", ""15.1.2. Očuvanje prirodne baštine"", ""3.2.2. Poticanje osobnog razvoja""]",,"[""datagovhr:registar-udruga""]"
555,krscanski-kulturni-centar-zagreb-2421,KRŠĆANSKI KULTURNI CENTAR,Kršćanski Kulturni Centar,KKC,registar-udruga,48876,21007065,98101582421,AKTIVAN,,2009-09-11,2009-08-12,UDRUGA,kultura,niska,3.0,"[""naziv:krscanski"", ""opis:duhovnost"", ""djelatnost:14.duhovna""]","Gundulićeva 31, Zagreb",Gundulićeva,31,Zagreb,Zagreb,Grad Zagreb,Grad Zagreb,10000,,45.80919459,15.97230535,dgu-adresa,Zagrebačka Nadbiskupija,derivirano-crkve.domovina.ai,info@krscanski-kulturni-centar.hr,,0998606766,+385998606766,,Jasna Šćavničar Ivković,Potpredsjednica,,,"[""14.99.99. OSTALE DUHOVNE DJELATNOSTI""]",https://banovac.mfin.hr/rnoprt/Details?handler=Details&id=48021,"[""datagovhr:registar-udruga""]"
303,krscansko-humanitarno-drustvo-ihthus-pula-3472,KRŠĆANSKO HUMANITARNO DRUŠTVO IHTHUS,Kršćansko Humanitarno Društvo Ihthus,KHD IHTHUS,registar-udruga,40820,18001618,02662233472,BRISAN,2023-04-13,2006-11-20,2005-02-15,UDRUGA,karitativna,niska,3.0,"[""naziv:krscanski"", ""djelatnost:3.2.1.""]","Valturska 61, Pula",Valturska,61,Pula,Pula,Pula - Pola,Istarska,52100,,44.87578251,13.86257289,dgu-adresa,Biskupija Porečka i Pulska,derivirano-crkve.domovina.ai,,,,,,Nevio Bačac - Husak,Predsjednik Udruge,,,"[""3.2.1. HUMANITARNA (Bez suglasnosti Ministarstva rada i soc. skrbi)""]",,"[""datagovhr:registar-udruga""]"
189,krscansko-romska-zajednica-bjelovar-6155,KRŠĆANSKO ROMSKA ZAJEDNICA,Kršćansko Romska Zajednica,KRZ,registar-udruga,15482,00001204,83085756155,BRISAN,2019-02-19,1998-11-10,1998-10-31,UDRUGA,molitvena,niska,3.0,"[""naziv:krscanski"", ""opis:krscanski""]","A. B. Šimića 17, Bjelovar",A. B. Šimića,17,Bjelovar,Bjelovar,Bjelovar,Bjelovarsko-bilogorska,,,45.904293639363765,16.832460297988053,naselje-teziste,Bjelovarsko-križevačka Biskupija,derivirano-crkve.domovina.ai,,,,,,Zlata Vuković,Tajnik Udruge,,,"[""19.1.99. OKUPLJANJE OSTALIH ETNIČKIH MANJINA""]",,"[""datagovhr:registar-udruga""]"
31,kulturna-udruga-svjetlo-europe-u-likvidaciji-zagreb-3626,"KULTURNA UDRUGA ""SVJETLO EUROPE"" U LIKVIDACIJI","Kulturna Udruga ""Svjetlo Europe"" u Likvidaciji",,registar-udruga,47963,21006824,18287013626,PRESTANAK DJELOVANJA,2017-02-09,2009-05-07,2009-03-22,UDRUGA,kultura,niska,3.0,"[""opis:caritas"", ""opis:duhovnost"", ""djelatnost:3.2.1.""]","Hrvatskog proljeća 34, Zagreb",Hrvatskog proljeća,34,Zagreb,Zagreb,Grad Zagreb,Grad Zagreb,10040,,45.82864858,16.05033522,dgu-adresa,Zagrebačka Nadbiskupija,derivirano-crkve.domovina.ai,,,,,,Lidija Barišić Bogišić,Predsjednica,"Razvijanje kulturne suradnje izmedu Hrvatske i drugih europskih zemalja na promicanju kulture života, dijaloga i unapređenju zajedničkih kulturnih, tradicionalnih i duhovnih vrijednosti.","AKADEMSKA ZAJEDNICA, GRAĐANI – OPĆA POPULACIJA","[""2.5. Promicanje društvene solidarnosti"", ""3.2.1. Promicanje duhovnih aktivnosti"", ""6.1.8. Općekulturna (kulturološka) djelatnost""]",,"[""datagovhr:registar-udruga""]"
276,likovna-udruga-tilurium-trilj-4466,"Likovna udruga ""TILURIUM""","Likovna udruga ""TILURIUM""","LU ""TILURIUM""",registar-udruga,14655,17001060,01797734466,AKTIVAN,,1998-05-22,1996-09-25,UDRUGA,kultura,niska,3.0,"[""djelatnost:3.3."", ""djelatnost:3.1.3."", ""djelatnost:3.2.3.""]","Bana Jelačića 40, Trilj",Bana Jelačića,40,Trilj,Trilj,Trilj,Splitsko-dalmatinska,21240,,43.61276776,16.7265743,dgu-adresa,Splitsko-makarska Nadbiskupija,derivirano-crkve.domovina.ai,ana.zuro@optinet.hr,,098-776-574,+38598776574,,Niveska Juraga-Kovačev,Predsjednica Udruge,"promicanje i unaprjeđivanje likovne kulture i Udruge, te okupljanje građana koji se bave likovnom kulturom i drugim oblicima kulturno-umjetničkog stvaralaštva.","AKADEMSKA ZAJEDNICA, DJECA - OPĆA POPULACIJA, GRAĐANI – OPĆA POPULACIJA, LOKALNA I REGIONALNA SAMOUPRAVA, MLADI - OPĆA POPULACIJA, ODGOJNO-OBRAZOVNE USTANOVE, ODGOJNO-OBRAZOVNI DJELATNICI, STUDENTI, UDRUGE I GRAĐANSKE INICIJATIVE, UMIROVLJENICI, UČENICI, VOLONTERI","[""8.3. Međunarodna prijateljstva"", ""11.5. Ostale socijalne djelatnosti"", ""14.5. Ostale djelatnosti u području zaštite zdravlja"", ""6.8.4. Ostale interdisciplinarne kulturno-umjetničke djelatnosti"", ""14.3. Prevencija i suzbijanje ovisnosti"", ""2.2. Promicanje nenasilja i izgradnja mira"", ""3.3. Ostale djelatnosti iz područja duhovnosti"", ""9.3. Ostale djelatnosti iz područja obrazovanja, znanosti i istraživanja"", ""8.1.10. Ostale djelatnosti razvojne suradnje"", ""11.2.17. Ostale djelatnosti socijalnih usluga"", ""6.1.9. Ostale djelatnosti kulturne baštine"", ""6.4.7. Ostale književno-nakladničke djelatnosti"", ""9.2.15. Ostale djelatnosti znanosti, stručnog rada i istraživanja"", ""2.15. Ostale djelatnosti iz područja demokratske političke kulture"", ""7.10. Njegovanje zavičajnog identiteta"", ""7.3. Pravo na pristup informacijama"", ""2.3.4. Ostale djelatnosti prevencije nasilja"", ""7.11. Ostale djelatnosti iz područja ostvarivanja i zaštite ljudskih prava"", ""8.2. Međunarodna humanitarna pomoć"", ""11.1.11. Ostala djelatnosti socijalne pomoći i podrške"", ""14.1.8. Ostale djelatnosti preventivnog djelovanja, unapređenja i zaštite zdravlja"", ""2.5. Promicanje društvene solidarnosti"", ""3.1.3. Ostale religijske/vjerničke djelatnosti"", ""11.3.5. Ostale djelatnosti humanitarne pomoći"", ""6.5.6. Ostale audiovizualne djelatnosti"", ""8.4. Ostale djelatnosti iz područja međunarodne suradnje"", ""2.6. Interkulturalni dijalog"", ""3.2.3. Ostale duhovne djelatnosti"", ""9.1.12. Ostale djelatnosti odgoja i obrazovanja"", ""6.3.8. Ostale djelatnosti vizualne umjetnosti"", ""2.4.3. Ostale djelatnosti volonterstva"", ""6.9. Ostale djelatnosti iz područja kulture i umjetnosti""]",https://banovac.mfin.hr/rnoprt/Details?handler=Details&id=9091,"[""datagovhr:registar-udruga""]"
28,maskare-dol-krizisce-1884,MAŠKARE DOL - KRIŽIŠĆE,Maškare Dol - Križišće,MDK,registar-udruga,47070,08002915,74143271884,AKTIVAN,,2009-02-10,2008-12-16,UDRUGA,molitvena,niska,3.0,"[""opis:red"", ""opis:krscanski"", ""opis:duhovnost""]","Križišće 27, Križišće",Križišće,27,Križišće,Križišće,Kraljevica,Primorsko-goranska,51241,,45.26076722,14.61199944,dgu-adresa,Riječka Nadbiskupija,derivirano-crkve.domovina.ai,maskaredk@gmail.com,,099-2087-816,+385992087816,,Dario Milaković,Dopredsjednik,- očuvanje narodnih običaja i duge tradicije vezane uz maškare na području Križišća.,GRAĐANI – OPĆA POPULACIJA,"[""6.1.7. Zaštita i očuvanje nematerijalnih kulturnih dobara"", ""6.2.6. Glazbene i scenske manifestacije i festivali""]",https://banovac.mfin.hr/rnoprt/Details?handler=Details&id=50882,"[""datagovhr:registar-udruga""]"
650,mir-i-dobro-udruga-za-promicanje-krscanske-kulture-osijek-1255,"MIR I DOBRO, UDRUGA ZA PROMICANJE KRŠĆANSKE KULTURE","Mir i Dobro, Udruga za Promicanje Kršćanske Kulture",MIR I DOBRO,registar-udruga,46228,14002711,60653811255,BRISAN,2024-09-19,2008-11-03,2008-09-05,UDRUGA,kultura,niska,3.0,"[""naziv:krscanski"", ""opis:krscanski""]","SVODOVI bb, Osijek",SVODOVI,,Osijek,Osijek,Osijek,Osječko-baranjska,,,45.543345773347,18.687547011930928,naselje-teziste,Đakovačko-osječka Nadbiskupija,derivirano-crkve.domovina.ai,jasminka.novak-kovac@os.t-com.hr,,095/901 8740,+385959018740,,Krešimir Šimić,Dopredsjednik,,,"[""20.99.99. OSTALE DJELATNOSTI""]",https://banovac.mfin.hr/rnoprt/Details?handler=Details&id=28208,"[""datagovhr:registar-udruga""]"
1055,moto-klub-hamor-stari-jankovci-0368,"MOTO KLUB ""HAMOR""","Moto Klub ""Hamor""","MK ""HAMOR""",registar-udruga,271310,16002682,20052480368,AKTIVAN,,2026-07-20,2026-07-05,UDRUGA,sport,niska,3.0,"[""opis:hodocasce"", ""opis:duhovnost"", ""djelatnost:3.2.1.""]","Josipa Juraja Strossmayera 8, Stari Jankovci",Josipa Juraja Strossmayera,8,Stari Jankovci,Stari Jankovci,Stari Jankovci,Vukovarsko-srijemska,32241,,45.25470982,18.91283082,dgu-adresa,Đakovačko-osječka Nadbiskupija,derivirano-crkve.domovina.ai,krunjac8@gmail.com,,,,,Hrvoje Boroz,Predsjednik,"- okupljanje ljubitelja motociklizma radi promicanja duhovnih, obiteljskih i domoljubnih vrijednosti, organiziranje moto putovanja, hodočašća i sportsko-rekreacijskih aktivnosti u svrhu promicanja nenasilja među djecom i mladima, očuvanje i promicanja kulture i prirodne baštine, pružanje potpore osobama u potrebi, promicanja vrijednosti Domovinskog rata te razvoja međunarodne suradnje.","DJECA BEZ ODGOVARAJUĆE RODITELJSKE SKRBI, DJECA U RIZIKU OD SOCIJALNE ISKLJUČENOSTI, GRAĐANI – OPĆA POPULACIJA, OBITELJI, OSOBE U RIZIKU OD SIROMAŠTVA I SIROMAŠNE OSOBE","[""15.1.2. Očuvanje prirodne baštine"", ""11.1.5. Pomoć i podrška osobama u riziku od siromaštva i socijalne isključenosti"", ""2.3.1. Prevencija nasilja među djecom i mladima"", ""6.1.1. Zaštita i očuvanje materijalnih kulturnih dobara"", ""8.3. Međunarodna prijateljstva"", ""12.4.3. Tjelesne aktivnosti i igre koje se organizirano izvode radi unapređenja zdravlja i rekreacije"", ""5.6. Ostale hobističke djelatnosti"", ""12.4.5. Organiziranje sportsko rekreacijskih natjecanja i sportsko rekreativnih edukativnih projekata i programa"", ""7.5.4. Zaštita obitelji"", ""3.2.1. Promicanje duhovnih aktivnosti""]",,"[""datagovhr:registar-udruga""]"
811,muzej-andela-varazdin-0756,Muzej anđela Varaždin,Muzej anđela Varaždin,,registar-udruga,203650,05001979,28598700756,AKTIVAN,,2016-04-18,2016-02-26,UDRUGA,kultura,niska,3.0,"[""naziv:duhovnost"", ""opis:franjevci"", ""opis:duhovnost""]","Ulica Stjepana Vukovića 15, Varaždin",Ulica Stjepana Vukovića,15,Varaždin,Varaždin,Varaždin,Varaždinska,42000,,46.29563675,16.33794254,dgu-adresa,Varaždinska Biskupija,derivirano-crkve.domovina.ai,marija.kopriva@gmail.com,,042 212 000,+38542212000,,Josip Prstec,Dopredsjednik,"podržavanje, poticanje i pokretanje pojedinačnih i grupnih aktivnosti kojima će pomoći realizaciju stručnih, znanstvenih, obrazovnih i kulturno-turističkih događanja koji promiču suradnju, druženje i razvoj humanih i plemenitih odnosa među ljudima; isticanje vrijednosti duhovnog povezivanja svih ljudi bez obzira na njihove svjetonazore ili religijsku pripadnost; podržavanje ideje i akcija usmjerenih na brigu pojedinaca i zajednice za očuvanje nacionalne i lokalne kulturne baštine i tradicije te svih drugih na toj podlozi kulturno-umjetničkih vrijednosti; pružanje potpore produkciji projekata i sadržaja koji potiču kreativno stvaralaštvo pojedinaca i grupa na svim područjima kulturnog i umjetničkog stvaralaštva, posebno onih koji u svojem interesu imaju duhovnost, dobrotu, ljubav, vrednovanje nematerijalnih vrijednosti; odašiljanje poruke mira; povećanje interesa javnosti za kulturno povijesne znamenitosti Grada Varaždina i kontinuirano provođenje aktivnosti da se grad percipira kao grad Anđela, „grad u kojem spavaju anđeli“; promicanje humanitarne djelatnosti","GRAĐANI – OPĆA POPULACIJA, NACIONALNE MANJINE, ODGOJNO-OBRAZOVNE USTANOVE, PREDSTAVNICI MEDIJA, TURISTI","[""6.9. Ostale djelatnosti iz područja kulture i umjetnosti"", ""6.1.7. Zaštita i očuvanje nematerijalnih kulturnih dobara"", ""6.2.7. Ostale djelatnosti izvedbene umjetnosti"", ""4.8. Turizam""]",https://banovac.mfin.hr/rnoprt/Details?handler=Details&id=50715,"[""datagovhr:registar-udruga""]"
1171,nogometni-klub-bratstvo-jurovec-9128,"NOGOMETNI KLUB ""BRATSTVO"" JUROVEC","Nogometni Klub ""Bratstvo"" Jurovec","NK ""BRATSTVO"" JUROVEC",registar-udruga,929,20000164,70584799128,AKTIVAN,,1998-02-11,1996-10-26,UDRUGA,bratovstina,niska,3.0,"[""naziv:bratovstina"", ""opis:-islam"", ""naziv:jak-pojam""]","Jurovec 48A, Jurovec",Jurovec,48A,Jurovec,Jurovec,Sveti Martin na Muri,Međimurska,40313,,46.52502342,16.34711089,dgu-adresa,Varaždinska Biskupija,derivirano-crkve.domovina.ai,nkbratstvojurovec@gmail.com,,,,,Damir Bogdan,Predsjednik Kluba,"okupljanje građana, osobito mladeži radi bavljenja nogometnim sportom; razvoj i promicanje nogometa.","MLADI - OPĆA POPULACIJA, SPORTAŠI","[""18.59.1. nogomet"", ""12.1. Sudjelovanje u sportskom natjecanju"", ""12.2. Sportska priprema"", ""12.3. Sportska poduka"", ""12.6. Upravljanje sportskim objektima""]",,"[""datagovhr:registar-udruga""]"
1172,nogometni-klub-bratstvo-preseka-badlican-0240,"NOGOMETNI KLUB ""BRATSTVO"" PRESEKA","Nogometni Klub ""Bratstvo"" Preseka","NK ""BRATSTVO"" PRESEKA",registar-udruga,907,20000142,69125250240,AKTIVAN,,1998-02-10,1979-02-17,UDRUGA,bratovstina,niska,3.0,"[""naziv:bratovstina"", ""opis:-islam"", ""naziv:jak-pojam""]","BADLIČAN 23a, Badličan",BADLIČAN,23a,Badličan,Badličan,Gornji Mihaljevec,Međimurska,40306,,46.41623192,16.28924274,dgu-adresa,Varaždinska Biskupija,derivirano-crkve.domovina.ai,jjhorvat1999@gmail.com,,,,,Luka Potočnik,Predsjednik Kluba,"Okupljanje građana, osobito mladeži, radi bavljenja nogometnim sportom; razvoj i promicanje nogometa.","DJECA DO 14 GODINA, DJECA OD 14 DO 18 GODINA, GRAĐANI – OPĆA POPULACIJA, SPORTAŠI","[""12.1. Sudjelovanje u sportskom natjecanju"", ""12.6. Upravljanje sportskim objektima"", ""12.3. Sportska poduka"", ""12.2. Sportska priprema"", ""18.59.1. nogomet"", ""12.7. Organiziranje i provođenje adaptiranog i zdravstveno usmjerenog tjelesnog vježbanja""]",,"[""datagovhr:registar-udruga""]"
1179,nogometni-klub-bratstvo-radikovci-0259,"NOGOMETNI KLUB ""BRATSTVO"" RADIKOVCI","Nogometni Klub ""Bratstvo"" Radikovci","NK ""BRATSTVO"" RADIKOVCI",registar-udruga,7278,14000194,76050880259,AKTIVAN,,1998-02-06,1998-01-11,UDRUGA,bratovstina,niska,3.0,"[""naziv:bratovstina"", ""opis:-islam"", ""naziv:jak-pojam""]","Matije Gupca 2, Radikovci",Matije Gupca,2,Radikovci,Radikovci,Donji Miholjac,Osječko-baranjska,31543,,45.69687457,18.20660444,dgu-adresa,Đakovačko-osječka Nadbiskupija,derivirano-crkve.domovina.ai,goran.babic@generali.com,,,,,Goran Babić,Predsjednik,"Klub je osnovan u cilju promicanja, razvitka i unapređenja nogometnog sporta u prigradskom naselju Radikovci, gradu Donjem Miholjcu, Osječko-baranjskoj županiji i u Republici Hrvatskoj.","DJECA - OPĆA POPULACIJA, DJECA DO 14 GODINA, DJECA OD 14 DO 18 GODINA, GRAĐANI – OPĆA POPULACIJA, MLADI - OPĆA POPULACIJA, SPORTAŠI","[""1.2.1. NOGOMET"", ""12.3. Sportska poduka"", ""12.1. Sudjelovanje u sportskom natjecanju"", ""12.2. Sportska priprema"", ""12.5.2. Organiziranje sportskih edukativnih projekata i programa (kampovi, škole, priredbe, festivali, radionice) za poticanje bavljenja sportom i tjelesnim vježbanjem"", ""12.11. Ostale djelatnosti u sportu"", ""12.9. Promocija sporta i zdravog načina življenja"", ""12.6. Upravljanje sportskim objektima"", ""12.8. Organiziranje i razvijanje sportskih udruga i sportskih djelatnosti"", ""12.7. Organiziranje i provođenje adaptiranog i zdravstveno usmjerenog tjelesnog vježbanja"", ""18.59.1. nogomet""]",,"[""datagovhr:registar-udruga""]"
838,olivet-zajednica-hrvatske-zagreb-2267,OLIVET ZAJEDNICA HRVATSKE,Olivet Zajednica Hrvatske,OZH,registar-udruga,209532,21012977,65618852267,BRISAN,2019-07-31,2018-04-10,2018-01-31,UDRUGA,molitvena,niska,3.0,"[""opis:krscanski"", ""djelatnost:3.1.1.""]","DRAŠKOVIĆEVA 62, Zagreb",DRAŠKOVIĆEVA,62,Zagreb,Zagreb,Grad Zagreb,Grad Zagreb,10000,,45.80795062,15.98368735,dgu-adresa,Zagrebačka Nadbiskupija,derivirano-crkve.domovina.ai,immanuelcroatia@gmail.com,,099 4712 221,+385994712221,,Branimir Despot,Predsjednik,Udruga je osnovana u cilju promicanja kršćanstva i Biblijskih vrednota u modernom društvu.,GRAĐANI – OPĆA POPULACIJA,"[""3.1.1. Promicanje religijske etike""]",https://banovac.mfin.hr/rnoprt/Details?handler=Details&id=54228,"[""datagovhr:registar-udruga""]"
973,pivaci-svetog-jakova-sibenik-4898,PIVAČI SVETOG JAKOVA,Pivači Svetog Jakova,PIVAČI,registar-udruga,246811,15001666,63433754898,AKTIVAN,,2021-11-03,2021-10-02,UDRUGA,glazba,niska,3.0,"[""naziv:svetac"", ""opis:duhovnost"", ""djelatnost:3.1.2."", ""djelatnost:3.2.3.""]","Podsolarsko 22, Šibenik",Podsolarsko,22,Šibenik,Šibenik,Šibenik,Šibensko-kninska,22000,,43.6987842,15.90030602,dgu-adresa,Šibenska Biskupija,derivirano-crkve.domovina.ai,antonio.sunjerga@gmail.com,,097-7861-739,+385977861739,,Antoni Paškov,Dopredsjednik,Njegovanje vokalne duhovne i tradicionalne hrvatske glazbe; njegovanje pučke duhovne glazbe i duhovne glazbe općenito kao vrijednih dosega različitih glazbenih oblika; zaštita i očuvanje nematerijalnih kulturnih dobara.,"AKADEMSKA ZAJEDNICA, GRAĐANI – OPĆA POPULACIJA","[""6.1.7. Zaštita i očuvanje nematerijalnih kulturnih dobara"", ""6.1.9. Ostale djelatnosti kulturne baštine"", ""3.1.2. Promocija i izgradnja međuvjerničkog dijaloga"", ""6.2.3. Glazba i glazbeno-scenske umjetnosti"", ""3.2.3. Ostale duhovne djelatnosti"", ""6.2.4. Kulturno-umjetnički (glazbeni i scenski) amaterizam"", ""6.2.6. Glazbene i scenske manifestacije i festivali""]",https://banovac.mfin.hr/rnoprt/Details?handler=Details&id=59408,"[""datagovhr:registar-udruga""]"
523,put-k-suncu-zagreb-7646,PUT K SUNCU,Put K Suncu,PUT,registar-udruga,47418,21006666,84910827646,AKTIVAN,,2009-03-11,2009-02-04,UDRUGA,karitativna,niska,3.0,"[""opis:caritas"", ""opis:krscanski"", ""opis:duhovnost""]","Račkoga 4, Zagreb",Račkoga,4,Zagreb,Zagreb,Grad Zagreb,Grad Zagreb,10000,,45.81129141,15.98431193,dgu-adresa,Zagrebačka Nadbiskupija,derivirano-crkve.domovina.ai,,,,,,Ivana Podnar,Dopredsjednica,,,"[""20.99.99. OSTALE DJELATNOSTI""]",,"[""datagovhr:registar-udruga""]"
237,ratarsko-stocarska-udruga-opcine-nova-kapela-4224,RATARSKO - STOČARSKA UDRUGA  OPĆINE NOVA KAPELA,Ratarsko - Stočarska Udruga Općine Nova Kapela,,registar-udruga,12916,12000003,83153524224,AKTIVAN,,1997-11-28,1997-09-29,UDRUGA,zupna,niska,3.0,"[""naziv:crkva"", ""opis:crkva""]","Trg kralja Tomislava 9, Nova Kapela",Trg kralja Tomislava,9,Nova Kapela,Nova Kapela,Nova Kapela,Brodsko-posavska,,,45.200824499446334,17.637297281017712,naselje-teziste,Požeška Biskupija,derivirano-crkve.domovina.ai,,,,,,Marijan Petranović,Predsjednik Udruge,"Osnovni ciljevi i zadaci “Ratarsko-stočarske udruge općine Nova Kapela” , u daljnjem tekstu “Udruge” :

1. 	daje članovima informacije o aktivnostima tijela za selo i poljoprivredu
2.  organizira suradnju s odgovarajućim gospodarskim i drugim subjektima u cilju razvoja ratarstva i stočarstva
	3. organizira  pod povoljnim uvijetima  nabavu  i demostraciju reprodukcijskog materijala,mehanizacije i drugih sredstava  potrebnih za proizvodnju ratarskih, povrtlarskih i stočarskih proizvoda na obiteljskim gospodarstvima za potrebe Udruge,
	4. potiče i organizira za potrebe Udruge  proizvodnju i prodaju ratarskih, povrtlatrskih i stočarskih proizvoda,				
	5. organizira osnivanje društva, radnji i trgovina radi plasmana  ratarskih, povrtlarskih i stočarskih proizvoda ,
	6.  organizira rekreativne i kulturne sadržaje , izlete, putovanja i izložbe članova,
	7. surađuje sa nadležnim tijelima  i trgovačkim društvima  radi praćenja i predlaganja mjera za provođenje agrarne politike,
	8.  zastupa interese članova  kod ugovaranja  plasmana  ratarskih, povrtlarskih i stočarskih proizvoda,
	9.  predlaže određena rješenja pravnim i fizičkim osobama u prometu roba,
            10.  organizira kooperativne odnose poljoprivrednih gospodarstava sa prerađivačkim kapacitetima,	
            11. organizira nabavu zaštitinih sredstava i drugog repromaterijala potrebnog za proizvodnju ratarskih,povrtlarskih i stočarskih proizvoda  ( umjetno gnojivo, sjeme i sadni materijal, krmne smjese, premixi i dodaci stočnoj hrani, nabavka lijekova za potrebe stočarstva ),
            12. brine o organizaciji izobrazbe svojih članova organiziranjem predavanja, demonstracijskih prikaza, raspodjele stručne literature, brošura i stručnih članaka,
13. 	 brine se o organizaciji oplodnje stoke i sudjeluje u izboru rasplodnjaka,
14. 	brine se o stvaranju preduvijeta za kreditiranje i premiranje proizvodnje kvalitetne rasplodne stoke, te organizirano nastupa kod nadležnih  organa radi što  efikasnijeg korištenja sredstava namijenjen proizvodnji rasplodne stoke,
15. 	pomaže članovima u stvaranju preduvijeta za provedbu suvremene tehnologije u ishrani i držanju stoke.",POLJOPRIVREDNICI I RIBARI,"[""10.2.1. POLJOPRIVREDNA DJELATNOST""]",,"[""datagovhr:registar-udruga""]"
950,regina-centar-za-osobni-i-profesionalni-razvoj-zagreb-5565,REGINA - CENTAR ZA OSOBNI I PROFESIONALNI RAZVOJ,Regina - Centar za Osobni i Profesionalni Razvoj,REGINA,registar-udruga,233429,21013943,85072865565,AKTIVAN,,2020-08-24,2020-07-27,UDRUGA,molitvena,niska,3.0,"[""opis:katolic""]","HUZJANOVA ULICA 22, Zagreb",HUZJANOVA ULICA,22,Zagreb,Zagreb,Grad Zagreb,Grad Zagreb,10172,,45.81533314,15.86557101,dgu-adresa,Zagrebačka Nadbiskupija,derivirano-crkve.domovina.ai,reginacentar@gmail.com,,095-8142-898,+385958142898,,Ivana Odak,Predsjednica,"Omogućiti i poticati osobni i profesionalni razvoj pojednica (žena, djece, mladih, obitelji, organizacija i zajednica); Osnaživanje žena i njihova aktivacija na tržište rada; Zaštita poslovnog integriteta i individualne osobnosti žene; Zaštita i podrška socijalno ugroženim — marginaliziranim i najranjivijim skupinama; Promicanje ravnopravnosti i jednakosti spolova te zaštita žena od diskriminacije; Poticati i podržavati razvoj poduzetništva i društvenog poduzetništva; Umrežavanje poslovnih žena radi jačanja kapaciteta poslovanja; Podupirati ulogu žene u društvu, obitelji, poslu; Promicanje prava žena kao čimbenik u kreiranju društvenog; Promicanje katoličkih obiteljskih vrijednosti; Uspostava međusobne komunikacije i informiranja žena u RH i inozemstvu.","DJECA - OPĆA POPULACIJA, GRAĐANI – OPĆA POPULACIJA, MLADI - OPĆA POPULACIJA, OBITELJI, ŽENE, ŽENE PODUZETNICE","[""11.1.7. Pomoć i podrška obitelji"", ""9.1.5. Odgoj i obrazovanje za aktivno sudjelovanje u razvoju demokratske kulture"", ""11.3.3. Poboljšanje kvalitete života i zdravlja socijalno isključenih"", ""9.1.6. Odgoj i obrazovanje za zaštitu i promicanje ljudskih prava"", ""2.3.4. Ostale djelatnosti prevencije nasilja"", ""7.5.19. Ostale djelatnosti suzbijanja i zaštite od diskriminacije"", ""2.5. Promicanje društvene solidarnosti"", ""7.5.1. Ravnopravnost spolova"", ""7.5.4. Zaštita obitelji""]",https://banovac.mfin.hr/rnoprt/Details?handler=Details&id=57469,"[""datagovhr:registar-udruga""]"
1135,send-international-zagreb-8179,SEND INTERNATIONAL,Send International,,strane-udruge,99961,000039,52917078179,AKTIVNA,,1998-08-21,,STRANA UDRUGA,zupna,niska,3.0,"[""opis:vjernici"", ""opis:crkva"", ""djelatnost:14.duhovna""]","Božidara Magovca 54, Zagreb",Božidara Magovca,54,Zagreb,Zagreb,Grad Zagreb,Grad Zagreb,10010,"36210 Freedom Road P.O.Box 513, Farmington, SJEDINJENE AMERIČKE DRŽAVE",45.77101024,16.00272548,dgu-adresa,Zagrebačka Nadbiskupija,derivirano-crkve.domovina.ai,jgo@send.org,,091-5098-278,+385915098278,,Johann David Teo Go,Ovlaštena Odgovorna Osoba,,,"[""14.99. OSTALE DUHOVNE DJELATNOSTI""]",https://banovac.mfin.hr/rnoprt/Details?handler=Details&id=40528,"[""datagovhr:strane-udruge""]"
540,spiritus-os-osijek-7566,Spiritus OS,Spiritus OS,SOS,registar-udruga,55998,14003466,71350697566,AKTIVAN,,2012-01-27,2012-01-10,UDRUGA,molitvena,niska,3.0,"[""djelatnost:3.1.1."", ""djelatnost:3.1.2.""]","Trg Lava Mirskog 1, Osijek",Trg Lava Mirskog,1,Osijek,Osijek,Osijek,Osječko-baranjska,31000,,45.55926717,18.67740308,dgu-adresa,Đakovačko-osječka Nadbiskupija,derivirano-crkve.domovina.ai,sos@sos.hr,,031/375-158,+38531375158,,Viktor Škoflek,Predsjednik,"Cilj i svrha djelovanja Udruge je pomoć starim i nemoćnim osobama, osobama s invalidtetom, djeci, mladima, obiteljima i jednoroditeljskim obiteljiima, azilantima, migrantima te braniteljima kao i  integracija istih u okruženje u kojem žive, podizanje svijesti istih za demokratsko građanstvo, izgradnja mira, prevencija nasilja prema ciljanim skupinama, ravoj volonterstva te društvene solidarnosti, razvoj interkulturalnog dijaloga, veće sudjelovanja osoba ciljanih skupina u participativnoj demokraciji kao i javno zagovaranje i praćenje javnih politika koje su vezane za ciljane skupine, razvoj civilnog društva kao i lokalne zajednice, razvijanje programa pomoći u lokalnoj zajednici, razvoj socijalnog poduzetništva kao i ciljanim skupinama iz ruralnih krajeva kroz zapošljavanje dugotrajno nezaposlenih osoba, povećanje kvalitete života ciljanih skupina, borba protiv diskriminacije po spolnoj ili rasnoj osnovi osobama treće životne dobi, osoba s invalidtetom, djece, mladih, obitelji i jednoroditeljskih obitelji, zaštita prava osoba treće životne dobi koji su beskućnici, tražitelji azila, azilanti ili stranci pod supsidijarnom zaštitom, zaštita prava osoba treće životne dobi kao potrošača, zaštita tradicionalnih domaćih proizvoda, starih zanata te očuvanje tradicije kao i razvoj ruralnog i tradicionalnog turizma te podizanje svijesti javnosti o socijalnom i zdravstvenom turizma, omogućavanje pružanja socijalne pomoći, humanitarne pomoći, socijalnih usluga te preventivno djelovanje, unapređenje i zaštita zdravlja osobama treće životne dobi, osoba s invalidtetom, djece, mladih, obitelji i jednoroditeljskih obitelji kao i organizacija sportskih i rekreacijskih aktivnosti za ciljane skupine. Sukladno ciljevima udruga djeluje na područjima ljudskih prava, socijalne djelatnosti, demokratske političke kulture, zaštite zdravlja, gospodarstva i održivog razvoja.","DAROVITA DJECA I MLADI, DJECA - OPĆA POPULACIJA, DJECA BEZ ODGOVARAJUĆE RODITELJSKE SKRBI, DJECA DO 14 GODINA, DJECA OD 14 DO 18 GODINA, DJECA S TEŠKOĆAMA U RAZVOJU, DJECA U RIZIKU OD SOCIJALNE ISKLJUČENOSTI, GLUHOSLIJEPE OSOBE, JEDNO RODITELJSKE OBITELJI, MLADI - OPĆA POPULACIJA, MLADI S RIZIČNIM OBLICIMA PONAŠANJA, OPĆA POPULACIJA PACIJENATA, OSOBE KOJE BOLUJU OD KRONIČNIH BOLESTI, OSOBE KOJE BOLUJU OD MALIGNIH BOLESTI, OSOBE KOJE BOLUJU OD ZARAZNIH BOLESTI, OSOBE S AMPUTACIJOM, OSOBE S CEREBRALNOM I DJEČJOM PARALIZOM, OSOBE S INTELEKTUALNIM TEŠKOĆAMA, OSOBE S INVALIDITETOM, OSOBE S MENTALNOM RETARDACIJOM, OSOBE S MIASTENIJOM GRAVIS, OSOBE S MIŠIĆNOM DISTROFIJOM, OSOBE S MULTIPLOM SKLEROZOM, OSOBE S PARAPLEGIJOM/TETRAPLEGIJOM, OSOBE S PSIHO-SOCIJALNIM TEŠKOĆAMA, OSOBE S TRANSPLANTIRANIM ORGANIMA, RODITELJI, RODITELJI DJECE S TEŠKOĆAMA U RAZVOJU, RURALNO STANOVNIŠTVO, SLIJEPE I SLABOVIDNE OSOBE, SPORTAŠI, SPORTAŠI S INVALIDITETOM, UMIROVLJENICI, UČENICI, VOLONTERI, ŽENE RURALNIH PODRUČJA, ŽENE S INVALIDITETOM, ŽENE ŽRTVE OBITELJSKOG NASILJA, ŽRTVE NASILJA, ŽRTVE OBITELJSKOG NASILJA","[""10.1.2. Planiranje razvoja ruralnih područja"", ""2.10. Poticanje participativne demokracije/sudjelovanja građana u odlučivanju"", ""2.2. Promicanje nenasilja i izgradnja mira"", ""2.12. Razvoj civilnoga društva"", ""10.1.1. Edukacija za održivi razvoj ruralnih područja"", ""2.1. Obrazovanje za demokratsko građanstvo"", ""2.3.2. Prevencija nasilja u obitelji"", ""2.3.4. Ostale djelatnosti prevencije nasilja"", ""2.8. Promicanje dobrog upravljanja"", ""2.5. Promicanje društvene solidarnosti"", ""4.6.2. Ostale djelatnosti socijalnog poduzetništva"", ""2.11. Praćenje javnih politika i javno zagovaranje"", ""4.6.1. Promicanje razvoja socijalnog poduzetništva"", ""4.8. Turizam"", ""6.8.3. Interaktivni mediji"", ""6.4.3. Nakladnička i knjižarska djelatnost"", ""6.8.1. Interdisciplinarne kulturno-umjetničke prakse"", ""6.4.4. Novinsko-nakladnička djelatnost"", ""6.4.6. Književno-nakladničke manifestacije"", ""6.6. Medijska kultura"", ""10.3.1. Razvoj društvenog kapitala"", ""10.3.2. Održivi turizam"", ""9.2.10. Organizacija domaćih i međunarodnih znanstvenih i znanstvenostručnih skupova, škola, kongresa i seminara"", ""9.1.9. Odgoj i obrazovanje za održivi razvoj, zdrave načine života i očuvanje prirode"", ""9.1.6. Odgoj i obrazovanje za zaštitu i promicanje ljudskih prava"", ""9.1.2. Cjeloživotno učenje i obrazovanje odraslih"", ""9.1.5. Odgoj i obrazovanje za aktivno sudjelovanje u razvoju demokratske kulture"", ""9.1.3. Izvaninstitucionalni odgoj i obrazovanje"", ""9.1.8. Odgoj i obrazovanje za zaštitu i promicanje povijesno-kulturne baštine i nacionalnoga identiteta"", ""7.5.11. Zaštita prava pacijenata"", ""7.5.1. Ravnopravnost spolova"", ""1.2.3. Ostale djelatnosti stradalnika Domovinskog rata"", ""11.2.7. Smještaj"", ""12.8. Organiziranje i razvijanje sportskih udruga i sportskih djelatnosti"", ""12.6. Upravljanje sportskim objektima"", ""7.5.8. Zaštita prava osoba s mentalnim oštećenjem"", ""12.4.3. Tjelesne aktivnosti i igre koje se organizirano izvode radi unapređenja zdravlja i rekreacije"", ""2.14.2. Poticanje kritičke rasprave u medijima"", ""9.2.5. Biomedicina i zdravstvo"", ""9.1.7. Poticanje kreativnosti i stvaralaštva u odgoju i obrazovanju"", ""9.2.12. Popularizacija znanosti"", ""9.2.2. Humanističke znanosti"", ""11.1.5. Pomoć i podrška osobama u riziku od siromaštva i socijalne isključenosti"", ""11.3.4. Pomoć u podmirivanju osnovnih životnih potreba"", ""14.1.5. Unapređenje i zaštita zdravlja osoba oboljelih od malignih bolesti"", ""6.8.2. Intersektorske kulturno-umjetničke aktivnosti"", ""12.9. Promocija sporta i zdravog načina življenja"", ""8.1.2. Infrastruktura"", ""11.2.8. Organizirano stanovanje"", ""6.3.6. Inovativne vizualne umjetničke prakse"", ""11.1.7. Pomoć i podrška obitelji"", ""7.9. Zaštita prava nacionalne manjine"", ""14.1.7. Zaštita i prevencija bolesti reproduktivnog sustava"", ""11.2.13. Organiziranje slobodnih aktivnosti"", ""11.2.11. Stručna pomoć i podrška"", ""9.2.7. Umjetnost"", ""8.1.5. Obrazovanje"", ""12.4.2. Individualni fitnes programi"", ""14.1.4. Stvaranje uvjeta za što kvalitetniji život oboljelih od kroničnih bolesti"", ""12.4.4. Organiziranje i provođenje rekreacijskog vježbanja"", ""12.1. Sudjelovanje u sportskom natjecanju"", ""7.5.7. Zaštita prava osoba s invaliditetom"", ""9.1.4. Potpora obrazovanju djece i mladih s posebnim potrebama"", ""11.1.4. Pomoć i podrška mladima"", ""2.14.3. Promicanje medijske pismenosti"", ""6.2.6. Glazbene i scenske manifestacije i festivali"", ""11.3.3. Poboljšanje kvalitete života i zdravlja socijalno isključenih"", ""7.10. Njegovanje zavičajnog identiteta"", ""7.5.5. Zaštita prava djece"", ""2.14.4. Praćenje društvene odgovornosti medija"", ""8.1.9. Unapređenje zdravlja"", ""7.6. Vjerska prava i slobode"", ""14.3. Prevencija i suzbijanje ovisnosti"", ""7.5.4. Zaštita obitelji"", ""6.2.4. Kulturno-umjetnički (glazbeni i scenski) amaterizam"", ""11.2.6. Boravak"", ""8.1.3. Mir i sigurnost"", ""11.2.12. Skraćeni boravak, igraonice, radionice, klubovi"", ""7.5.15. Zaštita žrtava/svjedoka"", ""6.3.1. Likovne umjetnosti"", ""9.1.1. Razvoj i promicanje odgoja i obrazovanja"", ""11.2.14. Pomoć i podrška u vlastitom domu i zajednici"", ""12.3. Sportska poduka"", ""12.4.5. Organiziranje sportsko rekreacijskih natjecanja i sportsko rekreativnih edukativnih projekata i programa"", ""11.2.4. Rana intervencija"", ""6.3.3. Fotografska umjetnost"", ""12.7. Organiziranje i provođenje adaptiranog i zdravstveno usmjerenog tjelesnog vježbanja"", ""9.1.10. Međunarodna suradnja i mobilnost u obrazovanju"", ""7.1. Besplatna pravna pomoć"", ""6.3.7. Manifestacije vizualnih umjetnosti"", ""12.4.1. Grupni fitnes programi (aerobic, fitnes, pilates i dr.)"", ""9.2.1. Društvene znanosti"", ""11.3.2. Psihosocijalna pomoć u kriznim situacijama"", ""12.2. Sportska priprema"", ""11.2.10. Prevencija ovisnosti"", ""7.5.6. Zaštita prava mladih"", ""3.1.1. Promicanje religijske etike"", ""2.3.3. Prevencija nasilja u vezama"", ""11.1.3. Pomoć i podrška djeci"", ""3.1.2. Promocija i izgradnja međuvjerničkog dijaloga"", ""10.1.4. Ostale aktivnosti vezane za razvoj ruralnih područja"", ""1.3.3. Ostale djelatnosti sudionika i stradalnika II. svjetskog rata i poraća""]",https://banovac.mfin.hr/rnoprt/Details?handler=Details&id=40226,"[""datagovhr:registar-udruga""]"
126,sv-nikola-drustvo-za-obnovu-i-preporod-cilipa-cilipi-1498,Sv. Nikola -  društvo za obnovu i preporod Čilipa,Sv. Nikola - društvo za obnovu i preporod Čilipa,,registar-udruga,1777,19000374,56620461498,BRISAN,2019-03-20,1998-10-05,1993-01-22,UDRUGA,zupna,niska,3.0,"[""naziv:svetac"", ""djelatnost:3.1.1.""]","Čilipi, Čilipi",Čilipi,,Čilipi,Čilipi,Konavle,Dubrovačko-neretvanska,,,42.54965458537436,18.2808278046939,naselje-teziste,Dubrovačka Biskupija - Dioecesis Ragusina,derivirano-crkve.domovina.ai,,,,,,Stjepan Kordić,Predsjednik Udruge,,,"[""3.1.1. HUMANITARNA (uz suglasnost Ministarstva rada i soc. skrbi)""]",,"[""datagovhr:registar-udruga""]"
634,templarski-viteski-red-hrvatske-sv-bernarda-i-marije-magdalene-ordo-supremus-militaris-templi-hierosolymitani-sct-8228,TEMPLARSKI VITEŠKI RED HRVATSKE SV. BERNARDA I MARIJE MAGDALENE - ORDO SUPREMUS MILITARIS TEMPLI HIEROSOLYMITANI SCT. BARNARDI ET MARIAE MAGDALENAE,Templarski Viteški Red Hrvatske sv. Bernarda i Marije Magdalene - Ordo Supremus Militaris Templi Hierosolymitani Sct. Barnardi Et Mariae Magdalenae,OSMTH-HRVATSKA,registar-udruga,41651,21005237,86007168228,AKTIVAN,,2007-02-22,2007-01-22,UDRUGA,glazba,niska,3.0,"[""naziv:svetac"", ""opis:krscanski"", ""opis:svetac"", ""opis:duhovnost""]","TRG IVANA MEŠTORIĆA 1, Zagreb",TRG IVANA MEŠTORIĆA,1,Zagreb,Zagreb,Grad Zagreb,Grad Zagreb,,,45.83187302388278,15.977892800834798,naselje-teziste,Zagrebačka Nadbiskupija,derivirano-crkve.domovina.ai,valentino.rajkovic@gmail.com,https://www.templari.hr,091-4848-581,+385914848581,,Valentino Rajković,Predsjednik-prior,"Promicanje  saznanja o povijesti i kulturi Templarskog viteškog reda, napose na teritorijalnom području Republike Hrvatske, te očuvanja povijesne, kulturne i prirodne baštine Republike Hrvatske.",GRAĐANI – OPĆA POPULACIJA,"[""6.9. Ostale djelatnosti iz područja kulture i umjetnosti""]",https://banovac.mfin.hr/rnoprt/Details?handler=Details&id=24795,"[""datagovhr:registar-udruga""]"
1180,teniski-klub-marija-bistrica-3907,"TENISKI KLUB "" MARIJA BISTRICA""","Teniski Klub ""Marija Bistrica""","TK ""MARIJA BISTRICA""",registar-udruga,6073,02000512,31640313907,AKTIVAN,,1999-09-30,1999-08-23,UDRUGA,sport,niska,3.0,"[""naziv:marija"", ""opis:-islam"", ""naziv:jak-pojam""]","Stubička cesta 14B, Marija Bistrica",Stubička cesta,14B,Marija Bistrica,Marija Bistrica,Marija Bistrica,Krapinsko-zagorska,49246,,46.00659949,16.10762372,dgu-adresa,Zagrebačka Nadbiskupija,derivirano-crkve.domovina.ai,marko_forko@yahoo.com,,,,,Hrvoje Šimunec,Predsjednik,"Cilj udruge je da potiče, pomaže i razvija teniski sport u Mariji Bistrici.","DJECA - OPĆA POPULACIJA, MLADI - OPĆA POPULACIJA, SPORTAŠI","[""12.9. Promocija sporta i zdravog načina življenja"", ""18.110.1. tenis"", ""12.1. Sudjelovanje u sportskom natjecanju"", ""12.8. Organiziranje i razvijanje sportskih udruga i sportskih djelatnosti"", ""12.11. Ostale djelatnosti u sportu"", ""12.2. Sportska priprema"", ""12.6. Upravljanje sportskim objektima"", ""12.3. Sportska poduka"", ""12.5.1. Organiziranje i provođenje pustolovnih, višesportskih i dr. projekata, susreta i turnira"", ""12.4.3. Tjelesne aktivnosti i igre koje se organizirano izvode radi unapređenja zdravlja i rekreacije""]",,"[""datagovhr:registar-udruga""]"
983,topnici-sv-roka-sutivan-9914,Topnici sv. Roka Sutivan,Topnici sv. Roka Sutivan,,registar-udruga,254649,17006523,62948679914,AKTIVAN,,2022-07-18,2022-05-19,UDRUGA,kultura,niska,3.0,"[""naziv:svetac"", ""opis:marija"", ""opis:svetac""]","Ulica put crikve 1, Sutivan",Ulica put crikve,1,Sutivan,Sutivan,Sutivan,Splitsko-dalmatinska,21403,,43.3854816,16.4781566,dgu-adresa,Hvarska Biskupija,derivirano-crkve.domovina.ai,lagena@lagena.hr,,,,,Roko Zuanić,Predsjednik Udruge,"ODRŽAVANJE STOLJETNOG OBIČAJA GLASNOG PUCANJA ZA VRIJEME PROCESIJE VELIKE GOSPE I SV. ROKA - 15. I 16. KOLOVOZA, KAO I U DRUGIM PRIGODAMA - PUCANJA STARTA REGATA.",GRAĐANI – OPĆA POPULACIJA,"[""6.1.7. Zaštita i očuvanje nematerijalnih kulturnih dobara""]",,"[""datagovhr:registar-udruga""]"
92,udruga-hrvatska-zena-zagreb-sesvete-0141,"UDRUGA ""HRVATSKA ŽENA"" ZAGREB","Udruga ""Hrvatska Žena"" Zagreb",,registar-udruga,3723,21001364,37550370141,AKTIVAN,,1998-06-23,1990-11-25,UDRUGA,glazba,niska,3.0,"[""opis:hodocasce"", ""opis:duhovnost"", ""djelatnost:3.2.1.""]","Trg Dragutina Domjanića 6, Sesvete",Trg Dragutina Domjanića,6,Sesvete,Sesvete,Grad Zagreb,Grad Zagreb,,,45.818927367979775,16.143113502734675,naselje-teziste,Zagrebačka Nadbiskupija,derivirano-crkve.domovina.ai,mira.halapa@gmail.com,,098/901-5512,+385989015512,,Mira Halapa,Predsjednica,"Udruga je osnovana u cilju: promicanja, razvitka i unapredenja statusa i uloge žene, te njezinih aktivnosti kroz društveni, socijalni, humanitarni, volonterski, edukativni, kulturni, tradicijski, vjerski, ekološki i gospodarski rad kao doprinos boljitku sveukupne društvene zajednice.","AKADEMSKA ZAJEDNICA, BRANITELJI - VETERANI, DJECA - OPĆA POPULACIJA, GRAĐANI – OPĆA POPULACIJA, LOKALNA I REGIONALNA SAMOUPRAVA, MLADI - OPĆA POPULACIJA, NEZAPOSLENI, OBITELJI, ODGOJNO-OBRAZOVNE USTANOVE, OSOBE U RIZIKU OD SIROMAŠTVA I SIROMAŠNE OSOBE, PREDSTAVNICI MEDIJA, RURALNO STANOVNIŠTVO, STUDENTI, TIJELA DRŽAVNE UPRAVE, UDRUGE I GRAĐANSKE INICIJATIVE, UMIROVLJENICI, ŽENE","[""7.5.19. Ostale djelatnosti suzbijanja i zaštite od diskriminacije"", ""2.2. Promicanje nenasilja i izgradnja mira"", ""2.12. Razvoj civilnoga društva"", ""2.4.1. Promicanje i razvoj volonterstva"", ""7.11. Ostale djelatnosti iz područja ostvarivanja i zaštite ljudskih prava"", ""11.3.5. Ostale djelatnosti humanitarne pomoći"", ""6.9. Ostale djelatnosti iz područja kulture i umjetnosti"", ""11.1.11. Ostala djelatnosti socijalne pomoći i podrške"", ""2.13. Razvoj lokalne zajednice"", ""3.2.1. Promicanje duhovnih aktivnosti""]",https://banovac.mfin.hr/rnoprt/Details?handler=Details&id=31389,"[""datagovhr:registar-udruga""]"
693,udruga-kraljica-mira-bjelovar-0729,"UDRUGA ""KRALJICA MIRA""","Udruga ""Kraljica Mira""",,registar-udruga,60016,07001375,51806650729,BRISAN,2016-05-18,2013-04-18,2013-04-07,UDRUGA,hodocasnicka,niska,3.0,"[""opis:hodocasce"", ""opis:krscanski"", ""djelatnost:14.duhovna""]","A. Šenoe 7, Bjelovar",A. Šenoe,7,Bjelovar,Bjelovar,Bjelovar,Bjelovarsko-bilogorska,43000,,45.89864438,16.8389816,dgu-adresa,Bjelovarsko-križevačka Biskupija,derivirano-crkve.domovina.ai,,,099/295-4007,+385992954007,,Mira Seradrušić,Predsjednik,,,"[""14.99.99. OSTALE DUHOVNE DJELATNOSTI""]",https://banovac.mfin.hr/rnoprt/Details?handler=Details&id=42896,"[""datagovhr:registar-udruga""]"
251,udruga-oprosti-nam-pape-rijeka-6768,"UDRUGA ""OPROSTI NAM PAPE""","Udruga ""Oprosti Nam Pape""",,registar-udruga,10766,08001566,46523456768,BRISAN,2024-05-16,2001-11-05,2001-05-10,UDRUGA,karitativna,niska,3.0,"[""naziv:duhovnost"", ""djelatnost:3.1.1.""]","Petra Jurčića 49, Rijeka",Petra Jurčića,49,Rijeka,Rijeka,Rijeka,Primorsko-goranska,,,45.344622174533875,14.430568653101922,naselje-teziste,Riječka Nadbiskupija,derivirano-crkve.domovina.ai,,,,,,Andreja Da Fiume,Predsjednik Udruge,,,"[""3.1.1. HUMANITARNA (uz suglasnost Ministarstva rada i soc. skrbi)""]",,"[""datagovhr:registar-udruga""]"
358,udruga-otvoreno-srce-buje-buie-6640,"UDRUGA ""OTVORENO SRCE""","Udruga ""Otvoreno Srce""",,registar-udruga,61257,18002689,67970126640,AKTIVAN,,2013-09-16,2013-06-07,UDRUGA,glazba,niska,3.0,"[""djelatnost:3.1.1."", ""djelatnost:3.2.1.""]","Ulica villa - Via villa 1, Buje - Buie",Ulica villa - Via villa,1,Buje - Buie,Buje - Buie,Buje - Buie,Istarska,52460,,45.41017191,13.65540796,dgu-adresa,Biskupija Porečka i Pulska,derivirano-crkve.domovina.ai,udrugaotvorenosrce@gmail.com,https://www.otvoreno-srce.hr,099-2773-628,+385992773628,,Igor Opačak,Predsjednik,"promicanje, razvitak i unapređenje kulturno-umjetničke djelatnosti u smislu izučavanja vokalne i instrumentalne glazbe te organiziranje tradicionalnih manifestacija, poboljšanje kvalitete društvenog života mladih i poticanje mladih na organizirano i smisleno korištenje slobodnog vremena u krajevima u kojima Udruga djeluje te drugi ciljevi sukladno članku 6. statuta","DJECA - OPĆA POPULACIJA, GRAĐANI – OPĆA POPULACIJA, MLADI - OPĆA POPULACIJA","[""8.99.99. OSTALE KULTURNE DJELATNOSTI"", ""6.2.6. Glazbene i scenske manifestacije i festivali"", ""6.2.4. Kulturno-umjetnički (glazbeni i scenski) amaterizam"", ""6.2.3. Glazba i glazbeno-scenske umjetnosti"", ""11.1.11. Ostala djelatnosti socijalne pomoći i podrške"", ""11.1.4. Pomoć i podrška mladima"", ""11.1.2. Pomoć i podrška osobama s invaliditetom"", ""11.3.1. Pomoć žrtvama prirodnih katastrofa"", ""3.1.1. Promicanje religijske etike"", ""11.3.2. Psihosocijalna pomoć u kriznim situacijama"", ""11.3.4. Pomoć u podmirivanju osnovnih životnih potreba"", ""11.3.3. Poboljšanje kvalitete života i zdravlja socijalno isključenih"", ""2.4.1. Promicanje i razvoj volonterstva"", ""11.1.6. Pomoć i podrška nezaposlenima"", ""11.1.1. Pomoć i podrška starijim osobama"", ""11.1.8. Pomoć i podrška azilantima"", ""11.1.10. Pomoć i podrška žrtvama obiteljskog nasilja"", ""11.1.3. Pomoć i podrška djeci"", ""11.1.7. Pomoć i podrška obitelji"", ""11.3.5. Ostale djelatnosti humanitarne pomoći"", ""11.1.9. Pomoć i podrška beskućnicima"", ""6.5.4. Audiovizualni amaterizam"", ""11.1.5. Pomoć i podrška osobama u riziku od siromaštva i socijalne isključenosti"", ""3.2.1. Promicanje duhovnih aktivnosti""]",https://banovac.mfin.hr/rnoprt/Details?handler=Details&id=44507,"[""datagovhr:registar-udruga""]"
362,udruga-sveta-nazaretska-obitelj-zagreb-2874,"UDRUGA ""SVETA NAZARETSKA OBITELJ""","Udruga ""Sveta Nazaretska Obitelj""","""SVETA NAZARETSKA OBITELJ""",registar-udruga,59718,21010065,62389212874,AKTIVAN,,2013-03-18,2013-02-01,UDRUGA,obitelj,niska,3.0,"[""naziv:svetac"", ""opis:krscanski"", ""opis:duhovnost"", ""djelatnost:14.duhovna""]","Ulica Huberta Pettana 3, Zagreb",Ulica Huberta Pettana,3,Zagreb,Zagreb,Grad Zagreb,Grad Zagreb,,,45.83187302388278,15.977892800834798,naselje-teziste,Zagrebačka Nadbiskupija,derivirano-crkve.domovina.ai,anita.borac@gmail.com,,091/300-6249,+385913006249,,Anita Borac,Predsjednica,,,"[""14.1.1. DUHOVNA VJERNIČKA DJELATNOST""]",https://banovac.mfin.hr/rnoprt/Details?handler=Details&id=42470,"[""datagovhr:registar-udruga""]"
266,udruga-sveti-vlaho-1991-zagreb-9069,"UDRUGA ""SVETI VLAHO 1991""","Udruga ""Sveti Vlaho 1991""","""SVETI VLAHO 1991""",registar-udruga,15064,00001661,41908349069,BRISAN,2016-11-15,2000-03-10,1991-10-01,UDRUGA,karitativna,niska,3.0,"[""naziv:svetac"", ""djelatnost:3.1.1.""]","Frankopanska 16, Zagreb",Frankopanska,16,Zagreb,Zagreb,Grad Zagreb,Grad Zagreb,10000,,45.81142169,15.96920023,dgu-adresa,Zagrebačka Nadbiskupija,derivirano-crkve.domovina.ai,,,,,,Petar Luznik,Predsjednik Udruge,,,"[""3.1.1. HUMANITARNA (uz suglasnost Ministarstva rada i soc. skrbi)""]",,"[""datagovhr:registar-udruga""]"
1133,udruga-vojvoda-don-ivan-music-zagreb-4355,"UDRUGA ""VOJVODA DON IVAN MUSIĆ""","Udruga ""Vojvoda Don Ivan Musić""","UDRUGA ""VOJVODA MUSIĆ""",strane-udruge,100017,000138,84944144355,AKTIVNA,,2006-07-03,,STRANA UDRUGA,strukovna,niska,3.0,"[""naziv:fra"", ""opis:fra""]","Rudeška cesta 93/I, Zagreb",Rudeška cesta,93/I,Zagreb,Zagreb,Grad Zagreb,Grad Zagreb,,"Ul.fra Lovre Šitovića broj 6, Ljubuški, BOSNA I HERCEGOVINA",45.83187302388278,15.977892800834798,naselje-teziste,Zagrebačka Nadbiskupija,derivirano-crkve.domovina.ai,,,,,,Dušan Musa,Odgovorna Osoba Udruge,,,"[""8.99. OSTALE KULTURNE DJELATNOSTI""]",,"[""datagovhr:strane-udruge""]"
16,udruga-eko-etno-selo-stara-kapela-9934,UDRUGA ''EKO-ETNO''SELO STARA KAPELA,Udruga ''Eko-etno''selo Stara Kapela,,registar-udruga,38183,12000894,47109979934,AKTIVAN,,2005-11-08,2005-10-15,UDRUGA,zupna,niska,3.0,"[""naziv:crkva"", ""opis:crkva""]","Stara Kapela 5, Stara Kapela",Stara Kapela,5,Stara Kapela,Stara Kapela,Dubrava,Brodsko-posavska,10343,,45.88361071,16.59581025,dgu-adresa,Bjelovarsko-križevačka Biskupija,derivirano-crkve.domovina.ai,antuntucic@gmail.com,,035384363,+38535384363,,Antun Tucić,Predsjednik Udruge,"Cilj Udruge je okupljanje i organiziranje članova radi očuvanja tradicije i izvornosti sela Stara Kapela u dijelu arhitekture, običaja, folklora, uređenja okoliša, restauracije objekata i predmeta te zaštite prirode",GRAĐANI – OPĆA POPULACIJA,"[""8.99.99. OSTALE KULTURNE DJELATNOSTI""]",https://banovac.mfin.hr/rnoprt/Details?handler=Details&id=22403,"[""datagovhr:registar-udruga""]"
1062,udruga-bel-mondo-rijeka-1370,UDRUGA BEL MONDO,Udruga Bel Mondo,BEL MONDO,registar-udruga,268835,08005069,26937491370,AKTIVAN,,2024-12-13,2024-11-26,UDRUGA,karitativna,niska,3.0,"[""djelatnost:3.2.2."", ""djelatnost:3.2.1."", ""djelatnost:3.1.1.""]","Rastočine 3, Rijeka",Rastočine,3,Rijeka,Rijeka,Rijeka,Primorsko-goranska,51000,,45.33935679,14.43095583,dgu-adresa,Riječka Nadbiskupija,derivirano-crkve.domovina.ai,bell.mondo.bay@gmail.com,,099-409-1507,+385994091507,,Senad Uzelac,Predsjednik,"-promicanje i organizacija kulturnih i povijesnih događaja, promicanje i organizacija umjetničkih i zabavnih sadržaja kao i humanitarnih aktivnosti",GRAĐANI – OPĆA POPULACIJA,"[""6.1.1. Zaštita i očuvanje materijalnih kulturnih dobara"", ""11.3.1. Pomoć žrtvama prirodnih katastrofa"", ""6.2.4. Kulturno-umjetnički (glazbeni i scenski) amaterizam"", ""8.2. Međunarodna humanitarna pomoć"", ""11.3.2. Psihosocijalna pomoć u kriznim situacijama"", ""3.2.2. Poticanje osobnog razvoja"", ""3.2.1. Promicanje duhovnih aktivnosti"", ""8.3. Međunarodna prijateljstva"", ""3.1.1. Promicanje religijske etike"", ""4.6.1. Promicanje razvoja socijalnog poduzetništva""]",https://banovac.mfin.hr/rnoprt/Details?handler=Details&id=64460,"[""datagovhr:registar-udruga""]"
1036,udruga-bozicnih-jaslica-oborovo-bistransko-6726,UDRUGA BOŽIĆNIH JASLICA,Udruga Božićnih Jaslica,,registar-udruga,266864,01003795,90386166726,AKTIVAN,,2023-10-20,2023-09-13,UDRUGA,glazba,niska,3.0,"[""naziv:duhovnost"", ""opis:krscanski"", ""opis:duhovnost"", ""djelatnost:3.3.""]","Ulica Josipa Novosela 4, Oborovo Bistransko",Ulica Josipa Novosela,4,Oborovo Bistransko,Oborovo Bistransko,Bistra,Zagrebačka,10298,,45.9121782,15.88198518,dgu-adresa,Zagrebačka Nadbiskupija,derivirano-crkve.domovina.ai,pericanovosel@gmail.com,,098-500-761,+38598500761,,Perica Novosel,Predsjednik,"–	Zaštititi, istraživati i prezentirati kulturne (materijalne i nematerijalne), prirodne i duhovne vrijednosti rođenja Isusa Krista u svrhu kontinuiranja lokalnog identiteta, podizanja kvalitete života i održivog razvoja lokalne zajednice kroz scenske prikaze rođenja Isusa Krista.

–	Aktivno (su)djelovati u očuvanju hrvatske tradicijske kulture te poticati i promicati hrvatsko kulturno-povijesno nasljeđe kao doprinos općem razvoju civilnog društva  i civilizacijskih vrijednosti u zemlji i svijetu.","AKADEMSKA ZAJEDNICA, DJECA - OPĆA POPULACIJA, GRAĐANI – OPĆA POPULACIJA, MLADI - OPĆA POPULACIJA, ODGOJNO-OBRAZOVNE USTANOVE, RURALNO STANOVNIŠTVO, TURISTI, UDRUGE I GRAĐANSKE INICIJATIVE, UČENICI, VOLONTERI, ŽENE RURALNIH PODRUČJA","[""6.4.1. Književno stvaralaštvo"", ""6.1.7. Zaštita i očuvanje nematerijalnih kulturnih dobara"", ""6.1.9. Ostale djelatnosti kulturne baštine"", ""6.3.5. Likovni amaterizam"", ""6.1.1. Zaštita i očuvanje materijalnih kulturnih dobara"", ""10.1.4. Ostale aktivnosti vezane za razvoj ruralnih područja"", ""3.3. Ostale djelatnosti iz područja duhovnosti"", ""6.2.4. Kulturno-umjetnički (glazbeni i scenski) amaterizam"", ""9.3. Ostale djelatnosti iz područja obrazovanja, znanosti i istraživanja"", ""2.4.1. Promicanje i razvoj volonterstva""]",https://banovac.mfin.hr/rnoprt/Details?handler=Details&id=61334,"[""datagovhr:registar-udruga""]"
1107,udruga-braniteljica-123-brigade-hv-pozega-4419,UDRUGA BRANITELJICA 123. BRIGADE HV POŽEGA,Udruga Braniteljica 123. Brigade Hv Požega,BRANITELJICE 123. BRIGADE HV POŽEGA,registar-udruga,269628,11001090,67576974419,AKTIVAN,,2025-06-05,2025-03-03,UDRUGA,molitvena,niska,3.0,"[""opis:pokret"", ""opis:duhovnost"", ""djelatnost:3.2.1."", ""djelatnost:3.2.2."", ""djelatnost:3.2.3.""]","Vukovarska 4, Požega",Vukovarska,4,Požega,Požega,Požega,Požeško-slavonska,34000,,45.33366222,17.68051672,dgu-adresa,Požeška Biskupija,derivirano-crkve.domovina.ai,braniteljice123pozbrigade@gmail.com,,098-299-828,+38598299828,,Mira Vuković,Dopredsjednica,"u neprekidnom djelovanju tijela i ostalih članova Udruge ostvariti kontinuiranu brigu za očuvanje digniteta Domovinskog rata, imena i djela digniteta postrojbe 123. brigade HV Požega te ostalih postrojbi i njenih pripadnica koje su proizašle iz nje (1. bojna 123.br. HV,TG-7, TG-123.), obilježavanje obljetnica, bitnih događaja i bitaka u Domovinskom ratu i cjelovita skrb prema hrvatskim braniteljima/braniteljicama i članovima njihovih obitelji; naglasiti ulogu žena u Domovinskom ratu te priznanje i davanje pijeteta ženama žrtvama rata; jačanje kapaciteta žena braniteljica HV-a, promicanje prava žena, podrška kod ostvarivanja prava braniteljica, poticanje samozapošljavanja i zapošljavanja braniteljica i članova njihovih obitelji; vršiti utjecaj na stvaranje pozitivne klime za braniteljice u zajednici kroz edukaciju; informiranje i poticanje djece i mladih u obrazovnom sustavu na usvajanje povijesnih činjenica o Domovinskom ratu; razvijanje svih područja djelovanja relevantnih za branitelje/braniteljice i veterane Domovinskog rata i njihove obitelji a iz područja hrvatskih branitelja i stradalnika, demokratske političke kulture, duhovnosti, gospodarstva, kulture i umjetnosti, socijalne politike i socijalne skrbi, zdravstva, obrazovanja, znanosti i istraživanja, međunarodne suradnje, ljudskih prava, socijalne djelatnosti i zaštite zdravlja; promicanje europskih vrijednosti, razvoja društvenog poduzetništva, demokratskih vrijednosti, volonterstva i društva za branitelje/braniteljice i veterane Domovinskog rata i njihove obitelji, ravnopravnosti, socijalne uključenosti, jednakosti i jednakih mogućnosti","BRANITELJI - VETERANI, DJECA - OPĆA POPULACIJA, DJECA RATNIH STRADALNIKA, GRAĐANI – OPĆA POPULACIJA, INVALIDI DOMOVINSKOG RATA, MLADI - OPĆA POPULACIJA, NEZAPOSLENI, ODGOJNO-OBRAZOVNE USTANOVE, ODGOJNO-OBRAZOVNI DJELATNICI, OSOBE S INVALIDITETOM, OSOBE STARIJE ŽIVOTNE DOBI, OSOBE U RIZIKU OD SIROMAŠTVA I SIROMAŠNE OSOBE, RATNI STRADALNICI, RATNI VETERANI, STUDENTI, VOLONTERI, ŽENE, ŽENE S INVALIDITETOM, ŽENE ŽRTVE OBITELJSKOG NASILJA, ŽRTVE I SVJEDOCI RATNIH ZLOČINA","[""4.6.2. Ostale djelatnosti socijalnog poduzetništva"", ""11.2.17. Ostale djelatnosti socijalnih usluga"", ""11.2.14. Pomoć i podrška u vlastitom domu i zajednici"", ""11.3.3. Poboljšanje kvalitete života i zdravlja socijalno isključenih"", ""7.3. Pravo na pristup informacijama"", ""14.1.8. Ostale djelatnosti preventivnog djelovanja, unapređenja i zaštite zdravlja"", ""11.2.6. Boravak"", ""1.2.3. Ostale djelatnosti stradalnika Domovinskog rata"", ""2.1. Obrazovanje za demokratsko građanstvo"", ""6.3.5. Likovni amaterizam"", ""6.5.4. Audiovizualni amaterizam"", ""6.4.1. Književno stvaralaštvo"", ""11.2.11. Stručna pomoć i podrška"", ""11.1.7. Pomoć i podrška obitelji"", ""11.1.6. Pomoć i podrška nezaposlenima"", ""14.1.5. Unapređenje i zaštita zdravlja osoba oboljelih od malignih bolesti"", ""1.2.2. Zaštita interesa civilnih stradalnika i njihovih obitelji"", ""11.4. Solidarna posmrtna pripomoć"", ""2.2. Promicanje nenasilja i izgradnja mira"", ""11.2.1. Savjetovanje i pomaganje"", ""7.5.19. Ostale djelatnosti suzbijanja i zaštite od diskriminacije"", ""2.14.1. Proizvodnja medijskih sadržaja"", ""1.1.4. Ostale djelatnosti branitelja-veterana Domovinskog rata"", ""6.3.3. Fotografska umjetnost"", ""11.2.16. Osobna asistencija"", ""9.1.8. Odgoj i obrazovanje za zaštitu i promicanje povijesno-kulturne baštine i nacionalnoga identiteta"", ""9.1.10. Međunarodna suradnja i mobilnost u obrazovanju"", ""11.3.5. Ostale djelatnosti humanitarne pomoći"", ""7.1. Besplatna pravna pomoć"", ""11.3.4. Pomoć u podmirivanju osnovnih životnih potreba"", ""7.5.7. Zaštita prava osoba s invaliditetom"", ""2.11. Praćenje javnih politika i javno zagovaranje"", ""9.1.2. Cjeloživotno učenje i obrazovanje odraslih"", ""11.1.2. Pomoć i podrška osobama s invaliditetom"", ""3.2.1. Promicanje duhovnih aktivnosti"", ""6.1.4. Arhivska djelatnost"", ""2.13. Razvoj lokalne zajednice"", ""6.4.5. Literarni amaterizam"", ""11.2.2. Pomoć u kući"", ""14.1.6. Unaprjeđenje kvalitete života osoba starije životne dobi"", ""11.1.11. Ostala djelatnosti socijalne pomoći i podrške"", ""3.2.2. Poticanje osobnog razvoja"", ""11.2.3. Psihosocijalna podrška"", ""4.6.1. Promicanje razvoja socijalnog poduzetništva"", ""1.1.3. Zaštita interesa hrvatskih ratnih vojnih invalida iz Domovinskog rata"", ""8.1.9. Unapređenje zdravlja"", ""6.3.1. Likovne umjetnosti"", ""11.1.5. Pomoć i podrška osobama u riziku od siromaštva i socijalne isključenosti"", ""6.1.1. Zaštita i očuvanje materijalnih kulturnih dobara"", ""11.2.15. Rehabilitacija"", ""1.1.1. Promicanje vrijednosti Domovinskog rata"", ""2.4.1. Promicanje i razvoj volonterstva"", ""8.1.5. Obrazovanje"", ""3.2.3. Ostale duhovne djelatnosti"", ""2.5. Promicanje društvene solidarnosti"", ""7.5.11. Zaštita prava pacijenata"", ""8.1.4. Ljudska prava"", ""6.4.6. Književno-nakladničke manifestacije"", ""1.2.1. Zaštita interesa članova obitelji smrtno stradaloga, zatočenoga ili nestaloga hrvatskog branitelja iz Domovinskog rata"", ""8.1.3. Mir i sigurnost"", ""1.1.2. Zaštita interesa hrvatskih branitelja iz Domovinskog rata i članova njihovih obitelji"", ""11.1.1. Pomoć i podrška starijim osobama"", ""14.1.3. Prevencija i zaštita mentalnog zdravlja"", ""6.1.7. Zaštita i očuvanje nematerijalnih kulturnih dobara"", ""11.2.13. Organiziranje slobodnih aktivnosti"", ""14.1.4. Stvaranje uvjeta za što kvalitetniji život oboljelih od kroničnih bolesti"", ""8.3. Međunarodna prijateljstva""]",https://banovac.mfin.hr/rnoprt/Details?handler=Details&id=63248,"[""datagovhr:registar-udruga""]"
749,udruga-gradova-splita-jeruzalema-i-betshemesha-dan-amor-3387,"UDRUGA GRADOVA SPLITA, JERUZALEMA I BETSHEMESHA DAN AMOR","Udruga Gradova Splita, Jeruzalema i Betshemesha Dan Amor",DAN AMOR,registar-udruga,37368,17002371,30561203387,AKTIVAN,,2005-06-14,2005-05-24,UDRUGA,mladi,niska,3.0,"[""djelatnost:3.1.2."", ""djelatnost:3.1.1.""]","Obala hrvatskog narodnog preporoda 5, Split",Obala hrvatskog narodnog preporoda,5,Split,Split,Split,Splitsko-dalmatinska,21000,,43.508505,16.43683211,dgu-ulica-fuzzy,Splitsko-makarska Nadbiskupija,derivirano-crkve.domovina.ai,danamorsplit@gmail.com,,098-9705-684,+385989705684,,Smiljana Reić Šerbo,Predsjednica,"Promicanje, razvitak i unapređenje odnosa gradova Splita, Jeruzalema i Betshemesha kao i Republike Hrvatske i Izraela.","GRAĐANI – OPĆA POPULACIJA, MANJINE - OPĆENITO","[""11.1.5. Pomoć i podrška osobama u riziku od siromaštva i socijalne isključenosti"", ""3.1.2. Promocija i izgradnja međuvjerničkog dijaloga"", ""7.8. Zaštita hrvatske dijaspore"", ""7.10. Njegovanje zavičajnog identiteta"", ""4.8. Turizam"", ""2.2. Promicanje nenasilja i izgradnja mira"", ""2.12. Razvoj civilnoga društva"", ""7.9. Zaštita prava nacionalne manjine"", ""2.8. Promicanje dobrog upravljanja"", ""8.3. Međunarodna prijateljstva"", ""6.1.7. Zaštita i očuvanje nematerijalnih kulturnih dobara"", ""2.13. Razvoj lokalne zajednice"", ""2.5. Promicanje društvene solidarnosti"", ""6.2.4. Kulturno-umjetnički (glazbeni i scenski) amaterizam"", ""7.6. Vjerska prava i slobode"", ""3.1.1. Promicanje religijske etike"", ""11.1.3. Pomoć i podrška djeci"", ""11.3.3. Poboljšanje kvalitete života i zdravlja socijalno isključenih"", ""2.6. Interkulturalni dijalog"", ""8.2. Međunarodna humanitarna pomoć"", ""11.1.1. Pomoć i podrška starijim osobama""]",https://banovac.mfin.hr/rnoprt/Details?handler=Details&id=21800,"[""datagovhr:registar-udruga""]"
3,udruga-hrvatskih-branitelja-iz-domovinskog-rata-sveta-klara-zagreb-7032,UDRUGA HRVATSKIH BRANITELJA IZ DOMOVINSKOG RATA SVETA KLARA,Udruga Hrvatskih Branitelja iz Domovinskog Rata Sveta Klara,UHBDR-SVETA KLARA,registar-udruga,200608,21011511,00931047032,AKTIVAN,,2015-03-30,2014-12-04,UDRUGA,karitativna,niska,3.0,"[""naziv:svetac"", ""opis:zupa"", ""opis:svetac""]","Mrkšina ulica 40a, Zagreb",Mrkšina ulica,40a,Zagreb,Zagreb,Grad Zagreb,Grad Zagreb,10020,,45.75650479,15.97077637,dgu-adresa,Zagrebačka Nadbiskupija,derivirano-crkve.domovina.ai,serticf1@gmail.com,,098-9807-533,+385989807533,,Marijan Pintarić,Dopredsjednik,"Aktivno sudjelovanje hrvatskih branitelja iz Domovinskog rata u svim segmentima društvenog života te očuvanje identiteta i tradicije Domovinskog rata, zašita statusa i dostojanstva te pružanje svekolike pomoći svojim članovima.",BRANITELJI - VETERANI,"[""1.1.2. Zaštita interesa hrvatskih branitelja iz Domovinskog rata i članova njihovih obitelji"", ""1.4. Ostale djelatnosti iz područja branitelja i stradalnika"", ""1.1.1. Promicanje vrijednosti Domovinskog rata""]",https://banovac.mfin.hr/rnoprt/Details?handler=Details&id=48258,"[""datagovhr:registar-udruga""]"
128,udruga-izbjeglih-hrvata-iz-bosne-sv-ivan-krstitelj-ratkovica-8165,"UDRUGA IZBJEGLIH HRVATA IZ BOSNE ""SV. IVAN KRSTITELJ""","Udruga Izbjeglih Hrvata iz Bosne ""Sv. Ivan Krstitelj""",,registar-udruga,8165,11000294,,BRISAN,2014-02-21,1998-11-10,1998-10-25,UDRUGA,karitativna,niska,3.0,"[""naziv:svetac"", ""naziv:duhovnost"", ""djelatnost:3.2.1.""]","Ratkovica 6A, Ratkovica",Ratkovica,6A,Ratkovica,Ratkovica,Pleternica,Požeško-slavonska,34315,,45.23118584,17.73072892,dgu-adresa,Požeška Biskupija,derivirano-crkve.domovina.ai,,,,,,Marko Filipović,Predsjednik Udruge,,,"[""3.2.1. HUMANITARNA (Bez suglasnosti Ministarstva rada i soc. skrbi)""]",,"[""datagovhr:registar-udruga""]"
755,udruga-krscanskih-ambasadora-za-sve-nacije-sve-nacije-split-u-likvidaciji-3560,"UDRUGA KRŠĆANSKIH AMBASADORA ZA SVE NACIJE ""SVE NACIJE"" SPLIT- U LIKVIDACIJI","Udruga Kršćanskih Ambasadora za Sve Nacije ""Sve Nacije"" Split- u Likvidaciji","""SVE NACIJE""",registar-udruga,35848,17002209,48648313560,BRISAN,2015-04-10,2004-10-19,2004-10-04,UDRUGA,mediji,niska,3.0,"[""naziv:krscanski"", ""opis:krscanski""]","Rendićeva 11, Split",Rendićeva,11,Split,Split,Split,Splitsko-dalmatinska,21000,,43.51414416,16.43230118,dgu-adresa,Splitsko-makarska Nadbiskupija,derivirano-crkve.domovina.ai,,,,,,Grace Leah Warholic,Dopredsjednik,,,"[""8.99.99. OSTALE KULTURNE DJELATNOSTI""]",https://banovac.mfin.hr/rnoprt/Details?handler=Details&id=20722,"[""datagovhr:registar-udruga""]"
1073,udruga-laetitia-zagreb-9692,UDRUGA LAETITIA,Udruga Laetitia,LAETITIA,registar-udruga,270598,21015505,73919799692,AKTIVAN,,2026-02-17,2025-12-03,UDRUGA,molitvena,niska,3.0,"[""opis:caritas"", ""opis:duhovnost"", ""djelatnost:3.2.2."", ""djelatnost:3.2.1.""]","Radnička cesta 80, Zagreb",Radnička cesta,80,Zagreb,Zagreb,Grad Zagreb,Grad Zagreb,10000,,45.80086375,16.00731055,dgu-adresa,Zagrebačka Nadbiskupija,derivirano-crkve.domovina.ai,darko.akrap7@gmail.com,,098-447-608,+38598447608,,Darko Akrap,Predsjednik,"Pružanje podrške i pomoći pojedincima i obiteljima u različitim aspektima života, s naglaskom na povećanje njihove dobrobiti te unapređenje njihovog socijalnog i psihološkog stanja.","AKADEMSKA ZAJEDNICA, GRAĐANI – OPĆA POPULACIJA, JEDNO RODITELJSKE OBITELJI, MLADI - OPĆA POPULACIJA, OBITELJI, OSOBE S INVALIDITETOM, OSTALI, STUDENTI","[""6.4.3. Nakladnička i knjižarska djelatnost"", ""9.1.2. Cjeloživotno učenje i obrazovanje odraslih"", ""9.1.1. Razvoj i promicanje odgoja i obrazovanja"", ""11.1.4. Pomoć i podrška mladima"", ""8.3. Međunarodna prijateljstva"", ""8.4. Ostale djelatnosti iz područja međunarodne suradnje"", ""3.2.2. Poticanje osobnog razvoja"", ""2.2. Promicanje nenasilja i izgradnja mira"", ""9.1.3. Izvaninstitucionalni odgoj i obrazovanje"", ""3.2.1. Promicanje duhovnih aktivnosti"", ""6.1.8. Općekulturna (kulturološka) djelatnost"", ""11.1.2. Pomoć i podrška osobama s invaliditetom"", ""6.5.3. Interaktivni mediji"", ""2.5. Promicanje društvene solidarnosti"", ""14.1.8. Ostale djelatnosti preventivnog djelovanja, unapređenja i zaštite zdravlja"", ""11.2.1. Savjetovanje i pomaganje""]",https://banovac.mfin.hr/rnoprt/Details?handler=Details&id=64257,"[""datagovhr:registar-udruga""]"
685,udruga-obitelji-voli-zivot-koprivnica-1789,"UDRUGA OBITELJI ""VOLI ŽIVOT"" KOPRIVNICA","Udruga Obitelji ""Voli Život"" Koprivnica","""VOLI ŽIVOT""",registar-udruga,64162,06001375,91649051789,AKTIVAN,,2014-10-10,2014-07-10,UDRUGA,obitelj,niska,3.0,"[""opis:hodocasce"", ""opis:duhovnost"", ""djelatnost:3.2.1.""]","Ulica Ivana Generalića 3, Koprivnica",Ulica Ivana Generalića,3,Koprivnica,Koprivnica,Koprivnica,Koprivničko-križevačka,48000,,46.16445789,16.82965965,dgu-adresa,Varaždinska Biskupija,derivirano-crkve.domovina.ai,udruga.voli.zivot@gmail.com,https://www.binarnet.hr/volim-zivot,099-6614-604,+385996614604,,Martina Toma,Predsjednica,"Cilj osnivanja Udruge je organizirati projekte i humanitarne akcije u svrhu prikupljanja i raspodjele materijalnih , financijskih i dobara bolesnoj, nemoćnoj, napuštenoj ili siromašnoj djeci te socijalno ugroženim obiteljima, samohranim roditeljima te starijim i nemoćnim osobama sa svrhom poboljšanja kvalitete njihovih života te svima ostalim ljudima u potrebi.","AZILANTI, BRANITELJI - VETERANI, CIVILNI INVALIDI RATA, CIVILNI STRADALNICI, DJECA S TEŠKOĆAMA U RAZVOJU, JEDNO RODITELJSKE OBITELJI, MLADI S TEŠKOĆAMA U RAZVOJU, NOVOROĐENČAD, OBITELJI, OPĆA POPULACIJA PACIJENATA, OSOBE S CEREBRALNOM I DJEČJOM PARALIZOM, OSOBE S INVALIDITETOM, OSOBE S MENTALNOM RETARDACIJOM, OSOBE S MIŠIĆNOM DISTROFIJOM, OSOBE S PSIHO-SOCIJALNIM TEŠKOĆAMA, OSOBE STARIJE ŽIVOTNE DOBI, OSOBE U RIZIKU OD SIROMAŠTVA I SIROMAŠNE OSOBE, OVISNICI I LIJEČENI OVISNICI, RODITELJI DJECE S TEŠKOĆAMA U RAZVOJU, ROMI, ROMSKA DJECA I MLADI, SLIJEPE I SLABOVIDNE OSOBE, SPORTAŠI S INVALIDITETOM, UMIROVLJENICI, UČENICI, VOLONTERI, ŽENE, ŽENE ŽRTVE OBITELJSKOG NASILJA, ŽRTVE KATASTROFA, ŽRTVE NASILJA","[""3.2.1. Promicanje duhovnih aktivnosti"", ""11.2.1. Savjetovanje i pomaganje"", ""11.3.4. Pomoć u podmirivanju osnovnih životnih potreba""]",https://banovac.mfin.hr/rnoprt/Details?handler=Details&id=46973,"[""datagovhr:registar-udruga""]"
717,udruga-rijec-vjere-sesvete-5429,UDRUGA RIJEČ VJERE,Udruga Riječ Vjere,RIJEČ VJERE,registar-udruga,38271,21004346,83129545429,BRISAN,2023-11-11,2005-11-14,2005-10-01,UDRUGA,glazba,niska,3.0,"[""naziv:duhovnost"", ""opis:krscanski"", ""opis:crkva""]","Ulica Ladislava Šabana 12, Sesvete",Ulica Ladislava Šabana,12,Sesvete,Sesvete,Grad Zagreb,Grad Zagreb,10360,,45.8116196,16.10326486,dgu-adresa,Zagrebačka Nadbiskupija,derivirano-crkve.domovina.ai,,,,,,Marin Knežević,Predsjednik,,,"[""8.1.1. GLAZBENA DJELATNOST""]",,"[""datagovhr:registar-udruga""]"
78,udruga-slijepih-medimurske-zupanije-cakovec-6565,UDRUGA SLIJEPIH MEĐIMURSKE ŽUPANIJE,Udruga Slijepih Međimurske Županije,USMŽ,registar-udruga,1147,20000382,32415476565,AKTIVAN,,1998-03-04,1983-03-26,UDRUGA,molitvena,niska,3.0,"[""opis:caritas"", ""opis:duhovnost"", ""djelatnost:3.2.1.""]","Ulica kralja Tomislava 34, Čakovec",Ulica kralja Tomislava,34,Čakovec,Čakovec,Čakovec,Međimurska,40000,,46.38990546,16.44146176,dgu-adresa,Varaždinska Biskupija,derivirano-crkve.domovina.ai,usm@usm.hr,https://www.usm.hr,091-639-0005,+385916390005,,Krunoslav Frančić,Zamjenik Predsjednika Udruge,"Okupljanje slijepih osoba s područja Međimurske županije radi njihove rehabilitacije, socijalnog, društvenog i ekonomskog uključivanja i poboljšanja kvalitete života, promicanje, razvoj i unapređivanje položaja slijepih osoba u svim segmentima života te zaštita njihovih prava i interesa kao dijela temeljnih ljudskih prava, a osobito dostojanstva, jednakih mogućnosti, primjene univerzalnog dizajna i pristupačnosti, ravnopravnosti i nediskriminacije te života u zajednici uz podršku, pružanje informativne, edukativne i ostale stručne potpore osobama s oštećenjem vida.","DJECA S TEŠKOĆAMA U RAZVOJU, OSOBE S INVALIDITETOM, SLIJEPE I SLABOVIDNE OSOBE","[""8.1.4. Ljudska prava"", ""2.4.1. Promicanje i razvoj volonterstva"", ""7.5.7. Zaštita prava osoba s invaliditetom"", ""11.2.4. Rana intervencija"", ""11.1.2. Pomoć i podrška osobama s invaliditetom"", ""9.1.4. Potpora obrazovanju djece i mladih s posebnim potrebama"", ""4.6.1. Promicanje razvoja socijalnog poduzetništva"", ""3.2.1. Promicanje duhovnih aktivnosti"", ""11.2.2. Pomoć u kući"", ""6.9. Ostale djelatnosti iz područja kulture i umjetnosti"", ""9.1.3. Izvaninstitucionalni odgoj i obrazovanje"", ""11.1.1. Pomoć i podrška starijim osobama"", ""11.2.17. Ostale djelatnosti socijalnih usluga"", ""14.1.8. Ostale djelatnosti preventivnog djelovanja, unapređenja i zaštite zdravlja"", ""12.9. Promocija sporta i zdravog načina življenja""]",https://banovac.mfin.hr/rnoprt/Details?handler=Details&id=6892,"[""datagovhr:registar-udruga""]"
171,udruga-sv-vinka-paulskog-u-republici-hrvatskoj-zagreb-8018,UDRUGA SV. VINKA PAULSKOG U REPUBLICI HRVATSKOJ,Udruga sv. Vinka Paulskog u Republici Hrvatskoj,,registar-udruga,15877,00000836,68832008018,AKTIVAN,,1998-06-10,1994-03-21,UDRUGA,molitvena,niska,3.0,"[""naziv:svetac"", ""opis:svetac"", ""opis:duhovnost"", ""djelatnost:3.2.2."", ""djelatnost:3.2.1.""]","Gundulićeva ulica 10, Zagreb",Gundulićeva ulica,10,Zagreb,Zagreb,Grad Zagreb,Grad Zagreb,10000,,45.81171712,15.97196269,dgu-adresa,Zagrebačka Nadbiskupija,derivirano-crkve.domovina.ai,anelka.samardi651@gmail.com,https://www.ssvp,099-6726-104,+385996726104,,Anđelka Samardžić,Dopredsjednica,"Svrha i cilj osnivanje Udruge je pomaganje svim osobama koje su u potrebi i kojima je ugrožena materijalna i moralna egzistencija bez obzira na vjeru, rasu, naciju spol i spolnu orijentaciju s ciljem sprječavanja i socijalne isključenosti navedenih osoba i rješavanja njihovih egzistencijalnih problema te im pomaže da budu ravnopravni članovi društvene zajednice. Cilj udruge je i rad s učenicima i mladima. Svrha  Udruge je da pomaže i osobama u potrebi bez obzira na vjeru, rasu, naciju i spol kojima nije ugrožena materijalna egzistencija, ali se osjećaju osamljeni, napušteni i zaboravljeni od uže i šire zajednice te je poslanje Udruge da im pomogne vratiti svoje samopouzdanje i da ponovno pronađu smisao svog života te ostalo navedeno člankom 9. Statuta","AKADEMSKA ZAJEDNICA, BESKUĆNICI, DJECA - OPĆA POPULACIJA, DJECA DO 14 GODINA, DJECA IZ OBITELJI KORISNIKA SUSTAVA SOCIJALNE SKRBI, DJECA OD 14 DO 18 GODINA, DJECA S TEŠKOĆAMA U RAZVOJU, DJECA U RIZIKU OD SOCIJALNE ISKLJUČENOSTI, GRAĐANI – OPĆA POPULACIJA, LOKALNA I REGIONALNA SAMOUPRAVA, MALI I SREDNJI PODUZETNICI I OBRTNICI, MLADI - OPĆA POPULACIJA, MLADI S TEŠKOĆAMA U RAZVOJU, NEZAPOSLENI, OBITELJI, OPĆA POPULACIJA PACIJENATA, OSOBE S INVALIDITETOM, OSOBE S PSIHO-SOCIJALNIM TEŠKOĆAMA, OSOBE STARIJE ŽIVOTNE DOBI, OSOBE U RIZIKU OD SIROMAŠTVA I SIROMAŠNE OSOBE, RODITELJI, ROMI, ŽRTVE KATASTROFA","[""3.2.2. Poticanje osobnog razvoja"", ""11.1.1. Pomoć i podrška starijim osobama"", ""11.1.2. Pomoć i podrška osobama s invaliditetom"", ""11.1.5. Pomoć i podrška osobama u riziku od siromaštva i socijalne isključenosti"", ""11.1.3. Pomoć i podrška djeci"", ""3.2.1. Promicanje duhovnih aktivnosti"", ""11.1.4. Pomoć i podrška mladima"", ""11.1.9. Pomoć i podrška beskućnicima"", ""11.2.5. Pomoć pri uključivanju u programe odgoja i redovitog obrazovanja (integracija)"", ""11.2.9. Prevencija nasilja"", ""11.2.14. Pomoć i podrška u vlastitom domu i zajednici"", ""11.3.4. Pomoć u podmirivanju osnovnih životnih potreba"", ""11.2.13. Organiziranje slobodnih aktivnosti"", ""11.2.11. Stručna pomoć i podrška"", ""11.2.10. Prevencija ovisnosti"", ""11.3.1. Pomoć žrtvama prirodnih katastrofa"", ""11.3.3. Poboljšanje kvalitete života i zdravlja socijalno isključenih"", ""11.2.4. Rana intervencija"", ""11.2.1. Savjetovanje i pomaganje"", ""11.2.2. Pomoć u kući"", ""11.2.12. Skraćeni boravak, igraonice, radionice, klubovi""]",https://banovac.mfin.hr/rnoprt/Details?handler=Details&id=9236,"[""datagovhr:registar-udruga""]"
593,udruga-svetog-florijana-limena-glazba-lug-orehovicki-lug-poznanovecki-grabe-bedekovcina-3137,"UDRUGA SVETOG FLORIJANA LIMENA GLAZBA LUG OREHOVIČKI, LUG POZNANOVEČKI, GRABE, BEDEKOVČINA","Udruga Svetog Florijana Limena Glazba Lug Orehovički, Lug Poznanovečki, Grabe, Bedekovčina","UDRUGA SVETOG FLORIJANA LIMENA GLAZBA LUG, O.P.G. BEDEKOVČINA",registar-udruga,30114,02000613,84831383137,AKTIVAN,,2002-03-13,2002-01-19,UDRUGA,glazba,niska,3.0,"[""naziv:svetac"", ""opis:liturgija"", ""opis:svetac""]","M. Novosela 9, Lug Poznanovečki",M. Novosela,9,Lug Poznanovečki,Lug Poznanovečki,Bedekovčina,Krapinsko-zagorska,49222,,46.06176761,16.00684048,dgu-adresa,Zagrebačka Nadbiskupija,derivirano-crkve.domovina.ai,zeljka.balic28@gmail.com,,095-280-825,+38595280825,,Ivan Novosel,Predsjednik,"promicanje, razvitak i unapređenje kulture na području županije i šire, po potrebi, cilj djelovanja udruge je održati glazbu trajno, prenijeti na mlađu generaciju i proširiti djelovanje na cijelu županiju","GRAĐANI – OPĆA POPULACIJA, MLADI - OPĆA POPULACIJA","[""6.2.3. Glazba i glazbeno-scenske umjetnosti"", ""6.2.6. Glazbene i scenske manifestacije i festivali"", ""6.1.7. Zaštita i očuvanje nematerijalnih kulturnih dobara"", ""6.2.4. Kulturno-umjetnički (glazbeni i scenski) amaterizam""]",https://banovac.mfin.hr/rnoprt/Details?handler=Details&id=62488,"[""datagovhr:registar-udruga""]"
373,udruga-udovica-hrvatskih-branitelja-poginulih-u-domovinskom-ratu-vinkovci-3025,UDRUGA UDOVICA HRVATSKIH BRANITELJA POGINULIH U DOMOVINSKOM RATU VINKOVCI,Udruga Udovica Hrvatskih Branitelja Poginulih u Domovinskom Ratu Vinkovci,UDRUGA UDOVICA - VINKOVCI,registar-udruga,62934,16002016,42156673025,BRISAN,2018-04-05,2014-04-10,2014-03-31,UDRUGA,hodocasnicka,niska,3.0,"[""opis:hodocasce"", ""opis:crkva"", ""opis:duhovnost""]","Ivana Gorana Kovačića 58, Vinkovci",Ivana Gorana Kovačića,58,Vinkovci,Vinkovci,Vinkovci,Vukovarsko-srijemska,32100,,45.29358389,18.80161138,dgu-adresa,Đakovačko-osječka Nadbiskupija,derivirano-crkve.domovina.ai,udruga.udovica.vk@gmail.com,,098-9421-592,+385989421592,,Gordana Hasel,Dopredsjednica,"očuvanje i sjećanja na poginule hrvatske branitelje Domovinskog rata, zaštite dostojanstva poginulih hrvatskih branitelja Domovinskog rata i članova njihovih obitelji te promicanje, razvitak i unapređenja vrijednosti Domovinskog rata te okupljanje članova Udruge.","OBITELJI BRANITELJA, RATNI STRADALNICI","[""1.1.1. Promicanje vrijednosti Domovinskog rata"", ""1.2.1. Zaštita interesa članova obitelji smrtno stradaloga, zatočenoga ili nestaloga hrvatskog branitelja iz Domovinskog rata""]",https://banovac.mfin.hr/rnoprt/Details?handler=Details&id=46671,"[""datagovhr:registar-udruga""]"
731,udruga-uzdoljaka-hrvatske-u-likvidaciji-rijeka-8724,UDRUGA UZDOLJAKA HRVATSKE U LIKVIDACIJI,Udruga Uzdoljaka Hrvatske u Likvidaciji,,registar-udruga,33887,08001910,85014128724,BRISAN,2016-04-12,2003-11-24,2003-09-11,UDRUGA,karitativna,niska,3.0,"[""opis:katolic""]","Fiorella la Guardie 27, Rijeka",Fiorella la Guardie,27,Rijeka,Rijeka,Rijeka,Primorsko-goranska,51000,,45.33086453,14.43333739,dgu-adresa,Riječka Nadbiskupija,derivirano-crkve.domovina.ai,,,,,,Franjo Barešić,Predsjednik,,,"[""11.1.1. ZAVIČAJNA DJELATNOST""]",,"[""datagovhr:registar-udruga""]"
1204,udruga-za-cjelovit-i-ruralni-razvoj-mirisna-dusa-kaprije-7040,"UDRUGA ZA CJELOVIT I RURALNI RAZVOJ  ""MIRISNA DUŠA""","Udruga za Cjelovit i Ruralni Razvoj ""Mirisna Duša""","UDRUGA ""MIRISNA DUŠA""",registar-udruga,235516,15001611,58601427040,AKTIVAN,,2020-11-05,2020-10-19,UDRUGA,glazba,niska,3.0,"[""djelatnost:3.3."", ""djelatnost:3.2.1."", ""djelatnost:3.1.2."", ""djelatnost:3.2.3."", ""djelatnost:3.2.2."", ""djelatnost:3.1.1."", ""opis:-istok""]","Ulica VII - Zapadna obala 35, Kaprije",Ulica VII - Zapadna obala,35,Kaprije,Kaprije,Šibenik,Šibensko-kninska,22235,,43.68878055,15.70768779,dgu-ulica-fuzzy,,,,,,,,Domagoj Smolić,Predsjednik Udruge,Promicanje multikulturalnosti i zdravih stilova života.,MLADI - OPĆA POPULACIJA,"[""4.8. Turizam"", ""6.3.1. Likovne umjetnosti"", ""8.1.10. Ostale djelatnosti razvojne suradnje"", ""3.3. Ostale djelatnosti iz područja duhovnosti"", ""14.1.3. Prevencija i zaštita mentalnog zdravlja"", ""9.1.1. Razvoj i promicanje odgoja i obrazovanja"", ""4.6.1. Promicanje razvoja socijalnog poduzetništva"", ""15.3. Energetska učinkovitost i obnovljivi izvori energije"", ""10.1.2. Planiranje razvoja ruralnih područja"", ""3.2.1. Promicanje duhovnih aktivnosti"", ""4.5.8. Voćarstvo"", ""15.2.2. Zaštita voda i mora"", ""6.2.6. Glazbene i scenske manifestacije i festivali"", ""11.2.1. Savjetovanje i pomaganje"", ""15.1.3. Ostale djelatnosti očuvanja prirode"", ""3.1.2. Promocija i izgradnja međuvjerničkog dijaloga"", ""12.4.4. Organiziranje i provođenje rekreacijskog vježbanja"", ""6.2.3. Glazba i glazbeno-scenske umjetnosti"", ""3.2.3. Ostale duhovne djelatnosti"", ""9.1.3. Izvaninstitucionalni odgoj i obrazovanje"", ""12.4.5. Organiziranje sportsko rekreacijskih natjecanja i sportsko rekreativnih edukativnih projekata i programa"", ""11.1.4. Pomoć i podrška mladima"", ""2.4.1. Promicanje i razvoj volonterstva"", ""2.5. Promicanje društvene solidarnosti"", ""11.1.3. Pomoć i podrška djeci"", ""3.2.2. Poticanje osobnog razvoja"", ""12.4.3. Tjelesne aktivnosti i igre koje se organizirano izvode radi unapređenja zdravlja i rekreacije"", ""9.1.10. Međunarodna suradnja i mobilnost u obrazovanju"", ""10.1.6. Ostale djelatnosti razvoja ruralnih područja"", ""6.3.3. Fotografska umjetnost"", ""4.5.9. Ostale poljoprivredne djelatnosti"", ""14.1.8. Ostale djelatnosti preventivnog djelovanja, unapređenja i zaštite zdravlja"", ""3.1.1. Promicanje religijske etike"", ""8.1.7. Smanjenje siromaštva"", ""10.1.3. LEADER pristup razvoju ruralnih područja"", ""9.1.9. Odgoj i obrazovanje za održivi razvoj, zdrave načine života i očuvanje prirode"", ""8.1.9. Unapređenje zdravlja"", ""9.1.2. Cjeloživotno učenje i obrazovanje odraslih"", ""2.3.4. Ostale djelatnosti prevencije nasilja"", ""10.1.1. Edukacija za održivi razvoj ruralnih područja"", ""12.4.6. Ostale djelatnosti sportske rekreacije""]",,"[""datagovhr:registar-udruga""]"
645,udruga-za-ocuvanje-i-uredenje-sela-dolac-donji-zov-kamena-donji-dolac-7373,"UDRUGA ZA OČUVANJE I UREĐENJE SELA DOLAC DONJI ""ZOV KAMENA""","Udruga za Očuvanje i Uređenje Sela Dolac Donji ""Zov Kamena""","UDRUGA ""ZOV KAMENA""",registar-udruga,43297,17002987,92073717373,BRISAN,2019-08-14,2007-09-25,2007-06-21,UDRUGA,hodocasnicka,niska,3.0,"[""opis:hodocasce"", ""opis:krscanski"", ""opis:svetac""]","Dolac Donji 0, Donji Dolac",Dolac Donji,0,Donji Dolac,Donji Dolac,Omiš,Splitsko-dalmatinska,,,43.534133233408916,16.682978850534955,naselje-teziste,Splitsko-makarska Nadbiskupija,derivirano-crkve.domovina.ai,ivan.tijardovic@adplastik.hr,,095 9027 478,+385959027478,,Ivan Tijardović,Predsjednik Udruge,"-  razvoj, očuvanje i uređenje sela Donji Dolac.","BRANITELJI - VETERANI, GRAĐANI – OPĆA POPULACIJA, MALI I SREDNJI PODUZETNICI I OBRTNICI, MLADI - OPĆA POPULACIJA, OBITELJI, ODGOJNO-OBRAZOVNE USTANOVE, OSOBE STARIJE ŽIVOTNE DOBI, PREDSTAVNICI MEDIJA, RATNI STRADALNICI, TURISTIČKI DJELATNICI, UDRUGE I GRAĐANSKE INICIJATIVE, UMIROVLJENICI, USTANOVE SOCIJALNE SKRBI, ŽENE PODUZETNICE, ŽENE RURALNIH PODRUČJA","[""15.2.4. Podizanje svijesti i aktivnosti za smanjenje otpada i povećanje recikliranja"", ""11.1.1. Pomoć i podrška starijim osobama"", ""6.1.6. Zaštita kulturnih krajolika"", ""6.1.1. Zaštita i očuvanje materijalnih kulturnih dobara"", ""1.3.2. Zaštita interesa sudionika i stradalnika II. svjetskog rata i poslijeratnog razdoblja"", ""12.9. Promocija sporta i zdravog načina življenja"", ""1.1.2. Zaštita interesa hrvatskih branitelja iz Domovinskog rata i članova njihovih obitelji"", ""1.1.1. Promicanje vrijednosti Domovinskog rata"", ""10.1.5. Zaštita javnih dobara u ruralnim područjima"", ""6.1.8. Općekulturna (kulturološka) djelatnost"", ""6.1.7. Zaštita i očuvanje nematerijalnih kulturnih dobara"", ""10.1.1. Edukacija za održivi razvoj ruralnih područja"", ""11.1.5. Pomoć i podrška osobama u riziku od siromaštva i socijalne isključenosti"", ""15.1.2. Očuvanje prirodne baštine"", ""10.1.2. Planiranje razvoja ruralnih područja""]",https://banovac.mfin.hr/rnoprt/Details?handler=Details&id=26053,"[""datagovhr:registar-udruga""]"
651,udruga-za-resocijalizaciju-i-reintegraciju-staro-za-novo-split-2768,"UDRUGA ZA RESOCIJALIZACIJU I REINTEGRACIJU ""STARO ZA NOVO""","Udruga za Resocijalizaciju i Reintegraciju ""Staro za Novo""","""Staro za novo""",registar-udruga,43982,17003067,39777532768,AKTIVAN,,2007-12-31,2007-10-25,UDRUGA,molitvena,niska,3.0,"[""djelatnost:3.2.1."", ""djelatnost:3.2.2."", ""djelatnost:3.1.1.""]","Ulica slobode 24, Split",Ulica slobode,24,Split,Split,Split,Splitsko-dalmatinska,21000,,43.51224524,16.44935909,dgu-adresa,Splitsko-makarska Nadbiskupija,derivirano-crkve.domovina.ai,cross4theworld@gmail.com,,091-8866738,+385918866738,,Matko Kunac,Potpredsjednik,"Udruga je osnovana  sa ciljem ostvarivanja pune resocijalizacije, kroz realizaciju osnovnih ljudskih prava i humanu reintegraciju u društvenu zajednicu, socijalno ugroženih i marginaliziranih skupina.","MLADI S RIZIČNIM OBLICIMA PONAŠANJA, NEZAPOSLENI, OSOBE S PSIHO-SOCIJALNIM TEŠKOĆAMA, OSOBE U RIZIKU OD SIROMAŠTVA I SIROMAŠNE OSOBE, OVISNICI I LIJEČENI OVISNICI","[""11.1.6. Pomoć i podrška nezaposlenima"", ""11.1.5. Pomoć i podrška osobama u riziku od siromaštva i socijalne isključenosti"", ""11.2.1. Savjetovanje i pomaganje"", ""11.1.4. Pomoć i podrška mladima"", ""11.2.13. Organiziranje slobodnih aktivnosti"", ""11.2.5. Pomoć pri uključivanju u programe odgoja i redovitog obrazovanja (integracija)"", ""11.2.3. Psihosocijalna podrška"", ""3.2.1. Promicanje duhovnih aktivnosti"", ""7.11. Ostale djelatnosti iz područja ostvarivanja i zaštite ljudskih prava"", ""3.2.2. Poticanje osobnog razvoja"", ""11.2.11. Stručna pomoć i podrška"", ""11.2.10. Prevencija ovisnosti"", ""3.1.1. Promicanje religijske etike""]",https://banovac.mfin.hr/rnoprt/Details?handler=Details&id=26652,"[""datagovhr:registar-udruga""]"
1117,udruga-siletici-za-ocuvanje-kulturne-i-prirodne-bastine-prigorja-dobrodol-7739,UDRUGA ŠILETIĆI - ZA OČUVANJE KULTURNE I PRIRODNE BAŠTINE PRIGORJA,Udruga Šiletići - za Očuvanje Kulturne i Prirodne Baštine Prigorja,UDRUGA ŠILETIĆI,registar-udruga,270981,21015595,39090607739,AKTIVAN,,2026-05-14,2026-03-26,UDRUGA,kultura,niska,3.0,"[""opis:duhovnost"", ""djelatnost:3.1.3."", ""djelatnost:3.2.3.""]","Šiletići 15, Dobrodol",Šiletići,15,Dobrodol,Dobrodol,Grad Zagreb,Grad Zagreb,10360,,45.86458679,16.0937964,dgu-adresa,Zagrebačka Nadbiskupija,derivirano-crkve.domovina.ai,udruga.siletici@gmail.com,,091-520-2850,+385915202850,,Juraj Rončević,Dopredsjednik,"Zaštita i obnova tradicijskih građevina i objekata (bunara, puteva, međa); Njegovanje duhovne i vjerske tradicije lokalnog stanovništva; Unapređenje infrastrukture za djecu, mlade i društveni život zajednice; Promicanje povijesti obitelji i kraja Prigorja; Prenošenje znanja o starim običajima, jeziku i načinu života mlađim generacijama; Očuvanje i promicanje tradicijske gastronomije, autohtonih recepata i kulture stola prigorskog kraja.","DJECA - OPĆA POPULACIJA, GRAĐANI – OPĆA POPULACIJA, LJUBITELJI ŽIVOTINJA, LOKALNA I REGIONALNA SAMOUPRAVA, LOVCI, MLADI - OPĆA POPULACIJA, OBITELJI, OSOBE STARIJE ŽIVOTNE DOBI, REGIONALNA ILI LOKALNA SAMOUPRAVA, TURISTI, UDRUGE I GRAĐANSKE INICIJATIVE, VOLONTERI, ŽENE RURALNIH PODRUČJA","[""6.1.1. Zaštita i očuvanje materijalnih kulturnih dobara"", ""2.4.1. Promicanje i razvoj volonterstva"", ""3.1.3. Ostale religijske/vjerničke djelatnosti"", ""2.13. Razvoj lokalne zajednice"", ""15.5. Ostale djelatnosti iz područja zaštite okoliša i prirode"", ""6.1.7. Zaštita i očuvanje nematerijalnih kulturnih dobara"", ""3.2.3. Ostale duhovne djelatnosti""]",https://banovac.mfin.hr/rnoprt/Details?handler=Details&id=64423,"[""datagovhr:registar-udruga""]"
304,udruga-zena-maslina-gustirna-0935,"UDRUGA ŽENA ""MASLINA""","Udruga Žena ""Maslina""",,registar-udruga,41560,17002818,75908970935,BRISAN,2023-07-10,2007-02-21,2006-12-15,UDRUGA,karitativna,niska,3.0,"[""opis:red"", ""opis:krscanski"", ""opis:svetac""]","Gustirna, Gustirna",Gustirna,,Gustirna,Gustirna,Marina,Splitsko-dalmatinska,,,43.54961723851872,16.097757318644856,naselje-teziste,Šibenska Biskupija,derivirano-crkve.domovina.ai,,,,,,Anita Šalov,Predsjednica,,,"[""8.99.99. OSTALE KULTURNE DJELATNOSTI""]",,"[""datagovhr:registar-udruga""]"
793,udruga-zena-starih-pavljana-nova-nada-starih-pavljana-stari-pavljani-9918,"UDRUGA ŽENA STARIH PAVLJANA ""NOVA NADA STARIH PAVLJANA""","Udruga Žena Starih Pavljana ""Nova Nada Starih Pavljana""",,registar-udruga,207194,07001512,42435839918,AKTIVAN,,2017-07-06,2017-05-24,UDRUGA,hodocasnicka,niska,3.0,"[""opis:hodocasce"", ""opis:crkva"", ""opis:duhovnost""]","Stari Pavljani 81, Stari Pavljani",Stari Pavljani,81,Stari Pavljani,Stari Pavljani,Bjelovar,Bjelovarsko-bilogorska,43000,,45.85812898,16.88404404,dgu-adresa,Bjelovarsko-križevačka Biskupija,derivirano-crkve.domovina.ai,,,099 3505 865,+385993505865,,Sabina Pil,Predsjednica,"Zadovoljenje potreba članica u socijalnom, kulturnom, estetskom, humanitarnom, zdravstvenom, sportskom, edukativnom i turističkom pogledu.",ŽENE,"[""6.1.8. Općekulturna (kulturološka) djelatnost"", ""11.1.1. Pomoć i podrška starijim osobama"", ""6.1.1. Zaštita i očuvanje materijalnih kulturnih dobara"", ""6.2.4. Kulturno-umjetnički (glazbeni i scenski) amaterizam""]",https://banovac.mfin.hr/rnoprt/Details?handler=Details&id=53552,"[""datagovhr:registar-udruga""]"
367,udruga-borislav-kapelna-cret-viljevski-3251,"Udruga ""Borislav"" Kapelna","Udruga ""Borislav"" Kapelna","""Borislav""",registar-udruga,58710,14003702,40748503251,BRISAN,2024-07-30,2012-11-28,2012-11-21,UDRUGA,zupna,niska,3.0,"[""naziv:crkva"", ""opis:crkva""]","KRALJA TOMISLAVA 48, Cret Viljevski",KRALJA TOMISLAVA,48,Cret Viljevski,Cret Viljevski,Viljevo,Osječko-baranjska,31531,,45.72879631,18.065526,dgu-adresa,Đakovačko-osječka Nadbiskupija,derivirano-crkve.domovina.ai,a.tibinac@gmail.com,,091 7602 293,+385917602293,,Alen Tibinac,Predsjednik,-	Očuvanje kulturnih spomenika i zaštite okoliša sela Kapelna,"GRAĐANI – OPĆA POPULACIJA, MLADI - OPĆA POPULACIJA","[""20.99.99. OSTALE DJELATNOSTI"", ""15.2.4. Podizanje svijesti i aktivnosti za smanjenje otpada i povećanje recikliranja"", ""6.2.4. Kulturno-umjetnički (glazbeni i scenski) amaterizam"", ""15.1.1. Očuvanje posebno vrijednih prirodnih područja i drugih prostora"", ""6.2.1. Dramske umjetnosti"", ""15.4. Zaštita životinja"", ""15.1.2. Očuvanje prirodne baštine"", ""6.4.1. Književno stvaralaštvo"", ""6.1.1. Zaštita i očuvanje materijalnih kulturnih dobara"", ""15.5. Ostale djelatnosti iz područja zaštite okoliša i prirode"", ""6.3.3. Fotografska umjetnost""]",https://banovac.mfin.hr/rnoprt/Details?handler=Details&id=50881,"[""datagovhr:registar-udruga""]"
1192,udruga-ekosspiritus-sipacki-breg-9668,Udruga Ekosspiritus,Udruga Ekosspiritus,EKOSSPIRITUS,registar-udruga,20641,01001272,79594969668,AKTIVAN,,2001-11-19,2001-10-08,UDRUGA,molitvena,niska,3.0,"[""opis:katolic"", ""opis:caritas"", ""opis:pokret"", ""opis:vjernici"", ""opis:krscanski"", ""opis:crkva"", ""opis:svetac"", ""opis:duhovnost"", ""djelatnost:3.2.1."", ""djelatnost:3.2.2."", ""opis:-protestant"", ""opis:-ezoterija""]","Cerina 61, Šipački Breg",Cerina,61,Šipački Breg,Šipački Breg,Samobor,Zagrebačka,10430,,45.77608112,15.63471802,dgu-adresa,Zagrebačka Nadbiskupija,derivirano-crkve.domovina.ai,ekosspiritus@gmail.com,,,,,Katarina Pučar,Dopredsjednica,"promicati ekološku svijest u vidu zdravog življenja i promicanje zdrave hrane; ponuditi „planinsku duhovnost“ koja se ogleda u pješačkim pohodima, upoznavanjem domovine, kao i poniranje u dubinu otajstva koje nudi Katolička crkva; riječi evanđelja pokušati staviti u kontekst današnjeg vremena kroz prigodne kateheze, meditacije, razmišljajući nad tekstovima Biblije; okupljanjem obitelji potaknuti na društveno djelovanje u vlastitoj sredini a osobito potaknuti na volontiranje i zalaganje za opće dobro; omogućiti duhovne sadržaje koji pomažu čovjeku u susretu s Bogom, bližnjima i samim sobom; na primjeru života kršćanskih svetaca pokušati graditi međuljudske odnose i osobnu duhovnost, na poseban način članovima približiti živote svetaca : sv. Jurja, sv. Patrika, sv. Bernarda i sv. Izidora Seljaka; potaknuti članove na karitativno djelovanje prema bližnjemu kroz neposrednu pomoć onima kojima je ona potrebna; tražiti u tradiciji hrvatskog naroda različite elemente duhovnosti; graditi naciju, zalagati se za duhovnu obnovu Domovine; upoznavati planine domovine i svijeta i u planini planirati susrete koji čovjeka odmaraju i potiču na duhovnost, te mijenjanje navika koji ljudi donose iz svakodnevnice; znati posebno cijeniti zaštićene cjeline naše domovine a naročito nacionalne parkove, te upoznavati njihove posebnosti; učiti članstvo općem dobru, socijalnom poduzetništvu, volontiranju i stavu raspoloživosti i solidarnosti s onima kojima je pomoć potrebna; posebnosti samoborske tradicije, kršćanskih korijena, običaja i kulture ugrađivati u programe Udruge; učiti članove obrađivanju vrta, voćnjaka i cvjetnjaka te tradicionalnom obrađivanju zemlje; prikupljanjem domaćeg sjemena povrća i cvijeća prezentirati uzgoj povrća i cvijeća na tradicionalan način; educirati članstvo o vrijednostima znanja i vještina koje smo naslijedili od naših starih, naraštaja koji su živjeli prije nas; etnografskom zbirkom potaknuti članove na čuvanje baštine; upoznavati biljke koje rastu u Samoborskom gorju i znati ih pravilno upotrijebiti.","DJECA - OPĆA POPULACIJA, OBITELJI, PREDSTAVNICI MEDIJA","[""3.2.1. Promicanje duhovnih aktivnosti"", ""4.6.1. Promicanje razvoja socijalnog poduzetništva"", ""3.2.2. Poticanje osobnog razvoja"", ""6.1.7. Zaštita i očuvanje nematerijalnih kulturnih dobara"", ""6.1.1. Zaštita i očuvanje materijalnih kulturnih dobara"", ""4.8. Turizam""]",,"[""datagovhr:registar-udruga""]"
1030,udruga-kapelske-zene-kapela-podravska-7682,Udruga Kapelske žene,Udruga Kapelske žene,,registar-udruga,267836,05002273,11471417682,AKTIVAN,,2024-04-25,2024-04-01,UDRUGA,zupna,niska,3.0,"[""naziv:crkva"", ""opis:crkva""]","Kapela Podravska 114A, Kapela Podravska",Kapela Podravska,114A,Kapela Podravska,Kapela Podravska,Veliki Bukovec,Varaždinska,42231,,46.27847488,16.69230386,dgu-adresa,Varaždinska Biskupija,derivirano-crkve.domovina.ai,kapelske.zene1@gmail.com,,098-636-649,+38598636649,,Lea Zdelar,Predsjednica,"osnovana u cilju promicanja, razvitka i unapređenja interesa žena u društvu te njegovanje kulturoloških obilježja i običaja kraja.",ŽENE,"[""6.1.9. Ostale djelatnosti kulturne baštine"", ""6.1.1. Zaštita i očuvanje materijalnih kulturnih dobara""]",https://banovac.mfin.hr/rnoprt/Details?handler=Details&id=62192,"[""datagovhr:registar-udruga""]"
181,udruga-bivsih-hrvatskih-vojnika-varazdinske-zupanije-6883,Udruga bivših hrvatskih vojnika Varaždinske županije,Udruga bivših hrvatskih vojnika Varaždinske županije,UBHV Varaždinske županije,registar-udruga,17045,05000629,96457196883,AKTIVAN,,1998-04-27,1993-06-12,UDRUGA,karitativna,niska,3.0,"[""opis:pokret"", ""opis:duhovnost"", ""djelatnost:3.2.1.""]","Ulica Silvija Strahimira Kranjčevića 1/II, Varaždin",Ulica Silvija Strahimira Kranjčevića 1/II,,Varaždin,Varaždin,Varaždin,Varaždinska,,,46.309535046590064,16.336564987846923,naselje-teziste,Varaždinska Biskupija,derivirano-crkve.domovina.ai,,,099-4029-633,+385994029633,,Josipa Flis,Predsjednica,"promicanje, razvitak i unapređenje skrbi za duhovno dobro bivših hrvatskih vojnika i članova njihovih obitelji te pružanje pomoći sa svrhom otklanjanja ratnih posljedica","BRANITELJI - VETERANI, GRAĐANI – OPĆA POPULACIJA, OBITELJI BRANITELJA","[""3.2.1. Promicanje duhovnih aktivnosti"", ""11.1.7. Pomoć i podrška obitelji"", ""1.4. Ostale djelatnosti iz područja branitelja i stradalnika"", ""2.2. Promicanje nenasilja i izgradnja mira""]",https://banovac.mfin.hr/rnoprt/Details?handler=Details&id=4816,"[""datagovhr:registar-udruga""]"
918,udruga-hrvatskih-branitelja-dragovoljaca-domovinskog-rata-bukovlje-kordusevci-3725,Udruga hrvatskih branitelja dragovoljaca Domovinskog rata Bukovlje,Udruga hrvatskih branitelja dragovoljaca Domovinskog rata Bukovlje,UHBDDR Bukovlje,registar-udruga,226666,12001833,33093113725,AKTIVAN,,2020-01-09,2019-08-05,UDRUGA,hodocasnicka,niska,3.0,"[""opis:hodocasce"", ""opis:crkva"", ""opis:duhovnost""]","Korduševci  15, Korduševci",Korduševci,15,Korduševci,Korduševci,Bukovlje,Brodsko-posavska,35211,,45.21988873,18.09096682,dgu-adresa,Đakovačko-osječka Nadbiskupija,derivirano-crkve.domovina.ai,krunoslavbasic@gmail.com,,098-9605-942,+385989605942,,Krunoslav Bašić,Predsjednik,"-	promicanja vrednota Domovinskog rata,
-	očuvanja digniteta sudionika Domovinskog rata,
-	jačanja časti i ugleda hrvatskih branitelja iz Domovinskog rata u društvu i
-	zaštite i promicanje interesa hrvatskih branitelja iz Domovinskog rata i članova njihovih obitelji.","BRANITELJI - VETERANI, GRAĐANI – OPĆA POPULACIJA, OBITELJI BRANITELJA","[""1.1.2. Zaštita interesa hrvatskih branitelja iz Domovinskog rata i članova njihovih obitelji"", ""1.1.1. Promicanje vrijednosti Domovinskog rata"", ""7.2. Prava aktivnih sudionika i stradalnika Domovinskog rata""]",https://banovac.mfin.hr/rnoprt/Details?handler=Details&id=56828,"[""datagovhr:registar-udruga""]"
456,udruga-za-poboljsanje-kvalitete-zivota-cista-pozitiva-zagreb-8436,"Udruga za poboljšanje kvalitete života "" Čista pozitiva""","Udruga za poboljšanje kvalitete života ""Čista pozitiva""","""Čista pozitiva""",registar-udruga,52711,05001557,49587928436,AKTIVAN,,2010-11-29,2010-11-10,UDRUGA,molitvena,niska,3.0,"[""djelatnost:3.1.2."", ""djelatnost:3.1.1.""]","Dubička ulica 12, Zagreb",Dubička ulica,12,Zagreb,Zagreb,Grad Zagreb,Grad Zagreb,10109,,45.8131564,15.92925298,dgu-adresa,Zagrebačka Nadbiskupija,derivirano-crkve.domovina.ai,cista.pozitiva@gmail.com,,095 5171 229,+385955171229,,Daša Grbović,Dopredsjednica,"Ciljevima udruge se smatraju pomoć ciljanim skupinama oko učenja, prilagodbe u zajednicu, poboljšanja komunikacijskih i motoričkih sposobnosti, poboljšanja kvalitete obrazovanja i načina usvajanja gradiva, poboljšanja kvalitete življenja kroz promociju, razvoj i poticanje na bavljenje izvedbenom umjetnošću. Ciljevima udruge smatraju se prevencija neprihvatljivog ponašanja ciljanih skupina, poboljšanje kvalitete života ciljanih skupina kroz podršku, savjetovanja i organiziranje
radionica sukladno iskazanim potrebama. Ciljevima udruge smatra se ostvarivanje suradnje sa hrvatskim nacionalnim manjinama, međunarodna suradnja.","AZILANTI, DJECA - OPĆA POPULACIJA, DJECA BEZ ODGOVARAJUĆE RODITELJSKE SKRBI, DJECA S POREMEĆAJIMA U PONAŠANJU, DJECA S TEŠKOĆAMA U RAZVOJU, MANJINE - OPĆENITO, MLADI - OPĆA POPULACIJA, MLADI S POREMEĆAJIMA U PONAŠANJU, NACIONALNE MANJINE, OBITELJI, ODGOJNO-OBRAZOVNE USTANOVE, OSOBE S INVALIDITETOM, OSOBE STARIJE ŽIVOTNE DOBI, OVISNICI I LIJEČENI OVISNICI, RURALNO STANOVNIŠTVO, UČENICI","[""6.2.1. Dramske umjetnosti"", ""6.2.2. Plesne umjetnosti"", ""14.1.8. Ostale djelatnosti preventivnog djelovanja, unapređenja i zaštite zdravlja"", ""6.2.3. Glazba i glazbeno-scenske umjetnosti"", ""8.4. Ostale djelatnosti iz područja međunarodne suradnje"", ""7.11. Ostale djelatnosti iz područja ostvarivanja i zaštite ljudskih prava"", ""11.2.12. Skraćeni boravak, igraonice, radionice, klubovi"", ""9.3. Ostale djelatnosti iz područja obrazovanja, znanosti i istraživanja"", ""9.1.4. Potpora obrazovanju djece i mladih s posebnim potrebama"", ""10.1.1. Edukacija za održivi razvoj ruralnih područja"", ""7.8. Zaštita hrvatske dijaspore"", ""6.2.4. Kulturno-umjetnički (glazbeni i scenski) amaterizam"", ""7.10. Njegovanje zavičajnog identiteta"", ""9.1.8. Odgoj i obrazovanje za zaštitu i promicanje povijesno-kulturne baštine i nacionalnoga identiteta"", ""6.9. Ostale djelatnosti iz područja kulture i umjetnosti"", ""15.5. Ostale djelatnosti iz područja zaštite okoliša i prirode"", ""2.13. Razvoj lokalne zajednice"", ""2.1. Obrazovanje za demokratsko građanstvo"", ""3.1.2. Promocija i izgradnja međuvjerničkog dijaloga"", ""11.2.17. Ostale djelatnosti socijalnih usluga"", ""15.3. Energetska učinkovitost i obnovljivi izvori energije"", ""11.3.5. Ostale djelatnosti humanitarne pomoći"", ""6.2.6. Glazbene i scenske manifestacije i festivali"", ""11.1.11. Ostala djelatnosti socijalne pomoći i podrške"", ""8.3. Međunarodna prijateljstva"", ""2.2. Promicanje nenasilja i izgradnja mira"", ""14.3. Prevencija i suzbijanje ovisnosti"", ""7.5.19. Ostale djelatnosti suzbijanja i zaštite od diskriminacije"", ""2.12. Razvoj civilnoga društva"", ""9.1.1. Razvoj i promicanje odgoja i obrazovanja"", ""6.1.9. Ostale djelatnosti kulturne baštine"", ""7.9. Zaštita prava nacionalne manjine"", ""3.1.1. Promicanje religijske etike""]",https://banovac.mfin.hr/rnoprt/Details?handler=Details&id=37125,"[""datagovhr:registar-udruga""]"
682,udruga-za-poboljsanje-kvalitete-zivota-virent-samobor-7264,Udruga za poboljšanje kvalitete života Virent,Udruga za poboljšanje kvalitete života Virent,Virent,registar-udruga,63801,01003097,90282187264,AKTIVAN,,2014-08-29,2014-06-14,UDRUGA,molitvena,niska,3.0,"[""djelatnost:3.1.1."", ""djelatnost:3.2.2."", ""djelatnost:3.2.1.""]","Ulica Ivana Perkovca 74, Samobor",Ulica Ivana Perkovca,74,Samobor,Samobor,Samobor,Zagrebačka,10430,,45.80040573,15.71758729,dgu-adresa,Zagrebačka Nadbiskupija,derivirano-crkve.domovina.ai,ivana.mustafi@gmail.com,,099-3454-556,+385993454556,,Ivana Mustafić,Predsjednica,"prepoznavanje potreba i pružanja podrške unutar razvoja obrazovanja, te poboljšanja kvalitete života, rad s djecom i mladima s ciljem poboljšanja  uvjeta za ostvarivanje osobnog optimalnog razvoja, pružanja podrške razvoju obrazovanja, izgrađivanja pozitivnog stava prema sebi samima, svojoj okolini, učenju, znanju, osmišljavanju sadržaja za kvalitetno i smisleno provođenje slobodnog vremena.","DJECA - OPĆA POPULACIJA, LOKALNA I REGIONALNA SAMOUPRAVA, MLADI - OPĆA POPULACIJA, ODGOJNO-OBRAZOVNE USTANOVE, ODGOJNO-OBRAZOVNI DJELATNICI, RODITELJI, TIJELA DRŽAVNE UPRAVE, UČENICI","[""2.2. Promicanje nenasilja i izgradnja mira"", ""9.1.4. Potpora obrazovanju djece i mladih s posebnim potrebama"", ""11.2.12. Skraćeni boravak, igraonice, radionice, klubovi"", ""9.1.6. Odgoj i obrazovanje za zaštitu i promicanje ljudskih prava"", ""9.2.11. Izdavanje znanstvenih i stručnih publikacija"", ""11.2.1. Savjetovanje i pomaganje"", ""4.6.1. Promicanje razvoja socijalnog poduzetništva"", ""3.1.1. Promicanje religijske etike"", ""11.2.9. Prevencija nasilja"", ""9.2.7. Umjetnost"", ""11.2.11. Stručna pomoć i podrška"", ""9.1.7. Poticanje kreativnosti i stvaralaštva u odgoju i obrazovanju"", ""11.1.1. Pomoć i podrška starijim osobama"", ""11.2.13. Organiziranje slobodnih aktivnosti"", ""2.3.1. Prevencija nasilja među djecom i mladima"", ""9.1.10. Međunarodna suradnja i mobilnost u obrazovanju"", ""6.4.7. Ostale književno-nakladničke djelatnosti"", ""11.1.4. Pomoć i podrška mladima"", ""3.2.2. Poticanje osobnog razvoja"", ""11.2.3. Psihosocijalna podrška"", ""9.1.1. Razvoj i promicanje odgoja i obrazovanja"", ""3.2.1. Promicanje duhovnih aktivnosti"", ""8.3. Međunarodna prijateljstva"", ""6.1.8. Općekulturna (kulturološka) djelatnost"", ""11.1.2. Pomoć i podrška osobama s invaliditetom"", ""9.2.10. Organizacija domaćih i međunarodnih znanstvenih i znanstvenostručnih skupova, škola, kongresa i seminara"", ""2.4.1. Promicanje i razvoj volonterstva"", ""9.1.9. Odgoj i obrazovanje za održivi razvoj, zdrave načine života i očuvanje prirode"", ""15.1.2. Očuvanje prirodne baštine"", ""15.2.4. Podizanje svijesti i aktivnosti za smanjenje otpada i povećanje recikliranja"", ""9.1.3. Izvaninstitucionalni odgoj i obrazovanje"", ""4.11. Ostale djelatnosti iz područja gospodarstva""]",https://banovac.mfin.hr/rnoprt/Details?handler=Details&id=58178,"[""datagovhr:registar-udruga""]"
25,udruga-za-promicanje-vjerskog-odgoja-i-krscanskih-vrijednosti-andelek-sveta-nedelja-2427,"Udruga za promicanje vjerskog odgoja i kršćanskih vrijednosti ""Anđelek""","Udruga za promicanje vjerskog odgoja i kršćanskih vrijednosti ""Anđelek""","""Anđelek""",registar-udruga,49254,01002237,21794292427,AKTIVAN,,2009-10-23,2009-09-10,UDRUGA,obrazovanje,niska,3.0,"[""naziv:krscanski"", ""naziv:duhovnost""]","Stari put 2, Sveta Nedelja",Stari put,2,Sveta Nedelja,Sveta Nedelja,Sveta Nedelja,Zagrebačka,10431,,45.79157053,15.76600278,dgu-adresa,Zagrebačka Nadbiskupija,derivirano-crkve.domovina.ai,,,,,,Sabrina Pejić,Predsjednica,,,"[""20.99.99. OSTALE DJELATNOSTI""]",,"[""datagovhr:registar-udruga""]"
467,udruga-za-sport-kulturu-i-rekreacijski-razvoj-blato-blato-na-cetini-4982,"Udruga za sport, kulturu i rekreacijski  razvoj ""BLATO"" Blato na Cetini","Udruga za sport, kulturu i rekreacijski razvoj ""BLATO"" Blato na Cetini","""BLATO""",registar-udruga,63266,17005085,57695074982,AKTIVAN,,2014-05-19,2014-01-18,UDRUGA,sport,niska,3.0,"[""opis:red"", ""opis:marija""]","Ulica kralja Tomislava 29, Blato Na Cetini",Ulica kralja Tomislava,29,Blato Na Cetini,Blato na Cetini,Omiš,Splitsko-dalmatinska,,,43.49502984013325,16.836276678046904,naselje-teziste,Splitsko-makarska Nadbiskupija,derivirano-crkve.domovina.ai,pasko.karlo@gmail.com,,098 946 5659,+385989465659,,Ante Sladojević,Dopredsjednik,"razvijanje  sportske, kulturne i rekreacijske aktivnosti","DJECA - OPĆA POPULACIJA, GRAĐANI – OPĆA POPULACIJA, MLADI - OPĆA POPULACIJA","[""6.1.7. Zaštita i očuvanje nematerijalnih kulturnih dobara"", ""6.4.6. Književno-nakladničke manifestacije"", ""6.4.5. Literarni amaterizam"", ""12.4.5. Organiziranje sportsko rekreacijskih natjecanja i sportsko rekreativnih edukativnih projekata i programa"", ""6.4.2. Knjižnična djelatnost"", ""6.4.1. Književno stvaralaštvo"", ""15.1.2. Očuvanje prirodne baštine"", ""12.4.6. Ostale djelatnosti sportske rekreacije"", ""12.9. Promocija sporta i zdravog načina življenja""]",https://banovac.mfin.hr/rnoprt/Details?handler=Details&id=47615,"[""datagovhr:registar-udruga""]"
24,udruga-sveta-klara-nova-kapela-batrina-0938,Udruga'' Sveta Klara''Nova Kapela-Batrina,Udruga'' Sveta Klara''Nova Kapela-Batrina,Udruga Sveta Klara,registar-udruga,49528,12001210,48828840938,BRISAN,2025-06-04,2009-11-24,2009-11-07,UDRUGA,zupna,niska,3.0,"[""naziv:crkva"", ""naziv:svetac""]","Kolodvorska 33, Batrina",Kolodvorska,33,Batrina,Batrina,Nova Kapela,Brodsko-posavska,35410,,45.19044942,17.65097869,dgu-adresa,Požeška Biskupija,derivirano-crkve.domovina.ai,,,,,,Hrvoje Rajković,Dopredsjednik Udruge,,,"[""10.3.1. TURISTIČKA DJELATNOST""]",,"[""datagovhr:registar-udruga""]"
224,vidi-prosudi-djeluj-zagreb-2167,VIDI PROSUDI DJELUJ,VIDI Prosudi Djeluj,VPD,registar-udruga,16767,00002053,90441052167,BRISAN,2024-11-15,2001-08-31,2001-07-02,UDRUGA,karitativna,niska,3.0,"[""opis:caritas"", ""opis:vjernici""]","Jordanovac 110, Zagreb",Jordanovac,110,Zagreb,Zagreb,Grad Zagreb,Grad Zagreb,10123,,45.82709972,15.99870912,dgu-adresa,Zagrebačka Nadbiskupija,derivirano-crkve.domovina.ai,,,,,,Miroslav Klobučar,Predsjednik Udruge,,,"[""20.99.99. OSTALE DJELATNOSTI""]",,"[""datagovhr:registar-udruga""]"
1072,vreme-je-ubli-7555,Vreme je,Vreme je,,registar-udruga,271006,19002560,27755877555,AKTIVAN,,2026-05-19,2026-03-24,UDRUGA,molitvena,niska,3.0,"[""opis:vjernici"", ""opis:duhovnost"", ""djelatnost:3.1.2.""]","Ulica Ivana Gundulića 23, Ubli",Ulica Ivana Gundulića,23,Ubli,,,Dubrovačko-neretvanska,,,,,,,,,,,,,Marin Markalaus,Predsjednik,"-	Promicanje nenasilja i izgradnje mira
-	Razvoj civilnog društva
-	Razvoj lokalne zajednice
-	Promocija i izgradnja među vjerničkog dijaloga
-	Promoviranje tolerancije i nenasilja
-	Promicanje duhovnih aktivnosti
-	Promicanje kulture zdravog življenja
-	Promicanje osobnog razvoja
-	Zaštita i očuvanje materijalnih kulturnih dobara
-	Zaštita kulturnih krajolika
-	Zaštita i očuvanje nematerijalnih kulturnih dobara
-	Izgradnja samoodržive zajednice
-	Unapređenje  ekološke poljoprivrede
-	Promicanje održivog razvoja
-	Prevencija nasilja
-	Prevencija ovisnosti
-	Očuvanje posebno vrijednih prirodnih područja i drugih prostora
-	Zaštita i održivo korištenje šuma, mora, voda i tla
-	Podizanje svijesti i aktivnosti za smanjenje otpada i povećanje recikliranja",GRAĐANI – OPĆA POPULACIJA,"[""10.1.1. Edukacija za održivi razvoj ruralnih područja"", ""11.2.10. Prevencija ovisnosti"", ""6.2.6. Glazbene i scenske manifestacije i festivali"", ""9.1.9. Odgoj i obrazovanje za održivi razvoj, zdrave načine života i očuvanje prirode"", ""13.9. Cjeloživotno obrazovanje u tehničkoj kulturi"", ""7.7. Zaštita prava potrošača"", ""10.1.5. Zaštita javnih dobara u ruralnim područjima"", ""13.6.4. Podvodna fotografija"", ""6.1.6. Zaštita kulturnih krajolika"", ""13.6.3. Neprofesijska fotografska djelatnost"", ""6.3.2. Dizajn i arhitektura"", ""15.3. Energetska učinkovitost i obnovljivi izvori energije"", ""4.8. Turizam"", ""15.1.1. Očuvanje posebno vrijednih prirodnih područja i drugih prostora"", ""6.3.3. Fotografska umjetnost"", ""7.6. Vjerska prava i slobode"", ""15.4. Zaštita životinja"", ""6.2.5. Inovativne izvedbene umjetničke prakse"", ""3.1.2. Promocija i izgradnja međuvjerničkog dijaloga"", ""9.1.1. Razvoj i promicanje odgoja i obrazovanja"", ""12.4.4. Organiziranje i provođenje rekreacijskog vježbanja"", ""14.3. Prevencija i suzbijanje ovisnosti"", ""10.1.2. Planiranje razvoja ruralnih područja"", ""13.6.1. Neprofesijska filmska djelatnost"", ""6.2.3. Glazba i glazbeno-scenske umjetnosti"", ""2.12. Razvoj civilnoga društva"", ""12.4.5. Organiziranje sportsko rekreacijskih natjecanja i sportsko rekreativnih edukativnih projekata i programa"", ""6.2.4. Kulturno-umjetnički (glazbeni i scenski) amaterizam"", ""6.2.1. Dramske umjetnosti"", ""15.1.2. Očuvanje prirodne baštine"", ""12.9. Promocija sporta i zdravog načina življenja"", ""9.1.2. Cjeloživotno učenje i obrazovanje odraslih"", ""6.3.1. Likovne umjetnosti"", ""12.4.1. Grupni fitnes programi (aerobic, fitnes, pilates i dr.)"", ""13.6.2. Neprofesijska video djelatnost"", ""13.8. Inovatorstvo"", ""6.1.7. Zaštita i očuvanje nematerijalnih kulturnih dobara"", ""2.8. Promicanje dobrog upravljanja"", ""12.8. Organiziranje i razvijanje sportskih udruga i sportskih djelatnosti"", ""6.6. Medijska kultura"", ""6.4.1. Književno stvaralaštvo"", ""11.2.12. Skraćeni boravak, igraonice, radionice, klubovi"", ""12.4.2. Individualni fitnes programi"", ""2.13. Razvoj lokalne zajednice"", ""8.3. Međunarodna prijateljstva"", ""2.2. Promicanje nenasilja i izgradnja mira"", ""6.1.1. Zaštita i očuvanje materijalnih kulturnih dobara"", ""6.3.5. Likovni amaterizam"", ""12.4.3. Tjelesne aktivnosti i igre koje se organizirano izvode radi unapređenja zdravlja i rekreacije"", ""7.10. Njegovanje zavičajnog identiteta"", ""6.2.2. Plesne umjetnosti"", ""6.3.7. Manifestacije vizualnih umjetnosti""]",,"[""datagovhr:registar-udruga""]"
325,zavicajni-klub-maja-i-svracica-6366,ZAVIČAJNI KLUB MAJA I SVRAČICA,Zavičajni Klub Maja i Svračica,,registar-udruga,41692,03001317,78980356366,BRISAN,2016-05-27,2007-03-09,2007-01-27,UDRUGA,sport,niska,3.0,"[""opis:zupa"", ""opis:crkva"", ""opis:svetac""]","Svračica 1, Svračica",Svračica,1,Svračica,Svračica,Glina,Sisačko-moslavačka,44400,,45.28213749,16.13791978,dgu-adresa,Sisačka Biskupija,derivirano-crkve.domovina.ai,,,,,,Mato Brkašić,Dopredsjednik,,,"[""8.99.99. OSTALE KULTURNE DJELATNOSTI""]",,"[""datagovhr:registar-udruga""]"
700,zavicajni-klub-sveta-ana-gornja-vrba-3306,Zavičajni klub Sveta Ana,Zavičajni klub Sveta Ana,,registar-udruga,62482,12001557,22647183306,AKTIVAN,,2014-02-17,2014-01-10,UDRUGA,sport,niska,3.0,"[""opis:zupa"", ""opis:crkva"", ""opis:svetac""]","Braće Radić 1, Gornja Vrba",Braće Radić,1,Gornja Vrba,Gornja Vrba,Gornja Vrba,Brodsko-posavska,35207,,45.15508648,18.0665821,dgu-adresa,Đakovačko-osječka Nadbiskupija,derivirano-crkve.domovina.ai,mopacak@gmail.com,,098 848 016,+38598848016,,Ivica Opačak,Predsjednik Udruge,"-	Cilj i svrha osnivanja Udruge je okupljanje građana s područja filijale  Svete Ane župe Brusnica i njihovih prijatelja za obnovu i izgradnju  kraja filijale   Svete Ane (Dobra Voda, Gornja Vrela, Klakar Gornji, Gornji Višnjik, Podnovlje), očuvanje tradicije i običaja, njegovanje sportskih i kulturnih aktivnosti.",GRAĐANI – OPĆA POPULACIJA,"[""11.1.1. ZAVIČAJNA DJELATNOST""]",https://banovac.mfin.hr/rnoprt/Details?handler=Details&id=47539,"[""datagovhr:registar-udruga""]"
102,cirilo-metodov-kor-zagreb-3435,ĆIRILO-METODOV KOR,Ćirilo-metodov Kor,,registar-udruga,3284,21000924,09648613435,AKTIVAN,,1998-04-06,1992-03-17,UDRUGA,glazba,niska,3.0,"[""opis:liturgija"", ""opis:crkva"", ""djelatnost:3.3.""]","Ćirilometodska 1, Zagreb",Ćirilometodska,1,Zagreb,Zagreb,Grad Zagreb,Grad Zagreb,,,45.83187302388278,15.977892800834798,naselje-teziste,Zagrebačka Nadbiskupija,derivirano-crkve.domovina.ai,krizevacki.biskup@gmail.com,,01/3738468,+38513738468,,Dubravka Hranilović,Predsjednica,"Sudjelovati u liturgiji i u drugim bogoslužjima bizantskoslavenskoga obreda te čuvati, njegovati i promicati crkveno pjevanje, prvenstveno na
crkvenoslavenskome jeziku.",GRAĐANI – OPĆA POPULACIJA,"[""3.3. Ostale djelatnosti iz područja duhovnosti"", ""6.2.3. Glazba i glazbeno-scenske umjetnosti""]",https://banovac.mfin.hr/rnoprt/Details?handler=Details&id=31650,"[""datagovhr:registar-udruga""]"
840,cuvari-kristova-groba-slivno-ravno-slivno-ravno-1006,ČUVARI KRISTOVA GROBA SLIVNO-RAVNO,Čuvari Kristova Groba Slivno-ravno,Č-K.G.S.R.,registar-udruga,223886,19002264,92750461006,AKTIVAN,,2019-10-28,2019-09-26,UDRUGA,kultura,niska,3.0,"[""naziv:krscanski"", ""djelatnost:3.2.1.""]","Alojzija Stepinca 102, Slivno Ravno",Alojzija Stepinca,102,Slivno Ravno,Slivno Ravno,Slivno,Dubrovačko-neretvanska,,,42.95978508286513,17.54450945447876,naselje-teziste,Splitsko-makarska Nadbiskupija,derivirano-crkve.domovina.ai,,,098-243-827,+38598243827,,Goran Vuinac,Predsjednik,ZAŠTITA I ZASTUPANJE KULTURNO POVIJESNE BAŠTINE SLIVNA I SLIVANJSKOG KRAJA,"DJECA OD 14 DO 18 GODINA, GRAĐANI – OPĆA POPULACIJA, MLADI - OPĆA POPULACIJA","[""6.1.7. Zaštita i očuvanje nematerijalnih kulturnih dobara"", ""3.2.1. Promicanje duhovnih aktivnosti""]",https://banovac.mfin.hr/rnoprt/Details?handler=Details&id=57256,"[""datagovhr:registar-udruga""]"
252,sportsko-ribolovna-udruga-stuka-nova-kapela-1099,"ŠPORTSKO RIBOLOVNA UDRUGA ""ŠTUKA"" NOVA KAPELA","Športsko Ribolovna Udruga ""Štuka"" Nova Kapela","ŠRU ""ŠTUKA""",registar-udruga,12652,12000299,99916751099,AKTIVAN,,1998-02-27,1983-10-02,UDRUGA,sport,niska,3.0,"[""naziv:crkva"", ""opis:crkva""]","Kralja Tomislava 152E, Nova Kapela",Kralja Tomislava,152E,Nova Kapela,Nova Kapela,Nova Kapela,Brodsko-posavska,35410,,45.20600216,17.62579075,dgu-adresa,Požeška Biskupija,derivirano-crkve.domovina.ai,novakapela@gmail.com,,099-372-0546,+385993720546,,Mladen Milinković,Predsjednik Udruge,"Područje djelovanja sukladno ciljevima Udruge je športski ribolov i to kroz unaprjeđenje športskog ribolova, športska priprema, zaštitu voda i ribljeg fonda u vodama na kojima gospodari Savez BPŽ te druge aktivnosti vezane uz športski ribolov.","DJECA DO 14 GODINA, DJECA OD 14 DO 18 GODINA, GRAĐANI – OPĆA POPULACIJA","[""10.4.2. RIBOLOVNA DJELATNOST""]",https://banovac.mfin.hr/rnoprt/Details?handler=Details&id=29609,"[""datagovhr:registar-udruga""]"
899,branitelji-osijek-9471,"""BRANITELJI""","""Branitelji""","KLUB „B""",registar-udruga,225927,14004776,32856959471,AKTIVAN,,2019-12-12,2019-11-25,UDRUGA,glazba,niska,2.5,"[""opis:stepinac"", ""opis:krscanski""]","Pampas  21, Osijek",Pampas,21,Osijek,Osijek,Osijek,Osječko-baranjska,,,45.543345773347,18.687547011930928,naselje-teziste,Đakovačko-osječka Nadbiskupija,derivirano-crkve.domovina.ai,,,,,,Tomislav Prgomet,Tajnik,"Udruga je osnovana u svrhu razvoja, kulture i humanitarnih resursa, poboljšanja zdravlja i kvalitete živote korisnika, kulturnih programa (djece s teškoćama u razvoju, osoba s invaliditetom - branitelja, djece i mladih s teškoćama u učenju i problemima u ponašanju, djece i mladih u riziku, ostalih skupina u nepovoljnom položaju te djece i mladih opće populacije. 
Udruga je promiče aktivno razvitak i unapređenja razvoja kulture i posebice arhitektonskog, glazbenog i likovnog izričaja u gradu Osijeku i OBŽ. Poseban naglasak je na promicanje vrijednosti domovinskog rata (preko kulture i veze na javno osvješćivanje tradicije!), i to posebice preko „Spomenici  u čast našim precima (kao i braniteljima 1991.)“  to je izrada spomen obilježja prvom skautskom odredu „Zvonimir“  osnovan u Realnoj Gimnaziji u Tvrđi. Manifestacije oko promicanja vrijednosti koje se trebaju ujediniti u „Dane Slavonske kulture“ te na taj način spojiti kulturu, umjetničko stvaralaštvo i obilježavanje osoba i djela  u jedno. Naročito treba istaknuti spomen obilježja Ottici Berger iz Zmajevca, njenu industrijsku tkaninu, spomen obilježje dirigentu Lavu Mirskom, Ružički, Prelogu, arh. Aksmanu (vratiti park po njegovom projektu i postaviti njegovu skulpturu u park). Na taj način osim nekog popratnog govora  ostalo bi za vječnost: pjesme, slike, spomenici koji ukazuju na kulturu ovog dijela EU, i naravno trajnog sjećanja  za pale branitelje, kao jedinstvena cjelinu. Tu treba spomenuti već napravljeno spomen obilježje prvom razminiravaju Brijest 1992 u jeku rata. Cilj jeste aktivno odavanje počasti svim sugrađanima na primjeren način koji su nas zadužili, kao i  žrtvama rata i braniteljima te na taj način kroz više slojeva promicati i trajno obilježavati vrijednosti domovinskog rata. Ujedno promicati aktivnu kritiku uništavanja onoga što su nam preci ostavili a to je Shakunala park koji je smanjen za 40%, uništavanje Regimentskog parka u Tvrđi betoniranjem i nakaradnim trokutnim oblikom koji uništava vizuru Tvrđe. Kao i neprimjereno postavljanje drugog Kardinala Stepinca na ulaz  u parkiralište. 
Ciljevi udruge su: razvoj kulture, sportskih i modelarskih natjecanja, razvoj 3d obilježavanja kulturnih markera u RH, - promicanje socijalne integracije svih korisnika; - promicanje socijalne osjetljivosti; - prevencija rizičnog ponašanja mladih; - prevencija nasilja nad i među djecom i mladima; - prevencija ovisnosti; - popularizacija programa terapijskog veslanja; - popularizacija veslačkog sporta; - promicanje humanog i etičkog odnosa prema životinjama; - poticanje zdravih stilova života; - promicanje volonterstva.
Ciljevi opisno: Promicanje kulturnog nasljeđa te zaštita prirodnog okoliša; promicanje tolerancije i suživota; promicanje zdravog života; promicanje turističkih sadržaja (vezane za rijeku kao na pr. “Sojenice q” tip kao dio spasilačke službe na rijekama) i razvijanje potencijala istih na području djelovanja Udruge; usmjeravanju mladih prema stjecanju dodatnih vještina i znanja; poticanje mladih na organizirano i smisleno korištenje slobodnog vremena; promicanje, razvitak i unapređenje ekologije; promicanje zdravih prehrambenih navika; promicanje rekreacije na otvorenom; promicanje slobodnog razmišljanja i kreativnosti u zajednici (upozoravanje na zagađenja rijeka, naročito Drave!); održavanje ekoloških, kulturnih i ekološko-športskih manifestacija/događanja; podizanje ekološke svijesti građana o važnosti sudjelovanja u aktivnostima šire društvene zajednice i poticanje građana na sudjelovanje u javnom životu; aktivno sudjelovanje u svim društvenim zbivanjima na širem području djelovanja Udruge; aktivno sudjelovanje u kulturnim zbivanjima i promicanje kulture življenja i povezivanje i razmjena iskustava, edukacija u navedenim interesnim područjima Udruge. Osnovni cilj je učenje što većeg broja građana, učenika, studenata, umirovljenika, radnika Osijeka i okolice, kulturi slikanja i 3d modeliranja..","BRANITELJI - VETERANI, DJECA - OPĆA POPULACIJA, DJECA RATNIH STRADALNIKA, GRAĐANI – OPĆA POPULACIJA, INVALIDI DOMOVINSKOG RATA, MLADI - OPĆA POPULACIJA, OBITELJI, OBITELJI BRANITELJA, ODGOJNO-OBRAZOVNE USTANOVE, ODGOJNO-OBRAZOVNI DJELATNICI, OSTALI, TURISTI, TURISTIČKI DJELATNICI, UDRUGE I GRAĐANSKE INICIJATIVE, UMIROVLJENICI, USTANOVE SOCIJALNE SKRBI, UČENICI, VOLONTERI","[""9.1.1. Razvoj i promicanje odgoja i obrazovanja"", ""6.5.3. Interaktivni mediji"", ""6.3.3. Fotografska umjetnost"", ""6.3.1. Likovne umjetnosti"", ""6.2.6. Glazbene i scenske manifestacije i festivali"", ""12.9. Promocija sporta i zdravog načina življenja"", ""9.1.9. Odgoj i obrazovanje za održivi razvoj, zdrave načine života i očuvanje prirode"", ""6.2.4. Kulturno-umjetnički (glazbeni i scenski) amaterizam"", ""6.1.7. Zaštita i očuvanje nematerijalnih kulturnih dobara"", ""9.1.3. Izvaninstitucionalni odgoj i obrazovanje"", ""10.2.1. Edukacija za održivi razvoj urbanih područja"", ""10.1.1. Edukacija za održivi razvoj ruralnih područja"", ""9.1.8. Odgoj i obrazovanje za zaštitu i promicanje povijesno-kulturne baštine i nacionalnoga identiteta"", ""6.3.4. Djelatnost umjetničkih obrta"", ""7.10. Njegovanje zavičajnog identiteta"", ""4.6.1. Promicanje razvoja socijalnog poduzetništva"", ""6.2.1. Dramske umjetnosti"", ""10.2.4. Urbana obnova"", ""9.1.7. Poticanje kreativnosti i stvaralaštva u odgoju i obrazovanju"", ""9.1.5. Odgoj i obrazovanje za aktivno sudjelovanje u razvoju demokratske kulture"", ""15.1.1. Očuvanje posebno vrijednih prirodnih područja i drugih prostora"", ""10.3.2. Održivi turizam"", ""10.2.3. Planiranje razvoja urbanih područja"", ""1.1.1. Promicanje vrijednosti Domovinskog rata"", ""15.3. Energetska učinkovitost i obnovljivi izvori energije"", ""10.1.5. Zaštita javnih dobara u ruralnim područjima"", ""6.3.5. Likovni amaterizam"", ""6.1.1. Zaštita i očuvanje materijalnih kulturnih dobara"", ""10.1.2. Planiranje razvoja ruralnih područja"", ""6.3.6. Inovativne vizualne umjetničke prakse"", ""15.1.2. Očuvanje prirodne baštine"", ""6.1.8. Općekulturna (kulturološka) djelatnost"", ""6.2.3. Glazba i glazbeno-scenske umjetnosti"", ""6.2.5. Inovativne izvedbene umjetničke prakse"", ""6.2.2. Plesne umjetnosti"", ""10.2.5. Zaštita javnih dobara u urbanim područjima"", ""9.1.6. Odgoj i obrazovanje za zaštitu i promicanje ljudskih prava"", ""6.4.5. Literarni amaterizam"", ""6.3.2. Dizajn i arhitektura"", ""12.7. Organiziranje i provođenje adaptiranog i zdravstveno usmjerenog tjelesnog vježbanja"", ""4.8. Turizam"", ""6.3.7. Manifestacije vizualnih umjetnosti"", ""15.4. Zaštita životinja"", ""6.6. Medijska kultura""]",,"[""datagovhr:registar-udruga""]"
133,drustvo-sveti-martin-martinec-orehovicki-3915,"""DRUŠTVO SVETI MARTIN""","""Društvo Sveti Martin""",,registar-udruga,6053,02000492,66017813915,AKTIVAN,,1999-03-19,1999-02-28,UDRUGA,glazba,niska,2.5,"[""naziv:svetac"", ""opis:crkva"", ""opis:svetac""]","Martinec Orehovički, Martinec Orehovički",Martinec Orehovički,,Martinec Orehovički,Martinec Orehovički,Bedekovčina,Krapinsko-zagorska,,,46.087071234237484,15.96378711950818,naselje-teziste,Zagrebačka Nadbiskupija,derivirano-crkve.domovina.ai,stolarija.furty@gmail.com,,098-793-825,+38598793825,,Marijan Tretinjak,Predsjednik,"njegovanje  i  promicanje  izvornih  vrijednosti, starih običaja i kulturne baštine Hrvatskog zagorja.","DJECA - OPĆA POPULACIJA, GRAĐANI – OPĆA POPULACIJA, MLADI - OPĆA POPULACIJA","[""6.2.4. Kulturno-umjetnički (glazbeni i scenski) amaterizam"", ""6.2.6. Glazbene i scenske manifestacije i festivali"", ""6.1.7. Zaštita i očuvanje nematerijalnih kulturnih dobara"", ""6.2.2. Plesne umjetnosti"", ""6.2.3. Glazba i glazbeno-scenske umjetnosti"", ""6.1.1. Zaštita i očuvanje materijalnih kulturnih dobara"", ""6.2.1. Dramske umjetnosti""]",https://banovac.mfin.hr/rnoprt/Details?handler=Details&id=2637,"[""datagovhr:registar-udruga""]"
902,duhovna-realizacija-i-manifestacija-osobnog-napretka-zagreb-3252,"""DUHOVNA REALIZACIJA I MANIFESTACIJA OSOBNOG NAPRETKA""","""Duhovna Realizacija i Manifestacija Osobnog Napretka""","""DREAMON""",registar-udruga,209031,21012893,13317493252,AKTIVAN,,2018-03-05,2017-11-27,UDRUGA,obrazovanje,niska,2.5,"[""naziv:duhovnost"", ""opis:duhovnost"", ""djelatnost:3.2.2."", ""djelatnost:3.2.1.""]","ALEJA BLAŽA JURIŠIĆA 63, Zagreb",ALEJA BLAŽA JURIŠIĆA,63,Zagreb,Zagreb,Grad Zagreb,Grad Zagreb,10040,,45.83814207,16.05245839,dgu-adresa,Zagrebačka Nadbiskupija,derivirano-crkve.domovina.ai,,,,,,Marija Habulinec Zorić,Dopredsjednica,"Poticanje osobnog razvoja; Promicanje duhovnih aktivnosti; Promicanje kompetentnosti i profesionalne etike te demokratičnosti; Unaprjeđenje kvalitete života; Promicanje međuljudskih, međukulturalnih, društvenih i građanskih kompetencija; Razvoj pozitivnog stava prema promjenama i inovacijama; Razvoj osobne karijere; Razvoj pozitivnog stava prema cjeloživotnom učenju; Promicanje ideja, razmišljanja i iskustava pojedinaca i grupa koje šire kulturu pozitivnih namjera; Podrška realizaciji i promociji ideja i projekata koji imaju potencijai uvođenja pozitivnih promjena u društvu; Okupljanje entuzijasta i vizionara te poticanje komunikacije; Promicanje tolerancije i nenasilja; Promicanje kulturno-umjetničkih i edukativnih sadržaja; Promicanje ideje očuvanja prirode i okoliša.",GRAĐANI – OPĆA POPULACIJA,"[""3.2.2. Poticanje osobnog razvoja"", ""9.1.2. Cjeloživotno učenje i obrazovanje odraslih"", ""3.2.1. Promicanje duhovnih aktivnosti""]",,"[""datagovhr:registar-udruga""]"
911,povijesna-postrojba-kralja-dmitra-zvonimira-knin-0456,"""POVIJESNA POSTROJBA KRALJA DMITRA ZVONIMIRA""","""Povijesna Postrojba Kralja Dmitra Zvonimira""",,registar-udruga,209567,15001483,61064850456,AKTIVAN,,2018-04-11,2018-03-06,UDRUGA,kultura,niska,2.5,"[""opis:krscanski"", ""opis:duhovnost"", ""djelatnost:3.2.1."", ""djelatnost:3.3."", ""djelatnost:3.2.2.""]","Tomislavova 193, Knin",Tomislavova,193,Knin,Knin,Knin,Šibensko-kninska,,,44.04430951079091,16.205345784278954,naselje-teziste,Šibenska Biskupija,derivirano-crkve.domovina.ai,nada.hrzic@gmail.com,https://www.zvonimirovi-dani.info,095-8778-685,+385958778685,,Barbara Alilović,Predsjednica Udruge,"Čuvanje i širenje kršćanskih vrijednosti; razvijanje i njegovanje hrvatske kulturne i povijesne baštine, te likovne i plesne umjetnosti prvenstveno kroz manifestaciju „Zvonimirovi dani“ kao idejni začetnici i organizatori, te kroz ostale slične manifestacije; edukacija djece i mladih o kršćanskim vrijednostima, povijesnoj i kulturnoj baštini; promoviranje i očuvanje prirodnih, kulturnih i dugih posebnosti Republike Hrvatske, s naglaskom na grad Knin i njegovu okolicu; poticanje ekološke i kulturne svijesti građana, a posebice mladih i djece; poticanje razvoja turizma kroz srednjovjekovne manifestacije i nastupe; poticanje i razvoj civilnog društva kroz razne vrste umjetničkih projekata; razvijanje likovnog stvaralaštva; turistička promidžba grada Knina; promocija i razvoj volonterstva.","DAROVITA DJECA I MLADI, DJECA DO 14 GODINA, DJECA OD 14 DO 18 GODINA, GRAĐANI – OPĆA POPULACIJA, MLADI - OPĆA POPULACIJA, STUDENTI, UČENICI, VOLONTERI","[""2.3.1. Prevencija nasilja među djecom i mladima"", ""15.1.2. Očuvanje prirodne baštine"", ""6.3.5. Likovni amaterizam"", ""6.3.4. Djelatnost umjetničkih obrta"", ""11.3.4. Pomoć u podmirivanju osnovnih životnih potreba"", ""6.3.2. Dizajn i arhitektura"", ""7.10. Njegovanje zavičajnog identiteta"", ""11.3.3. Poboljšanje kvalitete života i zdravlja socijalno isključenih"", ""6.1.9. Ostale djelatnosti kulturne baštine"", ""7.6. Vjerska prava i slobode"", ""9.1.7. Poticanje kreativnosti i stvaralaštva u odgoju i obrazovanju"", ""6.2.2. Plesne umjetnosti"", ""11.3.1. Pomoć žrtvama prirodnih katastrofa"", ""6.2.3. Glazba i glazbeno-scenske umjetnosti"", ""9.1.8. Odgoj i obrazovanje za zaštitu i promicanje povijesno-kulturne baštine i nacionalnoga identiteta"", ""6.3.7. Manifestacije vizualnih umjetnosti"", ""11.3.2. Psihosocijalna pomoć u kriznim situacijama"", ""2.13. Razvoj lokalne zajednice"", ""6.2.5. Inovativne izvedbene umjetničke prakse"", ""3.2.1. Promicanje duhovnih aktivnosti"", ""6.1.1. Zaštita i očuvanje materijalnih kulturnih dobara"", ""3.3. Ostale djelatnosti iz područja duhovnosti"", ""15.1.1. Očuvanje posebno vrijednih prirodnih područja i drugih prostora"", ""6.2.6. Glazbene i scenske manifestacije i festivali"", ""2.12. Razvoj civilnoga društva"", ""3.2.2. Poticanje osobnog razvoja"", ""6.2.1. Dramske umjetnosti"", ""6.2.4. Kulturno-umjetnički (glazbeni i scenski) amaterizam"", ""2.4.1. Promicanje i razvoj volonterstva""]",https://banovac.mfin.hr/rnoprt/Details?handler=Details&id=54869,"[""datagovhr:registar-udruga""]"
1010,72-sata-bez-kompromisa-hrvatska-split-0420,72 SATA BEZ KOMPROMISA HRVATSKA,72 Sata Bez Kompromisa Hrvatska,72 SATA,registar-udruga,262649,17006653,92559690420,AKTIVAN,,2023-05-31,2023-02-11,UDRUGA,glazba,niska,2.5,"[""opis:krscanski"", ""opis:duhovnost"", ""djelatnost:3.2.2."", ""djelatnost:3.2.1.""]","Škrape 53, Split",Škrape,53,Split,Split,Split,Splitsko-dalmatinska,21000,,43.50841272,16.46372361,dgu-adresa,Splitsko-makarska Nadbiskupija,derivirano-crkve.domovina.ai,hrvatska@72sata.hr,https://72h.hr,091-959-4850,+385919594850,,Magdalena Katušić,Potpredsjednica,"Temeljni programski ciljevi Udruge su: 
·   promocija volonterstva;
·   pomoć ljudima u potrebi (solidarnost) i osvještavanje dostojanstva svakog čovjeka;
·   poticanje mladih na proaktivnost i prepoznavanje potreba društva;
·   podizanje svijesti o brizi za okoliš/prirodu;
·   poticanje mladih na aktivno življenje vjere.","BESKUĆNICI, DJECA - OPĆA POPULACIJA, DJECA BEZ ODGOVARAJUĆE RODITELJSKE SKRBI, DJECA DO 14 GODINA, DJECA IZ OBITELJI KORISNIKA SUSTAVA SOCIJALNE SKRBI, DJECA OD 14 DO 18 GODINA, DJECA S POREMEĆAJIMA U PONAŠANJU, DJECA S TEŠKOĆAMA U RAZVOJU, DJECA U RIZIKU OD SOCIJALNE ISKLJUČENOSTI, GLUHE OSOBE, GLUHONIJEME OSOBE, GLUHOSLIJEPE OSOBE, GRAĐANI – OPĆA POPULACIJA, IZBJEGLICE I PROGNANICI, JEDNO RODITELJSKE OBITELJI, LOKALNA I REGIONALNA SAMOUPRAVA, MANJINE - OPĆENITO, MLADI - OPĆA POPULACIJA, MLADI S POREMEĆAJIMA U PONAŠANJU, MLADI S RIZIČNIM OBLICIMA PONAŠANJA, MLADI S TEŠKOĆAMA U RAZVOJU, NACIONALNE MANJINE, NAVIJAČKE SKUPINE, NEZAPOSLENI, OBITELJI, ODGOJNO-OBRAZOVNE USTANOVE, OPĆA POPULACIJA PACIJENATA, OSOBE S CEREBRALNOM I DJEČJOM PARALIZOM, OSOBE S INTELEKTUALNIM TEŠKOĆAMA, OSOBE S INVALIDITETOM, OSOBE S MENTALNOM RETARDACIJOM, OSOBE S MIŠIĆNOM DISTROFIJOM, OSOBE S MULTIPLOM SKLEROZOM, OSOBE S PSIHO-SOCIJALNIM TEŠKOĆAMA, OSOBE STARIJE ŽIVOTNE DOBI, OSOBE U RIZIKU OD SIROMAŠTVA I SIROMAŠNE OSOBE, OVISNICI I LIJEČENI OVISNICI, REGIONALNA ILI LOKALNA SAMOUPRAVA, ROMI, SLIJEPE I SLABOVIDNE OSOBE, STUDENTI, UDRUGE I GRAĐANSKE INICIJATIVE, UMIROVLJENICI, USTANOVE SOCIJALNE SKRBI, UČENICI, VOLONTERI, ŽENE, ŽRTVE NASILJA, ŽRTVE OBITELJSKOG NASILJA","[""9.2.10. Organizacija domaćih i međunarodnih znanstvenih i znanstvenostručnih skupova, škola, kongresa i seminara"", ""14.1.5. Unapređenje i zaštita zdravlja osoba oboljelih od malignih bolesti"", ""2.12. Razvoj civilnoga društva"", ""14.4. Strukovne udruge u području zaštite zdravlja"", ""12.7. Organiziranje i provođenje adaptiranog i zdravstveno usmjerenog tjelesnog vježbanja"", ""11.1.5. Pomoć i podrška osobama u riziku od siromaštva i socijalne isključenosti"", ""2.13. Razvoj lokalne zajednice"", ""9.2.13. Umrežavanje i međunarodna znanstvena i stručna suradnja"", ""7.5.10. Zaštita prava beskućnika"", ""7.6. Vjerska prava i slobode"", ""7.5.9. Prava osoba starije životne dobi"", ""11.1.6. Pomoć i podrška nezaposlenima"", ""8.1.1. Demokratska tranzicija"", ""7.5.6. Zaštita prava mladih"", ""7.5.5. Zaštita prava djece"", ""15.4. Zaštita životinja"", ""11.1.7. Pomoć i podrška obitelji"", ""11.2.9. Prevencija nasilja"", ""9.1.10. Međunarodna suradnja i mobilnost u obrazovanju"", ""14.2. Dobrovoljno darivanje krvi"", ""4.6.1. Promicanje razvoja socijalnog poduzetništva"", ""6.3.3. Fotografska umjetnost"", ""11.1.2. Pomoć i podrška osobama s invaliditetom"", ""7.5.1. Ravnopravnost spolova"", ""12.9. Promocija sporta i zdravog načina življenja"", ""11.2.1. Savjetovanje i pomaganje"", ""10.1.5. Zaštita javnih dobara u ruralnim područjima"", ""7.5.7. Zaštita prava osoba s invaliditetom"", ""6.5.1. Filmska i video djelatnost"", ""2.2. Promicanje nenasilja i izgradnja mira"", ""9.1.8. Odgoj i obrazovanje za zaštitu i promicanje povijesno-kulturne baštine i nacionalnoga identiteta"", ""11.2.3. Psihosocijalna podrška"", ""8.1.6. Ravnopravnost spolova"", ""3.2.2. Poticanje osobnog razvoja"", ""11.1.10. Pomoć i podrška žrtvama obiteljskog nasilja"", ""11.1.3. Pomoć i podrška djeci"", ""11.3.3. Poboljšanje kvalitete života i zdravlja socijalno isključenih"", ""7.5.8. Zaštita prava osoba s mentalnim oštećenjem"", ""6.1.1. Zaštita i očuvanje materijalnih kulturnih dobara"", ""6.5.4. Audiovizualni amaterizam"", ""8.1.5. Obrazovanje"", ""11.2.10. Prevencija ovisnosti"", ""6.5.2. Radio-televizijska djelatnost"", ""9.1.3. Izvaninstitucionalni odgoj i obrazovanje"", ""2.6. Interkulturalni dijalog"", ""9.1.9. Odgoj i obrazovanje za održivi razvoj, zdrave načine života i očuvanje prirode"", ""6.2.6. Glazbene i scenske manifestacije i festivali"", ""7.10. Njegovanje zavičajnog identiteta"", ""2.5. Promicanje društvene solidarnosti"", ""11.2.5. Pomoć pri uključivanju u programe odgoja i redovitog obrazovanja (integracija)"", ""6.2.2. Plesne umjetnosti"", ""15.1.1. Očuvanje posebno vrijednih prirodnih područja i drugih prostora"", ""11.2.11. Stručna pomoć i podrška"", ""11.1.9. Pomoć i podrška beskućnicima"", ""8.1.8. Zaštita okoliša i prirode"", ""9.1.5. Odgoj i obrazovanje za aktivno sudjelovanje u razvoju demokratske kulture"", ""7.5.2. Suzbijanje rasne diskriminacije"", ""15.1.2. Očuvanje prirodne baštine"", ""6.2.3. Glazba i glazbeno-scenske umjetnosti"", ""14.1.2. Prevencija i unapređenje zdravlja zubi"", ""6.2.1. Dramske umjetnosti"", ""13.11. Poticanje kreativnosti i stvaralaštva djece i mladih u tehničkoj kulturi"", ""14.3. Prevencija i suzbijanje ovisnosti"", ""14.1.6. Unaprjeđenje kvalitete života osoba starije životne dobi"", ""7.5.4. Zaštita obitelji"", ""3.2.1. Promicanje duhovnih aktivnosti"", ""11.1.4. Pomoć i podrška mladima"", ""11.2.13. Organiziranje slobodnih aktivnosti"", ""11.1.1. Pomoć i podrška starijim osobama""]",https://banovac.mfin.hr/rnoprt/Details?handler=Details&id=61731,"[""datagovhr:registar-udruga""]"
725,asocijacija-krscanske-obitelji-ukrajinaca-republike-hrvatske-vukovar-3723,ASOCIJACIJA KRŠĆANSKE OBITELJI UKRAJINACA REPUBLIKE HRVATSKE,Asocijacija Kršćanske Obitelji Ukrajinaca Republike Hrvatske,,registar-udruga,36151,16000938,74510063723,BRISAN,2017-11-03,2004-12-10,2004-11-05,UDRUGA,obitelj,niska,2.5,"[""naziv:krscanski"", ""djelatnost:14.duhovna""]","SR Njemačke 212, Vukovar",SR Njemačke,212,Vukovar,Vukovar,Vukovar,Vukovarsko-srijemska,32000,,45.33218285,18.9932554,dgu-adresa,Đakovačko-osječka Nadbiskupija,derivirano-crkve.domovina.ai,,,,,,Vlado Kisilj,Predsjednik Udruge,,,"[""14.99.99. OSTALE DUHOVNE DJELATNOSTI""]",,"[""datagovhr:registar-udruga""]"
898,bohem-sesvete-5727,BOHEM,Bohem,,registar-udruga,225847,21013703,93368395727,AKTIVAN,,2019-12-09,2019-06-26,UDRUGA,karitativna,niska,2.5,"[""opis:duhovnost"", ""djelatnost:3.2.1."", ""djelatnost:3.2.2."", ""djelatnost:3.1.2."", ""djelatnost:3.2.3.""]","ULICA KRSTE HEGEDUŠIĆA 30C, Sesvete",ULICA KRSTE HEGEDUŠIĆA,30C,Sesvete,Sesvete,Grad Zagreb,Grad Zagreb,10360,,45.8355355,16.09633891,dgu-adresa,Zagrebačka Nadbiskupija,derivirano-crkve.domovina.ai,,,,,,Franjo Pinjuh,Predsjednik,"Unaprjeđenje kvalitete ljudskoga života u sadašnjem i budućem trenutku, kroz aktivnosti ove udruge, kako bi se postiglo napredovanje, učenje, usavršavanje, uzdizanje, suradnja i povezivanje ljudi bez obzira na starosne, spolne, vjerske, geografske i ostale razlike te povezivanje čovječanstva na duhovnoj razini, kako bi se ostvarila neverbalna komunikacija koja teži altruizmu, suosjećanju i međusobnoj ljubavi.",GRAĐANI – OPĆA POPULACIJA,"[""15.5. Ostale djelatnosti iz područja zaštite okoliša i prirode"", ""3.2.1. Promicanje duhovnih aktivnosti"", ""8.4. Ostale djelatnosti iz područja međunarodne suradnje"", ""3.2.2. Poticanje osobnog razvoja"", ""7.11. Ostale djelatnosti iz područja ostvarivanja i zaštite ljudskih prava"", ""11.2.1. Savjetovanje i pomaganje"", ""3.1.2. Promocija i izgradnja međuvjerničkog dijaloga"", ""2.12. Razvoj civilnoga društva"", ""2.6. Interkulturalni dijalog"", ""6.1.8. Općekulturna (kulturološka) djelatnost"", ""11.3.5. Ostale djelatnosti humanitarne pomoći"", ""4.11. Ostale djelatnosti iz područja gospodarstva"", ""2.2. Promicanje nenasilja i izgradnja mira"", ""9.1.3. Izvaninstitucionalni odgoj i obrazovanje"", ""3.2.3. Ostale duhovne djelatnosti"", ""10.4. Ostale djelatnosti iz područja održivog razvoja"", ""2.5. Promicanje društvene solidarnosti"", ""11.2.3. Psihosocijalna podrška"", ""9.1.2. Cjeloživotno učenje i obrazovanje odraslih"", ""14.1.8. Ostale djelatnosti preventivnog djelovanja, unapređenja i zaštite zdravlja""]",,"[""datagovhr:registar-udruga""]"
799,centar-duhovnih-putova-kontemplacija-i-mistika-zagreb-5820,"CENTAR DUHOVNIH PUTOVA "" KONTEMPLACIJA I MISTIKA ""","Centar Duhovnih Putova ""Kontemplacija i Mistika""",KONTEMPLACIJA I MISTIKA,registar-udruga,200443,21011481,43312795820,AKTIVAN,,2015-03-11,2015-01-25,UDRUGA,ostalo,niska,2.5,"[""naziv:duhovnost"", ""opis:krscanski"", ""opis:duhovnost""]","RADNIČKI DOL 24, Zagreb",RADNIČKI DOL,24,Zagreb,Zagreb,Grad Zagreb,Grad Zagreb,10000,,45.81741742,15.96358078,dgu-adresa,Zagrebačka Nadbiskupija,derivirano-crkve.domovina.ai,karmela.topalusic@gmail.com,,0995182812,+385995182812,,Neven Bradić,Predsjednik,Duhovna izgradnja članova prema načelima mistične duhovnosti;promicanje kontemplativnih praksi kao izvornog načina prakticiranja mistične duhovnosti; pratnja na duhovnom putu.,GRAĐANI – OPĆA POPULACIJA,"[""17.1. Ostala područja djelovanja""]",https://banovac.mfin.hr/rnoprt/Details?handler=Details&id=48137,"[""datagovhr:registar-udruga""]"
336,centar-za-antropolosku-medicinu-vukovar-u-likvidaciji-2966,CENTAR ZA ANTROPOLOŠKU MEDICINU - VUKOVAR U LIKVIDACIJI,Centar za Antropološku Medicinu - Vukovar u Likvidaciji,CAMVU,registar-udruga,58150,16001808,03113772966,PRESTANAK DJELOVANJA,2021-11-29,2012-09-21,2012-08-25,UDRUGA,strukovna,niska,2.5,"[""opis:pokret"", ""opis:duhovnost"", ""djelatnost:3.2.2.""]","Hrvatskog zrakoplovstva 2939, Vukovar",Hrvatskog zrakoplovstva,2939,Vukovar,Vukovar,Vukovar,Vukovarsko-srijemska,,,45.33987845447663,18.993034457352948,naselje-teziste,Đakovačko-osječka Nadbiskupija,derivirano-crkve.domovina.ai,,,,,,Davor Antunović,Predsjednik,"Duhovno zdravlje pojedinca, obitelji i društva koje se postiže liječenjem patoloških stanja čovjekove duhovne dimenzije, a koje se očituje traumama, moralnim patnjama, konfliktima, ovisnostima, suicidalnim mislima, beznađem, depresijama i agresivnošću; Rehabilitacija bazične sigurnosti (basic security) kao utemeljenja čovjekove egzistencije; Otkrivanje smisla života na egzistencijalno-duhovnoj razini; Pomoć čovjeku do odluke za ono što ga čini osmišljenim, slobodnim i humanim; Oslobađanje čovjeka od ovisnosti, suicidalnih misli, očaja i besmisli, tjeskobe, agresivnosti i depresija, metodom hagioterapije; Izgradnja ispravne skale vrednota i uspostava uspješne komunikacije; Pomoć u liječenju simptomatskih fizičkih i psihičkih bolesti.",GRAĐANI – OPĆA POPULACIJA,"[""3.2.2. Poticanje osobnog razvoja""]",,"[""datagovhr:registar-udruga""]"
61,centar-za-humanitarni-rad-volontiranje-i-pomoc-djeci-i-siromasnima-u-zemlji-i-svijetu-plavi-andeo-zagreb-0026,"CENTAR ZA HUMANITARNI RAD, VOLONTIRANJE I POMOĆ DJECI I SIROMAŠNIMA U ZEMLJI I SVIJETU ""PLAVI ANĐEO""","Centar za Humanitarni Rad, Volontiranje i Pomoć Djeci i Siromašnima u Zemlji i Svijetu ""Plavi Anđeo""","CENTAR ""PLAVI ANĐEO""",registar-udruga,55453,21008832,90077990026,AKTIVAN,,2011-10-28,2011-09-26,UDRUGA,karitativna,niska,2.5,"[""naziv:duhovnost"", ""opis:caritas""]","Ulica Marijana Dragmana 2, Zagreb",Ulica Marijana Dragmana,2,Zagreb,Zagreb,Grad Zagreb,Grad Zagreb,10104,,45.78662837,15.93159406,dgu-adresa,Zagrebačka Nadbiskupija,derivirano-crkve.domovina.ai,dragica.kopjar@gmail.com,,091/975-9304,+385919759304,,Dragica Kopjar,Predsjednica,"Cilj i svrha osnivanja Udruge je okupljanje, udruživanje i aktivnosti članova Udruge u promicanju ljudskih vrijednosti i solidarnosti najpotrebnijima, najugroženijim kategorijama stanovništva u društvu: djeci, starijima, nemoćnima, bolesnima u Hrvatskoj, Africi, te u ostatku svijeta, poboljšanje kvalitete života pojedinca ali i šire društvene zajednice,osvještavanje i poticanje življenja u ljubavi, sreći i radosti.","DJECA - OPĆA POPULACIJA, DJECA IZ OBITELJI KORISNIKA SUSTAVA SOCIJALNE SKRBI, GRAĐANI – OPĆA POPULACIJA, OSOBE STARIJE ŽIVOTNE DOBI, OSOBE U RIZIKU OD SIROMAŠTVA I SIROMAŠNE OSOBE","[""11.1.5. Pomoć i podrška osobama u riziku od siromaštva i socijalne isključenosti"", ""11.5. Ostale socijalne djelatnosti"", ""11.1.11. Ostala djelatnosti socijalne pomoći i podrške"", ""11.3.4. Pomoć u podmirivanju osnovnih životnih potreba""]",https://banovac.mfin.hr/rnoprt/Details?handler=Details&id=39240,"[""datagovhr:registar-udruga""]"
515,centar-za-integrativni-razvoj-tjelesno-energetsku-i-psiholosko-duhovnu-edukaciju-u-likvidaciji-zagreb-7792,"CENTAR ZA INTEGRATIVNI RAZVOJ, TJELESNO-ENERGETSKU I PSIHOLOŠKO-DUHOVNU EDUKACIJU U LIKVIDACIJI","Centar za Integrativni Razvoj, Tjelesno-energetsku i Psihološko-duhovnu Edukaciju u Likvidaciji",CENTAR ZA INTEGRATIVNI RAZVOJ,registar-udruga,50027,21007349,20230777792,BRISAN,2022-04-29,2010-01-22,2010-01-12,UDRUGA,obrazovanje,niska,2.5,"[""naziv:duhovnost"", ""opis:duhovnost"", ""djelatnost:3.3."", ""djelatnost:3.2.2.""]","GUNDULIĆEVA ULICA 19, Zagreb",GUNDULIĆEVA ULICA,19,Zagreb,Zagreb,Grad Zagreb,Grad Zagreb,10000,,45.81042644,15.97225345,dgu-adresa,Zagrebačka Nadbiskupija,derivirano-crkve.domovina.ai,tomislav.senecis@zg.t-com.hr,https://www.cir.hr,6552-433,,,Laslo Pinter,Dopredsjednik,"Cilj udruge je promicanje tjelesno-orijentirane psihoterapije na području Republike Hrvatske i Europske Unije na dobrobit zajednice, poticanjem razvoja mentalnog zdravlja pojedinca kroz cjelovitost tjelesnog, emocionalnog, psihološkog i duhovnog razvoja s ciljem podizanja kvalitete života.","GRAĐANI – OPĆA POPULACIJA, OBITELJI","[""14.5. Ostale djelatnosti u području zaštite zdravlja"", ""3.3. Ostale djelatnosti iz područja duhovnosti"", ""3.2.2. Poticanje osobnog razvoja"", ""9.3. Ostale djelatnosti iz područja obrazovanja, znanosti i istraživanja"", ""9.2.13. Umrežavanje i međunarodna znanstvena i stručna suradnja"", ""9.2.11. Izdavanje znanstvenih i stručnih publikacija"", ""14.1.3. Prevencija i zaštita mentalnog zdravlja"", ""9.2.10. Organizacija domaćih i međunarodnih znanstvenih i znanstvenostručnih skupova, škola, kongresa i seminara"", ""8.4. Ostale djelatnosti iz područja međunarodne suradnje""]",https://banovac.mfin.hr/rnoprt/Details?handler=Details&id=36673,"[""datagovhr:registar-udruga""]"
1203,child-evangelism-fellowship-hrvatska-cakovec-8498,CHILD EVANGELISM FELLOWSHIP HRVATSKA,Child Evangelism Fellowship Hrvatska,CEF HRVATSKA,registar-udruga,233206,20001503,24014908498,AKTIVAN,,2020-09-02,2020-06-09,UDRUGA,molitvena,niska,2.5,"[""opis:krscanski"", ""opis:duhovnost"", ""djelatnost:3.2.2."", ""djelatnost:3.1.2."", ""djelatnost:3.3."", ""djelatnost:3.2.1."", ""opis:-protestant""]","Ulica Jakova Gotovca 2, Čakovec",Ulica Jakova Gotovca,2,Čakovec,Čakovec,Čakovec,Međimurska,40000,,46.39112287,16.4248069,dgu-adresa,Varaždinska Biskupija,derivirano-crkve.domovina.ai,master-office@ou-avdagic.hr,,,,,Darko Adamek,Predsjednik,"promicanje, potpora  i njegovanje poruke Evanđelja; razvoj duhovnih vrijednosti; razvoj ostalih kulturnih, moralnih i socijalnih vrijednosti pojedinaca i društva u Republici Hrvatskoj.","AZILANTI, DJECA - OPĆA POPULACIJA, GRAĐANI – OPĆA POPULACIJA, ILEGALNI IMIGRANTI, MANJINE - OPĆENITO, MLADI - OPĆA POPULACIJA","[""11.3.3. Poboljšanje kvalitete života i zdravlja socijalno isključenih"", ""3.2.2. Poticanje osobnog razvoja"", ""11.1.3. Pomoć i podrška djeci"", ""3.1.2. Promocija i izgradnja međuvjerničkog dijaloga"", ""11.3.4. Pomoć u podmirivanju osnovnih životnih potreba"", ""3.3. Ostale djelatnosti iz područja duhovnosti"", ""3.2.1. Promicanje duhovnih aktivnosti"", ""11.2.6. Boravak"", ""11.2.4. Rana intervencija"", ""11.2.13. Organiziranje slobodnih aktivnosti"", ""11.2.1. Savjetovanje i pomaganje"", ""11.2.7. Smještaj"", ""11.2.14. Pomoć i podrška u vlastitom domu i zajednici"", ""11.2.5. Pomoć pri uključivanju u programe odgoja i redovitog obrazovanja (integracija)"", ""11.2.9. Prevencija nasilja"", ""11.2.10. Prevencija ovisnosti""]",,"[""datagovhr:registar-udruga""]"
813,centar-za-savjetovanje-i-pomoc-mladima-i-obitelji-korak-split-5111,Centar za savjetovanje i pomoć mladima i obitelji  'KORAK',Centar za savjetovanje i pomoć mladima i obitelji 'KORAK',KORAK,registar-udruga,204211,17005524,27537645111,AKTIVAN,,2016-09-02,2016-06-14,UDRUGA,karitativna,niska,2.5,"[""opis:krscanski"", ""opis:duhovnost"", ""djelatnost:3.2.2."", ""djelatnost:3.2.1.""]","Omiška 9, Split",Omiška,9,Split,Split,Split,Splitsko-dalmatinska,21000,,43.50719822,16.44645963,dgu-adresa,Splitsko-makarska Nadbiskupija,derivirano-crkve.domovina.ai,tc.step2016@gmail.com,,095 5385 089,+385955385089,,Ivica Matulić,Predsjednik,"Ciljevi su: podrška i pomoć mladima i obitelji kroz razne socijalne djelatnosti, razvijanje osobne duhovnosti te prevencija, suzbijanje i pomoć kod svake vrste ovisnosti, pomoć mladima s poremećajima u ponašanju te promicanje i zaštita ljudskog života.","BESKUĆNICI, MLADI - OPĆA POPULACIJA, MLADI S POREMEĆAJIMA U PONAŠANJU, OBITELJI, OVISNICI I LIJEČENI OVISNICI, RODITELJI, ZATVORENICI I BIVŠI ZATVORENICI, ŽENE, ŽRTVE OBITELJSKOG NASILJA, ŽRTVE TRGOVINE LJUDIMA","[""8.2. Međunarodna humanitarna pomoć"", ""11.1.4. Pomoć i podrška mladima"", ""3.2.2. Poticanje osobnog razvoja"", ""7.5.12. Zaštita ovisnika"", ""11.2.3. Psihosocijalna podrška"", ""11.1.9. Pomoć i podrška beskućnicima"", ""11.2.10. Prevencija ovisnosti"", ""11.2.5. Pomoć pri uključivanju u programe odgoja i redovitog obrazovanja (integracija)"", ""7.5.2. Suzbijanje rasne diskriminacije"", ""7.5.14. Zaštita prava zatvorenika"", ""11.1.5. Pomoć i podrška osobama u riziku od siromaštva i socijalne isključenosti"", ""7.6. Vjerska prava i slobode"", ""11.1.10. Pomoć i podrška žrtvama obiteljskog nasilja"", ""11.2.15. Rehabilitacija"", ""7.5.4. Zaštita obitelji"", ""7.5.13. Zaštita prava HIV/AIDS osoba"", ""11.1.7. Pomoć i podrška obitelji"", ""11.2.12. Skraćeni boravak, igraonice, radionice, klubovi"", ""11.2.1. Savjetovanje i pomaganje"", ""7.5.5. Zaštita prava djece"", ""11.1.6. Pomoć i podrška nezaposlenima"", ""3.2.1. Promicanje duhovnih aktivnosti""]",https://banovac.mfin.hr/rnoprt/Details?handler=Details&id=51368,"[""datagovhr:registar-udruga""]"
810,drustvo-sv-pava-barban-1524,DRUŠTVO SV.PAVA,Društvo Sv.pava,,registar-udruga,203389,18003000,66152981524,AKTIVAN,,2016-03-10,2016-01-29,UDRUGA,kultura,niska,2.5,"[""naziv:svetac"", ""opis:crkva"", ""opis:svetac""]","Sv. Pava Društveni dom, Grandići 2, Barban","Sv. Pava Društveni dom, Grandići",2,Barban,Barban,Barban,Istarska,,,45.06003117993739,14.014578013066734,naselje-teziste,Biskupija Porečka i Pulska,derivirano-crkve.domovina.ai,radojka.krnjus@fina.hr,,091/76 75 772,+385917675772,,Stanislav Licul,Predsjednik,čuvanje i održavanje povijesnih vrijednosti na Sv. Pava;,"GRAĐANI – OPĆA POPULACIJA, MLADI - OPĆA POPULACIJA","[""15.1.2. Očuvanje prirodne baštine"", ""6.2.6. Glazbene i scenske manifestacije i festivali"", ""6.1.7. Zaštita i očuvanje nematerijalnih kulturnih dobara"", ""6.1.6. Zaštita kulturnih krajolika"", ""6.1.1. Zaštita i očuvanje materijalnih kulturnih dobara""]",https://banovac.mfin.hr/rnoprt/Details?handler=Details&id=51885,"[""datagovhr:registar-udruga""]"
161,drustvo-poljicana-sveti-jure-priko-omis-4941,"Društvo Poljičana ""Sveti Jure"" Priko","Društvo Poljičana ""Sveti Jure"" Priko","D.P. ""SV. JURE"" PRIKO",registar-udruga,13586,17000882,87797974941,AKTIVAN,,1998-02-12,1993-08-15,UDRUGA,mediji,niska,2.5,"[""naziv:svetac"", ""opis:zupa""]","Glagoljaška 10, Omiš",Glagoljaška,10,Omiš,Omiš,Omiš,Splitsko-dalmatinska,21310,,43.44711531,16.68879757,dgu-adresa,Splitsko-makarska Nadbiskupija,derivirano-crkve.domovina.ai,drustvo.poljicana.sveti.jure@post.t.-com.hr,,021-862-084,+38521862084,,Petar Rodić,Veliki Knez,"Udruga je osnovana u cilju promicanja, razvitka i unapređenja kulturnog, prosvjetnog i domoljubnog djelovanja zaradi očuvanja i afirmacije povijesne baštine i običaja našeg kraja stare hrvatske župe Poljica.",GRAĐANI – OPĆA POPULACIJA,"[""6.9. Ostale djelatnosti iz područja kulture i umjetnosti"", ""6.1.7. Zaštita i očuvanje nematerijalnih kulturnih dobara"", ""6.1.5. Muzejska djelatnost"", ""6.1.1. Zaštita i očuvanje materijalnih kulturnih dobara"", ""6.7. Strukovne udruge u kulturi i umjetnosti""]",https://banovac.mfin.hr/rnoprt/Details?handler=Details&id=35065,"[""datagovhr:registar-udruga""]"
65,drustvo-sv-luke-komaji-4369,Društvo Sv.Luke Komaji,Društvo Sv.Luke Komaji,,registar-udruga,1637,19000234,86917434369,BRISAN,2019-05-20,1998-05-19,1998-04-05,UDRUGA,kultura,niska,2.5,"[""naziv:svetac"", ""opis:crkva"", ""opis:svetac""]","Komaji, Komaji",Komaji,,Komaji,Komaji,Konavle,Dubrovačko-neretvanska,,,42.53584347683857,18.307048346461865,naselje-teziste,Dubrovačka Biskupija - Dioecesis Ragusina,derivirano-crkve.domovina.ai,,,,,,Pavo Drobac,Predsjednik Udruge,,,"[""8.99.99. OSTALE KULTURNE DJELATNOSTI""]",,"[""datagovhr:registar-udruga""]"
859,drustvo-prijatelja-sela-duzice-dubrovnik-2936,Društvo prijatelja sela Dužice,Društvo prijatelja sela Dužice,DPSD DUBROVNIK,registar-udruga,212986,19002197,91052722936,BRISAN,2024-03-22,2018-10-26,2018-09-07,UDRUGA,molitvena,niska,2.5,"[""opis:caritas"", ""opis:krscanski""]","Gornji kono  58, Dubrovnik",Gornji kono,58,Dubrovnik,Dubrovnik,Dubrovnik,Dubrovačko-neretvanska,20000,,42.65068861,18.09851916,dgu-adresa,Dubrovačka Biskupija - Dioecesis Ragusina,derivirano-crkve.domovina.ai,knjigovodstvo.bura@gmail.com,,091-5627-551,+385915627551,,Drago Prkačin,Predsjednik,"Promicanje, razvitak i unapređenje općeljudskih i kršćanskih vrednota te običaja sela Dužice i uopće Hercegovačkog kraja te njegovanje i razvoj svestranih veza sa zavičajem (kulturnih, gospodarskih, humanitarnih i dr)","GRAĐANI – OPĆA POPULACIJA, MLADI - OPĆA POPULACIJA","[""6.1.8. Općekulturna (kulturološka) djelatnost"", ""9.1.1. Razvoj i promicanje odgoja i obrazovanja"", ""8.3. Međunarodna prijateljstva"", ""6.1.6. Zaštita kulturnih krajolika"", ""6.1.2. Konzervatorsko-restauratorska djelatnost"", ""6.1.7. Zaštita i očuvanje nematerijalnih kulturnih dobara"", ""6.1.1. Zaštita i očuvanje materijalnih kulturnih dobara"", ""8.1.8. Zaštita okoliša i prirode""]",https://banovac.mfin.hr/rnoprt/Details?handler=Details&id=56742,"[""datagovhr:registar-udruga""]"
428,eko-etno-udruga-vrdol-zupa-35068,"EKO-ETNO UDRUGA ""VRDOL""","Eko-etno Udruga ""Vrdol""","UDRUGA ""VRDOL""",registar-udruga,35068,17002139,,BRISAN,2026-03-19,2004-05-12,2004-03-12,UDRUGA,obrazovanje,niska,2.5,"[""opis:zupa"", ""opis:crkva""]","Župa, Zagvozd bb, Župa","Župa, Zagvozd",,Župa,Župa,Zagvozd,Splitsko-dalmatinska,,,43.31801506317807,17.127764692382478,naselje-teziste,Splitsko-makarska Nadbiskupija,derivirano-crkve.domovina.ai,,,,,,Dinko Vuletić,Predsjednik Udruge,,,"[""9.99.99. OSTALE EKOLOŠKE DJELATNOSTI""]",,"[""datagovhr:registar-udruga""]"
180,ekumenska-mirovna-inicijativa-zagreb-16622,EKUMENSKA MIROVNA INICIJATIVA,Ekumenska Mirovna Inicijativa,EMI,registar-udruga,16622,00001908,,BRISAN,2008-04-21,2001-02-12,2001-01-08,UDRUGA,mediji,niska,2.5,"[""naziv:krscanski"", ""djelatnost:14.duhovna""]","Jelaspoljska 14, Zagreb",Jelaspoljska,14,Zagreb,Zagreb,Grad Zagreb,Grad Zagreb,10000,,45.7978913,15.98266419,dgu-adresa,Zagrebačka Nadbiskupija,derivirano-crkve.domovina.ai,,,,,,Tamara Mihalić,Predsjednik Udruge,,,"[""14.99.99. OSTALE DUHOVNE DJELATNOSTI""]",,"[""datagovhr:registar-udruga""]"
929,elya-udruga-za-promicanje-rada-s-energijom-i-duhovnog-razvoja-u-likvidaciji-zagreb-8056,"ELYA, UDRUGA ZA PROMICANJE RADA S ENERGIJOM I DUHOVNOG RAZVOJA U LIKVIDACIJI","Elya, Udruga za Promicanje Rada s Energijom i Duhovnog Razvoja u Likvidaciji",ELYA,registar-udruga,227053,21013738,02714608056,BRISAN,2022-11-21,2020-01-27,2019-12-14,UDRUGA,karitativna,niska,2.5,"[""naziv:duhovnost"", ""opis:duhovnost"", ""djelatnost:3.2.2."", ""djelatnost:3.2.1."", ""djelatnost:3.3.""]","Ulica Ante Topić - Mimare 45, Zagreb",Ulica Ante Topić - Mimare,45,Zagreb,Zagreb,Grad Zagreb,Grad Zagreb,10111,,45.80843053,15.89970846,dgu-adresa,Zagrebačka Nadbiskupija,derivirano-crkve.domovina.ai,udrugaelya@gmail.com,,092-3198-536,+385923198536,,Ana Vrdoljak,Predsjednica,"Promicanje rada s energijom i prakticiranja duhovnosti, sa svrhom osobnog razvoja čovjeka.
Unaprjeđenje kvalitete života čovjeka na svim razinama - fizičkoj, emocionalnoj, mentalnoj i duhovnoj.
Poticanje razvoja svijesti o cjelovitosti čovjeka i integraciji duhovnog aspekta čovjeka u njegov svakodnevni život.",GRAĐANI – OPĆA POPULACIJA,"[""3.2.2. Poticanje osobnog razvoja"", ""3.2.1. Promicanje duhovnih aktivnosti"", ""3.3. Ostale djelatnosti iz područja duhovnosti""]",https://banovac.mfin.hr/rnoprt/Details?handler=Details&id=56895,"[""datagovhr:registar-udruga""]"
121,etnografska-udruga-sv-juraj-lic-6017,"ETNOGRAFSKA UDRUGA ""SV.JURAJ"" LIČ","Etnografska Udruga ""Sv.juraj"" Lič","ETNO UDRUGA ""SV.JURAJ"" LIČ",registar-udruga,10894,08001464,66904936017,AKTIVAN,,2001-02-19,2001-01-20,UDRUGA,glazba,niska,2.5,"[""naziv:svetac"", ""opis:zupa""]","Lič 29, Lič",Lič,29,Lič,Lič,Fužine,Primorsko-goranska,51323,,45.27919696,14.71936648,dgu-adresa,Riječka Nadbiskupija,derivirano-crkve.domovina.ai,natasa.blazevic.starcevic@gmail.com,,098/448-145,+38598448145,,Dražen Starčević,Predsjednik Udruge,"očuvanje kulturno-povijesne i prirodne baštine, te narodnog blaga i običaja.",GRAĐANI – OPĆA POPULACIJA,"[""6.2.4. Kulturno-umjetnički (glazbeni i scenski) amaterizam"", ""6.2.3. Glazba i glazbeno-scenske umjetnosti""]",https://banovac.mfin.hr/rnoprt/Details?handler=Details&id=15716,"[""datagovhr:registar-udruga""]"
774,forum-plus-hrvatska-split-0591,FORUM PLUS HRVATSKA,Forum Plus Hrvatska,F+HR,registar-udruga,205277,17005629,62395000591,BRISAN,2026-01-23,2017-01-27,2016-11-13,UDRUGA,karitativna,niska,2.5,"[""opis:caritas"", ""opis:duhovnost"", ""djelatnost:3.2.2.""]","Kmanski prilaz 2/1, Split",Kmanski prilaz,2/1,Split,Split,Split,Splitsko-dalmatinska,,,43.51402345392424,16.462125450234186,naselje-teziste,Splitsko-makarska Nadbiskupija,derivirano-crkve.domovina.ai,forum.plus.hrvatska@gmail.com,https://www.forum-plus.net,095 44 00 552,+385954400552,,Bruno Petrušić,Dopredsjednik Udruge,"- promicanje ispravne ljestvice vrednota i zdravog života kod mladeži na području Republike Hrvatske;
- uspostava takvog sustava izobrazbe i etičkog odgoja, koji će stvarati najpovoljnije uvjete za skladni duhovni, psihofizički razvoj i strukovni razvoj m","MLADI - OPĆA POPULACIJA, STUDENTI, UDRUGE I GRAĐANSKE INICIJATIVE, VOLONTERI","[""3.2.2. Poticanje osobnog razvoja"", ""2.1. Obrazovanje za demokratsko građanstvo"", ""11.1.4. Pomoć i podrška mladima"", ""2.4.1. Promicanje i razvoj volonterstva"", ""9.1.5. Odgoj i obrazovanje za aktivno sudjelovanje u razvoju demokratske kulture"", ""2.12. Razvoj civilnoga društva"", ""2.5. Promicanje društvene solidarnosti"", ""7.6. Vjerska prava i slobode"", ""8.1.5. Obrazovanje"", ""8.1.4. Ljudska prava"", ""7.5.4. Zaštita obitelji"", ""15.2.4. Podizanje svijesti i aktivnosti za smanjenje otpada i povećanje recikliranja""]",https://banovac.mfin.hr/rnoprt/Details?handler=Details&id=52242,"[""datagovhr:registar-udruga""]"
613,hrvatska-udruga-mladih-ivan-merz-bjelovar-2550,"HRVATSKA UDRUGA MLADIH ""IVAN MERZ"" BJELOVAR","Hrvatska Udruga Mladih ""Ivan Merz"" Bjelovar",HUMIMB,registar-udruga,44382,07001031,54812772550,BRISAN,2023-09-04,2007-07-17,2007-06-25,UDRUGA,mladi,niska,2.5,"[""opis:caritas"", ""opis:duhovnost"", ""djelatnost:14.duhovna""]","Trg E. Kvaternika 5, Bjelovar",Trg E. Kvaternika,5,Bjelovar,Bjelovar,Bjelovar,Bjelovarsko-bilogorska,43000,,45.8980604,16.84311435,dgu-adresa,Bjelovarsko-križevačka Biskupija,derivirano-crkve.domovina.ai,,,,,,Nikolina Haraminec,Predsjednik,,,"[""14.1.1. DUHOVNA VJERNIČKA DJELATNOST""]",,"[""datagovhr:registar-udruga""]"
211,hrvatska-zajednica-srcem-do-mira-1991-samobor-5394,HRVATSKA ZAJEDNICA SRCEM DO MIRA 1991.,Hrvatska Zajednica Srcem do Mira 1991.,HZ SRCEM DO MIRA 1991.,registar-udruga,16183,00000553,63456935394,AKTIVAN,,1998-09-17,1992-11-18,UDRUGA,molitvena,niska,2.5,"[""opis:duhovnost"", ""djelatnost:3.1.1.""]","Maje Strozzi 14, Samobor",Maje Strozzi,14,Samobor,Samobor,Samobor,Zagrebačka,,,45.80250971161087,15.70954071107432,naselje-teziste,Zagrebačka Nadbiskupija,derivirano-crkve.domovina.ai,,,,,,Ema Miočinović,Predsjednik Udruge,,,"[""3.1.1. HUMANITARNA (uz suglasnost Ministarstva rada i soc. skrbi)""]",,"[""datagovhr:registar-udruga""]"
117,hrvatski-crveni-kriz-gradsko-drustvo-crvenog-kriza-pazin-6430,HRVATSKI CRVENI KRIŽ - GRADSKO DRUŠTVO CRVENOG KRIŽA PAZIN,Hrvatski Crveni Križ - Gradsko Društvo Crvenog Križa Pazin,HCK GDCK Pazin,registar-udruga,9233,18000316,35895756430,AKTIVAN,,1998-02-18,1983-03-25,UDRUGA,pokret,niska,2.5,"[""opis:duhovnost"", ""djelatnost:3.1.1.""]","Prolaz Ernesta Jelušića 2, Pazin",Prolaz Ernesta Jelušića,2,Pazin,Pazin,Pazin,Istarska,52000,,45.23943801,13.93858566,dgu-adresa,Biskupija Porečka i Pulska,derivirano-crkve.domovina.ai,ckpazin@gmail.com,,052 624 079,+38552624079,,Marijana Krbavac Žulić,Ravnateljica Društva,"ublažavanje ljudskih patnji, a osobito onih izazvanih oružanim sukobima, velikim prirodnim, ekološkim, tehnološkim i drugim nesrećama s posljedicama masovnih stradanja i epidemijama; doprinos unapređenju i zaštiti zdravlja, prevenciji bolesti i podizanju zdravstvene i ekološke kulture građana; poticanje i unapređenje solidarnosti, promicanje volonterstva i međusobnog pomaganja te socijalne sigurnosti građana.","AZILANTI, BESKUĆNICI, DJECA - OPĆA POPULACIJA, GRAĐANI – OPĆA POPULACIJA, IZBJEGLICE I PROGNANICI, LOKALNA I REGIONALNA SAMOUPRAVA, MLADI - OPĆA POPULACIJA, OBITELJI, ODGOJNO-OBRAZOVNE USTANOVE, OSOBE S INVALIDITETOM, OSOBE STARIJE ŽIVOTNE DOBI, OSOBE U RIZIKU OD SIROMAŠTVA I SIROMAŠNE OSOBE, UDRUGE I GRAĐANSKE INICIJATIVE, USTANOVE SOCIJALNE SKRBI, VOLONTERI, ZDRAVSTVENE USTANOVE, ŽRTVE KATASTROFA, ŽRTVE TRGOVINE LJUDIMA","[""3.1.1. HUMANITARNA (uz suglasnost Ministarstva rada i soc. skrbi)"", ""11.1.8. Pomoć i podrška azilantima"", ""16.3. Traganje i spašavanje"", ""11.1.1. Pomoć i podrška starijim osobama"", ""11.1.9. Pomoć i podrška beskućnicima"", ""11.3.1. Pomoć žrtvama prirodnih katastrofa"", ""14.2. Dobrovoljno darivanje krvi"", ""11.1.2. Pomoć i podrška osobama s invaliditetom"", ""16.2. Pomoć žrtvama katastrofa i sukoba"", ""11.1.10. Pomoć i podrška žrtvama obiteljskog nasilja"", ""8.2. Međunarodna humanitarna pomoć"", ""11.2.2. Pomoć u kući"", ""11.2.6. Boravak""]",https://banovac.mfin.hr/rnoprt/Details?handler=Details&id=1571,"[""datagovhr:registar-udruga""]"
95,hrvatski-crveni-kriz-gradsko-drustvo-crvenog-kriza-nasice-4399,HRVATSKI CRVENI KRIŽ-GRADSKO DRUŠTVO CRVENOG KRIŽA NAŠICE,Hrvatski Crveni Križ-gradsko Društvo Crvenog Križa Našice,HCK GDCK Našice,registar-udruga,7348,14000094,56562394399,AKTIVAN,,1998-01-21,1983-02-19,USTROJSTVENI OBLIK UDRUGE S PRAVNOM OSOBNOŠĆU,pokret,niska,2.5,"[""opis:duhovnost"", ""djelatnost:3.1.1.""]","KRALJA TOMISLAVA 6, Našice",KRALJA TOMISLAVA,6,Našice,Našice,Našice,Osječko-baranjska,31500,,45.49026489,18.08965704,dgu-adresa,Požeška Biskupija,derivirano-crkve.domovina.ai,crveni-kriz-nasice@cknasice.hr,https://gdckna.wixsite.com/gdckna,031 613 275,+38531613275,,Igor Feldi,Ravnatelj,"Ciljevi Hrvatskog Crvenog križa i HCK GDCK Našice su:

-	ublažavanje ljudskih patnji, a osobito onih izazvanih oružanim sukobima, velikim prirodnim, ekološkim, tehnološkim i drugim nesrećama, s posljedicama masovnih stradanja i epidemijama, 
-	doprinos unapređenju i zaštiti zdravlja, prevenciji bolesti i podizanju zdravstvene i ekološke kulture građana, 
-	poticanje i unapređenje solidarnosti, promicanje volonterstva i međusobnog pomaganja te socijalne sigurnosti građana.","DJECA - OPĆA POPULACIJA, GRAĐANI – OPĆA POPULACIJA, MLADI - OPĆA POPULACIJA, OSOBE STARIJE ŽIVOTNE DOBI, OSOBE U RIZIKU OD SIROMAŠTVA I SIROMAŠNE OSOBE, RATNI STRADALNICI, ROMI, VOLONTERI, ZATVORENICI I BIVŠI ZATVORENICI, ŽRTVE KATASTROFA","[""3.1.1. HUMANITARNA (uz suglasnost Ministarstva rada i soc. skrbi)"", ""11.3.5. Ostale djelatnosti humanitarne pomoći"", ""11.1.5. Pomoć i podrška osobama u riziku od siromaštva i socijalne isključenosti"", ""16.2. Pomoć žrtvama katastrofa i sukoba"", ""11.3.3. Poboljšanje kvalitete života i zdravlja socijalno isključenih"", ""11.2.8. Organizirano stanovanje"", ""11.1.10. Pomoć i podrška žrtvama obiteljskog nasilja"", ""7.5.18. Zaštita prava na zaštitu privatnosti"", ""2.4.1. Promicanje i razvoj volonterstva"", ""7.5.17. Zaštita prava spolnih i rodnih manjina"", ""11.2.7. Smještaj"", ""8.1.6. Ravnopravnost spolova"", ""8.1.8. Zaštita okoliša i prirode"", ""7.5.15. Zaštita žrtava/svjedoka"", ""4.6.1. Promicanje razvoja socijalnog poduzetništva"", ""8.1.5. Obrazovanje"", ""11.3.4. Pomoć u podmirivanju osnovnih životnih potreba"", ""11.2.2. Pomoć u kući"", ""7.5.11. Zaštita prava pacijenata"", ""11.2.12. Skraćeni boravak, igraonice, radionice, klubovi"", ""11.1.1. Pomoć i podrška starijim osobama"", ""7.5.2. Suzbijanje rasne diskriminacije"", ""11.2.15. Rehabilitacija"", ""11.2.1. Savjetovanje i pomaganje"", ""11.1.6. Pomoć i podrška nezaposlenima"", ""7.5.6. Zaštita prava mladih"", ""9.1.3. Izvaninstitucionalni odgoj i obrazovanje"", ""11.1.3. Pomoć i podrška djeci"", ""11.1.2. Pomoć i podrška osobama s invaliditetom"", ""7.5.7. Zaštita prava osoba s invaliditetom"", ""2.1. Obrazovanje za demokratsko građanstvo"", ""11.1.8. Pomoć i podrška azilantima"", ""2.6. Interkulturalni dijalog"", ""11.2.10. Prevencija ovisnosti"", ""7.5.4. Zaštita obitelji"", ""2.3.2. Prevencija nasilja u obitelji"", ""7.5.9. Prava osoba starije životne dobi"", ""11.1.7. Pomoć i podrška obitelji"", ""2.4.2. Djelatnost volonterskih centara"", ""2.3.3. Prevencija nasilja u vezama"", ""7.5.3. Zaštita prava i dostojanstva radnika"", ""11.2.11. Stručna pomoć i podrška"", ""7.5.10. Zaštita prava beskućnika"", ""11.2.16. Osobna asistencija"", ""7.5.14. Zaštita prava zatvorenika"", ""12.4.5. Organiziranje sportsko rekreacijskih natjecanja i sportsko rekreativnih edukativnih projekata i programa"", ""11.2.6. Boravak"", ""11.2.4. Rana intervencija"", ""7.5.12. Zaštita ovisnika"", ""7.5.13. Zaštita prava HIV/AIDS osoba"", ""7.5.8. Zaštita prava osoba s mentalnim oštećenjem"", ""11.1.4. Pomoć i podrška mladima"", ""2.3.1. Prevencija nasilja među djecom i mladima"", ""8.1.7. Smanjenje siromaštva"", ""14.1.1. Prevencija zaraznih bolesti"", ""11.3.2. Psihosocijalna pomoć u kriznim situacijama"", ""11.2.9. Prevencija nasilja"", ""11.1.9. Pomoć i podrška beskućnicima"", ""7.5.5. Zaštita prava djece"", ""14.1.6. Unaprjeđenje kvalitete života osoba starije životne dobi"", ""11.2.13. Organiziranje slobodnih aktivnosti"", ""8.1.4. Ljudska prava"", ""8.1.9. Unapređenje zdravlja"", ""11.3.1. Pomoć žrtvama prirodnih katastrofa"", ""7.5.16. Zaštita prava tražitelja azila, azilanata i stranaca pod supsidijarnom zaštitom"", ""7.5.1. Ravnopravnost spolova"", ""2.2. Promicanje nenasilja i izgradnja mira"", ""11.2.14. Pomoć i podrška u vlastitom domu i zajednici"", ""11.2.5. Pomoć pri uključivanju u programe odgoja i redovitog obrazovanja (integracija)"", ""11.2.3. Psihosocijalna podrška""]",https://banovac.mfin.hr/rnoprt/Details?handler=Details&id=5984,"[""datagovhr:registar-udruga""]"
1120,hrvatski-institut-za-istrazivanje-i-edukaciju-o-mentalnom-zdravlju-zagreb-7467,HRVATSKI INSTITUT ZA ISTRAŽIVANJE I EDUKACIJU O MENTALNOM ZDRAVLJU,Hrvatski Institut za Istraživanje i Edukaciju o Mentalnom Zdravlju,HIIEMZ,registar-udruga,246999,21014340,89462707467,AKTIVAN,,2021-11-22,2021-10-16,UDRUGA,obrazovanje,niska,2.5,"[""djelatnost:3.2.2."", ""djelatnost:3.1.1.""]","Rebrovac 25, Zagreb",Rebrovac,25,Zagreb,Zagreb,Grad Zagreb,Grad Zagreb,10163,,45.82863658,16.00109782,dgu-adresa,Zagrebačka Nadbiskupija,derivirano-crkve.domovina.ai,darko@mef.hr,,091-4566-930,+385914566930,,Branka Aukst Margetić,Dopredsjednica,"Promicanja kulture duševnog zdravlja pojedinca i zajednice kao nedjeljive cjeline blagostanja i zdravlja; Promicanje zdravstva usmjerenog prema zajednici i medicine usmjerene prema osobi; Razvijanja multidisciplinarne suradnje u medicini i zdravstvu; Zaštite interesa hrvatskih branitelja, smrtno stradalih, zatočenih ili nestalih hrvatskih branitelja iz Domovinskog rata i članova njihovih obitelji; Promicanja društvene solidarnosti, interkulturalnog dijaloga te promicanja dobrog upravljanja; Poticanja stvaralačke znanstveno-stručne inicijative članova i kontinuiranog rada na unapređenju znanosti u području biomedicine i zdravstva; Poticanja, promicanja i razvijanja svekolikog znanja u području biomedicine i zdravstva; Povezivanja Udruge sa srodnim udrugama i ustanovama u Republici Hrvatskoj i inozemstvu.","AKADEMSKA ZAJEDNICA, BRANITELJI - VETERANI, GRAĐANI – OPĆA POPULACIJA, OBITELJI, ODGOJNO-OBRAZOVNE USTANOVE, ODGOJNO-OBRAZOVNI DJELATNICI, OPĆA POPULACIJA PACIJENATA, POSLODAVCI, PREDSTAVNICI MEDIJA, STUDENTI, TIJELA DRŽAVNE UPRAVE, ZDRAVSTVENE USTANOVE","[""7.5.19. Ostale djelatnosti suzbijanja i zaštite od diskriminacije"", ""9.2.11. Izdavanje znanstvenih i stručnih publikacija"", ""9.2.5. Biomedicina i zdravstvo"", ""2.8. Promicanje dobrog upravljanja"", ""9.2.9. Znanstvenoistraživački rad"", ""1.1.1. Promicanje vrijednosti Domovinskog rata"", ""3.2.2. Poticanje osobnog razvoja"", ""8.1.5. Obrazovanje"", ""1.1.4. Ostale djelatnosti branitelja-veterana Domovinskog rata"", ""14.1.3. Prevencija i zaštita mentalnog zdravlja"", ""2.6. Interkulturalni dijalog"", ""9.1.2. Cjeloživotno učenje i obrazovanje odraslih"", ""2.5. Promicanje društvene solidarnosti"", ""9.2.10. Organizacija domaćih i međunarodnih znanstvenih i znanstvenostručnih skupova, škola, kongresa i seminara"", ""2.3.4. Ostale djelatnosti prevencije nasilja"", ""9.2.13. Umrežavanje i međunarodna znanstvena i stručna suradnja"", ""3.1.1. Promicanje religijske etike"", ""9.2.12. Popularizacija znanosti"", ""9.2.14. Strukovne udruge u području znanosti, stručnog rada i istraživanja"", ""8.1.9. Unapređenje zdravlja""]",https://banovac.mfin.hr/rnoprt/Details?handler=Details&id=59031,"[""datagovhr:registar-udruga""]"
235,hrvatski-kolpinski-savez-zagreb-3447,HRVATSKI KOLPINŠKI SAVEZ,Hrvatski Kolpinški Savez,,registar-udruga,15737,00000991,81649383447,BRISAN,2009-12-09,1998-07-17,1998-06-20,SAVEZ UDRUGA,karitativna,niska,2.5,"[""opis:caritas"", ""opis:krscanski""]","Voćarska II, Zagreb",Voćarska II,,Zagreb,Zagreb,Grad Zagreb,Grad Zagreb,,,45.83187302388278,15.977892800834798,naselje-teziste,Zagrebačka Nadbiskupija,derivirano-crkve.domovina.ai,,,,,,Miroslav Družianić,Predsjednik Udruge,,,"[""4.99.99. OSTALE SOCIJALNE DJELATNOSTI""]",,"[""datagovhr:registar-udruga""]"
60,hrvatski-viteski-red-templara-suvereni-vojnicki-red-hrama-jeruzalemskog-o-s-m-t-h-u-veliki-priorat-zagreb-9782,HRVATSKI VITEŠKI RED TEMPLARA SUVERENI VOJNIČKI RED HRAMA JERUZALEMSKOG - O.S.M.T.H.U. VELIKI PRIORAT,Hrvatski Viteški Red Templara Suvereni Vojnički Red Hrama Jeruzalemskog - O.s.m.t.h.u. Veliki Priorat,HRVATSKI VITEŠKI RED TEMPLARA-O.S.M.T.H.U.-VELIKI PRIORAT,registar-udruga,47863,11000669,65569689782,AKTIVAN,,2009-04-24,2009-04-23,UDRUGA,karitativna,niska,2.5,"[""opis:krscanski"", ""opis:crkva"", ""djelatnost:3.3.""]","Ulica Stjepana Ladiša 17, Zagreb",Ulica Stjepana Ladiša,17,Zagreb,Zagreb,Grad Zagreb,Grad Zagreb,10090,,45.81955928,15.88948269,dgu-adresa,Zagrebačka Nadbiskupija,derivirano-crkve.domovina.ai,vitezovi.templari@gmail.com,https://www.vitezovi-templari.hr,098/362-221,+38598362221,,Lovro Tomašinec,Predsjednik,"Očuvanje i promicanje templarske baštine i vrednota na području Republike Hrvatske,omogućavanje djelovanja Reda u pravnim i zakonskim okvirima Republike Hrvatske,
pružanje logističke i druge svekolike pomoći radu Reda u svim njegovim segmentima te na prikladan način prezentiranje široj javnosti i medijima djelovanje i aktivnosti Reda,
osiguravanje sredstava (financijskih i inih) za nesmetani rad i planirane aktivnosti Reda,zaštitu intelektualnog vlasništva Reda i Udruge, te okupljanje građana zainteresiranih za upoznavanje povijesti templara i aktivnosti u raznim sekcijama i klubovima Udruge, koje nisu direktno vezane za djelovanje i aktivnosti Reda",GRAĐANI – OPĆA POPULACIJA,"[""6.9. Ostale djelatnosti iz područja kulture i umjetnosti"", ""3.3. Ostale djelatnosti iz područja duhovnosti""]",https://banovac.mfin.hr/rnoprt/Details?handler=Details&id=51080,"[""datagovhr:registar-udruga""]"
602,hrvatsko-kulturno-drustvo-concordia-zagreb-u-likvidaciji-9823,"HRVATSKO KULTURNO DRUŠTVO ""CONCORDIA"" - ZAGREB U LIKVIDACIJI","Hrvatsko Kulturno Društvo ""Concordia"" - Zagreb u Likvidaciji","HKD ""CONCORDIA"" - ZAGREB",registar-udruga,37495,21004158,83948809823,BRISAN,2017-03-16,2005-07-05,2005-04-11,UDRUGA,kultura,niska,2.5,"[""opis:zupa"", ""opis:crkva""]","Gundulićeva 37, Zagreb",Gundulićeva,37,Zagreb,Zagreb,Grad Zagreb,Grad Zagreb,10000,,45.80823578,15.97261972,dgu-adresa,Zagrebačka Nadbiskupija,derivirano-crkve.domovina.ai,zeljko.mrak@zg.t-com.hr,,091 537 83 34,+385915378334,,Željko Mrak,Predsjednik Udruge,,,"[""8.7.1. KULTURNO-UMJETNIČKO DRUŠTVO""]",https://banovac.mfin.hr/rnoprt/Details?handler=Details&id=3432,"[""datagovhr:registar-udruga""]"
769,humanitarna-udruga-blokiranih-i-socijalno-ugrozenih-vinkovci-5435,HUMANITARNA UDRUGA BLOKIRANIH I SOCIJALNO UGROŽENIH,Humanitarna Udruga Blokiranih i Socijalno Ugroženih,HUBISU,registar-udruga,205204,16002174,55970575435,BRISAN,2019-02-22,2016-11-08,2016-09-28,UDRUGA,karitativna,niska,2.5,"[""opis:duhovnost"", ""djelatnost:3.1.1.""]","Kralja Zvonimira 26, Vinkovci",Kralja Zvonimira,26,Vinkovci,Vinkovci,Vinkovci,Vukovarsko-srijemska,32100,,45.29153966,18.80731568,dgu-adresa,Đakovačko-osječka Nadbiskupija,derivirano-crkve.domovina.ai,vladimir.knezevic7@gmail.com,,095 8720 327,+385958720327,,Vladimir Knežević,Predsjednik,"- pomoć u ostvarivanju prava članova i njihovih obitelji i simpatizera;
- pomoć pri rješavanju blokade kao i ostale vrste pomoći u rješavanju problema","GRAĐANI – OPĆA POPULACIJA, OSOBE U RIZIKU OD SIROMAŠTVA I SIROMAŠNE OSOBE","[""8.1.7. Smanjenje siromaštva"", ""8.1.4. Ljudska prava"", ""3.1.1. Promicanje religijske etike"", ""14.2. Dobrovoljno darivanje krvi"", ""11.2.9. Prevencija nasilja"", ""2.12. Razvoj civilnoga društva"", ""8.2. Međunarodna humanitarna pomoć"", ""2.14.1. Proizvodnja medijskih sadržaja"", ""8.3. Međunarodna prijateljstva"", ""11.1.5. Pomoć i podrška osobama u riziku od siromaštva i socijalne isključenosti"", ""11.2.3. Psihosocijalna podrška"", ""11.3.4. Pomoć u podmirivanju osnovnih životnih potreba""]",https://banovac.mfin.hr/rnoprt/Details?handler=Details&id=51644,"[""datagovhr:registar-udruga""]"
900,humanitarna-udruga-rutha-u-likvidaciji-vinkovci-7617,HUMANITARNA UDRUGA RUTHA U LIKVIDACIJI,Humanitarna Udruga Rutha u Likvidaciji,RUTHA,registar-udruga,222966,16002339,02442147617,PRESTANAK DJELOVANJA,2024-09-18,2019-10-02,2019-09-13,UDRUGA,karitativna,niska,2.5,"[""opis:duhovnost"", ""djelatnost:3.2.1."", ""djelatnost:3.1.2."", ""djelatnost:3.2.2.""]","Kralja Zvonimira 26, Vinkovci",Kralja Zvonimira,26,Vinkovci,Vinkovci,Vinkovci,Vukovarsko-srijemska,32100,,45.29153966,18.80731568,dgu-adresa,Đakovačko-osječka Nadbiskupija,derivirano-crkve.domovina.ai,vladimir.knezevic7@gmail.com,,095-8270-124,+385958270124,,Filip Vidinović,Dopredsjednik,"- pružanja ekonomske, pravne, psihološke, duhovne ili bilo kakvog drugog oblika pomoći koji je udruga u stanju  pružiti potrebitima.
- pomaganja suživota čovjeka sa prirodom i životinjama kao preduvjetom za duhovni rast čovjeka s ciljem izbjegavanja psihofizičkih te uzročno posljedičnih i ostalih problema u ljudi","AKADEMSKA ZAJEDNICA, BESKUĆNICI, BRANITELJI - VETERANI, CIVILNI INVALIDI RATA, CIVILNI STRADALNICI, DAROVITA DJECA I MLADI, DJECA - OPĆA POPULACIJA, DJECA BEZ ODGOVARAJUĆE RODITELJSKE SKRBI, DJECA IZ OBITELJI KORISNIKA SUSTAVA SOCIJALNE SKRBI, DJECA OD 14 DO 18 GODINA, DJECA RATNIH STRADALNIKA, DJECA S POREMEĆAJIMA U PONAŠANJU, DJECA S TEŠKOĆAMA U RAZVOJU, DJECA U RIZIKU OD SOCIJALNE ISKLJUČENOSTI, GLUHONIJEME OSOBE, GRAĐANI – OPĆA POPULACIJA, INOVATORI, INVALIDI DOMOVINSKOG RATA, INVALIDI RADA, JEDNO RODITELJSKE OBITELJI, LJUBITELJI ŽIVOTINJA, MALI I SREDNJI PODUZETNICI I OBRTNICI, MANJINE - OPĆENITO, MLADI - OPĆA POPULACIJA, MLADI S POREMEĆAJIMA U PONAŠANJU, MLADI S RIZIČNIM OBLICIMA PONAŠANJA, MLADI S TEŠKOĆAMA U RAZVOJU, NACIONALNE MANJINE, NEZAPOSLENI, NOVOROĐENČAD, OBITELJI, OBITELJI BRANITELJA, OBITELJI S TROJE I VIŠE DJECE, ODGOJNO-OBRAZOVNE USTANOVE, OPĆA POPULACIJA PACIJENATA, OSOBE KOJE BOLUJU OD KRONIČNIH BOLESTI, OSOBE KOJE BOLUJU OD MALIGNIH BOLESTI, OSOBE KOJE BOLUJU OD ZARAZNIH BOLESTI, OSOBE S AMPUTACIJOM, OSOBE S CEREBRALNOM I DJEČJOM PARALIZOM, OSOBE S INTELEKTUALNIM TEŠKOĆAMA, OSOBE S INVALIDITETOM, OSOBE S MENTALNOM RETARDACIJOM, OSOBE S MULTIPLOM SKLEROZOM, OSOBE S PSIHO-SOCIJALNIM TEŠKOĆAMA, OSOBE STARIJE ŽIVOTNE DOBI, OSOBE U RIZIKU OD SIROMAŠTVA I SIROMAŠNE OSOBE, OVISNICI I LIJEČENI OVISNICI, POLICIJSKI SLUŽBENICI, POLJOPRIVREDNICI I RIBARI, POSLODAVCI, RATNI STRADALNICI, RATNI VETERANI, RURALNO STANOVNIŠTVO, SLIJEPE I SLABOVIDNE OSOBE, SPORTAŠI, STUDENTI, TIJELA DRŽAVNE UPRAVE, TRUDNICE, UDRUGE I GRAĐANSKE INICIJATIVE, UMIROVLJENICI, USTANOVE SOCIJALNE SKRBI, UČENICI, ZATVORENICI I BIVŠI ZATVORENICI, ZDRAVSTVENE USTANOVE, ŽENE, ŽENE S INVALIDITETOM, ŽENE ŽRTVE OBITELJSKOG NASILJA, ŽRTVE KATASTROFA, ŽRTVE NASILJA, ŽRTVE OBITELJSKOG NASILJA","[""11.2.2. Pomoć u kući"", ""2.6. Interkulturalni dijalog"", ""11.2.10. Prevencija ovisnosti"", ""7.5.4. Zaštita obitelji"", ""8.1.4. Ljudska prava"", ""11.2.9. Prevencija nasilja"", ""7.4. Pravo na zaštitu osobnih podatka"", ""7.3. Pravo na pristup informacijama"", ""11.3.3. Poboljšanje kvalitete života i zdravlja socijalno isključenih"", ""11.2.8. Organizirano stanovanje"", ""9.1.2. Cjeloživotno učenje i obrazovanje odraslih"", ""3.2.1. Promicanje duhovnih aktivnosti"", ""8.3. Međunarodna prijateljstva"", ""9.1.1. Razvoj i promicanje odgoja i obrazovanja"", ""7.5.9. Prava osoba starije životne dobi"", ""2.13. Razvoj lokalne zajednice"", ""11.2.6. Boravak"", ""3.1.2. Promocija i izgradnja međuvjerničkog dijaloga"", ""8.2. Međunarodna humanitarna pomoć"", ""2.2. Promicanje nenasilja i izgradnja mira"", ""11.2.1. Savjetovanje i pomaganje"", ""7.5.1. Ravnopravnost spolova"", ""3.2.2. Poticanje osobnog razvoja"", ""11.3.4. Pomoć u podmirivanju osnovnih životnih potreba"", ""2.12. Razvoj civilnoga društva"", ""11.2.13. Organiziranje slobodnih aktivnosti"", ""7.5.3. Zaštita prava i dostojanstva radnika"", ""7.1. Besplatna pravna pomoć"", ""7.5.10. Zaštita prava beskućnika"", ""9.1.7. Poticanje kreativnosti i stvaralaštva u odgoju i obrazovanju"", ""11.2.14. Pomoć i podrška u vlastitom domu i zajednici"", ""9.1.9. Odgoj i obrazovanje za održivi razvoj, zdrave načine života i očuvanje prirode"", ""9.1.6. Odgoj i obrazovanje za zaštitu i promicanje ljudskih prava"", ""9.1.5. Odgoj i obrazovanje za aktivno sudjelovanje u razvoju demokratske kulture"", ""7.5.7. Zaštita prava osoba s invaliditetom"", ""2.1. Obrazovanje za demokratsko građanstvo"", ""2.5. Promicanje društvene solidarnosti"", ""7.5.5. Zaštita prava djece"", ""14.1.2. Prevencija i unapređenje zdravlja zubi"", ""2.4.1. Promicanje i razvoj volonterstva"", ""11.2.7. Smještaj"", ""9.1.8. Odgoj i obrazovanje za zaštitu i promicanje povijesno-kulturne baštine i nacionalnoga identiteta"", ""11.3.1. Pomoć žrtvama prirodnih katastrofa"", ""1.1.2. Zaštita interesa hrvatskih branitelja iz Domovinskog rata i članova njihovih obitelji"", ""14.1.1. Prevencija zaraznih bolesti""]",https://banovac.mfin.hr/rnoprt/Details?handler=Details&id=58091,"[""datagovhr:registar-udruga""]"
510,hej-ljubavi-varazdin-6368,Hej ljubavi,Hej ljubavi,,registar-udruga,53682,05001581,85454556368,AKTIVAN,,2011-03-18,2011-03-01,UDRUGA,mladi,niska,2.5,"[""opis:duhovnost"", ""djelatnost:3.2.3."", ""djelatnost:3.2.1."", ""djelatnost:3.3."", ""djelatnost:3.2.2."", ""djelatnost:3.1.2.""]","Ulica Tome Masaryka 6, Varaždin",Ulica Tome Masaryka,6,Varaždin,Varaždin,Varaždin,Varaždinska,,,46.309535046590064,16.336564987846923,naselje-teziste,Varaždinska Biskupija,derivirano-crkve.domovina.ai,pepachi@net.hr,,091/5408-416,+385915408416,,Nenad Petrović,Predsjednik,"poticanje stvaralačkog izražavanja mladih (i koji se tako osjećaju i žele osjećati), te promicanje ekološke svijesti života u skladu s prirodom; osobnog razvoja; potpore svima koji teže oljubiljivanju odnosa i miru u svijetu.","GRAĐANI – OPĆA POPULACIJA, MLADI - OPĆA POPULACIJA, POSLOVNE ORGANIZACIJE","[""15.1.2. Očuvanje prirodne baštine"", ""6.3.3. Fotografska umjetnost"", ""6.3.1. Likovne umjetnosti"", ""6.3.5. Likovni amaterizam"", ""3.2.3. Ostale duhovne djelatnosti"", ""2.2. Promicanje nenasilja i izgradnja mira"", ""8.4. Ostale djelatnosti iz područja međunarodne suradnje"", ""3.2.1. Promicanje duhovnih aktivnosti"", ""15.1.3. Ostale djelatnosti očuvanja prirode"", ""6.3.2. Dizajn i arhitektura"", ""9.1.9. Odgoj i obrazovanje za održivi razvoj, zdrave načine života i očuvanje prirode"", ""8.3. Međunarodna prijateljstva"", ""6.3.8. Ostale djelatnosti vizualne umjetnosti"", ""3.3. Ostale djelatnosti iz područja duhovnosti"", ""3.2.2. Poticanje osobnog razvoja"", ""6.3.7. Manifestacije vizualnih umjetnosti"", ""6.3.4. Djelatnost umjetničkih obrta"", ""3.1.2. Promocija i izgradnja međuvjerničkog dijaloga"", ""6.3.6. Inovativne vizualne umjetničke prakse"", ""6.4.3. Nakladnička i knjižarska djelatnost""]",https://banovac.mfin.hr/rnoprt/Details?handler=Details&id=38065,"[""datagovhr:registar-udruga""]"
168,hrvatski-crveni-kriz-gradsko-drustvo-crvenog-kriza-hvar-1761,Hrvatski Crveni križ Gradsko društvo Crvenog križa Hvar,Hrvatski Crveni križ Gradsko društvo Crvenog križa Hvar,GDCK Hvar,registar-udruga,14450,17000002,60369211761,AKTIVAN,,1998-01-27,1980-06-02,USTROJSTVENI OBLIK UDRUGE S PRAVNOM OSOBNOŠĆU,pokret,niska,2.5,"[""opis:duhovnost"", ""djelatnost:3.1.1.""]","Domovinskog rata 2, Hvar",Domovinskog rata,2,Hvar,Hvar,Hvar,Splitsko-dalmatinska,21450,,43.17021329,16.4461585,dgu-adresa,Hvarska Biskupija,derivirano-crkve.domovina.ai,gdcrvenikrižhvar@gmail.com,https://crvenikriz-hvar.com,021/741 710,+38521741710,,Maja Budrović,Predsjednica,"-ublažavanje ljudskih patnji, a osobito onih izazvanih oružanim sukobima, velikim prirodnim, ekološkim, tehnološkim i drugim nesrećama s posljedicama masovnih stradanjima i epidemijama; doprinos unaprjeđenju zdravlja i zaštiti zdravlja, prevenciji bolesti i podizanju zdravstvene i ekološke kuulture građana; poticanje i unaprjeđenje solidarnosti, promicanje volonterstva i međusobnog pomaganja te socijalne sigurnosti građana. Ostvarenju ovih ciljeva HCK i GDCK Hvar pristupaju poštujući prava i slobode svake osobe, neovisno o rasi, boji kože, spolu, jeziku, vjeri, političkom ili drugom uvjerenju, nacionalnom ili socijalnom podrijetlu, imovini, rođenju, naobrazbi, društvenom položaju ili bilo kojem razlikovnom kriteriju.","AZILANTI, BESKUĆNICI, CIVILNI INVALIDI RATA, CIVILNI STRADALNICI, DJECA - OPĆA POPULACIJA, DJECA RATNIH STRADALNIKA, DJECA S POREMEĆAJIMA U PONAŠANJU, DJECA S TEŠKOĆAMA U RAZVOJU, DJECA U RIZIKU OD SOCIJALNE ISKLJUČENOSTI, GRAĐANI – OPĆA POPULACIJA, ILEGALNI IMIGRANTI, MLADI - OPĆA POPULACIJA, MLADI S POREMEĆAJIMA U PONAŠANJU, MLADI S RIZIČNIM OBLICIMA PONAŠANJA, MLADI S TEŠKOĆAMA U RAZVOJU, OSOBE S INTELEKTUALNIM TEŠKOĆAMA, OSOBE S INVALIDITETOM, OSOBE STARIJE ŽIVOTNE DOBI, OSOBE U RIZIKU OD SIROMAŠTVA I SIROMAŠNE OSOBE, OVISNICI I LIJEČENI OVISNICI, OVISNICI I LIJEČENI OVISNICI O ALKOHOLU, OVISNICI I LIJEČENI OVISNICI O NIKOTINU, OVISNICI I LIJEČENI OVISNICI O OPOJNIM DROGAMA, ŽRTVE I SVJEDOCI RATNIH ZLOČINA, ŽRTVE KATASTROFA, ŽRTVE NASILJA, ŽRTVE OBITELJSKOG NASILJA","[""3.1.1. HUMANITARNA (uz suglasnost Ministarstva rada i soc. skrbi)"", ""11.1.5. Pomoć i podrška osobama u riziku od siromaštva i socijalne isključenosti"", ""11.1.4. Pomoć i podrška mladima"", ""11.3.2. Psihosocijalna pomoć u kriznim situacijama"", ""11.1.2. Pomoć i podrška osobama s invaliditetom"", ""11.1.1. Pomoć i podrška starijim osobama"", ""11.1.3. Pomoć i podrška djeci"", ""11.1.6. Pomoć i podrška nezaposlenima"", ""11.3.4. Pomoć u podmirivanju osnovnih životnih potreba"", ""11.1.7. Pomoć i podrška obitelji"", ""11.1.10. Pomoć i podrška žrtvama obiteljskog nasilja"", ""14.3. Prevencija i suzbijanje ovisnosti"", ""11.3.1. Pomoć žrtvama prirodnih katastrofa"", ""14.2. Dobrovoljno darivanje krvi"", ""11.1.9. Pomoć i podrška beskućnicima"", ""11.1.8. Pomoć i podrška azilantima"", ""11.3.3. Poboljšanje kvalitete života i zdravlja socijalno isključenih""]",https://banovac.mfin.hr/rnoprt/Details?handler=Details&id=28637,"[""datagovhr:registar-udruga""]"
68,hrvatski-crveni-kriz-gradsko-drustvo-crvenog-kriza-cazma-3341,Hrvatski Crveni križ Gradsko društvo Crvenog križa Čazma,Hrvatski Crveni križ Gradsko društvo Crvenog križa Čazma,Gradsko društvo Crvenog križa Čazma,registar-udruga,126,07000263,46103003341,AKTIVAN,,1998-01-30,1997-12-19,UDRUGA,pokret,niska,2.5,"[""opis:duhovnost"", ""djelatnost:3.1.1.""]","Novačića Milana 5, Čazma",Novačića Milana,5,Čazma,Čazma,Čazma,Bjelovarsko-bilogorska,43240,,45.74943406,16.61456391,dgu-adresa,Bjelovarsko-križevačka Biskupija,derivirano-crkve.domovina.ai,ckcazma@gmail.com,https://dckbbz.hr/cazma,043771148,+38543771148,,Vesna Bacalja,Predsjednica,"Osnovni ciljevi GDCK Čazma su:
– ublažavanje ljudskih patnji, a osobito onih izazvanih oružanim sukobima, velikim prirodnim, ekološkim,
tehnološkim i drugim nesrećama, s posljedicama masovnih stradanja i epidemijama,
– doprinos unapređenju i zaštiti zdravlja, prevenciji bolesti i podizanju zdravstvene i ekološke kulture
građana,
– poticanje i unapređenje solidarnosti, promicanje volonterstva i međusobnog pomaganja te socijalne
sigurnosti građana.
Ostvarenju ciljeva iz stavka 1. ovoga članka, Hrvatski Crveni križ i GDCK Čazma pristupaju poštujući
prava i slobode svake osobe, neovisno o rasi, boji kože, spolu, jeziku, vjeri, političkom ili drugom
uvjerenju, nacionalnom ili socijalnom podrijetlu, imovini, rođenju, naobrazbi, društvenom položaju ili bilo
kojem drugom razlikovnom kriteriju",GRAĐANI – OPĆA POPULACIJA,"[""3.1.1. HUMANITARNA (uz suglasnost Ministarstva rada i soc. skrbi)""]",https://banovac.mfin.hr/rnoprt/Details?handler=Details&id=9687,"[""datagovhr:registar-udruga""]"
156,hrvatski-crveni-kriz-gradsko-drustvo-crvenog-kriza-daruvar-3693,"Hrvatski Crveni križ, Gradsko društvo Crvenog križa Daruvar","Hrvatski Crveni križ, Gradsko društvo Crvenog križa Daruvar",HCK GDCK Daruvar,registar-udruga,567,07000452,60845343693,AKTIVAN,,1998-02-13,1997-12-17,UDRUGA,pokret,niska,2.5,"[""opis:duhovnost"", ""djelatnost:3.1.1.""]","Trg kralja Tomislava 9, Daruvar",Trg kralja Tomislava,9,Daruvar,Daruvar,Daruvar,Bjelovarsko-bilogorska,43500,,45.59372709,17.22424393,dgu-adresa,Požeška Biskupija,derivirano-crkve.domovina.ai,gdck@daruvar.tcloud.hr,https://dckbbz.hr,043-331-630,+38543331630,,Dajana Lukić Demeter,Predsjednica,"-ublažavanje ljudskih patnji,a osobito onih izazvanih oružanim sukobima,velikim prirodnim,ekološkim,tehnološkim i drugim nesrećama,posljedicama masovnog stradanja i epidemijama,-doprinos unapređenju i zaštiti zdravlja,prevenciji bolesti i podizanju zdravstvene i ekološke kulture građana,-poticanje i unapređenje solidarnosti,promicanje volonterstva i međunarodnog pomaganja te socijalne sigurnosti građana.Ostvarenju ciljeva iz stavka 1.ovoga članka,Gradsko društvo Crvenog križa Daruvar pristupa poštujući prava i slobode svake osobe,neovisno o rasi,boji kože,spolu,jeziku,vjeri,političkom ili drugom uvjerenju,nacionalnom ili socijalnom podrijetlu,imovini,rođenju,naobrazbi,društvenom položaju ili bilo kojem drugom razlikovnom kriteriju.",GRAĐANI – OPĆA POPULACIJA,"[""3.1.1. HUMANITARNA (uz suglasnost Ministarstva rada i soc. skrbi)"", ""11.1.5. Pomoć i podrška osobama u riziku od siromaštva i socijalne isključenosti"", ""16.2. Pomoć žrtvama katastrofa i sukoba"", ""11.1.8. Pomoć i podrška azilantima"", ""11.1.7. Pomoć i podrška obitelji"", ""15.1.1. Očuvanje posebno vrijednih prirodnih područja i drugih prostora"", ""11.1.4. Pomoć i podrška mladima"", ""11.1.9. Pomoć i podrška beskućnicima"", ""11.1.1. Pomoć i podrška starijim osobama"", ""11.2.3. Psihosocijalna podrška"", ""11.1.3. Pomoć i podrška djeci"", ""16.3. Traganje i spašavanje"", ""11.1.6. Pomoć i podrška nezaposlenima"", ""11.2.5. Pomoć pri uključivanju u programe odgoja i redovitog obrazovanja (integracija)"", ""11.1.10. Pomoć i podrška žrtvama obiteljskog nasilja"", ""11.1.2. Pomoć i podrška osobama s invaliditetom"", ""11.2.2. Pomoć u kući"", ""11.2.1. Savjetovanje i pomaganje"", ""11.2.4. Rana intervencija""]",https://banovac.mfin.hr/rnoprt/Details?handler=Details&id=29069,"[""datagovhr:registar-udruga""]"
249,hrvatski-crveni-kriz-gradsko-drustvo-crvenog-kriza-split-4069,Hrvatski crveni križ - Gradsko društvo crvenog križa Split,Hrvatski crveni križ - Gradsko društvo crvenog križa Split,HCK GDCK Split,registar-udruga,14245,17000256,99064774069,AKTIVAN,,1998-06-08,1982-10-21,USTROJSTVENI OBLIK UDRUGE S PRAVNOM OSOBNOŠĆU,karitativna,niska,2.5,"[""opis:duhovnost"", ""djelatnost:3.1.1.""]","R. Boškovića 28, Split",R. Boškovića,28,Split,Split,Split,Splitsko-dalmatinska,21000,,43.50961636,16.46801484,dgu-adresa,Splitsko-makarska Nadbiskupija,derivirano-crkve.domovina.ai,info@crvenikriz-split.hr,https://www.crvenikriz-split.com,021-489-477,+38521489477,,Petar Varvodić,Zamjenik Ravnatelja,"Osnovni ciljevi Hrvatskog Crvenog križa i Gradskog društva Crvenog križa Split su:
– ublažavanje ljudskih patnji, a osobito onih izazvanih oružanim sukobima, velikim prirodnim, ekološkim, tehnološkim i drugim nesrećama, s posljedicama masovnih stradanja i epidemijama,
– doprinos unapređenju i zaštiti zdravlja, prevenciji bolesti i podizanju zdravstvene i ekološke kulture građana,
– poticanje i unapređenje solidarnosti, promicanje volonterstva i međusobnog pomaganja te socijalne sigurnosti građana.
Ostvarenju ciljeva iz stavka 1. ovoga članka, Hrvatski Crveni križ i Gradsko društvo Crvenog križa Split pristupaju poštujući prava i slobode svake osobe, neovisno o rasi, boji kože, spolu, jeziku, vjeri, političkom ili drugom uvjerenju, nacionalnom ili socijalnom podrijetlu, imovini, rođenju, naobrazbi, društvenom položaju ili bilo kojem drugom razlikovnom kriteriju.","AZILANTI, BESKUĆNICI, DJECA - OPĆA POPULACIJA, ILEGALNI IMIGRANTI, IZBJEGLICE I PROGNANICI, MLADI S POREMEĆAJIMA U PONAŠANJU, MLADI S RIZIČNIM OBLICIMA PONAŠANJA, ODGOJNO-OBRAZOVNE USTANOVE, ODGOJNO-OBRAZOVNI DJELATNICI, OSOBE STARIJE ŽIVOTNE DOBI, OSOBE U RIZIKU OD SIROMAŠTVA I SIROMAŠNE OSOBE, OVISNICI I LIJEČENI OVISNICI, STUDENTI, UČENICI, VOLONTERI, ŽRTVE KATASTROFA, ŽRTVE TRGOVINE LJUDIMA","[""3.1.1. HUMANITARNA (uz suglasnost Ministarstva rada i soc. skrbi)""]",https://banovac.mfin.hr/rnoprt/Details?handler=Details&id=6505,"[""datagovhr:registar-udruga""]"
1003,hrvatsko-glazbeno-drustvo-vitezovi-sv-jurja-kastel-sucurac-2077,"Hrvatsko glazbeno društvo ""Vitezovi sv. Jurja""","Hrvatsko glazbeno društvo ""Vitezovi sv. Jurja""","HGD ""Vitezovi sv. Jurja""",registar-udruga,247810,17006443,99528392077,AKTIVAN,,2021-12-09,2021-11-09,UDRUGA,glazba,niska,2.5,"[""naziv:svetac"", ""opis:crkva"", ""opis:duhovnost""]","Trg palih za domovinu 1, Kaštel Sućurac",Trg palih za domovinu,1,Kaštel Sućurac,Kaštel Sućurac,Kaštela,Splitsko-dalmatinska,21212,,43.54676197,16.42652223,dgu-adresa,Splitsko-makarska Nadbiskupija,derivirano-crkve.domovina.ai,hgd.vitezovi.svetog.jurja@gmail.com,,098-1713-375,+385981713375,,Dražen Vuković,Predsjednik Društva,Cilj i svrha osnivanja udruge je razvoj glazbeno umjetničke kulture u svrhu promocije Kaštela i podučavanja mladih naraštaja.,"DJECA - OPĆA POPULACIJA, GRAĐANI – OPĆA POPULACIJA","[""6.2.6. Glazbene i scenske manifestacije i festivali"", ""6.2.4. Kulturno-umjetnički (glazbeni i scenski) amaterizam"", ""6.2.5. Inovativne izvedbene umjetničke prakse"", ""6.2.3. Glazba i glazbeno-scenske umjetnosti""]",https://banovac.mfin.hr/rnoprt/Details?handler=Details&id=59598,"[""datagovhr:registar-udruga""]"
232,internacionalna-krscanska-humanitarna-organizacija-rijeka-zivota-zagreb-4420,"INTERNACIONALNA KRŠĆANSKA HUMANITARNA ORGANIZACIJA ""RIJEKA ŽIVOTA""","Internacionalna Kršćanska Humanitarna Organizacija ""Rijeka Života""","""RIJEKA ŽIVOTA""",registar-udruga,15642,00001071,96049284420,BRISAN,2024-06-28,1998-09-01,1992-02-15,UDRUGA,karitativna,niska,2.5,"[""naziv:krscanski"", ""opis:duhovnost""]","Rim 90, Zagreb",Rim,90,Zagreb,Zagreb,Grad Zagreb,Grad Zagreb,10163,,45.84034378,15.99286463,dgu-adresa,Zagrebačka Nadbiskupija,derivirano-crkve.domovina.ai,,,,,,Joyce Ellen Pogačić,Predsjednik Udruge,,,"[""3.99.99. OSTALE HUMANITARNE DJELATNOSTI""]",,"[""datagovhr:registar-udruga""]"
331,katedralni-pjevacki-zbor-krizevci-1876,KATEDRALNI  PJEVAČKI  ZBOR  KRIŽEVCI,Katedralni Pjevački Zbor Križevci,,registar-udruga,48857,06001087,41921271876,BRISAN,2022-05-24,2009-09-15,2009-09-03,UDRUGA,glazba,niska,2.5,"[""naziv:crkva"", ""opis:duhovnost""]","Ulica Franje Račkoga 12, Križevci",Ulica Franje Račkoga,12,Križevci,Križevci,Križevci,Koprivničko-križevačka,48260,,46.02897738,16.54594969,dgu-adresa,Bjelovarsko-križevačka Biskupija,derivirano-crkve.domovina.ai,katedralnizborkrizevci@gmail.com,,098 858 413,+38598858413,,Ozren Bogdanović,Predsjednik Udruge,"promicanje, razvitak i unapređenje glazbene tradicije i duhovne glazbene bizantsko – slavenske baštine.","GRAĐANI – OPĆA POPULACIJA, MLADI - OPĆA POPULACIJA","[""6.2.7. Ostale djelatnosti izvedbene umjetnosti"", ""6.2.4. Kulturno-umjetnički (glazbeni i scenski) amaterizam""]",https://banovac.mfin.hr/rnoprt/Details?handler=Details&id=49063,"[""datagovhr:registar-udruga""]"
74,katedralni-mjesoviti-zbor-zagreb-2787,KATEDRALNI MJEŠOVITI ZBOR,Katedralni Mješoviti Zbor,,registar-udruga,2990,21000630,10947522787,BRISAN,2024-12-23,1998-02-19,1992-06-04,UDRUGA,glazba,niska,2.5,"[""naziv:crkva"", ""opis:duhovnost""]","Kaptol 31, Zagreb",Kaptol,31,Zagreb,Zagreb,Grad Zagreb,Grad Zagreb,10000,,45.81432721,15.97895309,dgu-adresa,Zagrebačka Nadbiskupija,derivirano-crkve.domovina.ai,ivan.franjo2@gmail.com,,01/3732-383,+38513732383,,Ivan Fureš,Predsjednik Zbora,,,"[""8.1.1. GLAZBENA DJELATNOST""]",https://banovac.mfin.hr/rnoprt/Details?handler=Details&id=41166,"[""datagovhr:registar-udruga""]"
790,klapa-stina-ploce-5992,KLAPA STINA PLOČE,Klapa Stina Ploče,KSP,registar-udruga,203128,19002032,91158745992,AKTIVAN,,2016-02-19,2016-01-18,UDRUGA,glazba,niska,2.5,"[""opis:crkva"", ""opis:duhovnost"", ""djelatnost:3.2.1."", ""djelatnost:3.2.3."", ""djelatnost:3.2.2.""]","Obala dr. Franje Tuđmana 2, Ploče",Obala dr. Franje Tuđmana,2,Ploče,Ploče,Ploče,Dubrovačko-neretvanska,20340,,43.05483029,17.4332602,dgu-adresa,Splitsko-makarska Nadbiskupija,derivirano-crkve.domovina.ai,klapastinaploce@gmail.com,,095-5548-783,+385955548783,,Tonio Čagalj,Predsjednik,"Udruga je osnovana dobrovoljnim udruživanjem članova radi promocije klapa i klapske pjesme bez namjere stjecanja dobiti za svoje članove, a da što veći broj građana, poglavito mladih, prihvati klape i klapsku pjesmu kao dio hrvatske kulturne baštine i glazbene kulture, te da se organiziranom djelatnošću postignu što bolji rezultati djelovanja. promicanje, razvitka i unapređenja kulturnog amaterizma i očuvanja kulturne baštine. Promicanje klapske pjesme obuhvaća promicanje klapskog načina izvedbe izvornih hrvatskih napjeva, kao i popularnih skladbi u obradama za klape koje u svojim izvedbama pjevaju „a capell“ ili uz pratnju glazbenih instrumenata. Sukladno ciljevima, udruga djeluje na području duhovnosti, budući je klapa usko vezana uz crkvu i crkvene napjeve, kulture i umjetnost te očuvanje tradicijskih vrijednosti i običaja. Djelovanje Udruge i promicanje klapskog načina pjevanja usmjereno je na darovitu djecu i mlade, djecu-opću populaciju, građane-opću populaciji, mlade-opću populaciju, studente i učenike.","DAROVITA DJECA I MLADI, DJECA - OPĆA POPULACIJA, GRAĐANI – OPĆA POPULACIJA, MLADI - OPĆA POPULACIJA, STUDENTI, UČENICI","[""6.2.3. Glazba i glazbeno-scenske umjetnosti"", ""3.2.1. Promicanje duhovnih aktivnosti"", ""6.1.7. Zaštita i očuvanje nematerijalnih kulturnih dobara"", ""3.2.3. Ostale duhovne djelatnosti"", ""3.2.2. Poticanje osobnog razvoja"", ""6.2.4. Kulturno-umjetnički (glazbeni i scenski) amaterizam"", ""6.2.6. Glazbene i scenske manifestacije i festivali""]",https://banovac.mfin.hr/rnoprt/Details?handler=Details&id=51274,"[""datagovhr:registar-udruga""]"
318,klub-zena-lijecenih-na-dojci-sinj-1599,KLUB ŽENA LIJEČENIH NA DOJCI SINJ,Klub Žena Liječenih na Dojci Sinj,KLUB ŽENA SINJ,registar-udruga,44208,17003096,77524591599,AKTIVAN,,2008-02-15,2008-01-22,UDRUGA,sport,niska,2.5,"[""opis:pokret"", ""djelatnost:3.2.3."", ""djelatnost:3.3.""]","Bazana 1, Sinj",Bazana,1,Sinj,Sinj,Sinj,Splitsko-dalmatinska,21230,,43.69764431,16.63933483,dgu-adresa,Splitsko-makarska Nadbiskupija,derivirano-crkve.domovina.ai,,,098 1731 949,+385981731949,,Mara Munivrana,Predsjednica Kluba,"prevencija i rano otkrivanje, te optimalno liječenje raka dojke, očuvanje zdravlja i kvalitete života žena liječenih na dojci i njihovih obitelji, promicanje, razvoj i unaprjeđenje zdravih stilova života, javno zagovaranje integrativnog liječenja karcinoma dojke, pružanje usluga od interesa za opće dobro, humanitarna pomoć oboljelima od karcinoma dojke, zaštita prava pacijenata s karcinomom dojke, cjeloživotno obrazovanje za zdravlje, zdrav načine života i zdrav okoliš.","GRAĐANI – OPĆA POPULACIJA, LOKALNA I REGIONALNA SAMOUPRAVA, MLADI - OPĆA POPULACIJA, OBITELJI, ODGOJNO-OBRAZOVNE USTANOVE, OPĆA POPULACIJA PACIJENATA, OSOBE KOJE BOLUJU OD MALIGNIH BOLESTI, OSOBE STARIJE ŽIVOTNE DOBI, OSOBE U RIZIKU OD SIROMAŠTVA I SIROMAŠNE OSOBE, RURALNO STANOVNIŠTVO, UDRUGE I GRAĐANSKE INICIJATIVE, VOLONTERI, ZDRAVSTVENE USTANOVE, ŽENE","[""11.2.17. Ostale djelatnosti socijalnih usluga"", ""2.2. Promicanje nenasilja i izgradnja mira"", ""8.1.10. Ostale djelatnosti razvojne suradnje"", ""9.2.8. Interdisciplinarna područja znanosti"", ""14.1.5. Unapređenje i zaštita zdravlja osoba oboljelih od malignih bolesti"", ""9.2.5. Biomedicina i zdravstvo"", ""2.6. Interkulturalni dijalog"", ""7.3. Pravo na pristup informacijama"", ""9.1.2. Cjeloživotno učenje i obrazovanje odraslih"", ""2.11. Praćenje javnih politika i javno zagovaranje"", ""8.3. Međunarodna prijateljstva"", ""2.5. Promicanje društvene solidarnosti"", ""7.5.11. Zaštita prava pacijenata"", ""11.3.5. Ostale djelatnosti humanitarne pomoći"", ""10.2.6. Ostale djelatnosti razvoja urbanih područja"", ""2.13. Razvoj lokalne zajednice"", ""2.1. Obrazovanje za demokratsko građanstvo"", ""9.1.6. Odgoj i obrazovanje za zaštitu i promicanje ljudskih prava"", ""2.12. Razvoj civilnoga društva"", ""3.2.3. Ostale duhovne djelatnosti"", ""6.9. Ostale djelatnosti iz područja kulture i umjetnosti"", ""6.3.8. Ostale djelatnosti vizualne umjetnosti"", ""6.2.7. Ostale djelatnosti izvedbene umjetnosti"", ""11.5. Ostale socijalne djelatnosti"", ""10.1.6. Ostale djelatnosti razvoja ruralnih područja"", ""7.11. Ostale djelatnosti iz područja ostvarivanja i zaštite ljudskih prava"", ""10.3.3. Ostale djelatnosti održivog gospodarskog razvoja"", ""4.6.2. Ostale djelatnosti socijalnog poduzetništva"", ""6.1.9. Ostale djelatnosti kulturne baštine"", ""2.15. Ostale djelatnosti iz područja demokratske političke kulture"", ""15.5. Ostale djelatnosti iz područja zaštite okoliša i prirode"", ""6.4.7. Ostale književno-nakladničke djelatnosti"", ""8.4. Ostale djelatnosti iz područja međunarodne suradnje"", ""14.1.8. Ostale djelatnosti preventivnog djelovanja, unapređenja i zaštite zdravlja"", ""9.3. Ostale djelatnosti iz područja obrazovanja, znanosti i istraživanja"", ""3.3. Ostale djelatnosti iz područja duhovnosti"", ""11.1.11. Ostala djelatnosti socijalne pomoći i podrške"", ""10.4. Ostale djelatnosti iz područja održivog razvoja"", ""15.2.5. Ostale djelatnosti zaštite okoliša"", ""4.11. Ostale djelatnosti iz područja gospodarstva"", ""2.3.4. Ostale djelatnosti prevencije nasilja"", ""14.5. Ostale djelatnosti u području zaštite zdravlja"", ""15.1.3. Ostale djelatnosti očuvanja prirode"", ""2.4.3. Ostale djelatnosti volonterstva""]",https://banovac.mfin.hr/rnoprt/Details?handler=Details&id=3558,"[""datagovhr:registar-udruga""]"
425,kolpinska-obitelj-sv-petra-split-5309,KOLPINŠKA OBITELJ SV. PETRA - SPLIT,Kolpinška Obitelj sv. Petra - Split,,registar-udruga,13760,17000727,59619205309,BRISAN,2014-02-05,2000-11-21,1996-11-21,UDRUGA,obitelj,niska,2.5,"[""naziv:svetac"", ""opis:krscanski"", ""djelatnost:14.duhovna""]","Stepinčeva 1, Split",Stepinčeva,1,Split,Split,Split,Splitsko-dalmatinska,21000,,43.51018747,16.45640694,dgu-adresa,Splitsko-makarska Nadbiskupija,derivirano-crkve.domovina.ai,,,,,,Boris Bučević,Dopredsjednik Udruge,,,"[""14.1.1. DUHOVNA VJERNIČKA DJELATNOST""]",https://banovac.mfin.hr/rnoprt/Details?handler=Details&id=34016,"[""datagovhr:registar-udruga""]"
653,krscanska-udruga-eko-sos-cetingrad-2932,KRŠĆANSKA UDRUGA EKO-SOS,Kršćanska Udruga Eko-sos,EKO-SOS,registar-udruga,48610,04001155,36034642932,BRISAN,2017-06-07,2009-07-31,2009-07-15,UDRUGA,karitativna,niska,2.5,"[""naziv:krscanski"", ""djelatnost:14.duhovna""]","Maljevačko selište 87, Cetingrad",Maljevačko selište,87,Cetingrad,Cetingrad,Cetingrad,Karlovačka,,,45.15929246672815,15.740622230553647,naselje-teziste,Gospićko-senjska Biskupija,derivirano-crkve.domovina.ai,,,,,,Josip Ainrih Matić,Tajnik,,,"[""14.1.1. DUHOVNA VJERNIČKA DJELATNOST""]",,"[""datagovhr:registar-udruga""]"
976,klub-lijecenih-alkoholicara-sveti-rafael-nova-gradiska-8913,Klub liječenih alkoholičara Sveti Rafael,Klub liječenih alkoholičara Sveti Rafael,KLA Sveti Rafael,registar-udruga,239959,12001881,42834048913,AKTIVAN,,2021-03-19,2021-02-10,USTROJSTVENI OBLIK UDRUGE S PRAVNOM OSOBNOŠĆU,sport,niska,2.5,"[""naziv:svetac"", ""opis:hodocasce""]","Mala  48, Nova Gradiška",Mala,48,Nova Gradiška,Nova Gradiška,Nova Gradiška,Brodsko-posavska,35400,,45.26600927,17.38731178,dgu-adresa,Požeška Biskupija,derivirano-crkve.domovina.ai,klasvetirafael@gmail.com,,,,,Ana Marić,Zamjenica Predsjednice Kluba,"rehabilitacija, resocijalizacija, uključivanje u obiteljsku, društvenu i radnu sredinu ovisnika i liječenih ovisnika o alkoholu, te podrška obiteljima ovisnika i lliječenih ovisnika o alkoholu, promicanje i zaštita ljudskih i građanskih prava, unapređenje mentalnog zdravlja, prevencija alkoholizma, destigmatizacija, deinstitucinalizacija, veća uključenost u život zajednice, smanjenje izolacije od strane šire zajednice, veće uključivanje zajednice u život osoba s problemom ovisnosti o alkoholu, te članova njihovih obitelji","OVISNICI I LIJEČENI OVISNICI, OVISNICI I LIJEČENI OVISNICI O ALKOHOLU","[""11.2.15. Rehabilitacija"", ""11.1.6. Pomoć i podrška nezaposlenima"", ""11.2.3. Psihosocijalna podrška"", ""11.1.7. Pomoć i podrška obitelji"", ""11.2.12. Skraćeni boravak, igraonice, radionice, klubovi"", ""11.2.13. Organiziranje slobodnih aktivnosti"", ""11.1.5. Pomoć i podrška osobama u riziku od siromaštva i socijalne isključenosti"", ""11.2.10. Prevencija ovisnosti"", ""11.2.11. Stručna pomoć i podrška"", ""7.1. Besplatna pravna pomoć"", ""14.3. Prevencija i suzbijanje ovisnosti"", ""11.2.1. Savjetovanje i pomaganje""]",https://banovac.mfin.hr/rnoprt/Details?handler=Details&id=59285,"[""datagovhr:registar-udruga""]"
912,knjizevna-udruga-duhovnog-stvaralastva-krizari-stipanovci-3574,"Književna udruga duhovnog stvaralaštva ""Križari"" Stipanovci","Književna udruga duhovnog stvaralaštva ""Križari"" Stipanovci","Udruga ""Križari""",registar-udruga,209799,14004618,10425053574,AKTIVAN,,2018-05-14,2018-03-27,UDRUGA,karitativna,niska,2.5,"[""naziv:duhovnost"", ""opis:duhovnost"", ""djelatnost:3.2.1."", ""djelatnost:3.2.2."", ""djelatnost:3.2.3."", ""djelatnost:3.3.""]","Braće Radića 82, Stipanovci",Braće Radića,82,Stipanovci,Stipanovci,Podgorač,Osječko-baranjska,31433,,45.47193822,18.16931969,dgu-adresa,Požeška Biskupija,derivirano-crkve.domovina.ai,udrugakrizari@gmail.com,,099 6681 880,+385996681880,,Marija Krajner,Predsjednica,književno stvaralaštvo koje se temelji na vjerskoj osnovi u Općini Podgorač,"GRAĐANI – OPĆA POPULACIJA, OBITELJI, OSTALI","[""3.2.1. Promicanje duhovnih aktivnosti"", ""3.2.2. Poticanje osobnog razvoja"", ""3.2.3. Ostale duhovne djelatnosti"", ""6.4.1. Književno stvaralaštvo"", ""3.3. Ostale djelatnosti iz područja duhovnosti""]",https://banovac.mfin.hr/rnoprt/Details?handler=Details&id=54514,"[""datagovhr:registar-udruga""]"
81,kulturno-umjetnicka-zabavna-ekoloska-i-sportska-udruga-mons-vardia-buici-2041,"Kulturno-umjetnička, zabavna, ekološka i sportska udruga ""MONS VARDIA""","Kulturno-umjetnička, zabavna, ekološka i sportska udruga ""MONS VARDIA""","""MONS VARDIA""",registar-udruga,2041,19000638,,BRISAN,2023-03-03,2000-12-04,2000-11-09,UDRUGA,sport,niska,2.5,"[""naziv:fra"", ""opis:duhovnost""]","Buići, Buići",Buići,,Buići,Buići,Župa Dubrovačka,Dubrovačko-neretvanska,,,42.64101511042094,18.19278467475595,naselje-teziste,Dubrovačka Biskupija - Dioecesis Ragusina,derivirano-crkve.domovina.ai,,,,,,Ivan Kisić,Predsjednik Udruge,,,"[""8.7.1. KULTURNO-UMJETNIČKO DRUŠTVO""]",,"[""datagovhr:registar-udruga""]"
150,ljubav-mir-drustva-za-promicanje-poruka-kraljice-ljubavi-u-likvidaciji-buje-buie-5002,LJUBAV & MIR DRUŠTVA ZA PROMICANJE PORUKA KRALJICE LJUBAVI U LIKVIDACIJI,Ljubav & Mir Društva za Promicanje Poruka Kraljice Ljubavi u Likvidaciji,LJUBAV & MIR,registar-udruga,16113,00000601,54193025002,BRISAN,2015-03-04,1998-04-21,1994-07-31,UDRUGA,molitvena,niska,2.5,"[""opis:liturgija"", ""opis:duhovnost"", ""djelatnost:14.duhovna""]","Brolo 18, Buje - Buie",Brolo,18,Buje - Buie,Buje - Buie,Buje - Buie,Istarska,52460,,45.40814801,13.65176033,dgu-adresa,Biskupija Porečka i Pulska,derivirano-crkve.domovina.ai,,,,,,Anton Udovičić,Predsjednik Udruge,,,"[""14.1.1. DUHOVNA VJERNIČKA DJELATNOST""]",,"[""datagovhr:registar-udruga""]"
960,magdalena-udruga-za-socijalnu-skrb-tompojevci-8466,"MAGDALENA, UDRUGA ZA SOCIJALNU SKRB","Magdalena, Udruga za Socijalnu Skrb",MAGDALENA,registar-udruga,240170,16002412,99590958466,BRISAN,2025-08-07,2021-03-25,2021-03-01,UDRUGA,karitativna,niska,2.5,"[""opis:red"", ""djelatnost:3.2.2."", ""djelatnost:3.2.1.""]","Bana Jelačića 34, Tompojevci",Bana Jelačića,34,Tompojevci,Tompojevci,Tompojevci,Vukovarsko-srijemska,32238,,45.23292894,19.0962468,dgu-adresa,Đakovačko-osječka Nadbiskupija,derivirano-crkve.domovina.ai,jakusivanaa@gmail.com,,097-6030-333,+385976030333,,Amalija Lovrić,Predsjednica,"promicanje, razvitka i unapređenja socijalne i zdravstvene zaštite, odgoja i obrazovanja, istraživanja i rehabilitacije te rad sa starim i nemoćnim osobama.","BRANITELJI - VETERANI, CIVILNI INVALIDI RATA, CIVILNI STRADALNICI, GRAĐANI – OPĆA POPULACIJA, INVALIDI DOMOVINSKOG RATA, INVALIDI RADA, MLADI - OPĆA POPULACIJA, OSOBE S INVALIDITETOM, OSOBE STARIJE ŽIVOTNE DOBI, OSOBE U RIZIKU OD SIROMAŠTVA I SIROMAŠNE OSOBE, OVISNICI I LIJEČENI OVISNICI, RATNI STRADALNICI, STANOVNICI POSLIJERATNIH ZAJEDNICA, UMIROVLJENICI","[""3.2.2. Poticanje osobnog razvoja"", ""1.2.2. Zaštita interesa civilnih stradalnika i njihovih obitelji"", ""11.1.2. Pomoć i podrška osobama s invaliditetom"", ""7.3. Pravo na pristup informacijama"", ""11.1.10. Pomoć i podrška žrtvama obiteljskog nasilja"", ""11.1.3. Pomoć i podrška djeci"", ""11.2.10. Prevencija ovisnosti"", ""11.2.3. Psihosocijalna podrška"", ""11.1.1. Pomoć i podrška starijim osobama"", ""6.1.1. Zaštita i očuvanje materijalnih kulturnih dobara"", ""12.7. Organiziranje i provođenje adaptiranog i zdravstveno usmjerenog tjelesnog vježbanja"", ""11.1.4. Pomoć i podrška mladima"", ""11.2.4. Rana intervencija"", ""11.2.14. Pomoć i podrška u vlastitom domu i zajednici"", ""11.1.6. Pomoć i podrška nezaposlenima"", ""11.2.2. Pomoć u kući"", ""11.2.16. Osobna asistencija"", ""11.1.9. Pomoć i podrška beskućnicima"", ""11.1.7. Pomoć i podrška obitelji"", ""11.2.1. Savjetovanje i pomaganje"", ""11.2.6. Boravak"", ""11.2.13. Organiziranje slobodnih aktivnosti"", ""11.1.5. Pomoć i podrška osobama u riziku od siromaštva i socijalne isključenosti"", ""11.1.8. Pomoć i podrška azilantima"", ""8.3. Međunarodna prijateljstva"", ""3.2.1. Promicanje duhovnih aktivnosti"", ""11.2.9. Prevencija nasilja"", ""11.3.3. Poboljšanje kvalitete života i zdravlja socijalno isključenih"", ""11.3.4. Pomoć u podmirivanju osnovnih životnih potreba""]",https://banovac.mfin.hr/rnoprt/Details?handler=Details&id=58577,"[""datagovhr:registar-udruga""]"
1116,mali-put-institut-za-cjelovit-razvoj-osobe-odnosa-i-zajednice-rakitje-9663,"MALI PUT - Institut za cjelovit razvoj osobe, odnosa i zajednice","MALI PUT - Institut za cjelovit razvoj osobe, odnosa i zajednice",MALI PUT,registar-udruga,270969,01003993,29883299663,AKTIVAN,,2026-05-05,2026-04-13,UDRUGA,molitvena,niska,2.5,"[""opis:krscanski"", ""opis:crkva"", ""opis:duhovnost""]","Novačka cesta 55, Rakitje",Novačka cesta,55,Rakitje,Rakitje,Sveta Nedelja,Zagrebačka,10437,,45.79226819,15.81291808,dgu-adresa,Zagrebačka Nadbiskupija,derivirano-crkve.domovina.ai,info@maliput.hr,,091-242-0008,+385912420008,,Helena Prlić,Voditeljica Udruge,"-	promicanje cjelovitoga razvoja osobe, odnosa i zajednice te zaštite ljudskih prava, jednakosti, nediskriminacije i uključivosti, utemeljenih na dostojanstvu svake ljudske osobe i općemu dobru,
-	promicanje cjelovitoga razvoja djece, mladih i odraslih kroz integraciju osobne, relacijske, obiteljske, društvene, profesionalne i duhovne dimenzije života te razvoj osobnih, kognitivnih, socijalno-emocionalnih, relacijskih, građanskih, digitalnih i voditeljskih kompetencija, uključujući razvoj relacijske pismenosti i samoregulacije,
-	promicanje mentalne dobrobiti, osobne integracije, emocionalne stabilnosti, otpornosti i nutarnjeg sazrijevanja te zaštita i unapređenje mentalnoga zdravlja,
-	doprinos prevenciji rizičnih ponašanja, nasilja, diskriminacije, društvene stigmatizacije i socijalne isključenosti te jačanje zaštitnih čimbenika i pružanje podrške djeci, mladima, obiteljima, ženama i drugim ranjivim i socijalno osjetljivim skupinama, uključujući osobe pogođene krizama, traumama i drugim oblicima ranjivosti,
-	osnaživanje obitelji kao temeljne zajednice života te promicanje braka, roditeljstva, odgovornoga obiteljskog života, partnerske odgovornosti i međugeneracijske solidarnosti,
-	razvoj uključivih, odgovornih, solidarnih i održivih zajednica te promicanje socijalne uključenosti, jednakih mogućnosti, društvene odgovornosti, volontiranja i općega dobra, uz doprinos humanitarnom i općekorisnom djelovanju,
-	promicanje pedagogije suosjećanja, empatije, nenasilne komunikacije, kulture dijaloga i susreta te etičkoga i odgovornoga djelovanja, kao i vodstva služenjem u osobnom, profesionalnom i društvenom životu,
-	okupljanje i povezivanje stručnjaka iz pomažućih, odgojno-obrazovnih, znanstvenih i duhovno-formacijskih područja te razvoj interdisciplinarnoga i integrativnog pristupa, uključujući razvoj, preuzimanje, prilagodbu i provedbu metodologija koje povezuju psihološke, teološke, odgojno-obrazovne i druge srodne dimenzije,
-	jačanje kapaciteta pojedinaca, stručnjaka, voditelja, volontera, organizacija civilnoga društva, javnih ustanova i tijela javne uprave,
-	provođenje istraživanja, analiza i evaluacija potreba i programa radi unapređenja kvalitete djelovanja i razvoja učinkovitih odgovora na društvene potrebe,
-	poticanje stvaralaštva, razvoja radnih navika, zapošljivosti, društvene integracije i aktivnoga građanstva, osobito kod djece, mladih i osoba iz ranjivih skupina, te promicanje socijalnoga poduzetništva i razvoja civilnoga društva,
-	razvoj i promicanje volonterstva, društvene solidarnosti, međusobne suradnje i umrežavanja,
-	promicanje društvene svijesti o pravima, dostojanstvu, potrebama i potencijalima ciljnih skupina te sudjelovanje u javnom zagovaranju i oblikovanju javnih politika,
-	razvoj međunarodne suradnje, razmjene znanja, iskustava i dobrih praksi te povezivanje s hrvatskim zajednicama u inozemstvu i Hrvatima izvan Republike Hrvatske,
-	promicanje odgovorne uporabe digitalne kulture, medija i tehnologije te razvoj digitalnih kompetencija, medijske kulture i izdavačke djelatnosti, uključujući promicanje stručnih i znanstvenih publikacija i integrativnih pristupa,
-	promicanje edukativnih, stručnih, kulturnih i javnih programa i aktivnosti radi ostvarivanja ciljeva Udruge i informiranja javnosti,
-	promicanje duhovnoga rasta, razlučivanja i integracije vjere i života te razvoj formacijskih, duhovnih i odgojno-obrazovnih pristupa,
-	doprinos osobnoj, duhovnoj, društvenoj i profesionalnoj formaciji osobe te jačanje osobne i obiteljske otpornosti u suočavanju sa životnim izazovima, promjenama i krizama.","DJECA - OPĆA POPULACIJA, GRAĐANI – OPĆA POPULACIJA, MLADI - OPĆA POPULACIJA, OBITELJI, VOLONTERI, ŽENE","[""11.1.4. Pomoć i podrška mladima"", ""11.1.3. Pomoć i podrška djeci"", ""11.2.11. Stručna pomoć i podrška"", ""9.1.7. Poticanje kreativnosti i stvaralaštva u odgoju i obrazovanju"", ""7.5.5. Zaštita prava djece"", ""9.1.3. Izvaninstitucionalni odgoj i obrazovanje"", ""7.5.6. Zaštita prava mladih"", ""11.3.2. Psihosocijalna pomoć u kriznim situacijama"", ""2.12. Razvoj civilnoga društva"", ""8.3. Međunarodna prijateljstva"", ""9.1.1. Razvoj i promicanje odgoja i obrazovanja"", ""11.2.3. Psihosocijalna podrška"", ""9.2.11. Izdavanje znanstvenih i stručnih publikacija"", ""9.2.10. Organizacija domaćih i međunarodnih znanstvenih i znanstvenostručnih skupova, škola, kongresa i seminara"", ""11.1.5. Pomoć i podrška osobama u riziku od siromaštva i socijalne isključenosti"", ""7.5.4. Zaštita obitelji"", ""14.1.3. Prevencija i zaštita mentalnog zdravlja"", ""9.1.2. Cjeloživotno učenje i obrazovanje odraslih"", ""11.2.1. Savjetovanje i pomaganje"", ""8.1.5. Obrazovanje"", ""2.4.1. Promicanje i razvoj volonterstva""]",https://banovac.mfin.hr/rnoprt/Details?handler=Details&id=64395,"[""datagovhr:registar-udruga""]"
53,mir-solucija-za-covjecanstvo-zagreb-8163,MIR - SOLUCIJA ZA ČOVJEČANSTVO,Mir - Solucija za Čovječanstvo,,registar-udruga,56593,21009143,14328968163,AKTIVAN,,2012-03-13,2012-01-21,UDRUGA,strukovna,niska,2.5,"[""opis:vjernici"", ""opis:duhovnost"", ""djelatnost:14.duhovna""]","Božidara Magovca 107, Zagreb",Božidara Magovca,107,Zagreb,Zagreb,Grad Zagreb,Grad Zagreb,10010,,45.76960055,15.99951826,dgu-adresa,Zagrebačka Nadbiskupija,derivirano-crkve.domovina.ai,robertcukrov@yahoo.com,,01/6674-010,+38516674010,,Nedim Omerović,Predsjednik,,,"[""14.1.1. DUHOVNA VJERNIČKA DJELATNOST""]",https://banovac.mfin.hr/rnoprt/Details?handler=Details&id=40058,"[""datagovhr:registar-udruga""]"
88,mjesoviti-zbor-sv-barbare-panis-angelicus-zagreb-0307,"MJEŠOVITI  ZBOR SV. BARBARE ""PANIS ANGELICUS""","Mješoviti Zbor sv. Barbare ""Panis Angelicus""",,registar-udruga,2728,21000366,10068850307,AKTIVAN,,1996-06-12,1996-04-20,UDRUGA,glazba,niska,2.5,"[""naziv:svetac"", ""opis:zupa""]","Vrapčanska ulica 165, Zagreb",Vrapčanska ulica,165,Zagreb,Zagreb,Grad Zagreb,Grad Zagreb,10090,,45.82635604,15.90533042,dgu-adresa,Zagrebačka Nadbiskupija,derivirano-crkve.domovina.ai,uprava@panis-angelicus.hr,https://www.panis-angelicus.hr,091-495-9069,+385914959069,,Berislav Keber,Zamjenik Predsjednice,"Očuvanje, razvoj i popularizacija mješovitog, amaterskog zborskog pjevanja, razvoj i promicanje glazbene kulture posebice među župnom zajednicom te njegovanje glazbene kulturne baštine,doprinos kulturnom životu i sadržaju župe i grada Zagreba te ponuda zanimljivog i bogatog sadržaja za mlade;","GRAĐANI – OPĆA POPULACIJA, UDRUGE I GRAĐANSKE INICIJATIVE","[""6.2.3. Glazba i glazbeno-scenske umjetnosti"", ""6.2.6. Glazbene i scenske manifestacije i festivali"", ""8.4. Ostale djelatnosti iz područja međunarodne suradnje""]",https://banovac.mfin.hr/rnoprt/Details?handler=Details&id=9826,"[""datagovhr:registar-udruga""]"
764,moslavacka-udruga-zena-husain-3785,MOSLAVAČKA UDRUGA ŽENA,Moslavačka Udruga Žena,,registar-udruga,204991,03002067,50348893785,AKTIVAN,,2016-12-09,2016-10-19,UDRUGA,karitativna,niska,2.5,"[""opis:crkva"", ""opis:duhovnost"", ""djelatnost:3.2.1."", ""djelatnost:3.2.2.""]","STARO BRDO 4, Husain",STARO BRDO,4,Husain,Husain,Kutina,Sisačko-moslavačka,44326,,45.47635319,16.81123948,dgu-adresa,Sisačka Biskupija,derivirano-crkve.domovina.ai,,,,,,Snježana Podhraški,Predsjednica,"Zadovoljavanje potreba članica u socijalnom, kulturnom, estetskom, humanitarnom, zdravstvenom, sportskom, edukativnom, turističkom,gastronomskom pogledu kao i kreativnom izražavanju.","GRAĐANI – OPĆA POPULACIJA, MLADI - OPĆA POPULACIJA","[""6.2.4. Kulturno-umjetnički (glazbeni i scenski) amaterizam"", ""12.4.1. Grupni fitnes programi (aerobic, fitnes, pilates i dr.)"", ""7.3. Pravo na pristup informacijama"", ""12.4.3. Tjelesne aktivnosti i igre koje se organizirano izvode radi unapređenja zdravlja i rekreacije"", ""9.1.8. Odgoj i obrazovanje za zaštitu i promicanje povijesno-kulturne baštine i nacionalnoga identiteta"", ""6.1.1. Zaštita i očuvanje materijalnih kulturnih dobara"", ""3.2.1. Promicanje duhovnih aktivnosti"", ""3.2.2. Poticanje osobnog razvoja""]",,"[""datagovhr:registar-udruga""]"
564,moto-klub-sveti-jure-makarska-8520,"MOTO-KLUB ""SVETI JURE""","Moto-klub ""Sveti Jure""","MK ""SV. JURE""",registar-udruga,33258,17001964,66381318520,AKTIVAN,,2003-07-07,2003-05-10,UDRUGA,sport,niska,2.5,"[""naziv:svetac"", ""opis:caritas""]","Licinijanov prolaz 2, Makarska",Licinijanov prolaz,2,Makarska,Makarska,Makarska,Splitsko-dalmatinska,21300,,43.2901528,17.02791147,dgu-adresa,Splitsko-makarska Nadbiskupija,derivirano-crkve.domovina.ai,mksvjure@mk-svjure.com,https://www.mk-svjure.hr,098 371 793,+38598371793,,Filip Zelić,Dopredsjednik Kluba,"Udruga je osnovana u cilju okupljanja mladeži, razvijanju sportskog duha i natjecanja, te gajenju humanitarnih i karitativnih djelatnosti te promidžbe; unapređenja; razvitka motorističkog sporta, vozačke kulture i moto turizma na Makarskoj rivijeri.",GRAĐANI – OPĆA POPULACIJA,"[""5.6. Ostale hobističke djelatnosti""]",https://banovac.mfin.hr/rnoprt/Details?handler=Details&id=18828,"[""datagovhr:registar-udruga""]"
981,mentalni-i-duhovni-trening-do-win-split-4555,Mentalni i duhovni trening - Do win,Mentalni i duhovni trening - Do win,,registar-udruga,251471,17006469,64525184555,AKTIVAN,,2022-03-31,2022-03-10,UDRUGA,karitativna,niska,2.5,"[""naziv:duhovnost"", ""opis:duhovnost"", ""djelatnost:3.2.3."", ""djelatnost:3.2.1."", ""djelatnost:3.2.2.""]","Ulica svetog Liberana 25, Split",Ulica svetog Liberana,25,Split,Split,Split,Splitsko-dalmatinska,21000,,43.51785364,16.49045034,dgu-adresa,Splitsko-makarska Nadbiskupija,derivirano-crkve.domovina.ai,,,,,,Josip Ulić,Predsjednik Udruge,"Ciljevi Do Wina su:
- duhovno i mentalno zdravlje profesionalnog sportaša/rekreativnog sportaša i njihovih obitelji, koje se postiže liječenjem problema čovjekove duhovne i psihološke dimenzije 
- pružiti psihološku i duhovnu podršku sportašima i njihovim bližnjima
- otkrivanje smisla života na egzistencijalno- duhovnoj razini
- motivirati sportaše da iskoriste svoj potencijal - sportski i životni
- izgradnaj ispravne skale vrednota i uspješne komunikacije
- povećanje samopouzdanja, optimizma, samoefikasnosti i zadovoljstva 
- samoaktualiziranje sportaša 
- kontrola emocija, postizanje stanja fokusa, relaksacije
- učenje nošenja sa stresom i životnim stresorima
- discipliniranost
- podrška i savjetovanje u borbi s ovisnostima i podrška u prakticiranju zdravih životnih navika","OSTALI, SPORTAŠI, SPORTAŠI S INVALIDITETOM, SPORTSKI DJELATNICI","[""3.2.3. Ostale duhovne djelatnosti"", ""9.2.1. Društvene znanosti"", ""3.2.1. Promicanje duhovnih aktivnosti"", ""9.3. Ostale djelatnosti iz područja obrazovanja, znanosti i istraživanja"", ""3.2.2. Poticanje osobnog razvoja""]",,"[""datagovhr:registar-udruga""]"
928,novi-krug-udruga-za-ocuvanje-i-razvoj-duhovnih-ucenja-disciplina-i-tehnika-zagreb-8173,"NOVI KRUG - UDRUGA ZA OČUVANJE I RAZVOJ DUHOVNIH UČENJA, DISCIPLINA I TEHNIKA","Novi Krug - Udruga za Očuvanje i Razvoj Duhovnih Učenja, Disciplina i Tehnika",NOVI KRUG,registar-udruga,239371,21014098,60392678173,AKTIVAN,,2021-03-04,2021-01-27,UDRUGA,karitativna,niska,2.5,"[""naziv:duhovnost"", ""opis:duhovnost"", ""djelatnost:3.3."", ""djelatnost:3.2.2."", ""djelatnost:3.2.1."", ""djelatnost:3.2.3.""]","Maruševečka ulica 9, Zagreb",Maruševečka ulica,9,Zagreb,Zagreb,Grad Zagreb,Grad Zagreb,10110,,45.80302285,15.95242856,dgu-adresa,Zagrebačka Nadbiskupija,derivirano-crkve.domovina.ai,paganski.krug@gmail.com,,098-870-558,+38598870558,,Irena Dumančić Baranja,Predsjednica,"Okupljanje pojedinaca i skupina u radu na očuvanju, promicanju i razvijanju tradicionalnih i novih duhovnih učenja, disciplina i tehnika, s posebnim naglaskom na tradicionalna duhovna učenja, discipline i tehnike koje težište stavljaju na duhovni razvoj pojedinca kroz nedogmatski pristup, te s naglaskom na nova duhovna učenja iz tzv. kulture „novog doba"", koje težište ne stavljaju na komercijalnost i novčanu dobit, već na duhovni razvoj pojedinca, a u svrhu jačanja svjesnosti o važnosti snage, slobode i razvoja duhovnog života pojedinca kao osnove za postizanje evolucije društva u širem smislu.",OSTALI,"[""3.3. Ostale djelatnosti iz područja duhovnosti"", ""3.2.2. Poticanje osobnog razvoja"", ""3.2.1. Promicanje duhovnih aktivnosti"", ""3.2.3. Ostale duhovne djelatnosti""]",https://banovac.mfin.hr/rnoprt/Details?handler=Details&id=58313,"[""datagovhr:registar-udruga""]"
1065,novo-srce-cor-novum-zagreb-5932,NOVO SRCE-COR NOVUM,Novo Srce-cor Novum,,registar-udruga,268258,21015096,84644045932,AKTIVAN,,2024-08-09,2024-06-07,UDRUGA,glazba,niska,2.5,"[""opis:krscanski"", ""opis:duhovnost"", ""djelatnost:3.2.2."", ""djelatnost:3.2.1.""]","Sveti Duh 27, Zagreb",Sveti Duh,27,Zagreb,Zagreb,Grad Zagreb,Grad Zagreb,10109,,45.81561462,15.94199984,dgu-adresa,Zagrebačka Nadbiskupija,derivirano-crkve.domovina.ai,mioc.caelum33@gmail.com,,099-237-9999,+385992379999,,Klaudija Mioč,Predsjednica,"Udruga je osnovana u cilju razvoja, promicanja i unapređenja kvalitete života i mentalnog zdravlja pojedinaca kroz socijalnu djelatnost (savjetovanja, pomaganja i psihosocijalna podrška te humanitarno djelovanje), promicanje ekumenizma, pomirenja, kulture dijaloga i učenja o drugima, promicanje obiteljskih vrijednosti, poticanje i razvijanje kulture i umjetnosti (osobito duhovne glazbe), zaštitu ljudskih prava, međunarodnu suradnju, duhovnost i zaštitu zdravlja koja je usmjerena na preventivno djelovanje i unapređenje zdravlja pojedinaca te poticanje razvoja civilnog društva.","GRAĐANI – OPĆA POPULACIJA, JEDNO RODITELJSKE OBITELJI, MLADI - OPĆA POPULACIJA, OBITELJI, OSOBE KOJE BOLUJU OD KRONIČNIH BOLESTI, OSOBE S PSIHO-SOCIJALNIM TEŠKOĆAMA, OSOBE U RIZIKU OD SIROMAŠTVA I SIROMAŠNE OSOBE, UDRUGE I GRAĐANSKE INICIJATIVE","[""8.3. Međunarodna prijateljstva"", ""11.2.1. Savjetovanje i pomaganje"", ""7.5.4. Zaštita obitelji"", ""6.2.6. Glazbene i scenske manifestacije i festivali"", ""2.2. Promicanje nenasilja i izgradnja mira"", ""3.2.2. Poticanje osobnog razvoja"", ""11.2.3. Psihosocijalna podrška"", ""7.5.6. Zaštita prava mladih"", ""11.1.5. Pomoć i podrška osobama u riziku od siromaštva i socijalne isključenosti"", ""8.1.4. Ljudska prava"", ""11.2.11. Stručna pomoć i podrška"", ""2.12. Razvoj civilnoga društva"", ""7.5.5. Zaštita prava djece"", ""11.3.3. Poboljšanje kvalitete života i zdravlja socijalno isključenih"", ""11.2.10. Prevencija ovisnosti"", ""14.1.3. Prevencija i zaštita mentalnog zdravlja"", ""11.1.7. Pomoć i podrška obitelji"", ""14.1.4. Stvaranje uvjeta za što kvalitetniji život oboljelih od kroničnih bolesti"", ""2.1. Obrazovanje za demokratsko građanstvo"", ""11.2.9. Prevencija nasilja"", ""8.1.9. Unapređenje zdravlja"", ""11.3.2. Psihosocijalna pomoć u kriznim situacijama"", ""7.5.11. Zaštita prava pacijenata"", ""6.2.3. Glazba i glazbeno-scenske umjetnosti"", ""3.2.1. Promicanje duhovnih aktivnosti"", ""8.1.3. Mir i sigurnost""]",https://banovac.mfin.hr/rnoprt/Details?handler=Details&id=62615,"[""datagovhr:registar-udruga""]"
351,podhumske-zrtve-jelenje-0897,PODHUMSKE ŽRTVE,Podhumske Žrtve,PŽ,registar-udruga,57566,08003654,64582910897,AKTIVAN,,2012-07-17,2012-06-06,UDRUGA,molitvena,niska,2.5,"[""opis:liturgija"", ""opis:svetac"", ""opis:duhovnost""]","Jelenje 25, Jelenje",Jelenje,25,Jelenje,Jelenje,Jelenje,Primorsko-goranska,51218,,45.3865452,14.45172945,dgu-adresa,Riječka Nadbiskupija,derivirano-crkve.domovina.ai,animi@vip.hr,,091-5534-214,+385915534214,,Josip Pilčić,Dopredsjednik,"- čuvanje i njegovanje uspomene na podhumske žrtve ubijene 12. srpnja 1942., istine o njihovu stradanju te suradnja sa inicijativama u Republici Hrvatskoj i inozemstvu radi očuvanja i njegovanja uspomene na sve hrvatske žrtve totalitarnih sustava 20. stoljeća.","GRAĐANI – OPĆA POPULACIJA, ŽRTVE I SVJEDOCI RATNIH ZLOČINA","[""1.3.2. Zaštita interesa sudionika i stradalnika II. svjetskog rata i poslijeratnog razdoblja"", ""1.3.3. Ostale djelatnosti sudionika i stradalnika II. svjetskog rata i poraća""]",https://banovac.mfin.hr/rnoprt/Details?handler=Details&id=56510,"[""datagovhr:registar-udruga""]"
844,put-istina-i-zivot-udruga-za-promicanje-i-obnavljanje-zdravlja-prirodnim-putem-karlovac-6740,"PUT, ISTINA I ŽIVOT - Udruga za promicanje i obnavljanje zdravlja prirodnim putem","PUT, ISTINA I ŽIVOT - Udruga za promicanje i obnavljanje zdravlja prirodnim putem",PUT ISTINA I ŽIVOT,registar-udruga,217306,04001610,42297266740,BRISAN,2024-01-02,2019-04-08,2019-02-19,UDRUGA,karitativna,niska,2.5,"[""opis:krscanski"", ""opis:duhovnost"", ""djelatnost:3.2.2."", ""djelatnost:3.2.1.""]","Banija 32, Karlovac",Banija,32,Karlovac,Karlovac,Karlovac,Karlovačka,47000,,45.50062645,15.54992806,dgu-adresa,Zagrebačka Nadbiskupija,derivirano-crkve.domovina.ai,ninostekovic@gmail.com,,099-313-2864,+385993132864,,Jelena Steković,Dopredsjednica,"promicanje razvitka i unapređenja tjelesnog, mentalnog i duhovnog zdravlja svih članova, pružajući stručnu, savjetodavnu, edukativnu i humanu pomoć; poticanje organskog vrtlarstva; očuvanje okoliša i planete Zemlje, te poticanje na korištenje obnovljivih izvora energije i izgradnja niskoenergetskih kuća radi suživota s istomišljenicima; promicanje zdravih biblijskih vrednota; suradnja sa sličnim udrugama, organizacijama i udruženjima građana iz zemlje i inozemstva.","GRAĐANI – OPĆA POPULACIJA, OSOBE KOJE BOLUJU OD KRONIČNIH BOLESTI, OSOBE KOJE BOLUJU OD MALIGNIH BOLESTI","[""14.1.3. Prevencija i zaštita mentalnog zdravlja"", ""4.5.3. Ratarstvo"", ""3.2.2. Poticanje osobnog razvoja"", ""15.3. Energetska učinkovitost i obnovljivi izvori energije"", ""14.1.5. Unapređenje i zaštita zdravlja osoba oboljelih od malignih bolesti"", ""14.1.7. Zaštita i prevencija bolesti reproduktivnog sustava"", ""3.2.1. Promicanje duhovnih aktivnosti""]",https://banovac.mfin.hr/rnoprt/Details?handler=Details&id=55894,"[""datagovhr:registar-udruga""]"
279,pjevacko-drustvo-mladih-trinitas-ludbreg-3395,"Pjevačko društvo mladih ""TRINITAS""Ludbreg","Pjevačko društvo mladih ""TRINITAS""Ludbreg",,registar-udruga,17292,05000386,55214203395,AKTIVAN,,1998-02-13,1995-12-17,UDRUGA,glazba,niska,2.5,"[""opis:krscanski"", ""opis:duhovnost"", ""djelatnost:3.2.1.""]","Trg Svetoga Trojstva 16, Ludbreg",Trg Svetoga Trojstva,16,Ludbreg,Ludbreg,Ludbreg,Varaždinska,42230,,46.25071658,16.61991362,dgu-adresa,Varaždinska Biskupija,derivirano-crkve.domovina.ai,trinitas.ludbreg@gmail.com,,091-7279-622,+385917279622,,Filip Havaić,Predsjednik,"promicanje, razvijanje i unapređivanje kršćanske vjere i glazbe","DAROVITA DJECA I MLADI, DJECA - OPĆA POPULACIJA, MLADI - OPĆA POPULACIJA","[""3.2.1. Promicanje duhovnih aktivnosti"", ""6.2.4. Kulturno-umjetnički (glazbeni i scenski) amaterizam""]",https://banovac.mfin.hr/rnoprt/Details?handler=Details&id=55501,"[""datagovhr:registar-udruga""]"
222,radio-klub-zeljko-vidovic-roky-nova-kapela-5825,"RADIO KLUB ""ŽELJKO VIDOVIĆ - ROKY"" NOVA KAPELA","Radio Klub ""Željko Vidović - Roky"" Nova Kapela","RK ""Ž.VIDOVIĆ-ROKI""",registar-udruga,12751,12000176,49618335825,AKTIVAN,,1998-02-13,1993-11-28,UDRUGA,mediji,niska,2.5,"[""naziv:crkva"", ""opis:duhovnost""]","Vladimira Nazora 2, Nova Kapela",Vladimira Nazora,2,Nova Kapela,Nova Kapela,Nova Kapela,Brodsko-posavska,35410,,45.19821722,17.64520101,dgu-adresa,Požeška Biskupija,derivirano-crkve.domovina.ai,radioklub9a1cgk@net.hr,,035 384 749,+38535384749,,Danijel Brkić,Predsjednik Kluba,"•	zaštita i promicanje prava čovjeka na slobodno interesno udruživanje u tehničkoj kulturi iz područja komunikacijske tehnike, prava čovjeka na razvitak i osobnosti, razvitak i promidžba tehničke kulture, a osobito iz područja amaterskih komunikacijskih tehnika.
•	razvitak i promicanje vlastitih djelatnosti, osposobljavanja i unapređivanja rada članova, te     zaštita interesa i uvjerenja svojih članova u savezima i zajednicama udruga i kod ovlaštenih državnih tijela,
•	obuhvat što većeg broja građana, a posebice djece i mladeži djelovanjem u amaterskim komunikacijskim tehnikama, 
•	unapređivanje stručnog rada i promidžba istraživanja i novina iz područja amaterskih komunikacijskih tehnika, 
•	njegovanje zajedničkog duha i vrijednosti duha  amaterskih radijskih komunikacija, humanosti, međusobnog poštivanja te suradnje i prijateljstva među ljudima neovisno o njihovoj političkoj, nacionalnoj i vjerskoj pripadnosti i svjetonazoru,
•	poticanje domoljublja kod svih članova, a naročito kod mladeži,
•	sudjelovanje u humanitarnim, ekološkim i drugim akcijama, te pružanje nesebične pomoći u prirodnim, tehnološkim i ostalim nesrećama.","DJECA DO 14 GODINA, DJECA OD 14 DO 18 GODINA, GRAĐANI – OPĆA POPULACIJA","[""2.4.1. TEHNIČKA RADIO-AMATERSKA DJELATNOST""]",https://banovac.mfin.hr/rnoprt/Details?handler=Details&id=5660,"[""datagovhr:registar-udruga""]"
858,reintegra-zagreb-6946,REINTEGRA,Reintegra,,registar-udruga,212911,21013205,45782586946,BRISAN,2024-02-09,2018-10-18,2018-09-07,UDRUGA,karitativna,niska,2.5,"[""opis:krscanski"", ""opis:duhovnost"", ""djelatnost:3.2.1.""]","HEINZELOVA 66, Zagreb",HEINZELOVA,66,Zagreb,Zagreb,Grad Zagreb,Grad Zagreb,10000,,45.8064397,16.00570642,dgu-adresa,Zagrebačka Nadbiskupija,derivirano-crkve.domovina.ai,sopicelvis@gmail.com,,097-7198-059,+385977198059,,Zoran Jelić,Predsjednik,"Udruga je osnovana u cilju promicanja etičnih i duhovnih životnih vrednota, razvitka i unapređenja duhovnosti i kršćanskog svjetonazora, pomoći potrebitima, humanitarnom djelovanju i razvoju društvenog poduzetništva.",GRAĐANI – OPĆA POPULACIJA,"[""3.2.1. Promicanje duhovnih aktivnosti"", ""11.3.5. Ostale djelatnosti humanitarne pomoći"", ""4.11. Ostale djelatnosti iz područja gospodarstva""]",https://banovac.mfin.hr/rnoprt/Details?handler=Details&id=54799,"[""datagovhr:registar-udruga""]"
933,riznica-rijeci-tugare-4630,Riznica Riječi,Riznica Riječi,,registar-udruga,241689,17006366,95473894630,AKTIVAN,,2021-05-04,2021-01-25,UDRUGA,glazba,niska,2.5,"[""opis:vjernici"", ""opis:duhovnost"", ""djelatnost:3.3.""]","Pasike 17, Tugare",Pasike,17,Tugare,Tugare,Omiš,Splitsko-dalmatinska,21252,,43.47221164,16.6471809,dgu-adresa,Splitsko-makarska Nadbiskupija,derivirano-crkve.domovina.ai,,,,,,Nataša Bulić,Predsjednica Udruge,"Ciljevi Udruge usklađeni su sa ciljevima Europske unije i nacionalne strategije za održivi razvoj te sukladni programu Ujedinjenih naroda (UNEP). Njegovanje i osnaživanje svijesti o materijalnoj, nematerijalnoj  kulturnoj i duhovnoj baštini, umjetnosti, običajima uz jedinstvenu interpretaciju povijesti, predaja i tradicije s ciljem da se bolje razumiju zadanosti današnjice, te da se primjereno odgovori na izazove budućnosti. Zauzimanje za interese područja s bogatim kulturno-povijesnim nasljeđem. Istraživanje, prikupljanje i analiza podataka s ciljem osmišljavanja projekata s područja održivog razvoja i kulture, pružanja pravilno raspodijeljene socioekonomske koristi svim sudionicima. Projekti bi uključivali socijalne usluge lokalnim zajednicama poštujući njihovo povijesno naslijeđe, autentičnu kulturu i tradiciju, ekološke procese, biološku raznolikost i sustave koji podržavaju opstanak stvarajući nove vrijednosti. Osigurati alate, procese i edukaciju za sigurnu provedbu projekata, jamstvo za podizanje svijesti zajednice, bolje razumijevanje i osobni doživljaj posjetitelja koji ga uključuje u procese očuvanja baštinske vrijednosti. Osigurati dostupnost projekta svima, bez diskriminacije na bilo kojoj osnovi. Okupiti, educirati i umrežiti lokalne zajednice sa strukovnim i znanstvenim zajednicama s ciljem transfera znanja, osnaživanja procesa planiranja i donošenja odluka o upravljanju, budućem razvoju na njihovom području i suradnji s ostalim sudionicima. Povezivanje jamči poboljšanu kvalitetu života i održivost u lokalnim zajednicama, očuvanje krajobraza, kako urbanog tako i ruralnog te implementaciju novih vrijednosti izbjegavajući bilo koji oblik društvenog iskorištavanja. Uspostava međunarodne i nacionalne suradnje kroz umrežavanje znanstvenih i strukovnih institucija sa lokalnim zajednicama na području zaštite identiteta kroz očuvanje spomenika, područja, jezika, pisma, kulturnog naslijeđa, narodnih običaja i folklora, promidžba hrvatskog kulturno-povijesnog naslijeđa, razmjena iskustva o svim aspektima zaštite i očuvanja kulturno-povijesnog naslijeđa, promicanje zakone koji bi zaštitili kulturno-povijesno naslijeđe te podizanje javne svijesti o važnosti i vrijednosti hrvatskog kulturno-povijesnog naslijeđa s naglaskom na: njegovanje i promicanje ideje o kulturnom identitetu kao neizostavnom dijelu ukupnoga identiteta pojedinca, zajednice i društva, njegovanje i promicanje kulture pismenosti i pisane kulture kao temeljnih nositelja kulturnoga identiteta pojedinca, zajednice i društva, njegovanje i osnaživanje svijesti o pismenosti kao jednoj od određujućih karakteristika ljudskoga roda, sredstvu rasta, napretka i osnaživanja pojedinaca, zajednica i društva u cjelini, prenositeljici i čuvarici cjelokupnoga sjećanja i znanja čovječanstva koja nadilazi prostor i vrijeme, interpretiranje i promicanje pisane kulture kao univerzalne vrijednosti i najdostupnijeg tipa kulturnog uzdizanja, interpretiranje i promicanje povijesti hrvatske pismenosti u njezinu europskom i svjetskom kontekstu, interpretiranje i promicanje univerzalnoga, jedinstvenoga i svevremenoga u povijesnim ostvarajima hrvatske pisane kulture, podrška široj zajednici u prepoznavanju vrijednosti pisane kulture i kulture pismenosti te njihova potencijala u javnom djelovanju, ponajprije u obrazovnim, turističkim, ekološkim i umjetničkim programima. Oblikovanje multimedijalnih alata za interpretaciju duhovne, kulturne i povijesne baštine posredstvom suvremenih tehnologija ,fotografije i filmskih uradaka koji propituju i aktualiziraju određene povijesne, kulturne i baštinske teme.","AKADEMSKA ZAJEDNICA, BRANITELJI - VETERANI, CIVILNI INVALIDI RATA, CIVILNI STRADALNICI, DAROVITA DJECA I MLADI, DJECA - OPĆA POPULACIJA, DJECA BEZ ODGOVARAJUĆE RODITELJSKE SKRBI, DJECA DO 14 GODINA, DJECA IZ OBITELJI KORISNIKA SUSTAVA SOCIJALNE SKRBI, DJECA OD 14 DO 18 GODINA, DJECA RATNIH STRADALNIKA, DJECA S POREMEĆAJIMA U PONAŠANJU, DJECA S TEŠKOĆAMA U RAZVOJU, DJECA U RIZIKU OD SOCIJALNE ISKLJUČENOSTI, GLUHE OSOBE, GLUHONIJEME OSOBE, GRAĐANI – OPĆA POPULACIJA, INVALIDI DOMOVINSKOG RATA, INVALIDI RADA, IZVIĐAČI, JEDNO RODITELJSKE OBITELJI, LJUBITELJI ŽIVOTINJA, NACIONALNE MANJINE, NAVIJAČKE SKUPINE, NEZAPOSLENI, OBITELJI, OBITELJI BRANITELJA, OBITELJI S TROJE I VIŠE DJECE, ODGOJNO-OBRAZOVNE USTANOVE, ODGOJNO-OBRAZOVNI DJELATNICI, OPĆA POPULACIJA PACIJENATA, OSOBE KOJE BOLUJU OD KRONIČNIH BOLESTI, OSOBE S INTELEKTUALNIM TEŠKOĆAMA, OSOBE S INVALIDITETOM, OSOBE STARIJE ŽIVOTNE DOBI, OSOBE U RIZIKU OD SIROMAŠTVA I SIROMAŠNE OSOBE, OVISNICI I LIJEČENI OVISNICI, POLICIJSKI SLUŽBENICI, POLJOPRIVREDNICI I RIBARI, POSLODAVCI, POSLOVNE ORGANIZACIJE, POTROŠAČI, POVRATNICI U PORATNA PODRUČJA, PRAVOSUDNI DJELATNICI, PREDSTAVNICI MEDIJA, RATNI STRADALNICI, RATNI VETERANI, REGIONALNA ILI LOKALNA SAMOUPRAVA, RODITELJI, RODITELJI DJECE S TEŠKOĆAMA U RAZVOJU, RURALNO STANOVNIŠTVO, SPORTAŠI, SPORTSKI DJELATNICI, STANOVNICI POSLIJERATNIH ZAJEDNICA, TIJELA DRŽAVNE UPRAVE, TRUDNICE, TURISTI, TURISTIČKI DJELATNICI, UDRUGE I GRAĐANSKE INICIJATIVE, UMIROVLJENICI, USTANOVE SOCIJALNE SKRBI, UČENICI, VOLONTERI, ZATVORENICI I BIVŠI ZATVORENICI, ZDRAVSTVENE USTANOVE, ŽENE, ŽENE PODUZETNICE, ŽENE PRIPADNICE NACIONALNIH MANJINA, ŽENE RURALNIH PODRUČJA, ŽRTVE I SVJEDOCI RATNIH ZLOČINA, ŽRTVE KATASTROFA","[""6.2.5. Inovativne izvedbene umjetničke prakse"", ""6.2.2. Plesne umjetnosti"", ""8.4. Ostale djelatnosti iz područja međunarodne suradnje"", ""6.1.4. Arhivska djelatnost"", ""6.3.8. Ostale djelatnosti vizualne umjetnosti"", ""11.1.4. Pomoć i podrška mladima"", ""6.1.1. Zaštita i očuvanje materijalnih kulturnih dobara"", ""11.2.7. Smještaj"", ""11.2.14. Pomoć i podrška u vlastitom domu i zajednici"", ""11.2.4. Rana intervencija"", ""9.1.1. Razvoj i promicanje odgoja i obrazovanja"", ""9.1.8. Odgoj i obrazovanje za zaštitu i promicanje povijesno-kulturne baštine i nacionalnoga identiteta"", ""9.1.3. Izvaninstitucionalni odgoj i obrazovanje"", ""15.1.2. Očuvanje prirodne baštine"", ""7.10. Njegovanje zavičajnog identiteta"", ""10.1.3. LEADER pristup razvoju ruralnih područja"", ""11.1.1. Pomoć i podrška starijim osobama"", ""6.7. Strukovne udruge u kulturi i umjetnosti"", ""13.3. Informatika i računalstvo"", ""2.13. Razvoj lokalne zajednice"", ""6.1.6. Zaštita kulturnih krajolika"", ""3.3. Ostale djelatnosti iz područja duhovnosti"", ""11.1.11. Ostala djelatnosti socijalne pomoći i podrške"", ""11.2.6. Boravak"", ""15.5. Ostale djelatnosti iz područja zaštite okoliša i prirode"", ""6.3.7. Manifestacije vizualnih umjetnosti"", ""6.4.5. Literarni amaterizam"", ""14.5. Ostale djelatnosti u području zaštite zdravlja"", ""10.1.5. Zaštita javnih dobara u ruralnim područjima"", ""9.1.10. Međunarodna suradnja i mobilnost u obrazovanju"", ""15.1.3. Ostale djelatnosti očuvanja prirode"", ""6.4.1. Književno stvaralaštvo"", ""11.1.2. Pomoć i podrška osobama s invaliditetom"", ""13.6.1. Neprofesijska filmska djelatnost"", ""6.6. Medijska kultura"", ""6.2.4. Kulturno-umjetnički (glazbeni i scenski) amaterizam"", ""6.1.8. Općekulturna (kulturološka) djelatnost"", ""9.1.12. Ostale djelatnosti odgoja i obrazovanja"", ""9.1.7. Poticanje kreativnosti i stvaralaštva u odgoju i obrazovanju"", ""6.1.9. Ostale djelatnosti kulturne baštine"", ""6.2.6. Glazbene i scenske manifestacije i festivali"", ""7.6. Vjerska prava i slobode"", ""11.2.13. Organiziranje slobodnih aktivnosti"", ""6.4.7. Ostale književno-nakladničke djelatnosti"", ""11.2.1. Savjetovanje i pomaganje"", ""2.1. Obrazovanje za demokratsko građanstvo"", ""6.3.3. Fotografska umjetnost"", ""6.3.2. Dizajn i arhitektura"", ""6.1.3. Arheološka (kopnena i podvodna) djelatnost"", ""6.1.2. Konzervatorsko-restauratorska djelatnost"", ""11.1.3. Pomoć i podrška djeci"", ""6.2.1. Dramske umjetnosti"", ""13.6.4. Podvodna fotografija"", ""6.2.3. Glazba i glazbeno-scenske umjetnosti"", ""13.6.3. Neprofesijska fotografska djelatnost"", ""11.1.5. Pomoć i podrška osobama u riziku od siromaštva i socijalne isključenosti"", ""11.1.6. Pomoć i podrška nezaposlenima"", ""11.2.3. Psihosocijalna podrška"", ""10.2.5. Zaštita javnih dobara u urbanim područjima"", ""11.2.17. Ostale djelatnosti socijalnih usluga"", ""10.1.6. Ostale djelatnosti razvoja ruralnih područja"", ""6.1.7. Zaštita i očuvanje nematerijalnih kulturnih dobara"", ""9.1.11. Strukovne udruge u odgoju i obrazovanju"", ""2.6. Interkulturalni dijalog"", ""11.2.16. Osobna asistencija"", ""13.6.2. Neprofesijska video djelatnost"", ""9.1.9. Odgoj i obrazovanje za održivi razvoj, zdrave načine života i očuvanje prirode"", ""9.3. Ostale djelatnosti iz područja obrazovanja, znanosti i istraživanja"", ""11.2.15. Rehabilitacija"", ""6.3.4. Djelatnost umjetničkih obrta"", ""11.2.5. Pomoć pri uključivanju u programe odgoja i redovitog obrazovanja (integracija)"", ""2.5. Promicanje društvene solidarnosti"", ""8.2. Međunarodna humanitarna pomoć"", ""9.1.4. Potpora obrazovanju djece i mladih s posebnim potrebama"", ""2.2. Promicanje nenasilja i izgradnja mira"", ""14.4. Strukovne udruge u području zaštite zdravlja"", ""10.1.4. Ostale aktivnosti vezane za razvoj ruralnih područja"", ""11.2.2. Pomoć u kući"", ""11.2.12. Skraćeni boravak, igraonice, radionice, klubovi"", ""11.1.7. Pomoć i podrška obitelji"", ""11.2.8. Organizirano stanovanje"", ""13.6.5. Ostale audiovizualne tehničke djelatnosti"", ""10.1.1. Edukacija za održivi razvoj ruralnih područja"", ""8.3. Međunarodna prijateljstva"", ""6.2.7. Ostale djelatnosti izvedbene umjetnosti"", ""9.1.5. Odgoj i obrazovanje za aktivno sudjelovanje u razvoju demokratske kulture"", ""6.1.5. Muzejska djelatnost"", ""9.1.2. Cjeloživotno učenje i obrazovanje odraslih"", ""10.1.2. Planiranje razvoja ruralnih područja"", ""15.1.1. Očuvanje posebno vrijednih prirodnih područja i drugih prostora"", ""6.9. Ostale djelatnosti iz područja kulture i umjetnosti"", ""15.3. Energetska učinkovitost i obnovljivi izvori energije"", ""9.1.6. Odgoj i obrazovanje za zaštitu i promicanje ljudskih prava"", ""4.9. Ugostiteljstvo"", ""4.7. Trgovina"", ""4.8. Turizam""]",,"[""datagovhr:registar-udruga""]"
141,sathya-sai-centar-tuskanac-zagreb-2688,"SATHYA SAI CENTAR ""TUŠKANAC"" ZAGREB","Sathya Sai Centar ""Tuškanac"" Zagreb",,registar-udruga,2688,21000326,,BRISAN,2001-12-31,1998-01-12,1992-07-16,UDRUGA,glazba,niska,2.5,"[""opis:duhovnost"", ""djelatnost:3.1.1.""]","Tuškanac 56b, Zagreb",Tuškanac,56b,Zagreb,Zagreb,Grad Zagreb,Grad Zagreb,10000,,45.8286831,15.97299748,dgu-adresa,Zagrebačka Nadbiskupija,derivirano-crkve.domovina.ai,,,,,,Jelena Posavec,Predsjednik Udruge,,,"[""3.1.1. HUMANITARNA (uz suglasnost Ministarstva rada i soc. skrbi)""]",,"[""datagovhr:registar-udruga""]"
931,sedam-smjerova-zagreb-3186,SEDAM SMJEROVA,Sedam Smjerova,7 SMJEROVA,registar-udruga,229056,21013799,63969083186,AKTIVAN,,2020-01-18,2020-01-18,UDRUGA,glazba,niska,2.5,"[""opis:duhovnost"", ""djelatnost:3.2.2."", ""djelatnost:3.1.2."", ""djelatnost:3.2.1.""]","KRALJEVEC 15, Zagreb",KRALJEVEC,15,Zagreb,Zagreb,Grad Zagreb,Grad Zagreb,10163,,45.82812507,15.96739337,dgu-ulica-fuzzy,Zagrebačka Nadbiskupija,derivirano-crkve.domovina.ai,,,,,,Davor Salvador,Dopredsjednik,"Poticanje osobnog rasta i razvoja zajednice, očuvanje i prenošenje tradicionalnih duhovnih spoznaja i načina liječenja, zaštita okoliša i prirode, kulturno-umjetničko izražavanje, te međukulturalna suradnja u Republici Hrvatskoj i inozemstvu sukladno pravnom poretku dotične države.","DJECA - OPĆA POPULACIJA, GRAĐANI – OPĆA POPULACIJA, MLADI - OPĆA POPULACIJA, UDRUGE I GRAĐANSKE INICIJATIVE, VOLONTERI","[""8.1.10. Ostale djelatnosti razvojne suradnje"", ""8.4. Ostale djelatnosti iz područja međunarodne suradnje"", ""15.5. Ostale djelatnosti iz područja zaštite okoliša i prirode"", ""10.4. Ostale djelatnosti iz područja održivog razvoja"", ""3.2.2. Poticanje osobnog razvoja"", ""6.2.6. Glazbene i scenske manifestacije i festivali"", ""6.8.1. Interdisciplinarne kulturno-umjetničke prakse"", ""6.1.8. Općekulturna (kulturološka) djelatnost"", ""3.1.2. Promocija i izgradnja međuvjerničkog dijaloga"", ""3.2.1. Promicanje duhovnih aktivnosti"", ""6.8.2. Intersektorske kulturno-umjetničke aktivnosti""]",,"[""datagovhr:registar-udruga""]"
1075,srcokret-fest-sibenik-4279,SRCOKRET FEST,Srcokret Fest,SRCOKRET,registar-udruga,267886,15001777,13791144279,AKTIVAN,,2024-05-07,2024-04-24,UDRUGA,glazba,niska,2.5,"[""opis:krscanski"", ""opis:duhovnost"", ""djelatnost:3.2.2."", ""djelatnost:3.2.3."", ""djelatnost:3.2.1.""]","Trg kralja Držislava 4, Šibenik",Trg kralja Držislava,4,Šibenik,Šibenik,Šibenik,Šibensko-kninska,22000,,43.73488921,15.89267302,dgu-adresa,Šibenska Biskupija,derivirano-crkve.domovina.ai,master-office@ou-avdagic.hr,,098-190-6359,+385981906359,,Jasmin Avdagić,Predsjednik Udruge,"Organiziranje regionalnog festivala za mlade, poticanje kršćanskih vrijednosti i kršćanske etike, vjerska prava i slobode, obiteljski sklad, razvijanje suradnje i tolerancije između građana različitih autentičnih kršćanskih uvjerenja, preventivnog djelovanja i unapređenja i zaštite zdravlja; organiziranje i provođenje sportskih priredbi, promicanje kulture i umjetnosti, međunarodne suradnje, odgoja i obrazovanja, očuvanje prirode i zaštita okoliša.","MLADI - OPĆA POPULACIJA, STUDENTI","[""3.2.2. Poticanje osobnog razvoja"", ""3.2.3. Ostale duhovne djelatnosti"", ""6.2.5. Inovativne izvedbene umjetničke prakse"", ""6.2.1. Dramske umjetnosti"", ""8.3. Međunarodna prijateljstva"", ""6.2.6. Glazbene i scenske manifestacije i festivali"", ""6.2.3. Glazba i glazbeno-scenske umjetnosti"", ""3.2.1. Promicanje duhovnih aktivnosti"", ""6.2.4. Kulturno-umjetnički (glazbeni i scenski) amaterizam"", ""6.2.2. Plesne umjetnosti""]",https://banovac.mfin.hr/rnoprt/Details?handler=Details&id=61991,"[""datagovhr:registar-udruga""]"
105,srpsko-kulturno-umjetnicko-i-duhovno-drustvo-durdevdan-u-dreznici-dreznica-1458,"SRPSKO KULTURNO-UMJETNIČKO I DUHOVNO DRUŠTVO ""ĐURĐEVDAN"" U DREŽNICI","Srpsko Kulturno-umjetničko i Duhovno Društvo ""Đurđevdan"" u Drežnici",,registar-udruga,5129,04000537,02244961458,AKTIVAN,,1999-01-13,1998-11-22,UDRUGA,kultura,niska,2.5,"[""naziv:duhovnost"", ""opis:duhovnost"", ""djelatnost:3.2.1.""]","Drežnica  16d, Drežnica",Drežnica,16d,Drežnica,Drežnica,Ogulin,Karlovačka,47300,,45.13753502,15.09226095,dgu-adresa,Gospićko-senjska Biskupija,derivirano-crkve.domovina.ai,,,099 2121 059,+385992121059,,Branka Radulović,Predsjednica Društva,"obnova i razvoj kulturnog i kulturno-duhovnog života u mjestu Drežnici i drugim mjestima gdje udruga ima svoje ustrojstvene oblike;razvijanje kulturnog amaterizma, posebno kod djece i omladine; uređenje objekata i prostora za kulturno-umjetničke, duhovne i sportske aktivnosti te razonodu i druženje; uređenje prostorija za svoje članove; prikupljanje, izučavanje i unapređenje kulturno povijesne građe; očuvanje i uređenje kulturno-duhovnih i povijesnih objekata i spomenika i spomen obilježja.",NACIONALNE MANJINE,"[""3.2.1. Promicanje duhovnih aktivnosti"", ""6.1.7. Zaštita i očuvanje nematerijalnih kulturnih dobara"", ""7.6. Vjerska prava i slobode"", ""7.9. Zaštita prava nacionalne manjine"", ""12.8. Organiziranje i razvijanje sportskih udruga i sportskih djelatnosti""]",https://banovac.mfin.hr/rnoprt/Details?handler=Details&id=4657,"[""datagovhr:registar-udruga""]"
910,savez-za-poljica-donje-sitno-0535,Savez za Poljica,Savez za Poljica,Poljica,registar-udruga,208359,17005796,18046330535,AKTIVAN,,2018-01-09,2017-11-24,UDRUGA,molitvena,niska,2.5,"[""opis:zupa"", ""opis:duhovnost"", ""djelatnost:3.3.""]","Hrvatskih dragovoljaca  49, Donje Sitno",Hrvatskih dragovoljaca,49,Donje Sitno,Donje Sitno,Split,Splitsko-dalmatinska,21312,,43.50685472,16.59637526,dgu-adresa,Splitsko-makarska Nadbiskupija,derivirano-crkve.domovina.ai,zoran.mihanovic@yahoo.com,https://poljica.hr,098 9243 108,+385989243108,,Dušan Karaman,Predsjednik Udruge,"Glavni ciljevi Udruge su:

- reafirmacija, ustroj i brendiranje Poljica u statusu suvremene hrvatske povijesne regije ili u nekoj drugoj odgovarajućoj pravnoj formi,
- zaštita, očuvanje i promicanje sveukupnog poljičkog identiteta (kulturnog, povijesnog i tradicijskog) te stvaranje pretpostavki za očuvanje prostorne i razvojne cjelovitosti Poljica u granicama nekadašnje Poljičke knežije, općine, župe ili republike zapisanima u Poljičkom statutu,
- demokratski dijalog sa svim dionicima poljičkog civilnog društva (javnim, privatnim i građanskim sektorom) te Poljicima nadležnim jedinicama lokalne samouprave u cilju njihova umrežavanja u jedinstveni proces revitalizacije Poljica kroz društveno (socijalno) poduzetništvo u svrhu unaprijeđenja kvalitete življenja i održivog razvoja, uz puno uvažavanje sveukupnog poljičkog tradicijskog naslijeđa,
- suradnja s kulturnim, znanstvenim, umjetničkim i drugim programski srodnim udrugama i institucijama na projektima od zajedničkog interesa,
- zaštita i očuvanje prirodnih resursa i promicanje ekoloških vrijednosti,
- promicanje i zaštita temeljnih ljudskih prava i sloboda,
- promicanje duhovnih djelatnosti,
- promicanje vrijednosti humanitarnog djelovanja,
- socijalna pomoć i podrška,
- prodaja roba i usluga,
- održivi turizam,
- poticanje i razvijanje drugih razvojnih i društvenih djelatnosti koje mogu pomoći općem napretku Poljica i šire zajednice.","GRAĐANI – OPĆA POPULACIJA, LOKALNA I REGIONALNA SAMOUPRAVA, MALI I SREDNJI PODUZETNICI I OBRTNICI, MLADI - OPĆA POPULACIJA, NEZAPOSLENI, OBITELJI, ODGOJNO-OBRAZOVNE USTANOVE, OSTALI, POSLODAVCI, POSLOVNE ORGANIZACIJE, PREDSTAVNICI MEDIJA, RODITELJI, TIJELA DRŽAVNE UPRAVE, TURISTI, TURISTIČKI DJELATNICI, UDRUGE I GRAĐANSKE INICIJATIVE, USTANOVE SOCIJALNE SKRBI, VOLONTERI","[""6.4.6. Književno-nakladničke manifestacije"", ""6.4.3. Nakladnička i knjižarska djelatnost"", ""2.13. Razvoj lokalne zajednice"", ""2.12. Razvoj civilnoga društva"", ""15.3. Energetska učinkovitost i obnovljivi izvori energije"", ""12.4.5. Organiziranje sportsko rekreacijskih natjecanja i sportsko rekreativnih edukativnih projekata i programa"", ""6.1.6. Zaštita kulturnih krajolika"", ""6.1.8. Općekulturna (kulturološka) djelatnost"", ""8.1.8. Zaštita okoliša i prirode"", ""6.1.1. Zaštita i očuvanje materijalnih kulturnih dobara"", ""15.1.2. Očuvanje prirodne baštine"", ""4.6.1. Promicanje razvoja socijalnog poduzetništva"", ""6.1.4. Arhivska djelatnost"", ""10.1.3. LEADER pristup razvoju ruralnih područja"", ""6.8.3. Interaktivni mediji"", ""2.14.1. Proizvodnja medijskih sadržaja"", ""7.10. Njegovanje zavičajnog identiteta"", ""6.2.6. Glazbene i scenske manifestacije i festivali"", ""10.1.2. Planiranje razvoja ruralnih područja"", ""8.3. Međunarodna prijateljstva"", ""10.1.1. Edukacija za održivi razvoj ruralnih područja"", ""10.3.2. Održivi turizam"", ""10.1.5. Zaštita javnih dobara u ruralnim područjima"", ""6.3.7. Manifestacije vizualnih umjetnosti"", ""9.2.13. Umrežavanje i međunarodna znanstvena i stručna suradnja"", ""6.5.1. Filmska i video djelatnost"", ""6.2.4. Kulturno-umjetnički (glazbeni i scenski) amaterizam"", ""3.3. Ostale djelatnosti iz područja duhovnosti"", ""6.1.7. Zaštita i očuvanje nematerijalnih kulturnih dobara"", ""15.1.1. Očuvanje posebno vrijednih prirodnih područja i drugih prostora"", ""12.9. Promocija sporta i zdravog načina življenja""]",https://banovac.mfin.hr/rnoprt/Details?handler=Details&id=53777,"[""datagovhr:registar-udruga""]"
380,templarski-red-sv-marije-ordo-templi-sct-mariae-velika-gorica-6999,TEMPLARSKI RED SV. MARIJE - ORDO TEMPLI SCT. MARIAE,Templarski Red sv. Marije - Ordo Templi Sct. Mariae,TEMPLARSKI RED SV. MARIJE - OTSM,registar-udruga,55593,21008861,53881696999,AKTIVAN,,2011-11-14,2011-09-26,UDRUGA,glazba,niska,2.5,"[""naziv:svetac"", ""opis:krscanski"", ""opis:duhovnost""]","Ulica kralja Dmitrije Zvonimira 13, Velika Gorica",Ulica kralja Dmitrije Zvonimira,13,Velika Gorica,Velika Gorica,Velika Gorica,Zagrebačka,10410,,45.7181799,16.07421471,dgu-adresa,Zagrebačka Nadbiskupija,derivirano-crkve.domovina.ai,s-drazen@hotmail.com,https://www.ordo-templi.com,098-240-300,+38598240300,,Mladen Lalić,Dopredsjednik,"Udruga je osnovana u cilju promicanja saznanja o povijesti i kulturi Templara posebno na području Republike Hrvatske, te očuvanja povijesne, kulturne i prirodne baštine Republike Hrvatske.",GRAĐANI – OPĆA POPULACIJA,"[""9.2.10. Organizacija domaćih i međunarodnih znanstvenih i znanstvenostručnih skupova, škola, kongresa i seminara"", ""6.1.9. Ostale djelatnosti kulturne baštine"", ""6.1.7. Zaštita i očuvanje nematerijalnih kulturnih dobara"", ""6.1.1. Zaštita i očuvanje materijalnih kulturnih dobara"", ""6.9. Ostale djelatnosti iz područja kulture i umjetnosti"", ""11.3.5. Ostale djelatnosti humanitarne pomoći"", ""6.2.6. Glazbene i scenske manifestacije i festivali""]",https://banovac.mfin.hr/rnoprt/Details?handler=Details&id=46924,"[""datagovhr:registar-udruga""]"
753,udruga-mjuzikids-umag-umago-0551,"UDRUGA ""MJUZIKIDS""","Udruga ""Mjuzikids""","""MJUZIKIDS""",registar-udruga,37776,21004228,34254280551,AKTIVAN,,2005-08-30,2005-06-12,UDRUGA,glazba,niska,2.5,"[""opis:krscanski"", ""opis:duhovnost"", ""djelatnost:3.3."", ""djelatnost:3.2.1.""]","Motovunska 15, Umag - Umago",Motovunska,15,Umag - Umago,Umag - Umago,Umag - Umago,Istarska,52470,,45.4439943,13.51848265,dgu-adresa,Biskupija Porečka i Pulska,derivirano-crkve.domovina.ai,mjuzikids@gmail.com,https://mjuzikids.com,01 3435 420,+38513435420,,Frank Hartmut Bosch,Predsjednik,"Ciljevi udruge supromicanje, potpore i njegovanja poruke Evanđelja i biblijskih vrijednosti kao i ostalih kulturnih, moralnih i socijalnih vrijednosti u društvu.","GRAĐANI – OPĆA POPULACIJA, MLADI - OPĆA POPULACIJA","[""3.3. Ostale djelatnosti iz područja duhovnosti"", ""3.2.1. Promicanje duhovnih aktivnosti""]",https://banovac.mfin.hr/rnoprt/Details?handler=Details&id=22011,"[""datagovhr:registar-udruga""]"
1201,udruga-pjevacko-drustvo-sv-mateja-u-tovarniku-9566,"UDRUGA ""PJEVAČKO DRUŠTVO sv.MATEJA"" U TOVARNIKU","UDRUGA ""PJEVAČKO DRUŠTVO sv.MATEJA"" U TOVARNIKU",PJEVAČKO DRUŠTVO sv. MATEJA,registar-udruga,42327,16001186,66285719566,BRISAN,2019-03-18,2007-05-18,2007-04-27,UDRUGA,glazba,niska,2.5,"[""naziv:svetac"", ""opis:krscanski"", ""opis:crkva"", ""opis:duhovnost"", ""opis:-protestant""]","Vlč. Ivana Burika 7, Tovarnik",Vlč. Ivana Burika,7,Tovarnik,Tovarnik,Tovarnik,Vukovarsko-srijemska,32249,,45.16353483,19.15160107,dgu-adresa,Đakovačko-osječka Nadbiskupija,derivirano-crkve.domovina.ai,,,,,,Ljubica Vrančić,Predsjednica Izvršnog Odbora,,,"[""8.99.99. OSTALE KULTURNE DJELATNOSTI""]",,"[""datagovhr:registar-udruga""]"
961,udruga-radost-za-duhovni-samorazvoj-zagreb-2635,"UDRUGA ""RADOST"" ZA DUHOVNI SAMORAZVOJ","Udruga ""Radost"" za Duhovni Samorazvoj","UDRUGA ""RADOST""",registar-udruga,244851,21014272,71611962635,AKTIVAN,,2022-05-02,2022-03-31,UDRUGA,mediji,niska,2.5,"[""naziv:duhovnost"", ""opis:duhovnost"", ""djelatnost:3.2.3."", ""djelatnost:3.3."", ""djelatnost:3.2.1."", ""djelatnost:3.2.2.""]","Ulica Božidara Magovca 60, Zagreb",Ulica Božidara Magovca,60,Zagreb,Zagreb,Grad Zagreb,Grad Zagreb,10010,,45.77150962,16.00293152,dgu-adresa,Zagrebačka Nadbiskupija,derivirano-crkve.domovina.ai,damirian.janekovic@gmail.com,,098-305-345,+38598305345,,Damirian Janeković,Predsjednik,"Udruga je osnovana u cilju da potiče osobni duhovni razvoj i promiče duhovnu aktivnost opće populacije građana ostvarivanjem projekata koji imaju za cilj pomagati na zaštiti i unapređenju kvalitete života, žaštiti prirode i tome slično.","GRAĐANI – OPĆA POPULACIJA, MLADI - OPĆA POPULACIJA","[""3.2.3. Ostale duhovne djelatnosti"", ""3.3. Ostale djelatnosti iz područja duhovnosti"", ""3.2.1. Promicanje duhovnih aktivnosti"", ""3.2.2. Poticanje osobnog razvoja""]",https://banovac.mfin.hr/rnoprt/Details?handler=Details&id=60049,"[""datagovhr:registar-udruga""]"
857,udruga-reiom-za-duhovni-razvoj-pula-9003,"UDRUGA ""REIOM"" ZA DUHOVNI RAZVOJ","Udruga ""Reiom"" za Duhovni Razvoj","""REIOM""",registar-udruga,212749,18003227,86406449003,BRISAN,2024-09-25,2018-10-10,2018-03-10,UDRUGA,ostalo,niska,2.5,"[""naziv:duhovnost"", ""opis:duhovnost"", ""djelatnost:3.2.2."", ""djelatnost:3.2.1.""]","Buonarrotijeva 3, Pula",Buonarrotijeva,3,Pula,Pula,Pula - Pola,Istarska,52100,,44.85757079,13.84486366,dgu-adresa,Biskupija Porečka i Pulska,derivirano-crkve.domovina.ai,paola.reiom@gmail.com,,098-527-067,+38598527067,,Paola Steblaj,Predsjednik,"poticanje osobnog duhovnog razvoja; osvješćavanje i promicanje fizičkog, mentalnog i emocionalnog zdravlja čovjeka.",GRAĐANI – OPĆA POPULACIJA,"[""3.2.2. Poticanje osobnog razvoja"", ""3.2.1. Promicanje duhovnih aktivnosti""]",https://banovac.mfin.hr/rnoprt/Details?handler=Details&id=54905,"[""datagovhr:registar-udruga""]"
760,udruga-snaga-za-zivot-zagreb-3707,"UDRUGA ""SNAGA ZA ŽIVOT""","Udruga ""Snaga za Život""",SNAGA ZA ŽIVOT,registar-udruga,33461,21003086,13062943707,AKTIVAN,,2003-07-31,2003-06-13,UDRUGA,obitelj,niska,2.5,"[""opis:pokret"", ""opis:duhovnost"", ""djelatnost:3.3.""]","Korenova ulica 13, Zagreb",Korenova ulica,13,Zagreb,Zagreb,Grad Zagreb,Grad Zagreb,10040,,45.85661269,16.07253384,dgu-adresa,Zagrebačka Nadbiskupija,derivirano-crkve.domovina.ai,drazen.snaga@gmail.com,https://www.snaga-za-zivot.hr,01-2985-225,+38512985225,,Dražen Bušić,Predsjednik,"Ciljevi udruge su promicanje duhovne obnove i moralne obnove osoba, obitelji i društva.","DJECA - OPĆA POPULACIJA, JEDNO RODITELJSKE OBITELJI, MLADI - OPĆA POPULACIJA, RODITELJI, STUDENTI, TRUDNICE, UČENICI, ŽENE, ŽRTVE NASILJA","[""14.5. Ostale djelatnosti u području zaštite zdravlja"", ""11.2.1. Savjetovanje i pomaganje"", ""3.3. Ostale djelatnosti iz područja duhovnosti"", ""9.1.1. Razvoj i promicanje odgoja i obrazovanja"", ""1.1.1. Promicanje vrijednosti Domovinskog rata"", ""6.5.1. Filmska i video djelatnost"", ""6.4.4. Novinsko-nakladnička djelatnost""]",https://banovac.mfin.hr/rnoprt/Details?handler=Details&id=18921,"[""datagovhr:registar-udruga""]"
338,udruga-sveti-antun-batrina-3960,"UDRUGA ""SVETI ANTUN"" BATRINA","Udruga ""Sveti Antun"" Batrina",,registar-udruga,54343,12001356,54313773960,AKTIVAN,,2011-06-03,2011-04-02,UDRUGA,glazba,niska,2.5,"[""naziv:svetac"", ""opis:crkva"", ""opis:svetac""]","Ante Starčevića 3, Batrina",Ante Starčevića,3,Batrina,Batrina,Nova Kapela,Brodsko-posavska,35410,,45.1874335,17.66302157,dgu-adresa,Požeška Biskupija,derivirano-crkve.domovina.ai,udrugasvetiantun@gmail.com,,035/384-162,+38535384162,,Dražen Grozdanović,Predsjednik Udruge,"Istraživanje, zaštita i promicanje kulturološke, običajne (glazbene, pučke i crkvene) baštine, zaštita i promocija pučkih gospodarskih aktivnosti, promicanje i zaštita ruralnog prostora, te promocija istoga u svrhu općeg razvoja.","DAROVITA DJECA I MLADI, DJECA - OPĆA POPULACIJA, GRAĐANI – OPĆA POPULACIJA, MLADI - OPĆA POPULACIJA, VOLONTERI","[""20.99.99. OSTALE DJELATNOSTI""]",https://banovac.mfin.hr/rnoprt/Details?handler=Details&id=40049,"[""datagovhr:registar-udruga""]"
695,udruga-vela-traba-vela-traba-pazin-3214,"UDRUGA ""VELA  TRABA"" - Vela Traba","UDRUGA ""VELA TRABA"" - Vela Traba",UDRUGA ''VELA TRABA'',registar-udruga,64449,18002883,47164193214,AKTIVAN,,2014-12-19,2014-10-23,UDRUGA,glazba,niska,2.5,"[""opis:zupa"", ""opis:crkva""]","Vela Traba 17A, Pazin",Vela Traba,17A,Pazin,Pazin,Pazin,Istarska,,,45.247404033327484,13.934032955324906,naselje-teziste,Biskupija Porečka i Pulska,derivirano-crkve.domovina.ai,kpamic1960@gmail.com,,091 691 1225,+385916911225,,Kristijan Pamić,Predsjednik,Očuvanje i promicanje hrvatske kulturne baštine,"DJECA - OPĆA POPULACIJA, GRAĐANI – OPĆA POPULACIJA, MLADI - OPĆA POPULACIJA, ODGOJNO-OBRAZOVNE USTANOVE, ODGOJNO-OBRAZOVNI DJELATNICI, SPORTAŠI, STUDENTI, VOLONTERI","[""8.99.99. OSTALE KULTURNE DJELATNOSTI"", ""15.2.2. Zaštita voda i mora"", ""10.1.1. Edukacija za održivi razvoj ruralnih područja"", ""11.1.4. Pomoć i podrška mladima"", ""15.3. Energetska učinkovitost i obnovljivi izvori energije"", ""12.1. Sudjelovanje u sportskom natjecanju"", ""10.1.2. Planiranje razvoja ruralnih područja"", ""15.2.4. Podizanje svijesti i aktivnosti za smanjenje otpada i povećanje recikliranja"", ""11.1.3. Pomoć i podrška djeci"", ""12.5.2. Organiziranje sportskih edukativnih projekata i programa (kampovi, škole, priredbe, festivali, radionice) za poticanje bavljenja sportom i tjelesnim vježbanjem"", ""15.4. Zaštita životinja"", ""11.1.2. Pomoć i podrška osobama s invaliditetom"", ""12.9. Promocija sporta i zdravog načina življenja"", ""11.2.1. Savjetovanje i pomaganje"", ""12.2. Sportska priprema"", ""15.1.1. Očuvanje posebno vrijednih prirodnih područja i drugih prostora"", ""10.1.5. Zaštita javnih dobara u ruralnim područjima"", ""15.2.3. Zaštita i održivo korištenje tla"", ""15.1.2. Očuvanje prirodne baštine"", ""12.3. Sportska poduka"", ""11.1.1. Pomoć i podrška starijim osobama""]",https://banovac.mfin.hr/rnoprt/Details?handler=Details&id=50175,"[""datagovhr:registar-udruga""]"
904,udruga-zadovoljna-zena-bjelovar-6640,"UDRUGA ""ZADOVOLJNA ŽENA""","Udruga ""Zadovoljna Žena""",,registar-udruga,208148,07001520,46640226640,AKTIVAN,,2017-11-20,2017-10-27,UDRUGA,glazba,niska,2.5,"[""djelatnost:3.2.2."", ""djelatnost:3.1.1.""]","Ljudevita Jonkea 49, Bjelovar",Ljudevita Jonkea,49,Bjelovar,Bjelovar,Bjelovar,Bjelovarsko-bilogorska,43000,,45.90573208,16.84059112,dgu-adresa,Bjelovarsko-križevačka Biskupija,derivirano-crkve.domovina.ai,zadovoljna.zena.ured@gmail.com,,091 5038 476,+385915038476,,Mirela Štefinec-Plavac,Predsjednica,"- potiče sve dobne skupine žena i njihovih obitelji na volonterski rad i aktivno sudjelovanje u zajednici;
- različitim akcijama i organizacijom događanja upoznaje javnost s radom svojih članova;
- organizira i priređuje javne tribine, radionice, edukacije, predavanja, manifestacije i sportska događanja;-
upoznaje javnost sa svojim radom putem medija, društvenih mreža, izdaje publikacije i brošure sa sadržajem iz područja svojih djelatnosti:
- organizira edukacije osobnog razvoja svih dobnih skupina žena u svrhu prevencije svih oblika bolesti i ovisnosti;
- organizira aktivnost u svrhu uključivanja žena, djece i mladih u društveni, politički i kulturni život","BESKUĆNICI, BRANITELJI - VETERANI, DJECA - OPĆA POPULACIJA, GRAĐANI – OPĆA POPULACIJA, MLADI - OPĆA POPULACIJA, NACIONALNE MANJINE, OBITELJI, OPĆA POPULACIJA PACIJENATA, OSOBE S PSIHO-SOCIJALNIM TEŠKOĆAMA, OVISNICI I LIJEČENI OVISNICI, ROMI, RURALNO STANOVNIŠTVO, UMIROVLJENICI, VOLONTERI, ZATVORENICI I BIVŠI ZATVORENICI, ŽENE, ŽENE PODUZETNICE, ŽENE PRIPADNICE NACIONALNIH MANJINA, ŽENE RURALNIH PODRUČJA, ŽENE S INVALIDITETOM, ŽENE ŽRTVE OBITELJSKOG NASILJA","[""12.4.4. Organiziranje i provođenje rekreacijskog vježbanja"", ""11.1.9. Pomoć i podrška beskućnicima"", ""2.4.1. Promicanje i razvoj volonterstva"", ""7.5.2. Suzbijanje rasne diskriminacije"", ""11.2.3. Psihosocijalna podrška"", ""11.2.13. Organiziranje slobodnih aktivnosti"", ""15.1.1. Očuvanje posebno vrijednih prirodnih područja i drugih prostora"", ""15.1.2. Očuvanje prirodne baštine"", ""10.1.2. Planiranje razvoja ruralnih područja"", ""6.2.4. Kulturno-umjetnički (glazbeni i scenski) amaterizam"", ""9.1.2. Cjeloživotno učenje i obrazovanje odraslih"", ""1.1.1. Promicanje vrijednosti Domovinskog rata"", ""10.3.2. Održivi turizam"", ""6.1.7. Zaštita i očuvanje nematerijalnih kulturnih dobara"", ""15.2.4. Podizanje svijesti i aktivnosti za smanjenje otpada i povećanje recikliranja"", ""7.5.3. Zaštita prava i dostojanstva radnika"", ""15.2.1. Zaštita i održivo korištenje šuma"", ""6.3.3. Fotografska umjetnost"", ""6.3.1. Likovne umjetnosti"", ""11.1.5. Pomoć i podrška osobama u riziku od siromaštva i socijalne isključenosti"", ""11.1.1. Pomoć i podrška starijim osobama"", ""6.2.3. Glazba i glazbeno-scenske umjetnosti"", ""17.1. Ostala područja djelovanja"", ""8.1.5. Obrazovanje"", ""9.2.5. Biomedicina i zdravstvo"", ""11.3.3. Poboljšanje kvalitete života i zdravlja socijalno isključenih"", ""3.2.2. Poticanje osobnog razvoja"", ""6.1.1. Zaštita i očuvanje materijalnih kulturnih dobara"", ""7.5.10. Zaštita prava beskućnika"", ""10.1.1. Edukacija za održivi razvoj ruralnih područja"", ""8.1.6. Ravnopravnost spolova"", ""6.3.5. Likovni amaterizam"", ""6.4.5. Literarni amaterizam"", ""7.5.18. Zaštita prava na zaštitu privatnosti"", ""14.1.2. Prevencija i unapređenje zdravlja zubi"", ""12.4.3. Tjelesne aktivnosti i igre koje se organizirano izvode radi unapređenja zdravlja i rekreacije"", ""7.5.1. Ravnopravnost spolova"", ""11.2.1. Savjetovanje i pomaganje"", ""14.1.3. Prevencija i zaštita mentalnog zdravlja"", ""7.5.17. Zaštita prava spolnih i rodnih manjina"", ""6.4.1. Književno stvaralaštvo"", ""7.5.14. Zaštita prava zatvorenika"", ""8.1.4. Ljudska prava"", ""11.1.2. Pomoć i podrška osobama s invaliditetom"", ""6.2.5. Inovativne izvedbene umjetničke prakse"", ""10.2.3. Planiranje razvoja urbanih područja"", ""3.1.1. Promicanje religijske etike"", ""14.1.1. Prevencija zaraznih bolesti"", ""8.1.8. Zaštita okoliša i prirode"", ""7.5.6. Zaštita prava mladih"", ""7.5.5. Zaštita prava djece"", ""7.5.4. Zaštita obitelji"", ""6.3.7. Manifestacije vizualnih umjetnosti""]",https://banovac.mfin.hr/rnoprt/Details?handler=Details&id=53353,"[""datagovhr:registar-udruga""]"
505,udruga-zivot-bez-granica-rijeka-4426,"UDRUGA ""ŽIVOT BEZ GRANICA""","Udruga ""Život Bez Granica""",,registar-udruga,57079,08003613,05713964426,AKTIVAN,,2012-05-04,2012-03-10,UDRUGA,molitvena,niska,2.5,"[""djelatnost:3.1.1."", ""djelatnost:3.2.2.""]","Osječka  74D, Rijeka",Osječka,74D,Rijeka,Rijeka,Rijeka,Primorsko-goranska,51000,,45.34922446,14.42039295,dgu-adresa,Riječka Nadbiskupija,derivirano-crkve.domovina.ai,,,091/514-8313,+385915148313,,Maria-Luisa Ribarić Russell,Predsjednik,"Ciljevi  Udruge su razvoj civilnog društva i promicanje humanističkih vrijednosti kao temelja za osobni razvoj pojedinca i zajednice te pružanje pomoći zainteresiranim osobama u podizanju samopouzdanja, identifikaciji fizičkih, emotivnih, komunikacijskih i drugih prepreka i ograničenja u osobnom razvoju pojedinca, kako bi ostvarili svoje potencijale u različitim aspektima svog života.","DJECA - OPĆA POPULACIJA, GRAĐANI – OPĆA POPULACIJA, MLADI - OPĆA POPULACIJA","[""2.2. Promicanje nenasilja i izgradnja mira"", ""3.1.1. Promicanje religijske etike"", ""6.5.4. Audiovizualni amaterizam"", ""6.4.6. Književno-nakladničke manifestacije"", ""6.4.3. Nakladnička i knjižarska djelatnost"", ""6.6. Medijska kultura"", ""3.2.2. Poticanje osobnog razvoja"", ""2.12. Razvoj civilnoga društva"", ""6.2.4. Kulturno-umjetnički (glazbeni i scenski) amaterizam""]",https://banovac.mfin.hr/rnoprt/Details?handler=Details&id=42163,"[""datagovhr:registar-udruga""]"
920,udruga-aktivista-brdo-jesenje-gornje-jesenje-0070,"UDRUGA AKTIVISTA ""BRDO"" - JESENJE","Udruga Aktivista ""Brdo"" - Jesenje","Udr. akt. ""BRDO"" - JESENJE",registar-udruga,232606,02001520,17444750070,AKTIVAN,,2020-07-24,2020-05-15,UDRUGA,karitativna,niska,2.5,"[""opis:duhovnost"", ""djelatnost:3.1.3.""]","Gornje Jesenje 103, Gornje Jesenje",Gornje Jesenje,103,Gornje Jesenje,Gornje Jesenje,Jesenje,Krapinsko-zagorska,49233,,46.20636226,15.90774445,dgu-adresa,Varaždinska Biskupija,derivirano-crkve.domovina.ai,mirko.ranogajec0@gmail.com,,099-5706-070,+385995706070,,Mirko Ranogajec,Predsjednik,"Očuvanje tradicijskih običaja i kulturnih događanja od zaborava, obilježavanje vjerskih blagdana, druženje sa našim mještanima i njihovo poticanje na povratak, zaštita javnih dobara na našem području, održavanje čistih izvora pitke vode i prirode.","MLADI - OPĆA POPULACIJA, RURALNO STANOVNIŠTVO","[""3.1.3. Ostale religijske/vjerničke djelatnosti"", ""6.1.7. Zaštita i očuvanje nematerijalnih kulturnih dobara"", ""10.1.5. Zaštita javnih dobara u ruralnim područjima""]",https://banovac.mfin.hr/rnoprt/Details?handler=Details&id=57394,"[""datagovhr:registar-udruga""]"
516,udruga-antifasistickih-boraca-i-antifasista-crkveni-bok-opcina-sunja-crkveni-bok60-1176,UDRUGA ANTIFAŠISTIČKIH BORACA I ANTIFAŠISTA CRKVENI BOK OPĆINA SUNJA,Udruga Antifašističkih Boraca i Antifašista Crkveni Bok Općina Sunja,UABA CRKVENI BOK,registar-udruga,50044,03001576,38546761176,AKTIVAN,,2010-01-25,2009-11-07,UDRUGA,zupna,niska,2.5,"[""naziv:crkva"", ""opis:duhovnost""]",Crkveni Bok60,Crkveni Bok,60,Crkveni Bok,Crkveni Bok,Sunja,Sisačko-moslavačka,44210,,45.34359255,16.7162786,dgu-adresa,Sisačka Biskupija,derivirano-crkve.domovina.ai,dusansipov@gmail.com,,,,,Dušan Šipov,Predsjednik,"- okupljanje sudionika NOR-a Hrvatske i građana antifašističkog opredjeljenja bez obzira na nacionalnu, rasnu, vjersku i stranačku pripadnost: -zalaganje za rješavanje životnih pitanja boraca i invalida NOR-a radi podizanja kvalitete njihovog života; - ostvarenje ljudskih prava kroz jednakost građana pred zakonom bez obzira na naciju, vjeru i rasu; - zalaganje za vladavinu prava kroz pravo na različitost, za međuljudsku toleranciju, a protiv diskriminacije bilo koje vrste te borba protiv kriminala i korupcije; - afirmacija i razvijanje civilizacijskih antifašističkih, demokratskih tradicija i principa kao i otpor svim vrstama ekstremizma i pojavi oblika nacifašizma, a za ostvarenje ljudskih prava, zaštite i očuvanja ljudske okoline; -suprotstavljanje omalovažavanju i krivotvorenju tekovina NOR-a i njegovih sudionika, posebno manipuliranje žrtvama II. svjetskog rata i poraća; -njegovanje antifašističke tradicije da se ne zaborave značajni događaji i ličnosti iz NOR-a kao i uloga vrhovnog komandanta u toj borbi, zalaganje za očuvanje spomeničke baštine, zalaganje za objektivno izučavanje povijesti II. svjetskog rata i poraća, posebno za osvjetljavanje djelatnosti ZAVNOH-a-preteče hrvatskog višestranačkog Sabora, te doprinosa AVNOJ-a i Pazinskih odluka iz 1943.g. kao temelja suvremene Republike Hrvatske; - izražavanje pijeteta prema nevinim žrtvama rata, poraća i Domovinskog rata; - suradnja sa srodnim antifašističkim i veteranskim udrugama u Hrvatskoj i inozemstvu po pitanjima od zajedničkog interesa.","BRANITELJI - VETERANI, CIVILNI INVALIDI RATA, GRAĐANI – OPĆA POPULACIJA, IZBJEGLICE I PROGNANICI, ODGOJNO-OBRAZOVNE USTANOVE, ODGOJNO-OBRAZOVNI DJELATNICI, RATNI STRADALNICI, RATNI VETERANI, UDRUGE I GRAĐANSKE INICIJATIVE, UMIROVLJENICI, ŽRTVE NASILJA","[""20.99.99. OSTALE DJELATNOSTI"", ""11.1.5. Pomoć i podrška osobama u riziku od siromaštva i socijalne isključenosti"", ""7.9. Zaštita prava nacionalne manjine"", ""6.1.1. Zaštita i očuvanje materijalnih kulturnih dobara"", ""7.5.2. Suzbijanje rasne diskriminacije"", ""7.6. Vjerska prava i slobode"", ""15.1.2. Očuvanje prirodne baštine"", ""1.3.1. Promicanje antifašizma"", ""2.2. Promicanje nenasilja i izgradnja mira""]",,"[""datagovhr:registar-udruga""]"
833,udruga-andeli-zagreb-6482,UDRUGA ANĐELI,Udruga Anđeli,ANĐELI,registar-udruga,208815,21012875,31075296482,AKTIVAN,,2018-02-07,2017-12-22,UDRUGA,karitativna,niska,2.5,"[""naziv:duhovnost"", ""opis:duhovnost"", ""djelatnost:3.2.3."", ""djelatnost:3.2.1."", ""djelatnost:3.2.2.""]","PRIMORSKA 10, Zagreb",PRIMORSKA,10,Zagreb,Zagreb,Grad Zagreb,Grad Zagreb,10000,,45.8118488,15.96073953,dgu-adresa,Zagrebačka Nadbiskupija,derivirano-crkve.domovina.ai,andreastimac@gmail.com,https://www.anđeli.,099-1836-453,+385991836453,,Andrea Opačak,Predsjednica,Podizanje kvalitete življenja s naglaskom na razvoju duhovnosti.,"DJECA - OPĆA POPULACIJA, MLADI - OPĆA POPULACIJA, NEZAPOSLENI, OBITELJI, OSOBE STARIJE ŽIVOTNE DOBI, RODITELJI, STUDENTI","[""3.2.3. Ostale duhovne djelatnosti"", ""3.2.1. Promicanje duhovnih aktivnosti"", ""3.2.2. Poticanje osobnog razvoja""]",https://banovac.mfin.hr/rnoprt/Details?handler=Details&id=53792,"[""datagovhr:registar-udruga""]"
390,udruga-branitelja-domovinskog-rata-sveti-juraj-gornja-stubica-1423,"UDRUGA BRANITELJA DOMOVINSKOG RATA ""SVETI JURAJ"" GORNJA STUBICA","Udruga Branitelja Domovinskog Rata ""Sveti Juraj"" Gornja Stubica","UBDR ""SVETI JURAJ"" GORNJA STUBICA",registar-udruga,62572,02001336,08421771423,AKTIVAN,,2014-02-27,2014-02-08,UDRUGA,karitativna,niska,2.5,"[""naziv:svetac"", ""opis:crkva"", ""opis:duhovnost""]","Ulica Matije Gupca 4A, Gornja Stubica",Ulica Matije Gupca,4A,Gornja Stubica,Gornja Stubica,Gornja Stubica,Krapinsko-zagorska,49245,,45.98000643,16.01515586,dgu-adresa,Zagrebačka Nadbiskupija,derivirano-crkve.domovina.ai,ubdr.svetijuraj.gs@gmail.com,,0915525347,+385915525347,,Josip Dinjar,Dopredsjednik,"Okupljanje branitelja na području djelovanja udruge, informiranje članova o njihovim zakonskim pravima i pomoć u njihovu ostvarivanju, promicanje interesa njenih članova, njegovanje ratne tradicije i očuvanje ugleda, časti i slave pripadnika postrojbi i sudionika domovinskog rata, održavanje sjećanja i očuvanje ugleda, časti i slave poginulih branitelja Domovinskog rata, pružanje pomoći članovima, njihovim obiteljima i obiteljima poginulih branitelja, organiziranje društvenih, kulturnih i športsko rekreativnih aktivnosti njihovih članova.",BRANITELJI - VETERANI,"[""1.1.1. Promicanje vrijednosti Domovinskog rata"", ""1.1.2. Zaštita interesa hrvatskih branitelja iz Domovinskog rata i članova njihovih obitelji""]",https://banovac.mfin.hr/rnoprt/Details?handler=Details&id=45067,"[""datagovhr:registar-udruga""]"
1049,udruga-cedar-krizevci-5301,UDRUGA CEDAR,Udruga Cedar,,registar-udruga,269364,06001630,40753675301,AKTIVAN,,2025-04-01,2025-02-17,UDRUGA,hodocasnicka,niska,2.5,"[""opis:hodocasce"", ""opis:duhovnost"", ""djelatnost:3.2.3.""]","Ulica Marijana Detonija 30, Križevci",Ulica Marijana Detonija,30,Križevci,Križevci,Križevci,Koprivničko-križevačka,48260,,46.02371872,16.55513427,dgu-adresa,Bjelovarsko-križevačka Biskupija,derivirano-crkve.domovina.ai,desetina.a@gmail.com,,091-168-0249,+385911680249,,Niko Rončević,Predsjednik Udruge,"Udruga je osnovana u cilju poticanja opće ljudskih vrijednosti, važnosti društva, razvijanja vještina potrebnih društvu, skrbi o drugima i brige o okolišu, poboljšanja kvalitete života čovjeka kroz zdrav život, kroz očuvanje okoliša, edukacije, odgoj, obrazovanje, očuvanje kulturne baštine, komunikaciju, pomoć potrebitima, promicanja ljudske vrijednosti, naročito kroz znanost i obrazovanje, zdravstveni, socijalni sustav, druga područja i interesente, promicanja zdravog načina života i zaštite prirode i okoliša,  promicanja svijesti i poticanja aktivnosti za smanjenje otpada i povećanje recikliranja,  pružanja psihološke pomoći, rehabilitacije i izgradnje rehabilitacijskog centra,  palijativne skrbi,  poticanja razvoja volonterstva, razvijanja vještina potrebnih društvu.","AKADEMSKA ZAJEDNICA, BESKUĆNICI, BRANITELJI - VETERANI, DJECA - OPĆA POPULACIJA, DJECA BEZ ODGOVARAJUĆE RODITELJSKE SKRBI, DJECA S TEŠKOĆAMA U RAZVOJU, GRAĐANI – OPĆA POPULACIJA, IZBJEGLICE I PROGNANICI, IZVIĐAČI, LOKALNA I REGIONALNA SAMOUPRAVA, MLADI - OPĆA POPULACIJA, MLADI S POREMEĆAJIMA U PONAŠANJU, NACIONALNE MANJINE, NEZAPOSLENI, OBITELJI, ODGOJNO-OBRAZOVNE USTANOVE, ODGOJNO-OBRAZOVNI DJELATNICI, OPĆA POPULACIJA PACIJENATA, OSOBE S INVALIDITETOM, OSOBE S PSIHO-SOCIJALNIM TEŠKOĆAMA, OSOBE STARIJE ŽIVOTNE DOBI, OSOBE U RIZIKU OD SIROMAŠTVA I SIROMAŠNE OSOBE, OSTALI, OVISNICI I LIJEČENI OVISNICI, POSLOVNE ORGANIZACIJE, PREDSTAVNICI MEDIJA, RODITELJI, RURALNO STANOVNIŠTVO, SPORTAŠI, STUDENTI, UDRUGE I GRAĐANSKE INICIJATIVE, UMIROVLJENICI, USTANOVE SOCIJALNE SKRBI, UČENICI, VOLONTERI, ŽENE, ŽRTVE NASILJA","[""6.1.9. Ostale djelatnosti kulturne baštine"", ""2.15. Ostale djelatnosti iz područja demokratske političke kulture"", ""3.2.3. Ostale duhovne djelatnosti"", ""7.5.6. Zaštita prava mladih"", ""1.2.3. Ostale djelatnosti stradalnika Domovinskog rata"", ""7.5.4. Zaštita obitelji"", ""8.1.10. Ostale djelatnosti razvojne suradnje"", ""2.2. Promicanje nenasilja i izgradnja mira"", ""2.3.4. Ostale djelatnosti prevencije nasilja"", ""14.1.8. Ostale djelatnosti preventivnog djelovanja, unapređenja i zaštite zdravlja"", ""1.1.4. Ostale djelatnosti branitelja-veterana Domovinskog rata"", ""9.3. Ostale djelatnosti iz područja obrazovanja, znanosti i istraživanja"", ""11.2.17. Ostale djelatnosti socijalnih usluga"", ""6.6. Medijska kultura"", ""8.4. Ostale djelatnosti iz područja međunarodne suradnje"", ""9.1.12. Ostale djelatnosti odgoja i obrazovanja"", ""11.1.11. Ostala djelatnosti socijalne pomoći i podrške"", ""11.3.5. Ostale djelatnosti humanitarne pomoći"", ""2.5. Promicanje društvene solidarnosti"", ""6.5.6. Ostale audiovizualne djelatnosti"", ""15.5. Ostale djelatnosti iz područja zaštite okoliša i prirode"", ""2.6. Interkulturalni dijalog"", ""6.4.7. Ostale književno-nakladničke djelatnosti"", ""7.5.5. Zaštita prava djece"", ""2.4.3. Ostale djelatnosti volonterstva"", ""15.1.3. Ostale djelatnosti očuvanja prirode""]",https://banovac.mfin.hr/rnoprt/Details?handler=Details&id=63381,"[""datagovhr:registar-udruga""]"
277,udruga-fokus-zagreb-6113,UDRUGA FOKUS,Udruga Fokus,,registar-udruga,15674,00001045,92337396113,AKTIVAN,,1998-08-20,1996-02-09,UDRUGA,glazba,niska,2.5,"[""opis:krscanski"", ""opis:duhovnost"", ""djelatnost:3.2.2."", ""djelatnost:3.2.1.""]","Kutnjački put 11, Zagreb",Kutnjački put,11,Zagreb,Zagreb,Grad Zagreb,Grad Zagreb,10104,,45.79088198,15.91624458,dgu-adresa,Zagrebačka Nadbiskupija,derivirano-crkve.domovina.ai,info@ufokus.hr,https://www.ufokus.hr,01-3775-142,+38513775142,,Domagoj Malović,Predsjednik,"Cilj je Udruge razvoj civilnog društva djelovanjem pojedinaca spremnih na temeljitu promjenu vlastitog sustava vrijednosti. Djelujemo kao agenti promjene u društvu, dajući ljudima nadu i viziju za bolju budućnost, omogućujući im učenje, usvajanje i razvijanje različitih vještina, kako bi bolje upoznali sebe, unaprijedili svoje odnose i društveno se angažirali. U svim segmentima djelovanja želimo zastupati i promovirati pozitivne moralne i etičke principe, vođeni kršćanskim vrijednostima ljubavi, praštanja, poniznosti, vjernosti, nade, vjere, strpljenja, umjerenosti, darežljivosti, požrtvovnosti, služenja drugima, tolerancije i prihvaćanja svakog ljudskog bića bez obzira na različitosti, inspirirani primjerom Isusa Krista, gradeći na kulturnom i tradicionalnom nasljeđu naroda koji žive na ovim prostorima.","AKADEMSKA ZAJEDNICA, DJECA - OPĆA POPULACIJA, GRAĐANI – OPĆA POPULACIJA, MLADI - OPĆA POPULACIJA, NEZAPOSLENI, OBITELJI, ODGOJNO-OBRAZOVNE USTANOVE, OSTALI, POSLODAVCI, POSLOVNE ORGANIZACIJE, SPORTAŠI, STUDENTI, UČENICI, VOLONTERI","[""6.2.6. Glazbene i scenske manifestacije i festivali"", ""2.14.1. Proizvodnja medijskih sadržaja"", ""6.2.4. Kulturno-umjetnički (glazbeni i scenski) amaterizam"", ""9.1.6. Odgoj i obrazovanje za zaštitu i promicanje ljudskih prava"", ""11.1.3. Pomoć i podrška djeci"", ""11.1.11. Ostala djelatnosti socijalne pomoći i podrške"", ""9.1.9. Odgoj i obrazovanje za održivi razvoj, zdrave načine života i očuvanje prirode"", ""2.12. Razvoj civilnoga društva"", ""3.2.2. Poticanje osobnog razvoja"", ""3.2.1. Promicanje duhovnih aktivnosti"", ""9.1.3. Izvaninstitucionalni odgoj i obrazovanje"", ""11.1.4. Pomoć i podrška mladima"", ""9.1.2. Cjeloživotno učenje i obrazovanje odraslih"", ""2.3.2. Prevencija nasilja u obitelji"", ""9.1.7. Poticanje kreativnosti i stvaralaštva u odgoju i obrazovanju"", ""9.1.1. Razvoj i promicanje odgoja i obrazovanja"", ""9.1.10. Međunarodna suradnja i mobilnost u obrazovanju"", ""11.1.6. Pomoć i podrška nezaposlenima"", ""7.5.6. Zaštita prava mladih"", ""2.8. Promicanje dobrog upravljanja"", ""6.5.4. Audiovizualni amaterizam"", ""11.1.7. Pomoć i podrška obitelji"", ""2.3.1. Prevencija nasilja među djecom i mladima"", ""6.4.7. Ostale književno-nakladničke djelatnosti"", ""2.3.3. Prevencija nasilja u vezama"", ""8.3. Međunarodna prijateljstva"", ""9.1.5. Odgoj i obrazovanje za aktivno sudjelovanje u razvoju demokratske kulture"", ""7.5.4. Zaštita obitelji"", ""7.5.5. Zaštita prava djece"", ""2.4.1. Promicanje i razvoj volonterstva"", ""11.2.1. Savjetovanje i pomaganje"", ""11.2.3. Psihosocijalna podrška"", ""17.1. Ostala područja djelovanja"", ""11.3.4. Pomoć u podmirivanju osnovnih životnih potreba"", ""12.4.5. Organiziranje sportsko rekreacijskih natjecanja i sportsko rekreativnih edukativnih projekata i programa"", ""12.5.2. Organiziranje sportskih edukativnih projekata i programa (kampovi, škole, priredbe, festivali, radionice) za poticanje bavljenja sportom i tjelesnim vježbanjem"", ""2.5. Promicanje društvene solidarnosti""]",https://banovac.mfin.hr/rnoprt/Details?handler=Details&id=9681,"[""datagovhr:registar-udruga""]"
91,udruga-ima-nade-cakovec-5457,UDRUGA IMA NADE,Udruga Ima Nade,,registar-udruga,1394,20000629,35970015457,AKTIVAN,,2001-11-13,2001-11-02,UDRUGA,glazba,niska,2.5,"[""opis:krscanski"", ""opis:duhovnost"", ""djelatnost:3.2.3."", ""djelatnost:3.2.1.""]","Ulica kralja Tomislava 38, Čakovec",Ulica kralja Tomislava,38,Čakovec,Čakovec,Čakovec,Međimurska,40000,,46.39003643,16.44195054,dgu-adresa,Varaždinska Biskupija,derivirano-crkve.domovina.ai,info@imanade.com,,091-3411-233,+385913411233,,Branko Kovačević,Predsjednik,promicanje duhovne i etične kršćanske kulture utemeljene na Bibliji i povijesnoj baštini  i kulturi našeg naroda te razvoj moralnog kršćanskog svjetonazora.,"GRAĐANI – OPĆA POPULACIJA, MLADI - OPĆA POPULACIJA","[""6.2.3. Glazba i glazbeno-scenske umjetnosti"", ""3.2.3. Ostale duhovne djelatnosti"", ""3.2.1. Promicanje duhovnih aktivnosti"", ""6.2.6. Glazbene i scenske manifestacije i festivali""]",https://banovac.mfin.hr/rnoprt/Details?handler=Details&id=16521,"[""datagovhr:registar-udruga""]"
839,udruga-kamin-u-likvidaciji-pula-0600,UDRUGA KAMIN U LIKVIDACIJI,Udruga Kamin u Likvidaciji,KAMIN,registar-udruga,215888,18003268,26426980600,BRISAN,2020-01-11,2019-02-26,2019-02-20,UDRUGA,mladi,niska,2.5,"[""opis:krscanski"", ""opis:duhovnost"", ""djelatnost:3.2.1."", ""djelatnost:3.2.2.""]","Ćirilometodske družbe 1, Pula",Ćirilometodske družbe,1,Pula,Pula,Pula - Pola,Istarska,52100,,44.86588064,13.84883167,dgu-adresa,Biskupija Porečka i Pulska,derivirano-crkve.domovina.ai,,,099-7568-261,+385997568261,,Erik Roznbeker,Predsjednik Udruge,"Promicanje, provedba i unaprjeđenje društveno-korisnih aktivnosti u radu s djecom i mladima te rad na osobnom i duhovnom razvoju djece i mladih kroz izvaninstitucionalne aktivnosti u skladu s kršćanskim vrijednostima","DJECA OD 14 DO 18 GODINA, MLADI - OPĆA POPULACIJA, STUDENTI","[""9.1.1. Razvoj i promicanje odgoja i obrazovanja"", ""3.2.1. Promicanje duhovnih aktivnosti"", ""3.2.2. Poticanje osobnog razvoja""]",https://banovac.mfin.hr/rnoprt/Details?handler=Details&id=55584,"[""datagovhr:registar-udruga""]"
701,udruga-media-53-cepin-2015,UDRUGA MEDIA 53,Udruga Media 53,MEDIA 53,registar-udruga,61162,14003911,48454992015,AKTIVAN,,2013-09-05,2013-08-17,UDRUGA,mediji,niska,2.5,"[""opis:krscanski"", ""opis:duhovnost"", ""djelatnost:3.2.2."", ""djelatnost:3.2.3.""]","Lj. Gaja 7, Čepin",Lj. Gaja,7,Čepin,Čepin,Čepin,Osječko-baranjska,31431,,45.52557768,18.57792135,dgu-adresa,Đakovačko-osječka Nadbiskupija,derivirano-crkve.domovina.ai,video.media53@gmail.com,,091/7523-291,+385917523291,,Goran Maršalek,Predsjednik,"Udruga je osnovana u cilju promicanja, razvitka i unapređenja medijskog rada zasnovanog na pozitivnim vrijednostima, etici i moralu kršćanskog svjetonazora.","AKADEMSKA ZAJEDNICA, GRAĐANI – OPĆA POPULACIJA, OBITELJI, PREDSTAVNICI MEDIJA","[""6.5.2. Radio-televizijska djelatnost"", ""6.5.3. Interaktivni mediji"", ""6.5.1. Filmska i video djelatnost"", ""2.14.5. Ostale djelatnosti javnog informiranja i medija"", ""2.14.1. Proizvodnja medijskih sadržaja"", ""2.14.2. Poticanje kritičke rasprave u medijima"", ""6.6. Medijska kultura"", ""8.4. Ostale djelatnosti iz područja međunarodne suradnje"", ""3.2.2. Poticanje osobnog razvoja"", ""3.2.3. Ostale duhovne djelatnosti"", ""6.9. Ostale djelatnosti iz područja kulture i umjetnosti""]",https://banovac.mfin.hr/rnoprt/Details?handler=Details&id=44077,"[""datagovhr:registar-udruga""]"
679,udruga-nova-hierosolyma-zagreb-4975,UDRUGA NOVA HIEROSOLYMA,Udruga Nova Hierosolyma,NOVA HIEROSOLYMA,registar-udruga,60405,21010289,99125794975,AKTIVAN,,2013-06-05,2013-03-24,UDRUGA,obrazovanje,niska,2.5,"[""opis:krscanski"", ""opis:svetac"", ""opis:duhovnost"", ""djelatnost:14.duhovna""]","Gornji Bukovac 28c, Zagreb",Gornji Bukovac,28c,Zagreb,Zagreb,Grad Zagreb,Grad Zagreb,10163,,45.84116034,16.01455481,dgu-adresa,Zagrebačka Nadbiskupija,derivirano-crkve.domovina.ai,dmsever@aol.com,,099/467-4646,+385994674646,,Duško Sever,Predsjednik,,,"[""14.1.1. DUHOVNA VJERNIČKA DJELATNOST""]",https://banovac.mfin.hr/rnoprt/Details?handler=Details&id=43056,"[""datagovhr:registar-udruga""]"
157,udruga-obitelji-poginulih-branitelja-domovinskog-rata-rh-kusonje-91-93-bjelovarsko-bilogorske-zupanije-1053,UDRUGA OBITELJI POGINULIH BRANITELJA DOMOVINSKOG RATA RH KUSONJE 91-93. BJELOVARSKO BILOGORSKE ŽUPANIJE,Udruga Obitelji Poginulih Branitelja Domovinskog Rata RH Kusonje 91-93. Bjelovarsko Bilogorske Županije,UOPBDRRHKUS91-93. BBŽ,registar-udruga,592,07000731,34278101053,AKTIVAN,,1997-11-07,1997-10-17,UDRUGA,obitelj,niska,2.5,"[""opis:marija"", ""opis:crkva""]","Trg Stjepana Radića 9, Bjelovar",Trg Stjepana Radića,9,Bjelovar,Bjelovar,Bjelovar,Bjelovarsko-bilogorska,43000,,45.89975073,16.83893611,dgu-adresa,Bjelovarsko-križevačka Biskupija,derivirano-crkve.domovina.ai,udruga.kusonje@gmail.com,https://www.opbdr-kusonje91-93.hr,098 9784 387,+385989784387,,Hrvoje Grubeša,Predsjednik,"Okupljanje članova obitelji poginulih branitelja, izgradnja kapelice Male Gospe u Kusonjama i spomen područja Kusonje.",OBITELJI BRANITELJA,"[""17.1.99. OKUPLJANJE OSTALIH STRADALNIKA DOMOVINSKOG RATA""]",https://banovac.mfin.hr/rnoprt/Details?handler=Details&id=47401,"[""datagovhr:registar-udruga""]"
659,udruga-plehancana-plehanska-zvona-zagreb-6410,UDRUGA PLEHANČANA PLEHANSKA ZVONA,Udruga Plehančana Plehanska Zvona,,registar-udruga,48680,21007023,62844956410,AKTIVAN,,2009-08-18,2009-07-13,UDRUGA,glazba,niska,2.5,"[""opis:krscanski"", ""opis:crkva"", ""opis:duhovnost""]","Ulica Velimira Škorpika 14b, Zagreb",Ulica Velimira Škorpika,14b,Zagreb,Zagreb,Grad Zagreb,Grad Zagreb,10090,,45.81027673,15.85900809,dgu-adresa,Zagrebačka Nadbiskupija,derivirano-crkve.domovina.ai,marko.prgomet3@gmail.com,,091-5670-801,+385915670801,,Jure Zubak,Predsjednik,"Okupljanje, povezivane i međusobno pomaganje državljana Republike Hrvatske i Bosne i Hercegovine koji su podrijetlom sa područja sa područja Plehana; prikupljanje povijesne građe te svih elemenata vezanih za kulturu, običaje i tradicijske vrijednosti plehanskog kraja; lobiranje i prikupljanje sredstava za obnovu sakralnih i civilnih objekata te pružanje pomoći izbjeglicama i povratnicima u plehanski kraj; poticanje i pomaganje umjetničkog i ukupnog duhovnog stvaralaštva članova Udruge; održavanje veza sa sadašnjim i budućim naraštajima, pomaganje njenom sadašnjem radu, promicanje pozitivne uloge i značenja Plehana u hrvatskom narodu Bosne i Hercegovine i ostvarivanju svih njenih tradicionalnih vrednota na prostoru Bosne i Hercegovine i Republike Hrvatske; njegovanje i promicanje kulturnih, duhovnih i nacionalnih vrednota hrvatskog naroda u Bosni i Hercegovini te borbe za njegovu opstojnost i kvalitetniju budućnost; njegovanje ljudske solidarnosti i djelotvorne pomoći svima kojima je potrebna i rada na svim onim područjima kojima je cilj povezivanje ljudi i naroda, uzajamne pomoći te njegovanje duhovne i kulturne baštine svoga kraja i naroda.",GRAĐANI – OPĆA POPULACIJA,"[""7.10. Njegovanje zavičajnog identiteta""]",https://banovac.mfin.hr/rnoprt/Details?handler=Details&id=56630,"[""datagovhr:registar-udruga""]"
440,udruga-prijatelja-novo-naselje-ivanovac-5481,UDRUGA PRIJATELJA NOVO NASELJE-IVANOVAC,Udruga Prijatelja Novo Naselje-ivanovac,,registar-udruga,35556,14001917,30604675481,AKTIVAN,,2004-08-23,2004-06-26,UDRUGA,molitvena,niska,2.5,"[""opis:duhovnost"", ""djelatnost:3.1.3.""]","DUGA 174, Ivanovac",DUGA,174,Ivanovac,Ivanovac,Antunovac,Osječko-baranjska,31216,,45.47788792,18.65311413,dgu-adresa,Đakovačko-osječka Nadbiskupija,derivirano-crkve.domovina.ai,dijana.matkovic@os.t-com.hr,,031 200 741,+38531200741,,Dragutin Glogoški,Dopredsjednik Udruge,Cilj Udruge je okupljanje članova Udruge radi promicanja i ostvarivanja zajedničkih interesa u kulturnom i sportskom  položaju te očuvanja vrijednosti Domovinskog rata.,"BRANITELJI - VETERANI, CIVILNI INVALIDI RATA, CIVILNI STRADALNICI, GRAĐANI – OPĆA POPULACIJA, INVALIDI DOMOVINSKOG RATA, MLADI - OPĆA POPULACIJA, NEZAPOSLENI, OBITELJI, OBITELJI BRANITELJA, POVRATNICI U PORATNA PODRUČJA, RATNI VETERANI, RODITELJI, UČENICI","[""1.1.2. Zaštita interesa hrvatskih branitelja iz Domovinskog rata i članova njihovih obitelji"", ""6.1.9. Ostale djelatnosti kulturne baštine"", ""6.1.7. Zaštita i očuvanje nematerijalnih kulturnih dobara"", ""11.1.5. Pomoć i podrška osobama u riziku od siromaštva i socijalne isključenosti"", ""1.1.3. Zaštita interesa hrvatskih ratnih vojnih invalida iz Domovinskog rata"", ""3.1.3. Ostale religijske/vjerničke djelatnosti""]",https://banovac.mfin.hr/rnoprt/Details?handler=Details&id=6104,"[""datagovhr:registar-udruga""]"
256,udruga-prognanih-hrvata-srijema-banata-i-backe-zadar-1822,"UDRUGA PROGNANIH HRVATA SRIJEMA, BANATA I BAČKE","Udruga Prognanih Hrvata Srijema, Banata i Bačke",UPHS-ZADAR,registar-udruga,19223,13000140,06182071822,AKTIVAN,,1998-04-23,1994-07-16,UDRUGA,karitativna,niska,2.5,"[""opis:duhovnost"", ""djelatnost:3.1.1.""]","Liburnska ob. 2, Zadar",Liburnska ob.,2,Zadar,Zadar,Zadar,Zadarska,,,44.13805900677842,15.24985329259548,naselje-teziste,Zadarska Nadbiskupija,derivirano-crkve.domovina.ai,,,,,,Mihael Miletić,Predsjednik Udruge,,,"[""3.1.1. HUMANITARNA (uz suglasnost Ministarstva rada i soc. skrbi)""]",,"[""datagovhr:registar-udruga""]"
583,udruga-sv-mihovila-rubesi-kastav-9401,UDRUGA SV. MIHOVILA RUBEŠI,Udruga sv. Mihovila Rubeši,,registar-udruga,32697,08001814,25451949401,BRISAN,2011-07-20,2003-04-11,2003-03-13,UDRUGA,kultura,niska,2.5,"[""naziv:svetac"", ""opis:crkva"", ""opis:svetac""]","Zakona kastafskega 3, Kastav",Zakona kastafskega,3,Kastav,Kastav,Kastav,Primorsko-goranska,51215,,45.373476,14.34806953,dgu-adresa,Riječka Nadbiskupija,derivirano-crkve.domovina.ai,,,,,,Biserka Petretić,Predsjednik Udruge,,,"[""8.99.99. OSTALE KULTURNE DJELATNOSTI""]",https://banovac.mfin.hr/rnoprt/Details?handler=Details&id=18474,"[""datagovhr:registar-udruga""]"
378,udruga-sv-josipa-prigorje-brdovecko-2375,UDRUGA SV.JOSIPA PRIGORJE BRDOVEČKO,Udruga Sv.josipa Prigorje Brdovečko,USVJPB,registar-udruga,58263,01002779,60482532375,AKTIVAN,,2012-10-04,2012-09-26,UDRUGA,mediji,niska,2.5,"[""naziv:svetac"", ""opis:crkva"", ""opis:svetac""]","Školska 9, Prigorje Brdovečko",Školska,9,Prigorje Brdovečko,Prigorje Brdovečko,Brdovec,Zagrebačka,10291,,45.87859326,15.74054692,dgu-adresa,Zagrebačka Nadbiskupija,derivirano-crkve.domovina.ai,ana.levojevic@gmail.com,,01/3397299,+38513397299,,Ana Levojević,Predsjednik,,,"[""8.99.99. OSTALE KULTURNE DJELATNOSTI""]",https://banovac.mfin.hr/rnoprt/Details?handler=Details&id=43160,"[""datagovhr:registar-udruga""]"
614,udruga-totus-tuus-cakovec-4867,UDRUGA TOTUS TUUS,Udruga Totus Tuus,TOTUS TUUS,registar-udruga,49607,20001056,57848824867,BRISAN,2014-11-05,2009-12-01,2009-11-25,UDRUGA,karitativna,niska,2.5,"[""opis:caritas"", ""opis:duhovnost"", ""djelatnost:14.duhovna""]","Kralja Tomislava 40, Čakovec",Kralja Tomislava,40,Čakovec,Čakovec,Čakovec,Međimurska,40000,,46.39010861,16.44211204,dgu-adresa,Varaždinska Biskupija,derivirano-crkve.domovina.ai,,,,,,Anita Varga,Predsjednica Udruge,,,"[""14.1.1. DUHOVNA VJERNIČKA DJELATNOST""]",,"[""datagovhr:registar-udruga""]"
192,udruga-za-duhovnu-kulturu-atmarama-hlapicina-0724,"UDRUGA ZA DUHOVNU KULTURU ""ATMARAMA""","Udruga za Duhovnu Kulturu ""Atmarama""",,registar-udruga,16543,00001829,41540560724,AKTIVAN,,2000-10-10,2000-05-30,UDRUGA,kultura,niska,2.5,"[""naziv:duhovnost"", ""opis:duhovnost"", ""djelatnost:3.2.1."", ""djelatnost:3.2.2.""]","Hlapičina 214, Hlapičina",Hlapičina,214,Hlapičina,Hlapičina,Mursko Središće,Međimurska,40315,,46.52404225,16.4037331,dgu-adresa,Varaždinska Biskupija,derivirano-crkve.domovina.ai,info@atmarama.org,https://www.atmarama.org,095 9042 439,+385959042439,,Saša Janiška,Predsjednik,"promicanje, razvoj i unapređenje duhovne kulture u društvu.","AKADEMSKA ZAJEDNICA, DJECA - OPĆA POPULACIJA, GRAĐANI – OPĆA POPULACIJA, MLADI - OPĆA POPULACIJA, ODGOJNO-OBRAZOVNE USTANOVE, ODGOJNO-OBRAZOVNI DJELATNICI, PREDSTAVNICI MEDIJA, UDRUGE I GRAĐANSKE INICIJATIVE","[""3.2.1. Promicanje duhovnih aktivnosti"", ""3.2.2. Poticanje osobnog razvoja""]",https://banovac.mfin.hr/rnoprt/Details?handler=Details&id=15208,"[""datagovhr:registar-udruga""]"
765,udruga-za-kulturni-i-kreativni-razvoj-sve-mir-zagreb-8342,"UDRUGA ZA KULTURNI I KREATIVNI RAZVOJ ""SVE(MIR)""","Udruga za Kulturni i Kreativni Razvoj ""Sve(mir)""","UKKR ""SVE(MIR)""",registar-udruga,204811,21012222,80478188342,AKTIVAN,,2016-09-26,2016-07-25,UDRUGA,kultura,niska,2.5,"[""opis:duhovnost"", ""djelatnost:3.3."", ""djelatnost:3.2.3."", ""djelatnost:3.1.2."", ""djelatnost:3.2.1."", ""djelatnost:3.2.2.""]","GUMEREC 16, Zagreb",GUMEREC,16,Zagreb,Zagreb,Grad Zagreb,Grad Zagreb,10040,,45.86380582,16.05783829,dgu-adresa,Zagrebačka Nadbiskupija,derivirano-crkve.domovina.ai,eli.svemir@gmail.com,,099 2985 144,+385992985144,,Mihaela Skendrović Holjevac,Predsjednica,"Razvoj civilnog društva putem razvoja kreativnosti te građanskih i socijalnih vrijednosti, duhovnosti, promoviranje zaštite očuvanja prirode i okoliša, neformalnog obrazovanja za djecu i mlade, poticanje razvoja kulture, aktivnog uključivanja djece i mladih u kulturne i civilne inicijative te razvijanja novih modela kulturnih djelovanja van okvira postojećih institucija i poboljšanja statusa kulture u društvu općenito.","AKADEMSKA ZAJEDNICA, DAROVITA DJECA I MLADI, DJECA - OPĆA POPULACIJA, GRAĐANI – OPĆA POPULACIJA, INOVATORI, MLADI - OPĆA POPULACIJA, NEZAPOSLENI, OBITELJI, ODGOJNO-OBRAZOVNE USTANOVE, ODGOJNO-OBRAZOVNI DJELATNICI, OSOBE S INTELEKTUALNIM TEŠKOĆAMA, OSOBE STARIJE ŽIVOTNE DOBI, OSTALI, PREDSTAVNICI MEDIJA, REGIONALNA ILI LOKALNA SAMOUPRAVA, RODITELJI, RODITELJI DJECE S TEŠKOĆAMA U RAZVOJU, STUDENTI, TURISTI, UČENICI, VOLONTERI, ŽENE","[""6.8.3. Interaktivni mediji"", ""6.7. Strukovne udruge u kulturi i umjetnosti"", ""6.4.2. Knjižnična djelatnost"", ""9.1.10. Međunarodna suradnja i mobilnost u obrazovanju"", ""2.4.2. Djelatnost volonterskih centara"", ""6.3.2. Dizajn i arhitektura"", ""3.3. Ostale djelatnosti iz područja duhovnosti"", ""2.3.2. Prevencija nasilja u obitelji"", ""6.5.4. Audiovizualni amaterizam"", ""6.3.6. Inovativne vizualne umjetničke prakse"", ""6.1.2. Konzervatorsko-restauratorska djelatnost"", ""9.1.7. Poticanje kreativnosti i stvaralaštva u odgoju i obrazovanju"", ""6.4.6. Književno-nakladničke manifestacije"", ""2.3.3. Prevencija nasilja u vezama"", ""6.3.1. Likovne umjetnosti"", ""2.4.1. Promicanje i razvoj volonterstva"", ""9.1.8. Odgoj i obrazovanje za zaštitu i promicanje povijesno-kulturne baštine i nacionalnoga identiteta"", ""6.8.1. Interdisciplinarne kulturno-umjetničke prakse"", ""6.3.8. Ostale djelatnosti vizualne umjetnosti"", ""6.4.5. Literarni amaterizam"", ""6.1.3. Arheološka (kopnena i podvodna) djelatnost"", ""6.4.1. Književno stvaralaštvo"", ""6.2.2. Plesne umjetnosti"", ""6.2.3. Glazba i glazbeno-scenske umjetnosti"", ""6.1.6. Zaštita kulturnih krajolika"", ""3.2.3. Ostale duhovne djelatnosti"", ""6.6. Medijska kultura"", ""6.5.3. Interaktivni mediji"", ""6.1.8. Općekulturna (kulturološka) djelatnost"", ""6.1.1. Zaštita i očuvanje materijalnih kulturnih dobara"", ""9.1.11. Strukovne udruge u odgoju i obrazovanju"", ""6.5.1. Filmska i video djelatnost"", ""9.1.9. Odgoj i obrazovanje za održivi razvoj, zdrave načine života i očuvanje prirode"", ""6.1.7. Zaštita i očuvanje nematerijalnih kulturnih dobara"", ""3.1.2. Promocija i izgradnja međuvjerničkog dijaloga"", ""6.5.2. Radio-televizijska djelatnost"", ""9.1.12. Ostale djelatnosti odgoja i obrazovanja"", ""6.4.3. Nakladnička i knjižarska djelatnost"", ""9.1.6. Odgoj i obrazovanje za zaštitu i promicanje ljudskih prava"", ""9.1.2. Cjeloživotno učenje i obrazovanje odraslih"", ""6.9. Ostale djelatnosti iz područja kulture i umjetnosti"", ""6.2.5. Inovativne izvedbene umjetničke prakse"", ""6.4.4. Novinsko-nakladnička djelatnost"", ""6.1.4. Arhivska djelatnost"", ""6.2.6. Glazbene i scenske manifestacije i festivali"", ""6.3.4. Djelatnost umjetničkih obrta"", ""9.1.3. Izvaninstitucionalni odgoj i obrazovanje"", ""2.3.1. Prevencija nasilja među djecom i mladima"", ""9.1.4. Potpora obrazovanju djece i mladih s posebnim potrebama"", ""3.2.1. Promicanje duhovnih aktivnosti"", ""2.11. Praćenje javnih politika i javno zagovaranje"", ""6.5.5. Inovativne audiovizulne umjetničke prakse"", ""6.1.5. Muzejska djelatnost"", ""6.3.5. Likovni amaterizam"", ""6.2.7. Ostale djelatnosti izvedbene umjetnosti"", ""6.2.1. Dramske umjetnosti"", ""3.2.2. Poticanje osobnog razvoja"", ""2.15. Ostale djelatnosti iz područja demokratske političke kulture"", ""6.3.3. Fotografska umjetnost"", ""6.8.2. Intersektorske kulturno-umjetničke aktivnosti"", ""6.2.4. Kulturno-umjetnički (glazbeni i scenski) amaterizam"", ""6.3.7. Manifestacije vizualnih umjetnosti""]",https://banovac.mfin.hr/rnoprt/Details?handler=Details&id=51398,"[""datagovhr:registar-udruga""]"
1066,udruga-za-obrazovanje-i-osobni-razvoj-gradina-rijeka-1022,"UDRUGA ZA OBRAZOVANJE I OSOBNI RAZVOJ ""GRADINA""","Udruga za Obrazovanje i Osobni Razvoj ""Gradina""","UDRUGA ""GRADINA""",registar-udruga,268329,08004144,10745041022,AKTIVAN,,2024-09-23,2024-07-31,UDRUGA,obrazovanje,niska,2.5,"[""opis:duhovnost"", ""djelatnost:3.1.2."", ""djelatnost:3.2.1.""]","Tizianova 15, Rijeka",Tizianova,15,Rijeka,Rijeka,Rijeka,Primorsko-goranska,51000,,45.33402845,14.43568947,dgu-adresa,Riječka Nadbiskupija,derivirano-crkve.domovina.ai,gradinaudruga@gmail.com,,099-5487-974,+385995487974,,Andrijana Tomić,Predsjednica,"- očuvanje, razvoj i promicanje volonterstva, moralnih i kulturnih vrijednosti u civilnom društvu kao cjelini i lokalnoj zajednici, 
- pomoć u realizaciji kulturnog stvaralaštva svojih članova te poticanje različitih  kulturnih, obrazovnih i interkulturalnih inicijativa,
- međuvjerničke i duhovne inicijative koje potiču komunikaciju, razumijevanje i suradnju između pripadnika različitih religijskih zajednica, kao i na aktivnosti koje jačaju duhovni aspekt života unutar i izvan tih zajednica","GRAĐANI – OPĆA POPULACIJA, MLADI - OPĆA POPULACIJA, OBITELJI, ŽENE","[""9.2.13. Umrežavanje i međunarodna znanstvena i stručna suradnja"", ""6.3.7. Manifestacije vizualnih umjetnosti"", ""11.1.4. Pomoć i podrška mladima"", ""4.7. Trgovina"", ""2.6. Interkulturalni dijalog"", ""11.2.12. Skraćeni boravak, igraonice, radionice, klubovi"", ""9.1.9. Odgoj i obrazovanje za održivi razvoj, zdrave načine života i očuvanje prirode"", ""9.2.1. Društvene znanosti"", ""14.1.3. Prevencija i zaštita mentalnog zdravlja"", ""9.1.6. Odgoj i obrazovanje za zaštitu i promicanje ljudskih prava"", ""4.6.1. Promicanje razvoja socijalnog poduzetništva"", ""9.2.10. Organizacija domaćih i međunarodnih znanstvenih i znanstvenostručnih skupova, škola, kongresa i seminara"", ""9.1.7. Poticanje kreativnosti i stvaralaštva u odgoju i obrazovanju"", ""11.1.3. Pomoć i podrška djeci"", ""9.2.11. Izdavanje znanstvenih i stručnih publikacija"", ""4.8. Turizam"", ""11.2.1. Savjetovanje i pomaganje"", ""6.4.3. Nakladnička i knjižarska djelatnost"", ""3.1.2. Promocija i izgradnja međuvjerničkog dijaloga"", ""11.2.13. Organiziranje slobodnih aktivnosti"", ""9.1.8. Odgoj i obrazovanje za zaštitu i promicanje povijesno-kulturne baštine i nacionalnoga identiteta"", ""3.2.1. Promicanje duhovnih aktivnosti"", ""6.1.8. Općekulturna (kulturološka) djelatnost"", ""2.12. Razvoj civilnoga društva"", ""8.1.4. Ljudska prava"", ""9.1.2. Cjeloživotno učenje i obrazovanje odraslih"", ""6.4.4. Novinsko-nakladnička djelatnost"", ""11.2.7. Smještaj"", ""8.1.5. Obrazovanje"", ""6.6. Medijska kultura"", ""10.3.1. Razvoj društvenog kapitala"", ""7.5.4. Zaštita obitelji"", ""11.1.7. Pomoć i podrška obitelji"", ""6.4.6. Književno-nakladničke manifestacije"", ""9.1.10. Međunarodna suradnja i mobilnost u obrazovanju"", ""2.13. Razvoj lokalne zajednice"", ""9.1.5. Odgoj i obrazovanje za aktivno sudjelovanje u razvoju demokratske kulture"", ""11.2.6. Boravak"", ""11.1.6. Pomoć i podrška nezaposlenima"", ""2.4.1. Promicanje i razvoj volonterstva"", ""10.2.1. Edukacija za održivi razvoj urbanih područja"", ""7.6. Vjerska prava i slobode"", ""11.2.8. Organizirano stanovanje""]",https://banovac.mfin.hr/rnoprt/Details?handler=Details&id=64659,"[""datagovhr:registar-udruga""]"
58,udruga-za-ocuvanje-i-promicanje-kulturnih-i-prirodnih-vrijednosti-kraja-petrova-stolac-2274,UDRUGA ZA OČUVANJE I PROMICANJE KULTURNIH I PRIRODNIH VRIJEDNOSTI KRAJA PETROVA,Udruga za Očuvanje i Promicanje Kulturnih i Prirodnih Vrijednosti Kraja Petrova,PETROVA,registar-udruga,55173,09000546,31903852274,AKTIVAN,,2011-09-29,2011-08-12,UDRUGA,kultura,niska,2.5,"[""opis:zupa"", ""opis:svetac"", ""opis:duhovnost""]","Stolac 0, Stolac",Stolac,0,Stolac,Stolac,Senj,Ličko-senjska,,,44.94671021113886,14.982750517944206,naselje-teziste,Gospićko-senjska Biskupija,derivirano-crkve.domovina.ai,ivicanekic@gmail.com,,0917262404,+385917262404,,Marijanka Nekić,Dopredsjednica,"PROMICANJE, RAZVITAK I UNAPREĐENJE RAZVITKA KULTURE, OČUVANJA OBIČAJA I TRADICIJE NA PODRUČJU STOLCA I OKOLNIH ZASELAKA.",GRAĐANI – OPĆA POPULACIJA,"[""20.99.99. OSTALE DJELATNOSTI"", ""6.1.7. Zaštita i očuvanje nematerijalnih kulturnih dobara""]",https://banovac.mfin.hr/rnoprt/Details?handler=Details&id=40797,"[""datagovhr:registar-udruga""]"
408,udruga-za-ocuvanje-sela-zakucac-sveti-leopold-bogdan-mandic-u-likvidaciji-omis-7905,"UDRUGA ZA OČUVANJE SELA ZAKUČAC ""SVETI LEOPOLD BOGDAN MANDIĆ"" U LIKVIDACIJI","Udruga za Očuvanje Sela Zakučac ""Sveti Leopold Bogdan Mandić"" u Likvidaciji",,registar-udruga,30770,17001688,94589487905,BRISAN,2018-07-27,2002-05-03,2002-03-17,UDRUGA,kultura,niska,2.5,"[""naziv:svetac"", ""opis:crkva"", ""opis:svetac""]","Zakučac bb, Omiš",Zakučac,,Omiš,Omiš,Omiš,Splitsko-dalmatinska,,,43.43515144156565,16.703045530707133,naselje-teziste,Splitsko-makarska Nadbiskupija,derivirano-crkve.domovina.ai,,,,,,Ivan Vulić,Predsjednik,,,"[""8.99.99. OSTALE KULTURNE DJELATNOSTI""]",,"[""datagovhr:registar-udruga""]"
880,udruga-za-ocuvanje-tradicionalnih-vrijednosti-sv-andrija-tisno-1895,UDRUGA ZA OČUVANJE TRADICIONALNIH VRIJEDNOSTI SV. ANDRIJA - TISNO,Udruga za Očuvanje Tradicionalnih Vrijednosti sv. Andrija - Tisno,UDRUGA SV. ANDRIJA - TISNO,registar-udruga,224666,15001562,55216041895,AKTIVAN,,2019-11-15,2019-10-18,UDRUGA,pokret,niska,2.5,"[""naziv:svetac"", ""opis:crkva"", ""opis:duhovnost""]","Uska ulica 1, Tisno",Uska ulica,1,Tisno,Tisno,Tisno,Šibensko-kninska,22240,,43.79857479,15.64183222,dgu-adresa,Šibenska Biskupija,derivirano-crkve.domovina.ai,svandrija1@gmail.com,,098-668-215,+38598668215,,Gabrijela Jakovčev,Dopredsjednica Udruge,"Njegovanje i očuvanje specifične tradicije otoka Murtera u gradnji drvenih brodova; promicanje tradicionalnog načina plovidbe; pokretanje inicijativa radi zaštite i očuvanja ukupnog lokalnog identiteta vezanog za more, otoke, brod i plovidbu.","DJECA - OPĆA POPULACIJA, GRAĐANI – OPĆA POPULACIJA, MLADI - OPĆA POPULACIJA, ODGOJNO-OBRAZOVNE USTANOVE, STUDENTI, UČENICI, VOLONTERI","[""4.3.1. Brodogradnja"", ""12.5.3. Ostale djelatnosti organiziranja i provođenja sportskih natjecanja i sportskih priredbi"", ""15.1.1. Očuvanje posebno vrijednih prirodnih područja i drugih prostora"", ""7.10. Njegovanje zavičajnog identiteta"", ""6.1.7. Zaštita i očuvanje nematerijalnih kulturnih dobara"", ""15.1.3. Ostale djelatnosti očuvanja prirode""]",https://banovac.mfin.hr/rnoprt/Details?handler=Details&id=56595,"[""datagovhr:registar-udruga""]"
805,udruga-za-poticanje-osobnog-kolektivnog-i-globalnog-duhovnog-razvoja-nasa-kuca-zagreb-9004,"UDRUGA ZA POTICANJE OSOBNOG, KOLEKTIVNOG I GLOBALNOG DUHOVNOG RAZVOJA NAŠA KUĆA","Udruga za Poticanje Osobnog, Kolektivnog i Globalnog Duhovnog Razvoja Naša Kuća",NAŠA KUĆA,registar-udruga,203085,21011920,48530129004,AKTIVAN,,2016-02-22,2015-11-21,UDRUGA,molitvena,niska,2.5,"[""naziv:duhovnost"", ""opis:duhovnost"", ""djelatnost:3.3."", ""djelatnost:3.2.2."", ""djelatnost:3.2.1.""]","Ilica 131, Zagreb",Ilica,131,Zagreb,Zagreb,Grad Zagreb,Grad Zagreb,10109,,45.81262187,15.95404481,dgu-adresa,Zagrebačka Nadbiskupija,derivirano-crkve.domovina.ai,,,,,,Andreja Jureković Perković,Predsjednica,"Udruga je osnovana u cilju promicanja, razvitka i unaprjeđenja ljudskog duha.",GRAĐANI – OPĆA POPULACIJA,"[""3.3. Ostale djelatnosti iz područja duhovnosti"", ""6.4.7. Ostale književno-nakladničke djelatnosti"", ""3.2.2. Poticanje osobnog razvoja"", ""9.1.3. Izvaninstitucionalni odgoj i obrazovanje"", ""6.3.8. Ostale djelatnosti vizualne umjetnosti"", ""9.1.7. Poticanje kreativnosti i stvaralaštva u odgoju i obrazovanju"", ""14.1.8. Ostale djelatnosti preventivnog djelovanja, unapređenja i zaštite zdravlja"", ""8.3. Međunarodna prijateljstva"", ""6.9. Ostale djelatnosti iz područja kulture i umjetnosti"", ""8.1.9. Unapređenje zdravlja"", ""6.5.3. Interaktivni mediji"", ""3.2.1. Promicanje duhovnih aktivnosti"", ""6.3.1. Likovne umjetnosti""]",,"[""datagovhr:registar-udruga""]"
807,udruga-za-poticanje-razvoja-ljudskih-potencijala-i-kreativnosti-prizma-gracac-4001,UDRUGA ZA POTICANJE RAZVOJA LJUDSKIH POTENCIJALA I KREATIVNOSTI - PRIZMA,Udruga za Poticanje Razvoja Ljudskih Potencijala i Kreativnosti - Prizma,UDRUGA PRIZMA,registar-udruga,203627,13001734,11310394001,AKTIVAN,,2016-04-12,2016-01-27,UDRUGA,glazba,niska,2.5,"[""opis:duhovnost"", ""djelatnost:3.2.2."", ""djelatnost:3.1.2."", ""djelatnost:3.2.1.""]","Hrvatske bratske zajednice 18, Gračac",Hrvatske bratske zajednice,18,Gračac,Gračac,Gračac,Zadarska,23440,,44.30260107,15.85492945,dgu-adresa,Gospićko-senjska Biskupija,derivirano-crkve.domovina.ai,info@udrugaprizma.hr,https://udrugaprizma.hr,098 9597 680,+385989597680,,Karlo Brunović,Dopredsjednik Udruge,"Ciljevi Udruge su: poticanje razvoja ljudskih potencijala, osobnog rasta i razvoja sa svrhom ostvarenja osobnih potencijala, razvoja civilnog društva te jačanje lokalne zajednice putem razvoja mreže seoskih zajednica s područja Gračaca, poticanje razvoja nezavisne kulturne scene koja bi postala generator kreativne energije u ruralnoj sredini, poticanje kulturnog i socijalnog razvoja društva putem unapređenja međureligijskog i interkulturalnog dijaloga te razvitak društvenog poduzetništva, poticanje na volonterski rad i aktivno sudjelovanje u zajednici, posebno mladih osoba, poticanje izvaninstitucionalnog obrazovanja i cjeloživotnog učenja, poticanje održivog razvoja i ekološki odgovornih ekonomskih procesa te brige za kulturu, ekologiju i očuvanje prirode, ali i drugih tema od interesa za lokalnu zajednicu na području svog djelovanja","DAROVITA DJECA I MLADI, DJECA - OPĆA POPULACIJA, GRAĐANI – OPĆA POPULACIJA, MLADI - OPĆA POPULACIJA, ODGOJNO-OBRAZOVNI DJELATNICI, RURALNO STANOVNIŠTVO, STUDENTI, UČENICI, VOLONTERI","[""2.13. Razvoj lokalne zajednice"", ""10.1.2. Planiranje razvoja ruralnih područja"", ""3.2.2. Poticanje osobnog razvoja"", ""2.12. Razvoj civilnoga društva"", ""2.6. Interkulturalni dijalog"", ""9.1.9. Odgoj i obrazovanje za održivi razvoj, zdrave načine života i očuvanje prirode"", ""15.3. Energetska učinkovitost i obnovljivi izvori energije"", ""3.1.2. Promocija i izgradnja međuvjerničkog dijaloga"", ""2.4.1. Promicanje i razvoj volonterstva"", ""9.1.3. Izvaninstitucionalni odgoj i obrazovanje"", ""10.1.1. Edukacija za održivi razvoj ruralnih područja"", ""3.2.1. Promicanje duhovnih aktivnosti"", ""9.1.7. Poticanje kreativnosti i stvaralaštva u odgoju i obrazovanju"", ""9.1.2. Cjeloživotno učenje i obrazovanje odraslih"", ""9.1.5. Odgoj i obrazovanje za aktivno sudjelovanje u razvoju demokratske kulture"", ""15.2.4. Podizanje svijesti i aktivnosti za smanjenje otpada i povećanje recikliranja"", ""6.2.6. Glazbene i scenske manifestacije i festivali""]",https://banovac.mfin.hr/rnoprt/Details?handler=Details&id=50671,"[""datagovhr:registar-udruga""]"
824,udruga-za-promicanje-duhovnih-vrijednosti-prema-zagreb-2711,"UDRUGA ZA PROMICANJE DUHOVNIH VRIJEDNOSTI ""PREMA""","Udruga za Promicanje Duhovnih Vrijednosti ""Prema""","UDRUGA ""PREMA""",registar-udruga,202949,21011893,07095322711,BRISAN,2020-03-14,2016-01-26,2015-11-07,UDRUGA,mediji,niska,2.5,"[""naziv:duhovnost"", ""opis:duhovnost"", ""djelatnost:3.2.2."", ""djelatnost:3.2.1."", ""djelatnost:3.3.""]","Blanje  37, Zagreb",Blanje,37,Zagreb,Zagreb,Grad Zagreb,Grad Zagreb,10172,,45.81677507,15.84413776,dgu-adresa,Zagrebačka Nadbiskupija,derivirano-crkve.domovina.ai,davor.dukat@gmail.com,,095 9106 726,+385959106726,,Darie Marić,Dopredsjednik,"Cilj udruge je promicanje duhovnosti, zdravijeg načina života i međunarodne suradnje.",GRAĐANI – OPĆA POPULACIJA,"[""3.2.2. Poticanje osobnog razvoja"", ""3.2.1. Promicanje duhovnih aktivnosti"", ""8.1.9. Unapređenje zdravlja"", ""3.3. Ostale djelatnosti iz područja duhovnosti"", ""14.5. Ostale djelatnosti u području zaštite zdravlja""]",https://banovac.mfin.hr/rnoprt/Details?handler=Details&id=50584,"[""datagovhr:registar-udruga""]"
29,udruga-za-promicanje-hrvatske-etno-duhovne-glazbe-i-humanitarni-rad-vis-putnici-spisic-bukovica-2196,"UDRUGA ZA PROMICANJE HRVATSKE ETNO DUHOVNE GLAZBE I HUMANITARNI RAD VIS ""PUTNICI""","Udruga za Promicanje Hrvatske Etno Duhovne Glazbe i Humanitarni Rad Vis ""Putnici""","VIS ""PUTNICI""",registar-udruga,48139,10000754,40459292196,BRISAN,2012-10-04,2009-06-02,2009-03-30,UDRUGA,glazba,niska,2.5,"[""naziv:duhovnost"", ""opis:krscanski"", ""opis:duhovnost""]","Stjepana Radića 19, Špišić Bukovica",Stjepana Radića,19,Špišić Bukovica,Špišić Bukovica,Špišić Bukovica,Virovitičko-podravska,33404,,45.8719118,17.31637391,dgu-adresa,Požeška Biskupija,derivirano-crkve.domovina.ai,,,,,,Branko Đurišević,Predsjednik Udruge,,,"[""8.1.1. GLAZBENA DJELATNOST""]",,"[""datagovhr:registar-udruga""]"
610,udruga-za-promicanje-i-ocuvanje-zdravlja-procvat-zdravlja-pula-8369,UDRUGA ZA PROMICANJE I OČUVANJE ZDRAVLJA PROCVAT ZDRAVLJA,Udruga za Promicanje i Očuvanje Zdravlja Procvat Zdravlja,PROCVAT ZDRAVLJA,registar-udruga,45080,18001824,76109698369,AKTIVAN,,2008-05-26,2008-02-02,UDRUGA,strukovna,niska,2.5,"[""opis:krscanski"", ""opis:duhovnost"", ""djelatnost:3.2.1."", ""djelatnost:3.2.2.""]","Stube Jurine i Franine - Scalinata Jurina e Franina 3, Pula",Stube Jurine i Franine - Scalinata Jurina e Franina,3,Pula,Pula,Pula - Pola,Istarska,52100,,44.86648096,13.84676925,dgu-adresa,Biskupija Porečka i Pulska,derivirano-crkve.domovina.ai,janko.zufic@gmail.com,https://www.procvatzdravlja.hr,091 5976 423,+385915976423,,Dorothea Relić Macedo,Dopredsjednica,"promicanje zdravog načina života i prehrane utemeljeno na znanstveno potvrđenim načelima i kršćanskom svjetonazoru (konvencionalnoj a ne alternativnoj medicini),  očuvanje cjelovitog zdravlja (tjelesnog, emocionalnog, umnog, socijalnog i duhovnog) te rano otkrivanje bolesti","BESKUĆNICI, DAROVITA DJECA I MLADI, DJECA - OPĆA POPULACIJA, DJECA IZ OBITELJI KORISNIKA SUSTAVA SOCIJALNE SKRBI, GRAĐANI – OPĆA POPULACIJA, IZVIĐAČI, JEDNO RODITELJSKE OBITELJI, MANJINE - OPĆENITO, MLADI - OPĆA POPULACIJA, MLADI S RIZIČNIM OBLICIMA PONAŠANJA, NEZAPOSLENI, OBITELJI, ODGOJNO-OBRAZOVNE USTANOVE, ODGOJNO-OBRAZOVNI DJELATNICI, OPĆA POPULACIJA PACIJENATA, OSOBE S INVALIDITETOM, OSOBE STARIJE ŽIVOTNE DOBI, OSOBE U RIZIKU OD SIROMAŠTVA I SIROMAŠNE OSOBE, OVISNICI I LIJEČENI OVISNICI, RODITELJI, ROMI, ROMSKA DJECA I MLADI, SLIJEPE I SLABOVIDNE OSOBE, STUDENTI, UDRUGE I GRAĐANSKE INICIJATIVE, UČENICI, VOLONTERI, ZATVORENICI I BIVŠI ZATVORENICI, ŽENE, ŽRTVE OBITELJSKOG NASILJA","[""3.2.1. Promicanje duhovnih aktivnosti"", ""11.2.8. Organizirano stanovanje"", ""11.2.7. Smještaj"", ""9.1.8. Odgoj i obrazovanje za zaštitu i promicanje povijesno-kulturne baštine i nacionalnoga identiteta"", ""12.4.2. Individualni fitnes programi"", ""12.4.3. Tjelesne aktivnosti i igre koje se organizirano izvode radi unapređenja zdravlja i rekreacije"", ""11.2.1. Savjetovanje i pomaganje"", ""9.2.2. Humanističke znanosti"", ""8.1.6. Ravnopravnost spolova"", ""12.5.2. Organiziranje sportskih edukativnih projekata i programa (kampovi, škole, priredbe, festivali, radionice) za poticanje bavljenja sportom i tjelesnim vježbanjem"", ""11.2.10. Prevencija ovisnosti"", ""8.1.1. Demokratska tranzicija"", ""9.2.12. Popularizacija znanosti"", ""11.1.7. Pomoć i podrška obitelji"", ""9.2.11. Izdavanje znanstvenih i stručnih publikacija"", ""11.2.13. Organiziranje slobodnih aktivnosti"", ""11.1.3. Pomoć i podrška djeci"", ""9.1.6. Odgoj i obrazovanje za zaštitu i promicanje ljudskih prava"", ""11.2.12. Skraćeni boravak, igraonice, radionice, klubovi"", ""14.1.1. Prevencija zaraznih bolesti"", ""9.2.9. Znanstvenoistraživački rad"", ""11.1.4. Pomoć i podrška mladima"", ""9.1.4. Potpora obrazovanju djece i mladih s posebnim potrebama"", ""11.2.9. Prevencija nasilja"", ""11.2.4. Rana intervencija"", ""8.1.2. Infrastruktura"", ""11.2.5. Pomoć pri uključivanju u programe odgoja i redovitog obrazovanja (integracija)"", ""11.3.1. Pomoć žrtvama prirodnih katastrofa"", ""14.1.5. Unapređenje i zaštita zdravlja osoba oboljelih od malignih bolesti"", ""9.2.6. Biotehničke znanosti"", ""9.2.13. Umrežavanje i međunarodna znanstvena i stručna suradnja"", ""11.2.16. Osobna asistencija"", ""11.2.2. Pomoć u kući"", ""9.1.10. Međunarodna suradnja i mobilnost u obrazovanju"", ""14.1.4. Stvaranje uvjeta za što kvalitetniji život oboljelih od kroničnih bolesti"", ""9.1.11. Strukovne udruge u odgoju i obrazovanju"", ""11.3.3. Poboljšanje kvalitete života i zdravlja socijalno isključenih"", ""11.1.9. Pomoć i podrška beskućnicima"", ""11.3.2. Psihosocijalna pomoć u kriznim situacijama"", ""8.1.9. Unapređenje zdravlja"", ""14.3. Prevencija i suzbijanje ovisnosti"", ""8.1.4. Ljudska prava"", ""11.1.10. Pomoć i podrška žrtvama obiteljskog nasilja"", ""14.1.6. Unaprjeđenje kvalitete života osoba starije životne dobi"", ""8.3. Međunarodna prijateljstva"", ""14.1.7. Zaštita i prevencija bolesti reproduktivnog sustava"", ""11.2.15. Rehabilitacija"", ""8.1.8. Zaštita okoliša i prirode"", ""9.2.1. Društvene znanosti"", ""12.9. Promocija sporta i zdravog načina življenja"", ""9.2.7. Umjetnost"", ""9.1.7. Poticanje kreativnosti i stvaralaštva u odgoju i obrazovanju"", ""9.1.5. Odgoj i obrazovanje za aktivno sudjelovanje u razvoju demokratske kulture"", ""11.1.5. Pomoć i podrška osobama u riziku od siromaštva i socijalne isključenosti"", ""11.2.11. Stručna pomoć i podrška"", ""12.4.1. Grupni fitnes programi (aerobic, fitnes, pilates i dr.)"", ""12.4.4. Organiziranje i provođenje rekreacijskog vježbanja"", ""12.5.1. Organiziranje i provođenje pustolovnih, višesportskih i dr. projekata, susreta i turnira"", ""8.1.7. Smanjenje siromaštva"", ""14.1.2. Prevencija i unapređenje zdravlja zubi"", ""11.1.6. Pomoć i podrška nezaposlenima"", ""12.7. Organiziranje i provođenje adaptiranog i zdravstveno usmjerenog tjelesnog vježbanja"", ""12.4.5. Organiziranje sportsko rekreacijskih natjecanja i sportsko rekreativnih edukativnih projekata i programa"", ""9.2.8. Interdisciplinarna područja znanosti"", ""14.1.3. Prevencija i zaštita mentalnog zdravlja"", ""11.1.1. Pomoć i podrška starijim osobama"", ""11.3.4. Pomoć u podmirivanju osnovnih životnih potreba"", ""8.1.5. Obrazovanje"", ""9.1.2. Cjeloživotno učenje i obrazovanje odraslih"", ""9.2.4. Tehničke znanosti"", ""9.2.5. Biomedicina i zdravstvo"", ""8.1.3. Mir i sigurnost"", ""11.1.8. Pomoć i podrška azilantima"", ""11.1.2. Pomoć i podrška osobama s invaliditetom"", ""9.1.3. Izvaninstitucionalni odgoj i obrazovanje"", ""9.2.10. Organizacija domaćih i međunarodnih znanstvenih i znanstvenostručnih skupova, škola, kongresa i seminara"", ""11.2.3. Psihosocijalna podrška"", ""9.1.9. Odgoj i obrazovanje za održivi razvoj, zdrave načine života i očuvanje prirode"", ""9.2.14. Strukovne udruge u području znanosti, stručnog rada i istraživanja"", ""11.2.14. Pomoć i podrška u vlastitom domu i zajednici"", ""3.2.2. Poticanje osobnog razvoja"", ""9.2.3. Prirodne znanosti"", ""11.2.6. Boravak"", ""9.1.1. Razvoj i promicanje odgoja i obrazovanja""]",https://banovac.mfin.hr/rnoprt/Details?handler=Details&id=8069,"[""datagovhr:registar-udruga""]"
50,udruga-za-promicanje-kvalitete-zivota-krion-medsave-9859,"UDRUGA ZA PROMICANJE KVALITETE ŽIVOTA ""KRION""","Udruga za Promicanje Kvalitete Života ""Krion""","UDRUGA ""KRION""",registar-udruga,55804,01002613,95235339859,BRISAN,2018-10-26,2011-12-12,2011-10-15,UDRUGA,obitelj,niska,2.5,"[""opis:duhovnost"", ""djelatnost:3.1.2."", ""djelatnost:3.2.1.""]","Medsave 53B, Medsave",Medsave,53B,Medsave,Medsave,Samobor,Zagrebačka,10430,,45.83094355,15.77226326,dgu-adresa,Zagrebačka Nadbiskupija,derivirano-crkve.domovina.ai,udruga.krion@gmail.com,,098-9730853,+385989730853,,Davor Planinc,Dopredsjednik,"- briga i poticanje kvalitete života, te promicanje metoda kvalitete života, promicanje duhovnih znanosti i edukacija o istima, sa svrhom poboljšanja kvalitete života",GRAĐANI – OPĆA POPULACIJA,"[""20.99.99. OSTALE DJELATNOSTI"", ""3.1.2. Promocija i izgradnja međuvjerničkog dijaloga"", ""3.2.1. Promicanje duhovnih aktivnosti""]",https://banovac.mfin.hr/rnoprt/Details?handler=Details&id=42779,"[""datagovhr:registar-udruga""]"
608,udruga-za-promicanje-moderne-umjetnosti-i-kulture-essentia-kutina-8339,"UDRUGA ZA PROMICANJE MODERNE UMJETNOSTI I KULTURE, ESSENTIA","Udruga za Promicanje Moderne Umjetnosti i Kulture, Essentia",Udruga Essentia,registar-udruga,48235,03001531,48890268339,BRISAN,2018-03-08,2009-06-12,2009-05-13,UDRUGA,kultura,niska,2.5,"[""opis:duhovnost"", ""djelatnost:3.2.1."", ""djelatnost:3.2.2."", ""djelatnost:3.1.2.""]","Ivana Gorana Kovačića 22, Kutina",Ivana Gorana Kovačića,22,Kutina,Kutina,Kutina,Sisačko-moslavačka,44320,,45.48490668,16.77938635,dgu-adresa,Sisačka Biskupija,derivirano-crkve.domovina.ai,spomenko71@gmail.com,,091 5764 550,+385915764550,,Spomenko Karić,Predsjednik,"Izgradnja i vođenje poslovanja tematskog parka. Promicanje umjetnosti i kulture uz učinkovitu suradnju s obrazovnim, kulturnim i znanstvenim institucijama te drugim tijelima i organizacijama koje se bave umjetničkom i kulturnom djelatnošću, organiziranje projekcija, glazbenih večeri, književnih, likovnih i ostalih umjetničkih izričaja. Razvitak i promicanje turizma, poljoprivrede, preventivne zaštite zdravlja te zaštite životinja. Poticanje vrhunskog turizma i stvaranje uvjeta za postizanje vrhunskih rezultata na ovom području djelovanja. Razvitak interesa za poljoprivredu. Promicanje odgojih funkcija kod mladih, usvajanje poduzetničkog duha i poslovnog kodeksa međusobnog razumijevanja, tolerancije i odgovornosti.  Humanitarna pomoć.","DAROVITA DJECA I MLADI, DJECA - OPĆA POPULACIJA, GRAĐANI – OPĆA POPULACIJA, STUDENTI, UČENICI","[""6.1.8. Općekulturna (kulturološka) djelatnost"", ""6.5.4. Audiovizualni amaterizam"", ""3.2.1. Promicanje duhovnih aktivnosti"", ""3.2.2. Poticanje osobnog razvoja"", ""6.3.6. Inovativne vizualne umjetničke prakse"", ""3.1.2. Promocija i izgradnja međuvjerničkog dijaloga"", ""6.5.5. Inovativne audiovizulne umjetničke prakse"", ""6.4.5. Literarni amaterizam"", ""6.3.3. Fotografska umjetnost"", ""6.6. Medijska kultura"", ""6.3.5. Likovni amaterizam"", ""6.3.1. Likovne umjetnosti"", ""6.2.4. Kulturno-umjetnički (glazbeni i scenski) amaterizam""]",https://banovac.mfin.hr/rnoprt/Details?handler=Details&id=51921,"[""datagovhr:registar-udruga""]"
1183,udruga-za-seminare-evangelizaciju-i-edukaciju-rijeka-16640,"UDRUGA ZA SEMINARE, EVANGELIZACIJU I EDUKACIJU","Udruga za Seminare, Evangelizaciju i Edukaciju",S.E.E.,registar-udruga,16640,00001926,,BRISAN,2023-08-12,2001-03-02,2000-12-25,UDRUGA,obrazovanje,niska,2.5,"[""naziv:krscanski"", ""opis:krscanski"", ""djelatnost:14.duhovna"", ""opis:-protestant""]","dr. Frana Kresnika 31, Rijeka",dr. Frana Kresnika,31,Rijeka,Rijeka,Rijeka,Primorsko-goranska,51000,,45.33652424,14.4312192,dgu-adresa,Riječka Nadbiskupija,derivirano-crkve.domovina.ai,,,,,,Damir Strbad,Predsjednik Udruge,,,"[""14.1.1. DUHOVNA VJERNIČKA DJELATNOST""]",,"[""datagovhr:registar-udruga""]"
410,udruga-za-zastitu-i-promicanje-razvitka-svetog-jurja-sveti-juraj-2436,UDRUGA ZA ZAŠTITU I PROMICANJE RAZVITKA SVETOG JURJA,Udruga za Zaštitu i Promicanje Razvitka Svetog Jurja,UDRUGA SVETI JURAJ,registar-udruga,31476,09000271,33540722436,BRISAN,2024-08-02,2002-09-23,2002-08-17,UDRUGA,molitvena,niska,2.5,"[""naziv:svetac"", ""opis:crkva"", ""opis:svetac""]","Selo 23, Sveti Juraj",Selo,23,Sveti Juraj,Sveti Juraj,Senj,Ličko-senjska,53284,,44.92843136,14.91937129,dgu-adresa,Gospićko-senjska Biskupija,derivirano-crkve.domovina.ai,,,,,,Marin Jančić,Predsjednik Udruge,,,"[""12.99.99. ZAŠTITA OSTALIH PRAVA""]",,"[""datagovhr:registar-udruga""]"
970,udruga-zena-sveta-katarina-glinska-poljana-slana-vratecko-1232,"UDRUGA ŽENA ""SVETA KATARINA"" GLINSKA POLJANA, SLANA, VRATEČKO","Udruga Žena ""Sveta Katarina"" Glinska Poljana, Slana, Vratečko",,registar-udruga,246269,03002265,93782271232,AKTIVAN,,2021-10-22,2021-08-07,UDRUGA,karitativna,niska,2.5,"[""naziv:svetac"", ""opis:duhovnost"", ""djelatnost:3.2.1."", ""djelatnost:3.2.2.""]","Slana 2, Slana",Slana,2,Slana,Slana,Petrinja,Sisačko-moslavačka,,,45.441782827639656,16.137389589299826,naselje-teziste,Sisačka Biskupija,derivirano-crkve.domovina.ai,,,,,,Milena Radušević,Dopredsjednica Udruge,"- druženje; promicanje duhovnih vrijednosti, humanosti, društvenog rada; njegovanje i očuvanje kulturne baštine i tradicije ovih naselja, te zadovoljavanje potreba članica u socijalnom, kulturnom, estetskom, humanitarnom, zdravstvenom, sportskom, edukativnom i turističkom pogledu.","GRAĐANI – OPĆA POPULACIJA, MLADI - OPĆA POPULACIJA, ŽENE RURALNIH PODRUČJA","[""3.2.1. Promicanje duhovnih aktivnosti"", ""7.2. Prava aktivnih sudionika i stradalnika Domovinskog rata"", ""10.1.2. Planiranje razvoja ruralnih područja"", ""6.2.4. Kulturno-umjetnički (glazbeni i scenski) amaterizam"", ""6.1.1. Zaštita i očuvanje materijalnih kulturnih dobara"", ""2.13. Razvoj lokalne zajednice"", ""6.1.7. Zaštita i očuvanje nematerijalnih kulturnih dobara"", ""3.2.2. Poticanje osobnog razvoja"", ""6.1.6. Zaštita kulturnih krajolika"", ""15.2.4. Podizanje svijesti i aktivnosti za smanjenje otpada i povećanje recikliranja"", ""11.1.5. Pomoć i podrška osobama u riziku od siromaštva i socijalne isključenosti""]",,"[""datagovhr:registar-udruga""]"
452,udruga-zena-i-djevojaka-kraljev-vrh-5371,UDRUGA ŽENA I DJEVOJAKA KRALJEV VRH,Udruga Žena i Djevojaka Kraljev Vrh,,registar-udruga,19957,01000679,67604065371,AKTIVAN,,1998-07-27,1998-05-10,UDRUGA,karitativna,niska,2.5,"[""opis:crkva"", ""opis:duhovnost"", ""djelatnost:3.2.1.""]","Školska ulica 1, Kraljev Vrh",Školska ulica,1,Kraljev Vrh,Kraljev Vrh,Jakovlje,Zagrebačka,10297,,45.94466189,15.91333997,dgu-adresa,Zagrebačka Nadbiskupija,derivirano-crkve.domovina.ai,udruga.kvrh@gmail.com,,01 3352 666,+38513352666,,Jasminka Pušek,Predsjednica,"su: razvitak i unapređenje društvenih interesa mladih, te poticanja i razvijanja čovječnosti i ljubavi prema djeci i odraslima, a napose ljubavi prema svojoj Hrvatskoj domovini.","DJECA - OPĆA POPULACIJA, MLADI - OPĆA POPULACIJA","[""3.2.1. Promicanje duhovnih aktivnosti"", ""6.2.1. Dramske umjetnosti"", ""11.1.1. Pomoć i podrška starijim osobama"", ""2.13. Razvoj lokalne zajednice"", ""11.1.3. Pomoć i podrška djeci"", ""11.3.1. Pomoć žrtvama prirodnih katastrofa"", ""11.2.13. Organiziranje slobodnih aktivnosti"", ""6.2.4. Kulturno-umjetnički (glazbeni i scenski) amaterizam"", ""2.12. Razvoj civilnoga društva""]",https://banovac.mfin.hr/rnoprt/Details?handler=Details&id=3480,"[""datagovhr:registar-udruga""]"
385,udruga-zena-opcine-veliko-trgovisce-zakljec-2224,"UDRUGA ŽENA OPĆINE VELIKO TRGOVIŠĆE ""ŽAKLJEC""","Udruga Žena Općine Veliko Trgovišće ""Žakljec""","UDRUGA ""ŽAKLJEC""",registar-udruga,62752,02001346,67928952224,AKTIVAN,,2014-03-20,2014-03-08,UDRUGA,glazba,niska,2.5,"[""opis:zupa"", ""opis:crkva""]","Trg Stjepana i Franje Tuđmana 2, Veliko Trgovišće",Trg Stjepana i Franje Tuđmana,2,Veliko Trgovišće,Veliko Trgovišće,Veliko Trgovišće,Krapinsko-zagorska,49214,,46.00245329,15.84443059,dgu-adresa,Zagrebačka Nadbiskupija,derivirano-crkve.domovina.ai,udruga.zakljec@gmail.com,,098-920-1285,+385989201285,,Anica Tresk,Predsjednica,"omogućavanje i poticanje kulturnog, socijalnog, prosvjetnog uvjerenja i probitaka žena, djece i mladeži općine Veliko Trgovišće.","DJECA - OPĆA POPULACIJA, GRAĐANI – OPĆA POPULACIJA, MLADI - OPĆA POPULACIJA, RURALNO STANOVNIŠTVO, ŽENE","[""6.1.7. Zaštita i očuvanje nematerijalnih kulturnih dobara"", ""6.1.1. Zaštita i očuvanje materijalnih kulturnih dobara"", ""11.1.3. Pomoć i podrška djeci"", ""11.1.1. Pomoć i podrška starijim osobama"", ""15.1.2. Očuvanje prirodne baštine"", ""6.1.9. Ostale djelatnosti kulturne baštine"", ""10.1.2. Planiranje razvoja ruralnih područja"", ""11.1.2. Pomoć i podrška osobama s invaliditetom"", ""15.1.1. Očuvanje posebno vrijednih prirodnih područja i drugih prostora"", ""11.1.4. Pomoć i podrška mladima""]",https://banovac.mfin.hr/rnoprt/Details?handler=Details&id=45283,"[""datagovhr:registar-udruga""]"
1191,ujedinjeni-hrvatski-zastitari-zagreb-3256,UJEDINJENI HRVATSKI ZAŠTITARI,Ujedinjeni Hrvatski Zaštitari,UHZ,registar-udruga,58639,21009746,24577593256,AKTIVAN,,2012-11-20,2012-11-11,UDRUGA,karitativna,niska,2.5,"[""opis:katolic"", ""opis:svetac"", ""opis:-pravoslavlje""]","ILICA 288, Zagreb",ILICA,288,Zagreb,Zagreb,Grad Zagreb,Grad Zagreb,10109,,45.81425047,15.92954226,dgu-adresa,Zagrebačka Nadbiskupija,derivirano-crkve.domovina.ai,,,,,,Pave Kumarić,Predsjednik,"Promicanje razvitka i unaprjeđenja zaštitara Hrvatske, kao i cjelokupne zaštitarske struke.","LOKALNA I REGIONALNA SAMOUPRAVA, OSTALI, TIJELA DRŽAVNE UPRAVE, UDRUGE I GRAĐANSKE INICIJATIVE","[""17.1. Ostala područja djelovanja""]",,"[""datagovhr:registar-udruga""]"
466,udruga-sveti-blaz-tisovac-tisovac5i-7830,"Udruga ""Sveti Blaž"" Tisovac","Udruga ""Sveti Blaž"" Tisovac",,registar-udruga,63238,12001587,40911247830,AKTIVAN,,2014-05-20,2014-04-23,UDRUGA,glazba,niska,2.5,"[""naziv:svetac"", ""opis:crkva"", ""opis:duhovnost""]",Tisovac5i,Tisovac,5i,Tisovac,Tisovac,Staro Petrovo Selo,Brodsko-posavska,35420,,45.25638716,17.51222617,dgu-adresa,Požeška Biskupija,derivirano-crkve.domovina.ai,posavcevic1@gmail.com,,091-3620-108,+385913620108,,Vinko Marošević,Predsjednik Udruge,"Istraživanje, zaštita i promicanje kulturološke, običajne (glazbene, pučke i crkvene) baštine, zaštita i promocija pučkih gospodarskih aktivnosti, promicanje i zaštita ruralnog prostora, te promocija istoga u svrhu općeg razvoja Ciljevi iz prethodnog stavka se ostvaruju sljedećim djelatnostima:",GRAĐANI – OPĆA POPULACIJA,"[""11.1.1. ZAVIČAJNA DJELATNOST""]",https://banovac.mfin.hr/rnoprt/Details?handler=Details&id=49950,"[""datagovhr:registar-udruga""]"
569,udruga-vis-emanuel-duhovnom-glazbom-darujmo-osmjeh-velika-gorica-7156,"Udruga ""Vis Emanuel - duhovnom glazbom darujmo osmjeh""","Udruga ""Vis Emanuel - duhovnom glazbom darujmo osmjeh""","Udruga ""Vis emanuel""",registar-udruga,37082,01001591,69308197156,AKTIVAN,,2005-04-26,2005-03-31,UDRUGA,glazba,niska,2.5,"[""naziv:duhovnost"", ""opis:crkva"", ""djelatnost:14.duhovna""]","Jurja Dobrile 70, Velika Gorica",Jurja Dobrile,70,Velika Gorica,Velika Gorica,Velika Gorica,Zagrebačka,10410,,45.72227805,16.06430191,dgu-adresa,Zagrebačka Nadbiskupija,derivirano-crkve.domovina.ai,,,,,,Dražen Pavin,Predsjednik Udruge,,,"[""14.99.99. OSTALE DUHOVNE DJELATNOSTI""]",,"[""datagovhr:registar-udruga""]"
444,udruga-matica-sveta-marija-govedari-1384,Udruga Matica Sveta Marija Goveđari,Udruga Matica Sveta Marija Goveđari,MATICA SVETE MARIJE,registar-udruga,31852,19000788,20218581384,AKTIVAN,,2002-12-03,2001-10-07,UDRUGA,mediji,niska,2.5,"[""opis:zupa"", ""opis:svetac"", ""opis:duhovnost""]","Goveđari 00, Goveđari",Goveđari,00,Goveđari,Goveđari,Mljet,Dubrovačko-neretvanska,,,42.77172288782442,17.340571137972454,naselje-teziste,,,,,020/452 890,+38520452890,,Ivo Stražičić,Predsjednik,"Udruga je osnovana u cilju promicanja, razvitka i unapređenja vjerske, kulturne i povjesne tradicije na području Župe Svete Marije na otoku Mljetu.",GRAĐANI – OPĆA POPULACIJA,"[""10.99.99. OSTALE GOSPODARSKE DJELATNOSTI"", ""6.1.8. Općekulturna (kulturološka) djelatnost"", ""6.1.7. Zaštita i očuvanje nematerijalnih kulturnih dobara"", ""6.1.1. Zaštita i očuvanje materijalnih kulturnih dobara"", ""6.1.6. Zaštita kulturnih krajolika""]",https://banovac.mfin.hr/rnoprt/Details?handler=Details&id=17955,"[""datagovhr:registar-udruga""]"
776,udruga-sritna-lica-split-0183,Udruga SRITNA LICA,Udruga SRITNA LICA,,registar-udruga,205292,17005644,00283700183,AKTIVAN,,2017-03-23,2017-01-17,UDRUGA,molitvena,niska,2.5,"[""opis:krscanski"", ""opis:duhovnost"", ""djelatnost:3.3."", ""djelatnost:3.2.2.""]","Sarajevska 38, Split",Sarajevska,38,Split,Split,Split,Splitsko-dalmatinska,21000,,43.52268717,16.47427251,dgu-adresa,Splitsko-makarska Nadbiskupija,derivirano-crkve.domovina.ai,,,,,,Zlatko Čičmir,Predsjednik Udruge,"1.     U prvom redu poštivati i ljubiti samoga sebe i tu ljubav dati svima oko sebe;
2.     Život u sritnoj zajednici sritnih lica, uz poštivanje i uvažavanje kapaciteta pojedinca;
3.     Promicanje općeg dobra i dobra svakog ljudskog bića;
4.     Promicanje tolerancije i suživota;
5.     Osnaživanje mladih za aktivno uključivanje u društvo i njihov osobni rast u skladu s općeljudskim vrednotama;
6.     Promicanje ekoloških vrijednosti;
7.     Poštivanje i uvažavanje Božje misli, želje i riječi za ljubav i dobro čovjeka na spas i vječnost svemira na volju Boga;
8.     Dematerijalizacija ili materijalno rasterećivanje. Sve materijalno je nastalo na duhovnom i opet će postati duhovno na volju Boga i tako u vječnost, i odrednica buduće misije i uloge po Bogu i zvijezdama;
9.     Izgradnja duha u ljubavi prema svemu;
10.  Osuda sklonosti i težnje bogaćenju pod svaku cijenu na uštrb zajednice i društva u cijelini;",GRAĐANI – OPĆA POPULACIJA,"[""3.3. Ostale djelatnosti iz područja duhovnosti"", ""3.2.2. Poticanje osobnog razvoja"", ""15.5. Ostale djelatnosti iz područja zaštite okoliša i prirode""]",,"[""datagovhr:registar-udruga""]"
1097,udruga-stina-nasih-pradidova-ovrlje-7792,Udruga Stina naših pradidova,Udruga Stina naših pradidova,,registar-udruga,270777,17007096,85732847792,AKTIVAN,,2026-04-10,2026-03-08,UDRUGA,glazba,niska,2.5,"[""opis:duhovnost"", ""djelatnost:3.2.2."", ""djelatnost:3.2.1."", ""djelatnost:3.1.2.""]","Ovrlje 20A, Ovrlje",Ovrlje,20A,Ovrlje,Ovrlje,Otok,Splitsko-dalmatinska,21238,,43.67832636,16.74901624,dgu-adresa,Splitsko-makarska Nadbiskupija,derivirano-crkve.domovina.ai,antsutra@gmail.com,,095-583-6145,+385955836145,,Ana Vranješ,Dopredsjednica Udruge,"Cilj Udruge je udruživanje građana koji žele svojim radom sudjelovati u raznim vrstama kulturno-umjetničkog izražavanja, aktivnostima za promicanje duhovnosti i braniteljske populacije, a u svrhu unapređenja kulture i umjetnosti, duhovnog života i vrijednosti Domovinskog rata.","BRANITELJI - VETERANI, CIVILNI INVALIDI RATA, DJECA - OPĆA POPULACIJA, GRAĐANI – OPĆA POPULACIJA, INVALIDI DOMOVINSKOG RATA, MLADI - OPĆA POPULACIJA, NEZAPOSLENI, OBITELJI BRANITELJA, OSOBE STARIJE ŽIVOTNE DOBI, RATNI VETERANI, UMIROVLJENICI, ŽENE","[""6.2.4. Kulturno-umjetnički (glazbeni i scenski) amaterizam"", ""6.2.6. Glazbene i scenske manifestacije i festivali"", ""1.1.2. Zaštita interesa hrvatskih branitelja iz Domovinskog rata i članova njihovih obitelji"", ""6.2.1. Dramske umjetnosti"", ""1.2.2. Zaštita interesa civilnih stradalnika i njihovih obitelji"", ""6.2.2. Plesne umjetnosti"", ""1.1.3. Zaštita interesa hrvatskih ratnih vojnih invalida iz Domovinskog rata"", ""3.2.2. Poticanje osobnog razvoja"", ""6.4.3. Nakladnička i knjižarska djelatnost"", ""6.1.7. Zaštita i očuvanje nematerijalnih kulturnih dobara"", ""3.2.1. Promicanje duhovnih aktivnosti"", ""6.4.6. Književno-nakladničke manifestacije"", ""6.1.1. Zaštita i očuvanje materijalnih kulturnih dobara"", ""6.5.4. Audiovizualni amaterizam"", ""1.1.1. Promicanje vrijednosti Domovinskog rata"", ""6.4.1. Književno stvaralaštvo"", ""6.2.3. Glazba i glazbeno-scenske umjetnosti"", ""3.1.2. Promocija i izgradnja međuvjerničkog dijaloga"", ""1.2.1. Zaštita interesa članova obitelji smrtno stradaloga, zatočenoga ili nestaloga hrvatskog branitelja iz Domovinskog rata"", ""6.4.5. Literarni amaterizam""]",https://banovac.mfin.hr/rnoprt/Details?handler=Details&id=64403,"[""datagovhr:registar-udruga""]"
1096,udruga-x-varazdin-6726,Udruga X,Udruga X,,registar-udruga,268709,05002287,83092066726,AKTIVAN,,2024-11-13,2024-11-05,UDRUGA,karitativna,niska,2.5,"[""opis:krscanski"", ""opis:duhovnost"", ""djelatnost:3.2.3."", ""djelatnost:3.2.2."", ""djelatnost:3.2.1.""]","Optujska ulica 101, Varaždin",Optujska ulica,101,Varaždin,Varaždin,Varaždin,Varaždinska,42000,,46.31592569,16.32183872,dgu-adresa,Varaždinska Biskupija,derivirano-crkve.domovina.ai,damjan.klemencic@outlook.com,,099-445-0294,+385994450294,,Bruna Bušić,Dopredsjednica,Udruga X je neprofitna udruga čije je poslanje osnaživati kvalitetu života suvremenog čovjeka i poticati njegov duhovni i tjelesni razvoj.,"AKADEMSKA ZAJEDNICA, GRAĐANI – OPĆA POPULACIJA, MLADI - OPĆA POPULACIJA","[""7.5.5. Zaštita prava djece"", ""9.1.12. Ostale djelatnosti odgoja i obrazovanja"", ""11.2.5. Pomoć pri uključivanju u programe odgoja i redovitog obrazovanja (integracija)"", ""2.6. Interkulturalni dijalog"", ""11.2.17. Ostale djelatnosti socijalnih usluga"", ""11.2.7. Smještaj"", ""3.2.3. Ostale duhovne djelatnosti"", ""2.5. Promicanje društvene solidarnosti"", ""2.4.3. Ostale djelatnosti volonterstva"", ""9.1.8. Odgoj i obrazovanje za zaštitu i promicanje povijesno-kulturne baštine i nacionalnoga identiteta"", ""11.2.13. Organiziranje slobodnih aktivnosti"", ""2.13. Razvoj lokalne zajednice"", ""3.2.2. Poticanje osobnog razvoja"", ""11.2.10. Prevencija ovisnosti"", ""11.2.12. Skraćeni boravak, igraonice, radionice, klubovi"", ""15.1.2. Očuvanje prirodne baštine"", ""11.2.14. Pomoć i podrška u vlastitom domu i zajednici"", ""2.4.2. Djelatnost volonterskih centara"", ""11.2.3. Psihosocijalna podrška"", ""6.1.1. Zaštita i očuvanje materijalnih kulturnih dobara"", ""9.1.5. Odgoj i obrazovanje za aktivno sudjelovanje u razvoju demokratske kulture"", ""2.7. Organiziranje i provedba arbitražnih postupaka i postupaka mirenja"", ""9.1.1. Razvoj i promicanje odgoja i obrazovanja"", ""2.8. Promicanje dobrog upravljanja"", ""11.2.6. Boravak"", ""11.2.15. Rehabilitacija"", ""11.2.16. Osobna asistencija"", ""11.2.8. Organizirano stanovanje"", ""11.2.4. Rana intervencija"", ""9.1.6. Odgoj i obrazovanje za zaštitu i promicanje ljudskih prava"", ""9.1.2. Cjeloživotno učenje i obrazovanje odraslih"", ""2.10. Poticanje participativne demokracije/sudjelovanja građana u odlučivanju"", ""2.11. Praćenje javnih politika i javno zagovaranje"", ""9.1.3. Izvaninstitucionalni odgoj i obrazovanje"", ""9.1.7. Poticanje kreativnosti i stvaralaštva u odgoju i obrazovanju"", ""9.1.10. Međunarodna suradnja i mobilnost u obrazovanju"", ""9.1.4. Potpora obrazovanju djece i mladih s posebnim potrebama"", ""2.9. Suzbijanje korupcije"", ""11.2.9. Prevencija nasilja"", ""15.1.1. Očuvanje posebno vrijednih prirodnih područja i drugih prostora"", ""2.4.1. Promicanje i razvoj volonterstva"", ""11.2.11. Stručna pomoć i podrška"", ""3.2.1. Promicanje duhovnih aktivnosti"", ""9.1.11. Strukovne udruge u odgoju i obrazovanju"", ""11.2.1. Savjetovanje i pomaganje"", ""9.1.9. Odgoj i obrazovanje za održivi razvoj, zdrave načine života i očuvanje prirode"", ""11.2.2. Pomoć u kući""]",https://banovac.mfin.hr/rnoprt/Details?handler=Details&id=63550,"[""datagovhr:registar-udruga""]"
122,udruga-gradana-zavicajni-klub-lika-rudopolje-bjelovar-6544,"Udruga građana zavičajni klub ""Lika"" Rudopolje-Bjelovar","Udruga građana zavičajni klub ""Lika"" Rudopolje-Bjelovar",,registar-udruga,395,07000458,80783996544,BRISAN,2015-12-10,1998-02-13,1998-01-21,UDRUGA,sport,niska,2.5,"[""opis:zupa"", ""opis:crkva""]","Male Sredice 8, Bjelovar",Male Sredice,8,Bjelovar,Bjelovar,Bjelovar,Bjelovarsko-bilogorska,43000,,45.89059705,16.83696511,dgu-adresa,Bjelovarsko-križevačka Biskupija,derivirano-crkve.domovina.ai,,,,,,Tomislav Šarić,Predsjednik,,,"[""11.1.1. ZAVIČAJNA DJELATNOST""]",https://banovac.mfin.hr/rnoprt/Details?handler=Details&id=7699,"[""datagovhr:registar-udruga""]"
1071,udruga-mjestana-tuzno-1509,Udruga mještana Tužno,Udruga mještana Tužno,,registar-udruga,270643,05002330,96744491509,AKTIVAN,,2026-03-13,2026-02-09,UDRUGA,glazba,niska,2.5,"[""opis:crkva"", ""opis:duhovnost"", ""djelatnost:3.2.1."", ""djelatnost:3.2.3."", ""djelatnost:3.2.2.""]","Belska ulica 1, Tužno",Belska ulica,1,Tužno,Tužno,Vidovec,Varaždinska,42242,,46.25398686,16.2372529,dgu-adresa,Varaždinska Biskupija,derivirano-crkve.domovina.ai,udruga.tuzno@gmail.com,,,,,Ivica Štebih,Potpredsjednik,"Udruga mještana Tužno osnovana je s ciljem unapređenja kvalitete života svih mještana naselja Tužno kroz kulturne, obrazovne, sportske, humanitarne, društvene aktivnosti, povezivanja različitih generacija te očuvanja lokalne tradicije i baštine nasljea Tužno.","GRAĐANI – OPĆA POPULACIJA, MLADI - OPĆA POPULACIJA, UMIROVLJENICI, ŽENE","[""11.1.7. Pomoć i podrška obitelji"", ""2.13. Razvoj lokalne zajednice"", ""11.3.4. Pomoć u podmirivanju osnovnih životnih potreba"", ""8.1.1. Demokratska tranzicija"", ""10.1.2. Planiranje razvoja ruralnih područja"", ""6.2.4. Kulturno-umjetnički (glazbeni i scenski) amaterizam"", ""2.4.3. Ostale djelatnosti volonterstva"", ""6.3.7. Manifestacije vizualnih umjetnosti"", ""6.1.9. Ostale djelatnosti kulturne baštine"", ""2.5. Promicanje društvene solidarnosti"", ""11.3.5. Ostale djelatnosti humanitarne pomoći"", ""8.3. Međunarodna prijateljstva"", ""6.1.1. Zaštita i očuvanje materijalnih kulturnih dobara"", ""15.1.1. Očuvanje posebno vrijednih prirodnih područja i drugih prostora"", ""15.2.4. Podizanje svijesti i aktivnosti za smanjenje otpada i povećanje recikliranja"", ""11.1.3. Pomoć i podrška djeci"", ""6.3.3. Fotografska umjetnost"", ""11.1.5. Pomoć i podrška osobama u riziku od siromaštva i socijalne isključenosti"", ""11.1.4. Pomoć i podrška mladima"", ""2.4.1. Promicanje i razvoj volonterstva"", ""15.2.5. Ostale djelatnosti zaštite okoliša"", ""15.1.2. Očuvanje prirodne baštine"", ""3.2.1. Promicanje duhovnih aktivnosti"", ""3.2.3. Ostale duhovne djelatnosti"", ""10.1.1. Edukacija za održivi razvoj ruralnih područja"", ""17.1. Ostala područja djelovanja"", ""2.4.2. Djelatnost volonterskih centara"", ""6.1.7. Zaštita i očuvanje nematerijalnih kulturnih dobara"", ""3.2.2. Poticanje osobnog razvoja"", ""11.1.2. Pomoć i podrška osobama s invaliditetom"", ""15.1.3. Ostale djelatnosti očuvanja prirode"", ""11.1.1. Pomoć i podrška starijim osobama""]",https://banovac.mfin.hr/rnoprt/Details?handler=Details&id=64232,"[""datagovhr:registar-udruga""]"
806,udruga-mladih-svinisce-1726,Udruga mladih Svinišće,Udruga mladih Svinišće,UMS,registar-udruga,203342,17005459,68770041726,AKTIVAN,,2016-03-18,2016-02-25,UDRUGA,mladi,niska,2.5,"[""opis:marija"", ""opis:svetac"", ""opis:duhovnost""]","Tadini 8, Svinišće",Tadini,8,Svinišće,Svinišće,Omiš,Splitsko-dalmatinska,21250,,43.42568183,16.78236718,dgu-adresa,Splitsko-makarska Nadbiskupija,derivirano-crkve.domovina.ai,udruga.svinisce@gmail.com,,095 5872 834,+385955872834,,Marijana Terzić,Predsjednica,"Udruga je osnovana u cilju promicanja, razvtka i unapređenja sela Svinišće te njegove kulturne i tradicionalne baštine.Takodjer udruga je osnovana s ciljem povratka mladih na selo i razvoja lokalne zajdnice.","GRAĐANI – OPĆA POPULACIJA, MLADI - OPĆA POPULACIJA, RURALNO STANOVNIŠTVO","[""6.3.5. Likovni amaterizam"", ""6.1.7. Zaštita i očuvanje nematerijalnih kulturnih dobara"", ""15.1.1. Očuvanje posebno vrijednih prirodnih područja i drugih prostora"", ""6.1.6. Zaštita kulturnih krajolika"", ""15.2.4. Podizanje svijesti i aktivnosti za smanjenje otpada i povećanje recikliranja"", ""6.1.2. Konzervatorsko-restauratorska djelatnost"", ""6.1.1. Zaštita i očuvanje materijalnih kulturnih dobara"", ""15.1.2. Očuvanje prirodne baštine"", ""10.1.5. Zaštita javnih dobara u ruralnim područjima""]",https://banovac.mfin.hr/rnoprt/Details?handler=Details&id=53361,"[""datagovhr:registar-udruga""]"
327,udruga-prijatelja-sela-previs-celopeci-6341,Udruga prijatelja sela Previš,Udruga prijatelja sela Previš,,registar-udruga,40985,19001131,49248126341,AKTIVAN,,2006-12-08,2006-11-18,UDRUGA,molitvena,niska,2.5,"[""opis:caritas"", ""opis:krscanski""]","Brnjine 23, Čelopeci",Brnjine,23,Čelopeci,Čelopeci,Župa Dubrovačka,Dubrovačko-neretvanska,20207,,42.63666068,18.17826799,dgu-adresa,Dubrovačka Biskupija - Dioecesis Ragusina,derivirano-crkve.domovina.ai,previsic.rajko@gmail.com,,091-5008-496,+385915008496,,Niko Previšić,Dopredsjednik,"Temeljna djelatnost udruge je okupljanje članstva u cilju promicanja, razvitka i unapređenja općeljudskih i kršćanskih vrednota te običaja sela Previš i uopće Hercegovačkog kraja te njegovanje i razvoj svestranih veza sa zavičajem (kulturnih, gospodarskih humanitarnih i dr.)","GRAĐANI – OPĆA POPULACIJA, MLADI - OPĆA POPULACIJA","[""20.99.99. OSTALE DJELATNOSTI"", ""6.1.4. Arhivska djelatnost"", ""6.1.1. Zaštita i očuvanje materijalnih kulturnih dobara"", ""6.1.6. Zaštita kulturnih krajolika""]",https://banovac.mfin.hr/rnoprt/Details?handler=Details&id=24356,"[""datagovhr:registar-udruga""]"
648,udruga-univerzalne-ljubavi-viskovo-3861,Udruga univerzalne ljubavi,Udruga univerzalne ljubavi,UUL,registar-udruga,43630,01001926,48328823861,AKTIVAN,,2007-11-23,2007-07-07,UDRUGA,glazba,niska,2.5,"[""opis:duhovnost"", ""djelatnost:14.duhovna"", ""djelatnost:3.2.2."", ""djelatnost:3.2.1."", ""djelatnost:3.1.2.""]","Dovičići 10B, Viškovo",Dovičići,10B,Viškovo,Viškovo,Viškovo,Primorsko-goranska,51216,,45.38502994,14.3772739,dgu-adresa,Riječka Nadbiskupija,derivirano-crkve.domovina.ai,,,,,,Mario Mihaljević,Predsjednik,"- razvijanje programa suradnje među vodećim religijama na ovim prostorima i u svijetu,
- uspostavljanje dijaloga sa svim religijskim i vjerskim skupinama,
- izdavanje knjiga, časopisa i glazbe iz područja djelatnosti udruge,
- pomaganje osobama slabijeg imovinskog stanja,
- informiranje javnosti o radu Udruge,
- suradnja s drugim istovrsnim i sličnim udrugama u zemlji i inozemstvu te svim drugim organizacijama, ustanovama, fizičkim i pravnim osobama koje podupiru rad Udruge.","GRAĐANI – OPĆA POPULACIJA, MLADI - OPĆA POPULACIJA","[""14.99.99. OSTALE DUHOVNE DJELATNOSTI"", ""8.3. Međunarodna prijateljstva"", ""3.2.2. Poticanje osobnog razvoja"", ""3.2.1. Promicanje duhovnih aktivnosti"", ""3.1.2. Promocija i izgradnja međuvjerničkog dijaloga""]",,"[""datagovhr:registar-udruga""]"
435,udruga-za-izgradnju-kapele-u-bukevju-donja-zelina-20638,Udruga za izgradnju kapele u Bukevju,Udruga za izgradnju kapele u Bukevju,,registar-udruga,20638,01001269,,BRISAN,2005-04-26,2001-11-07,2001-10-18,UDRUGA,zupna,niska,2.5,"[""naziv:crkva"", ""djelatnost:14.duhovna""]","Bukevje, Donja Zelina",Bukevje,,Donja Zelina,Donja Zelina,Sveti Ivan Zelina,Zagrebačka,,,45.912404519753174,16.229468527057183,naselje-teziste,Zagrebačka Nadbiskupija,derivirano-crkve.domovina.ai,,,,,,Ivan Picek,Predsjednik Udruge,,,"[""14.99.99. OSTALE DUHOVNE DJELATNOSTI""]",,"[""datagovhr:registar-udruga""]"
1044,udruga-za-promicanje-kvalitete-zivota-centar-regenera-vukovar-8283,Udruga za promicanje kvalitete života CENTAR REGENERA,Udruga za promicanje kvalitete života CENTAR REGENERA,REGENERA,registar-udruga,270767,16002666,07418568283,AKTIVAN,,2026-03-25,2026-01-08,UDRUGA,karitativna,niska,2.5,"[""opis:duhovnost"", ""djelatnost:3.2.1."", ""djelatnost:3.2.2."", ""djelatnost:3.1.2.""]","Budućnosti 22, Vukovar",Budućnosti,22,Vukovar,Vukovar,Vukovar,Vukovarsko-srijemska,32000,,45.33793181,18.99173875,dgu-adresa,Đakovačko-osječka Nadbiskupija,derivirano-crkve.domovina.ai,wellbeingtherapie@gmail.com,,,,,Nenad Devčić,Predsjednik,"Cilj udruge je promicanje, razvitak i unapređenje kvalitete života građana.","GRAĐANI – OPĆA POPULACIJA, OSTALI, POSLOVNE ORGANIZACIJE, TIJELA DRŽAVNE UPRAVE","[""7.5.1. Ravnopravnost spolova"", ""8.4. Ostale djelatnosti iz područja međunarodne suradnje"", ""15.1.2. Očuvanje prirodne baštine"", ""6.1.7. Zaštita i očuvanje nematerijalnih kulturnih dobara"", ""11.3.3. Poboljšanje kvalitete života i zdravlja socijalno isključenih"", ""4.11. Ostale djelatnosti iz područja gospodarstva"", ""10.1.1. Edukacija za održivi razvoj ruralnih područja"", ""9.1.7. Poticanje kreativnosti i stvaralaštva u odgoju i obrazovanju"", ""2.4.1. Promicanje i razvoj volonterstva"", ""6.3.8. Ostale djelatnosti vizualne umjetnosti"", ""2.14.5. Ostale djelatnosti javnog informiranja i medija"", ""7.11. Ostale djelatnosti iz područja ostvarivanja i zaštite ljudskih prava"", ""15.4. Zaštita životinja"", ""6.4.7. Ostale književno-nakladničke djelatnosti"", ""2.14.3. Promicanje medijske pismenosti"", ""9.2.10. Organizacija domaćih i međunarodnih znanstvenih i znanstvenostručnih skupova, škola, kongresa i seminara"", ""2.14.2. Poticanje kritičke rasprave u medijima"", ""15.5. Ostale djelatnosti iz područja zaštite okoliša i prirode"", ""11.1.11. Ostala djelatnosti socijalne pomoći i podrške"", ""2.1. Obrazovanje za demokratsko građanstvo"", ""2.14.1. Proizvodnja medijskih sadržaja"", ""11.2.17. Ostale djelatnosti socijalnih usluga"", ""10.2.1. Edukacija za održivi razvoj urbanih područja"", ""9.1.2. Cjeloživotno učenje i obrazovanje odraslih"", ""2.14.4. Praćenje društvene odgovornosti medija"", ""9.1.5. Odgoj i obrazovanje za aktivno sudjelovanje u razvoju demokratske kulture"", ""7.6. Vjerska prava i slobode"", ""4.6.1. Promicanje razvoja socijalnog poduzetništva"", ""4.8. Turizam"", ""2.5. Promicanje društvene solidarnosti"", ""9.1.6. Odgoj i obrazovanje za zaštitu i promicanje ljudskih prava"", ""2.8. Promicanje dobrog upravljanja"", ""10.3.3. Ostale djelatnosti održivog gospodarskog razvoja"", ""8.1.4. Ljudska prava"", ""2.2. Promicanje nenasilja i izgradnja mira"", ""8.3. Međunarodna prijateljstva"", ""2.15. Ostale djelatnosti iz područja demokratske političke kulture"", ""4.9. Ugostiteljstvo"", ""10.4. Ostale djelatnosti iz područja održivog razvoja"", ""9.1.9. Odgoj i obrazovanje za održivi razvoj, zdrave načine života i očuvanje prirode"", ""3.2.1. Promicanje duhovnih aktivnosti"", ""8.1.3. Mir i sigurnost"", ""2.3.4. Ostale djelatnosti prevencije nasilja"", ""3.2.2. Poticanje osobnog razvoja"", ""9.1.1. Razvoj i promicanje odgoja i obrazovanja"", ""2.13. Razvoj lokalne zajednice"", ""8.2. Međunarodna humanitarna pomoć"", ""6.6. Medijska kultura"", ""15.3. Energetska učinkovitost i obnovljivi izvori energije"", ""3.1.2. Promocija i izgradnja međuvjerničkog dijaloga"", ""7.2. Prava aktivnih sudionika i stradalnika Domovinskog rata"", ""14.1.8. Ostale djelatnosti preventivnog djelovanja, unapređenja i zaštite zdravlja"", ""6.9. Ostale djelatnosti iz područja kulture i umjetnosti"", ""2.11. Praćenje javnih politika i javno zagovaranje"", ""14.5. Ostale djelatnosti u području zaštite zdravlja"", ""6.8.3. Interaktivni mediji"", ""2.12. Razvoj civilnoga društva"", ""6.2.7. Ostale djelatnosti izvedbene umjetnosti"", ""11.5. Ostale socijalne djelatnosti"", ""2.6. Interkulturalni dijalog"", ""4.7. Trgovina"", ""15.2.4. Podizanje svijesti i aktivnosti za smanjenje otpada i povećanje recikliranja"", ""9.1.3. Izvaninstitucionalni odgoj i obrazovanje"", ""9.3. Ostale djelatnosti iz područja obrazovanja, znanosti i istraživanja"", ""6.5.6. Ostale audiovizualne djelatnosti"", ""14.3. Prevencija i suzbijanje ovisnosti""]",,"[""datagovhr:registar-udruga""]"
1189,vaisnavsko-drustvo-pula-8694,VAIŠNAVSKO DRUŠTVO,Vaišnavsko Društvo,VID,registar-udruga,41343,18001644,47325298694,AKTIVAN,,2007-02-01,2006-12-01,UDRUGA,mediji,niska,2.5,"[""opis:duhovnost"", ""djelatnost:14.duhovna"", ""djelatnost:3.2.1."", ""djelatnost:3.2.2."", ""djelatnost:3.1.1."", ""djelatnost:3.1.2."", ""djelatnost:3.2.3."", ""opis:-istok"", ""opis:-ezoterija""]","Put od Fortica 38A, Pula",Put od Fortica,38A,Pula,Pula,Pula - Pola,Istarska,52100,,44.86028172,13.89703415,dgu-adresa,Biskupija Porečka i Pulska,derivirano-crkve.domovina.ai,,,,,,Vladimir Radeka,Predsjednik Društva,poticanje interesa za vjeru i razvoj duhovnog života.,GRAĐANI – OPĆA POPULACIJA,"[""14.1.1. DUHOVNA VJERNIČKA DJELATNOST"", ""3.2.1. Promicanje duhovnih aktivnosti"", ""11.2.14. Pomoć i podrška u vlastitom domu i zajednici"", ""4.5.3. Ratarstvo"", ""2.6. Interkulturalni dijalog"", ""3.2.2. Poticanje osobnog razvoja"", ""15.2.3. Zaštita i održivo korištenje tla"", ""14.1.3. Prevencija i zaštita mentalnog zdravlja"", ""7.5.12. Zaštita ovisnika"", ""3.1.1. Promicanje religijske etike"", ""15.3. Energetska učinkovitost i obnovljivi izvori energije"", ""2.2. Promicanje nenasilja i izgradnja mira"", ""14.3. Prevencija i suzbijanje ovisnosti"", ""6.2.6. Glazbene i scenske manifestacije i festivali"", ""6.4.3. Nakladnička i knjižarska djelatnost"", ""10.3.2. Održivi turizam"", ""3.1.2. Promocija i izgradnja međuvjerničkog dijaloga"", ""8.3. Međunarodna prijateljstva"", ""12.4.4. Organiziranje i provođenje rekreacijskog vježbanja"", ""3.2.3. Ostale duhovne djelatnosti"", ""4.5.8. Voćarstvo""]",,"[""datagovhr:registar-udruga""]"
1132,viteski-red-svetog-vaclava-eosw-zagreb-99902,VITEŠKI RED SVETOG VACLAVA - EOSW,Viteški Red Svetog Vaclava - Eosw,,strane-udruge,99902,000098,,AKTIVNA,,2002-02-18,,STRANA UDRUGA,karitativna,niska,2.5,"[""naziv:svetac"", ""opis:caritas""]","Mesićeva 15, Zagreb",Mesićeva,15,Zagreb,Zagreb,Grad Zagreb,Grad Zagreb,10112,"Dvorac Svijany 30, Svijany, ČEŠKA",45.82093482,15.98406333,dgu-adresa,Zagrebačka Nadbiskupija,derivirano-crkve.domovina.ai,,,,,,Ivanka Strahuljak,Opunomoćenik Udruge,,,"[""3.99. OSTALE HUMANITARNE DJELATNOSTI""]",,"[""datagovhr:strane-udruge""]"
314,vitesko-drustvo-svetog-kriza-lobor-1000,VITEŠKO DRUŠTVO SVETOG KRIŽA,Viteško Društvo Svetog Križa,V+D+S+K,registar-udruga,41714,02000884,38485261000,AKTIVAN,,2007-03-12,2007-02-23,UDRUGA,glazba,niska,2.5,"[""naziv:svetac"", ""opis:vjernici""]","Trg svete. Ane 30, Lobor",Trg svete. Ane,30,Lobor,Lobor,Lobor,Krapinsko-zagorska,49253,,46.14949959,16.06567595,dgu-adresa,Zagrebačka Nadbiskupija,derivirano-crkve.domovina.ai,vitesko.drustvo@gmail.com,,098-797-320,+38598797320,,Mirko Kuharić,Predsjednik,"Revitalizacija povijesnih vrijednosti i kulturne baštine, organiziranje manifestacija, izvođenje programa vezanih za povijesnu baštinu i kulturno stvaralaštvo, turistička promidžba.",GRAĐANI – OPĆA POPULACIJA,"[""9.1.8. Odgoj i obrazovanje za zaštitu i promicanje povijesno-kulturne baštine i nacionalnoga identiteta"", ""4.8. Turizam"", ""6.1.7. Zaštita i očuvanje nematerijalnih kulturnih dobara"", ""6.2.4. Kulturno-umjetnički (glazbeni i scenski) amaterizam"", ""4.9. Ugostiteljstvo"", ""4.7. Trgovina"", ""15.1.2. Očuvanje prirodne baštine"", ""6.1.1. Zaštita i očuvanje materijalnih kulturnih dobara"", ""6.2.6. Glazbene i scenske manifestacije i festivali""]",https://banovac.mfin.hr/rnoprt/Details?handler=Details&id=25122,"[""datagovhr:registar-udruga""]"
975,vitezovi-kneza-breckog-supetar-9274,Vitezovi kneza Brečkog,Vitezovi kneza Brečkog,,registar-udruga,239929,17006333,82548489274,AKTIVAN,,2021-03-22,2021-01-06,UDRUGA,glazba,niska,2.5,"[""opis:krscanski"", ""opis:duhovnost"", ""djelatnost:3.2.1."", ""djelatnost:3.2.2.""]","Ive Jakšića 16, Supetar",Ive Jakšića,16,Supetar,Supetar,Supetar,Splitsko-dalmatinska,21400,,43.38137148,16.55466825,dgu-adresa,Hvarska Biskupija,derivirano-crkve.domovina.ai,nada.hrzic@gmail.com,,095-8778-685,+385958778685,,Mia Hržić-Vulić,Dopredsjednica Udruge,"Čuvanje i širenje kršćanskih vrijednosti; razvijanje i njegovanje hrvatske kulturne i povijesne baštine,  likovne,dramske i  plesne umjetnosti .edukacija djece i mladih o kršćanskim vrijednostima, povijesnoj i kulturnoj baštini; promoviranje i očuvanje prirodnih, kulturnih i drugih posebnosti Republike Hrvatske, s naglaskom na grad Supetar  i otok Brač;poticanje ekološke i kulturne svijesti građana, a posebice mladih i djece;poticanje razvoja turizma kroz  manifestacije i nastupe;poticanje i razvoj civilnog društva kroz razne vrste umjetničkih projekata;razvijanje likovnog stvaralaštva; turistička promidžba grada Supetra;
promocija i razvoj volonterstva.","DJECA DO 14 GODINA, DJECA OD 14 DO 18 GODINA, GRAĐANI – OPĆA POPULACIJA, MLADI - OPĆA POPULACIJA","[""6.2.1. Dramske umjetnosti"", ""6.3.1. Likovne umjetnosti"", ""9.1.9. Odgoj i obrazovanje za održivi razvoj, zdrave načine života i očuvanje prirode"", ""9.1.8. Odgoj i obrazovanje za zaštitu i promicanje povijesno-kulturne baštine i nacionalnoga identiteta"", ""15.1.1. Očuvanje posebno vrijednih prirodnih područja i drugih prostora"", ""6.2.4. Kulturno-umjetnički (glazbeni i scenski) amaterizam"", ""9.1.7. Poticanje kreativnosti i stvaralaštva u odgoju i obrazovanju"", ""7.10. Njegovanje zavičajnog identiteta"", ""3.2.1. Promicanje duhovnih aktivnosti"", ""6.3.4. Djelatnost umjetničkih obrta"", ""6.1.1. Zaštita i očuvanje materijalnih kulturnih dobara"", ""6.3.7. Manifestacije vizualnih umjetnosti"", ""11.3.1. Pomoć žrtvama prirodnih katastrofa"", ""11.3.4. Pomoć u podmirivanju osnovnih životnih potreba"", ""6.3.5. Likovni amaterizam"", ""11.2.12. Skraćeni boravak, igraonice, radionice, klubovi"", ""3.2.2. Poticanje osobnog razvoja"", ""6.2.2. Plesne umjetnosti"", ""7.6. Vjerska prava i slobode"", ""11.3.3. Poboljšanje kvalitete života i zdravlja socijalno isključenih"", ""6.2.3. Glazba i glazbeno-scenske umjetnosti"", ""6.2.6. Glazbene i scenske manifestacije i festivali"", ""15.1.2. Očuvanje prirodne baštine""]",https://banovac.mfin.hr/rnoprt/Details?handler=Details&id=58427,"[""datagovhr:registar-udruga""]"
1131,youth-with-a-mission-zagreb-99973,YOUTH WITH A MISSION,Youth With A Mission,,strane-udruge,99973,000027,,PRESTANAK DJELOVANJA,2003-02-05,1998-05-26,,STRANA UDRUGA,karitativna,niska,2.5,"[""opis:vjernici"", ""opis:krscanski""]","Šestinski dol, I odvojak 8133, Zagreb","Šestinski dol, I odvojak",8133,Zagreb,Zagreb,Grad Zagreb,Grad Zagreb,,"Rte , Box A-3 1, Bishop, California, SJEDINJENE AMERIČKE DRŽAVE",45.83187302388278,15.977892800834798,naselje-teziste,Zagrebačka Nadbiskupija,derivirano-crkve.domovina.ai,,,,,,Lisa E. Bell,Predstavnik Predstavn.,,,"[""3.99. OSTALE HUMANITARNE DJELATNOSTI""]",,"[""datagovhr:strane-udruge""]"
1207,zajednica-pape-ivana-xxiii-veliki-prolog-9827,ZAJEDNICA PAPE IVANA XXIII,Zajednica Pape Ivana XXIII,,strane-udruge,99988,000012,22123929827,AKTIVNA,,1998-04-14,,STRANA UDRUGA,molitvena,niska,2.5,"[""naziv:duhovnost"", ""opis:bratovstina""]","Veliki Prolog 26, Veliki Prolog",Veliki Prolog,26,Veliki Prolog,Veliki Prolog,Vrgorac,Splitsko-dalmatinska,21277,"Via Mameli 1, Rimini, ITALIJA",43.17895685,17.4275302,dgu-adresa,Splitsko-makarska Nadbiskupija,derivirano-crkve.domovina.ai,,,,,,Enrico Cavicchi,Zastupnik u Hrvatskoj,,,"[""4.99. OSTALE SOCIJALNE DJELATNOSTI""]",,"[""datagovhr:strane-udruge""]"
1205,zavicajna-i-kulturno-obrazovna-udruga-bastina-bjeline-zagreb-4946,"ZAVIČAJNA I KULTURNO-OBRAZOVNA UDRUGA ""BAŠTINA BJELINE"", ZAGREB","Zavičajna i Kulturno-obrazovna Udruga ""Baština Bjeline"", Zagreb","""BAŠTINA BJELINE"", ZAGREB",registar-udruga,235511,21013996,72386354946,AKTIVAN,,2020-11-13,2020-08-14,UDRUGA,obrazovanje,niska,2.5,"[""opis:krscanski"", ""opis:crkva"", ""opis:svetac"", ""opis:duhovnost"", ""djelatnost:3.2.2."", ""djelatnost:3.1.2."", ""opis:-islam"", ""opis:-pravoslavlje""]","ULICA BOŽIDARA MAGOVCA 9, Zagreb",ULICA BOŽIDARA MAGOVCA,9,Zagreb,Zagreb,Grad Zagreb,Grad Zagreb,10010,,45.77214996,15.99507952,dgu-adresa,Zagrebačka Nadbiskupija,derivirano-crkve.domovina.ai,,,,,,Luka Marunić,Zamjenik Predsjednika,"1. Čuvanje, obnova i održavanje naslijeđene privatne, državne ili društvene materijalne baštine u selu Bjelini i okolnim mjestima, čemu pripadaju: privatno građevinsko zemljište; njive i ostalo obradivo poljoprivredno privatno zemljište; pašnjaci i šume; dvorišta (avlije) i vrtovi oko kuća; porodične stare kamene (ili kasnije obnovljene nove) kuće; pomoćne gospodarske zgrade; stara kamena zgrada prve osnovne škole u Bjelini; asfaltiranje i održavanje javnih (posebno tzv.
nerazvrstanih i decenijama zapuštenih) seoskih putova do pojedinih zaseoka, do pojedinih izvora vode, do groblja i crkve ili do javnih bunara; privatne gusterine za skupljanje vode kišnice; seoska javna cisterina (gusterina) za sakupljanje vode kišnice; zgrada u kojoj je bila seoska ambulanta i prostorije Mjesnog odbora; kamena kuća u kojoj je (u sedamdesetim i osamdesetim godinama) bila prva javna Narodna biblioteka u Bjelini; kršćansko-pravoslavna crkva sv. Petke u Bjelini; kuće u kojim su bile seoske gostionice; kuće u kojim su bile trgovine; seosko groblje; suhozidi; sredstva za rad (plugovi, zaprežna kola, motika, grablje, srp, itd.); predmeti domaćinstva (naćve, drvene žlice, kašun, peka, verige, bukara, sito, rešeto, itd.); izvori pitke vode, tj. javni bunari u Bjelini i drugim selima Bukovice; špilje i podzemne rijeke u njima (špilja Markovača, špilja Golubinka i druge špilje); javne seoske lokve, odnosno pojilišta za ovce, koze i goveda; arheološki lokaliteti u Bjelini (tj. na brdu Gradina, na brdu Brežina, na brežuljku Žmirica gradina), itd.
2. Istraživanje, stručna obrada, čuvanje i promocija naslijeđene kulturne baštine u selu Bjelini (i drugim selima Bukovice), kao što su: narodni jezik; narodne nošnje (svečane i svakodnevne); narodne umotvorine (pjesme, priče, poslovice, zagonetke, zdravice, legende...), narodni običaji (svadbeni, božićni, uskrsni, krsne slave, bratimljenje, itd.), narodna kola (kukunješće, biranje parova....) itd.
3. Doprinositi (na razne načine, kao što su lobiranja, financijska pomoć-donacija, suradnja s nadležnim državnim tijelima, obrazovanje itd.) ostvarivanju infrastrukturnih i pravnih pretpostavki za poboljšanje materijalne osnove kulture i kvalitete života stanovnika sela Bjeline i okolnih sela. Glavne sadašnje materijalne (infrastrukturne) i pravne pretpostavke za poboljšanje kvalitete života u Bjelini su sljedeće: asfaltiranje i održavanje nerazvrstanih seoskih putova; izgradnja vodovodne mreže u Bjelini i okolnim selima; pomoć u formiranju i održavanju obiteljskih poljoprivrednih gospodarstava (OPG); sanacija javnih seoskih bunara; obnova redovne autobusne linije na relaciji Zadar-Benkovac-Bjelina-Kistanje-Knin; obnova zgrada zdravstvene ambulante i Mjesnog odbora u Bjelini; pravna i fizička zaštita građana i njihove imovine (posebno ovaca i peradi od napada vukova, lisica i divljih svinja); zaštita privatne imovine (posebno poljoprivrednih usjeva — smilja, kupusa, pšenice, vinograda itd.) od napada poludivljih goveda koje njihovi vlasnici iz susjednih sela uzgajaju uz državne poticaje, ali ni država ni vlasnici ne vode potrebnu i zakonima RH predviđenu brigu o govedima, što potiče ljude na iseljavanje iz ovog kraja itd.
4. Širenje svijesti o važnosti porodične tradicije, zavičaja i narodne kulture za opstanak, identitet, komuniciranje te poslovnu i kulturnu suradnju ljudi koji potječu iz Bjeline, Parčića (i okolnih sela Bukovice), neovisno o tome u kojoj državi i na kojem kontinentu trenutačno rade i žive.
5. Zaštita prava privatnog vlasništva, prava potrošača i drugih ljudskih i građanskih prava.
6. Suradnja s etnografskim muzejima i sličnim zavičajnim udrugama na području Republike Hrvatske ili na području drugih zemalja u kojima žive Bjelinjani i njihovi potomci koji imaju ili žele steći svijest o narodnom, porodičnom i kulturnom identitetu i ljubav prema zavičaju.
7. Sudjelovanje u formiranju javnog mnijenja te predlaganje, praćenje i vrednovanje javnih politika u vezi s objektima infrastrukture i kulture u Bjelini i ostalim selima Bukovice. Udruga će javno izražavati svoje interese te nositeljima državne vlasti (na lokalnoj, regionalnoj i državnoj razini) predlagati da odobre, organiziraju, financiraju ili sufinanciraju izgradnju ili obnovu objekata materijalne infrastrukture (asfaltiranje putova, obnovu javnih bunara i gusterina, izgradnju vodovodne mreže itd.) te da sufinanciraju pojedine istraživačke, izdavačke, arheološke i ekonomske projekte, obrazovne i kulturne radionice i manifestacije u Bjelini i Bukovici.
8. Održavanje i uređivanje seoskog groblja kod crkve sv. Petke u Bjelini.
9. Priprema i organizacija javnih kulturnih manifestacija i druženja Bjelinjana i njihovih potomaka koji (iz drugih mjesta Republike Hrvatske ili iz dijaspore) dolaze u Bjelinu u vrijeme seoskog blagdana sv. Petke ili u vrijeme drugih blagdana.","GRAĐANI – OPĆA POPULACIJA, NACIONALNE MANJINE, POLJOPRIVREDNICI I RIBARI, POVRATNICI U PORATNA PODRUČJA, REGIONALNA ILI LOKALNA SAMOUPRAVA, RURALNO STANOVNIŠTVO, TIJELA DRŽAVNE UPRAVE, TURISTI","[""9.1.1. Razvoj i promicanje odgoja i obrazovanja"", ""6.1.7. Zaštita i očuvanje nematerijalnih kulturnih dobara"", ""7.9. Zaštita prava nacionalne manjine"", ""3.2.2. Poticanje osobnog razvoja"", ""7.10. Njegovanje zavičajnog identiteta"", ""7.3. Pravo na pristup informacijama"", ""9.2.11. Izdavanje znanstvenih i stručnih publikacija"", ""7.4. Pravo na zaštitu osobnih podatka"", ""4.7. Trgovina"", ""4.9. Ugostiteljstvo"", ""2.11. Praćenje javnih politika i javno zagovaranje"", ""6.1.1. Zaštita i očuvanje materijalnih kulturnih dobara"", ""3.1.2. Promocija i izgradnja međuvjerničkog dijaloga"", ""6.4.3. Nakladnička i knjižarska djelatnost"", ""2.13. Razvoj lokalne zajednice"", ""4.8. Turizam"", ""2.10. Poticanje participativne demokracije/sudjelovanja građana u odlučivanju"", ""6.1.8. Općekulturna (kulturološka) djelatnost""]",,"[""datagovhr:registar-udruga""]"
671,zavicajni-klub-sv-ante-pristinarskog-zagreb-1824,ZAVIČAJNI KLUB SV. ANTE PRIŠTINARSKOG,Zavičajni Klub sv. Ante Prištinarskog,ZKSAP,registar-udruga,60182,21010213,43688781824,AKTIVAN,,2013-05-06,2013-02-03,UDRUGA,sport,niska,2.5,"[""naziv:svetac"", ""opis:zupa""]","Ulica Roberta Tupeka 6, Zagreb",Ulica Roberta Tupeka,6,Zagreb,Zagreb,Grad Zagreb,Grad Zagreb,10040,,45.82148927,16.08512663,dgu-adresa,Zagrebačka Nadbiskupija,derivirano-crkve.domovina.ai,dragog@net.hr,,091/251-9604,+385912519604,,Ivo Ćosić,Predsjednik,"Udruga je osnovana u cilju promicanja i razvitka zajedništva, nacionalnog identiteta i kulturne baštine Župe Bežlja, kao i sela Prištine i ostalih njenih zaseoka.",GRAĐANI – OPĆA POPULACIJA,"[""8.3. Međunarodna prijateljstva"", ""6.1.9. Ostale djelatnosti kulturne baštine"", ""6.9. Ostale djelatnosti iz područja kulture i umjetnosti"", ""8.4. Ostale djelatnosti iz područja međunarodne suradnje"", ""6.1.7. Zaštita i očuvanje nematerijalnih kulturnih dobara"", ""7.10. Njegovanje zavičajnog identiteta""]",https://banovac.mfin.hr/rnoprt/Details?handler=Details&id=42916,"[""datagovhr:registar-udruga""]"
1100,zavicajno-braniteljska-udruga-dvorisce-5296,ZAVIČAJNO-BRANITELJSKA UDRUGA DVORIŠĆE,Zavičajno-braniteljska Udruga Dvorišće,UDRUGA DVORIŠĆE,registar-udruga,269985,03002372,77376355296,AKTIVAN,,2025-09-16,2025-09-07,UDRUGA,sport,niska,2.5,"[""opis:duhovnost"", ""djelatnost:3.1.1.""]","Dvorišće 35, Dvorišće",Dvorišće,35,Dvorišće,Dvorišće,Rakovec,Sisačko-moslavačka,10347,,45.94847359,16.33494716,dgu-adresa,Bjelovarsko-križevačka Biskupija,derivirano-crkve.domovina.ai,dvorisce2025@gmail.com,,098/172-7057,+385981727057,,Ivica Žugaj,Predsjednik,"-razvoj ruralnog područja; razvoj i poboljšanje kvalitete života mještana Dvorišća; realizacija sjedišta Udruge (prostora ili mjesta rada Udruge); okupljanje mještana Dvorišća, kao i svih osoba koje su na bilo koji način vezane u naselje Dvorišće; njegovanje kulturnih tradicija naselja Dvorišće; njegovanje sportskih tradicija naselja Dvorišće; prigodno obilježavanje značajnih obljetnica; organiziranje društvenih, kulturnih i sportsko rekreativnih aktivnosti; održavanje spomena na poginule hrvatske branitelje i civile naselja Dvorišće i druge aktivnosti od općeg interesa za članove Udruge i mještane naselja Dvorišća.","BRANITELJI - VETERANI, DJECA - OPĆA POPULACIJA, GRAĐANI – OPĆA POPULACIJA, MLADI - OPĆA POPULACIJA","[""7.10. Njegovanje zavičajnog identiteta"", ""1.1.4. Ostale djelatnosti branitelja-veterana Domovinskog rata"", ""10.1.4. Ostale aktivnosti vezane za razvoj ruralnih područja"", ""12.5.3. Ostale djelatnosti organiziranja i provođenja sportskih natjecanja i sportskih priredbi"", ""1.1.1. Promicanje vrijednosti Domovinskog rata"", ""3.1.1. Promicanje religijske etike""]",https://banovac.mfin.hr/rnoprt/Details?handler=Details&id=63640,"[""datagovhr:registar-udruga""]"
777,zbor-svete-reparate-stari-grad-3427,Zbor Svete Reparate-Stari Grad,Zbor Svete Reparate-Stari Grad,,registar-udruga,205562,17005651,83927563427,AKTIVAN,,2017-02-22,2016-12-05,UDRUGA,glazba,niska,2.5,"[""naziv:svetac"", ""opis:crkva"", ""opis:duhovnost""]","Trg pape Ivana Pavla II 4, Stari Grad",Trg pape Ivana Pavla II,4,Stari Grad,Stari Grad,Stari Grad,Splitsko-dalmatinska,21460,,43.18293984,16.59841112,dgu-adresa,Hvarska Biskupija,derivirano-crkve.domovina.ai,dario.bogdan@gmail.com,,021-765-947,+38521765947,,Lukrecija Lučić-Lavčević,Predsjednica,"Promicanje, razvitak i unaprjeđenje crkvene glazbe.",GRAĐANI – OPĆA POPULACIJA,"[""6.2.4. Kulturno-umjetnički (glazbeni i scenski) amaterizam"", ""6.2.3. Glazba i glazbeno-scenske umjetnosti"", ""6.2.6. Glazbene i scenske manifestacije i festivali""]",https://banovac.mfin.hr/rnoprt/Details?handler=Details&id=54949,"[""datagovhr:registar-udruga""]"
768,sirimo-krila-andela-punitovci-0026,Širimo krila anđela,Širimo krila anđela,,registar-udruga,205188,14004493,81644290026,BRISAN,2018-01-22,2017-02-13,2017-01-18,UDRUGA,glazba,niska,2.5,"[""naziv:duhovnost"", ""opis:duhovnost"", ""djelatnost:3.2.1.""]","Stjepana Radića 58, Punitovci",Stjepana Radića,58,Punitovci,Punitovci,Punitovci,Osječko-baranjska,31424,,45.43375817,18.41652537,dgu-adresa,Đakovačko-osječka Nadbiskupija,derivirano-crkve.domovina.ai,ana.vavra1@gmail.com,,091 3222 365,+385913222365,,Ana Vavra,Predsjednica,"Promicanje, razvitak i unapređenje slobodnog, kreativnog i kulturnog izražavanja, te promicanje vrijednosti građanskog društva u Punitovcima, Republici Hrvatskoj i inozemstvu.","DAROVITA DJECA I MLADI, DJECA - OPĆA POPULACIJA, DJECA DO 14 GODINA, DJECA OD 14 DO 18 GODINA, GRAĐANI – OPĆA POPULACIJA, MLADI - OPĆA POPULACIJA, OBITELJI, OSTALI, RODITELJI, STUDENTI, UDRUGE I GRAĐANSKE INICIJATIVE, UČENICI, VOLONTERI","[""11.3.5. Ostale djelatnosti humanitarne pomoći"", ""10.1.1. Edukacija za održivi razvoj ruralnih područja"", ""11.1.3. Pomoć i podrška djeci"", ""2.1. Obrazovanje za demokratsko građanstvo"", ""2.12. Razvoj civilnoga društva"", ""7.5.5. Zaštita prava djece"", ""2.5. Promicanje društvene solidarnosti"", ""7.5.6. Zaštita prava mladih"", ""15.2.4. Podizanje svijesti i aktivnosti za smanjenje otpada i povećanje recikliranja"", ""2.4.1. Promicanje i razvoj volonterstva"", ""9.1.3. Izvaninstitucionalni odgoj i obrazovanje"", ""2.2. Promicanje nenasilja i izgradnja mira"", ""14.3. Prevencija i suzbijanje ovisnosti"", ""15.1.3. Ostale djelatnosti očuvanja prirode"", ""15.4. Zaštita životinja"", ""11.1.4. Pomoć i podrška mladima"", ""6.9. Ostale djelatnosti iz područja kulture i umjetnosti"", ""6.3.1. Likovne umjetnosti"", ""12.9. Promocija sporta i zdravog načina življenja"", ""11.1.1. Pomoć i podrška starijim osobama"", ""11.1.6. Pomoć i podrška nezaposlenima"", ""7.9. Zaštita prava nacionalne manjine"", ""6.4.4. Novinsko-nakladnička djelatnost"", ""11.1.5. Pomoć i podrška osobama u riziku od siromaštva i socijalne isključenosti"", ""6.3.5. Likovni amaterizam"", ""3.2.1. Promicanje duhovnih aktivnosti"", ""8.3. Međunarodna prijateljstva"", ""6.3.7. Manifestacije vizualnih umjetnosti"", ""2.14.5. Ostale djelatnosti javnog informiranja i medija"", ""7.6. Vjerska prava i slobode"", ""10.1.4. Ostale aktivnosti vezane za razvoj ruralnih područja""]",https://banovac.mfin.hr/rnoprt/Details?handler=Details&id=52368,"[""datagovhr:registar-udruga""]"
574,zivot-novo-stvaranje-udruga-za-promicanje-duhovnih-vrijednosti-i-radosti-zivljenja-zadvorsko-1774,"ŽIVOT - NOVO STVARANJE, UDRUGA ZA PROMICANJE DUHOVNIH VRIJEDNOSTI I RADOSTI ŽIVLJENJA","Život - Novo Stvaranje, Udruga za Promicanje Duhovnih Vrijednosti i Radosti Življenja",ŽIVOT - NOVO STVARANJE,registar-udruga,36250,21003824,33479971774,AKTIVAN,,2004-12-16,2004-10-30,UDRUGA,mediji,niska,2.5,"[""naziv:duhovnost"", ""opis:duhovnost"", ""djelatnost:3.2.1."", ""djelatnost:3.2.2.""]","Prigradska ulica 25D, Zadvorsko",Prigradska ulica,25D,Zadvorsko,Zadvorsko,Grad Zagreb,Grad Zagreb,10257,,45.72802345,15.91586406,dgu-adresa,Zagrebačka Nadbiskupija,derivirano-crkve.domovina.ai,gogi.0101@gmail.com,https://www.uzns.hr,098-402-459,+38598402459,,Marko Prljić,Predsjednik Udruge,"Osvještavanja i poticanja življenja u ljubavi, radosti, sreći i duhovnom obilju kroz uvođenje svjesnosti u sve segmente života.",GRAĐANI – OPĆA POPULACIJA,"[""3.2.1. Promicanje duhovnih aktivnosti"", ""3.2.2. Poticanje osobnog razvoja""]",https://banovac.mfin.hr/rnoprt/Details?handler=Details&id=602,"[""datagovhr:registar-udruga""]"
