{"type": "FeatureCollection", "features": [{"type": "Feature", "geometry": {"type": "Point", "coordinates": [18.025353, 45.218373]}, "properties": {"id": 1, "slug": "udruga-za-promicanje-dostojanstva-ljudskog-zivota-i-zastite-nerodene-djece-betlehem-slavonski-brod-grabarje-4275", "name": "Udruga za promicanje dostojanstva ljudskog života i zaštite nerođene djece Betlehem - Slavonski Brod", "display_name": "Udruga za promicanje dostojanstva ljudskog života i zaštite nerođene djece Betlehem - Slavonski Brod", "short_name": "BETLEHEM - Slavonski Brod", "registry": "registar-udruga", "oib": "68866564275", "status": "AKTIVAN", "category": "obitelj", "address": "Ulica Grabarje 84C, Grabarje", "city": "Grabarje", "settlement": "Grabarje", "municipality": "Podcrkavlje", "county": "Brodsko-posavska", "postal_code": "35201", "geo_source": "dgu-adresa", "diocese": "Đakovačko-osječka Nadbiskupija", "diocese_source": "derivirano-crkve.domovina.ai", "email": "najmanji.sb@gmail.com", "phone_e164": "+385915968936", "president": "Mario Jurilj", "president_role": "Predsjednik", "founded_at": "2015-10-09", "registered_at": "2015-12-01", "catholic_confidence": "srednja", "catholic_score": 4.0, "source": ["datagovhr:registar-udruga"], "category_label": "Obitelj i život", "active": 1}}, {"type": "Feature", "geometry": {"type": "Point", "coordinates": [15.24594, 44.0979]}, "properties": {"id": 2, "slug": "udruga-za-promicanje-dostojanstva-ljudskog-zivota-zastitu-ljudskih-prava-i-prava-nerodene-djece-betlehem-zadar-6085", "name": "UDRUGA ZA PROMICANJE DOSTOJANSTVA LJUDSKOG ŽIVOTA, ZAŠTITU LJUDSKIH PRAVA I PRAVA NEROĐENE DJECE BETLEHEM - ZADAR", "display_name": "Udruga za Promicanje Dostojanstva Ljudskog Života, Zaštitu Ljudskih Prava i Prava Nerođene Djece Betlehem - Zadar", "short_name": "UDRUGA BETLEHEM - ZADAR", "registry": "registar-udruga", "oib": "44747626085", "status": "AKTIVAN", "category": "obitelj", "address": "KARMA 49, Zadar", "city": "Zadar", "settlement": "Zadar", "municipality": "Zadar", "county": "Zadarska", "postal_code": "23000", "geo_source": "dgu-adresa", "diocese": "Zadarska Nadbiskupija", "diocese_source": "derivirano-crkve.domovina.ai", "email": "i.jkalmeta@gmail.com", "phone_e164": "+385915304716", "president": "Ivana Kalmeta", "president_role": "Predsjednica Udruge", "founded_at": "2015-08-18", "registered_at": "2015-10-29", "catholic_confidence": "srednja", "catholic_score": 4.5, "source": ["datagovhr:registar-udruga"], "category_label": "Obitelj i život", "active": 1}}, {"type": "Feature", "geometry": {"type": "Point", "coordinates": [15.722812, 45.798695]}, "properties": {"id": 4, "slug": "humanitarna-udruga-ruah-samobor-7474", "name": "HUMANITARNA UDRUGA RUAH", "display_name": "Humanitarna Udruga Ruah", "short_name": "UDRUGA RUAH", "registry": "registar-udruga", "oib": "95770057474", "status": "AKTIVAN", "category": "karitativna", "address": "MIRNOVEČKA CESTA 5, Samobor", "city": "Samobor", "settlement": "Samobor", "municipality": "Samobor", "county": "Zagrebačka", "postal_code": "10430", "geo_source": "dgu-adresa", "diocese": "Zagrebačka Nadbiskupija", "diocese_source": "derivirano-crkve.domovina.ai", "email": "udruga.ruah@gmail.com", "phone_e164": "+385992150976", "president": "Dalibor Vrabec", "president_role": "Dopredsjednik", "founded_at": "2015-04-17", "registered_at": "2015-05-25", "catholic_confidence": "srednja", "catholic_score": 7.0, "source": ["datagovhr:registar-udruga"], "category_label": "Karitativne i humanitarne", "active": 1}}, {"type": "Feature", "geometry": {"type": "Point", "coordinates": [18.087996, 42.655174]}, "properties": {"id": 5, "slug": "centar-za-karijere-mladih-dubrovnik-2836", "name": "Centar za karijere mladih Dubrovnik", "display_name": "Centar za karijere mladih Dubrovnik", "short_name": "CKM Dubrovnik", "registry": "registar-udruga", "oib": "44347182836", "status": "AKTIVAN", "category": "mladi", "address": "Obala Stjepana Radića 14, Dubrovnik", "city": "Dubrovnik", "settlement": "Dubrovnik", "municipality": "Dubrovnik", "county": "Dubrovačko-neretvanska", "postal_code": "20000", "geo_source": "dgu-adresa", "diocese": "Dubrovačka Biskupija - Dioecesis Ragusina", "diocese_source": "derivirano-crkve.domovina.ai", "email": "marko.zmirak@yahoo.com", "website": "https://www.ckmdubrovnik.hr", "phone_e164": "+385994800056", "president": "Marko Žmirak", "president_role": "Predsjednik", "founded_at": "2015-01-29", "registered_at": "2015-03-24", "catholic_confidence": "srednja", "catholic_score": 4.0, "source": ["datagovhr:registar-udruga"], "category_label": "Mladi i studenti", "active": 1}}, {"type": "Feature", "geometry": {"type": "Point", "coordinates": [15.910878, 43.726074]}, "properties": {"id": 6, "slug": "udruga-betlehem-sibenik-8480", "name": "UDRUGA BETLEHEM ŠIBENIK", "display_name": "Udruga Betlehem Šibenik", "short_name": "BETLEHEM ŠIBENIK", "registry": "registar-udruga", "oib": "39938118480", "status": "AKTIVAN", "category": "pokret", "address": "Ul. 8. udarne dalmat. brigade 21, Šibenik", "city": "Šibenik", "settlement": "Šibenik", "municipality": "Šibenik", "county": "Šibensko-kninska", "postal_code": "22000", "geo_source": "dgu-adresa", "diocese": "Šibenska Biskupija", "diocese_source": "derivirano-crkve.domovina.ai", "email": "betlehem.sibenik@gmail.com", "phone_e164": "+385911188772", "president": "Helien Čoko", "president_role": "Predsjednica Udruge", "founded_at": "2016-02-24", "registered_at": "2016-04-19", "catholic_confidence": "srednja", "catholic_score": 5.0, "source": ["datagovhr:registar-udruga"], "category_label": "Pokreti i laičke zajednice", "active": 1}}, {"type": "Feature", "geometry": {"type": "Point", "coordinates": [17.915606, 42.774124]}, "properties": {"id": 7, "slug": "bratovstina-svetog-trojstva-u-majkovima-donjim-3617", "name": "Bratovština Svetog Trojstva u Majkovima Donjim", "display_name": "Bratovština Svetog Trojstva u Majkovima Donjim", "short_name": "Bratovština Svetog Trojstva Majkovi", "registry": "registar-udruga", "oib": "02115363617", "status": "AKTIVAN", "category": "bratovstina", "address": "Zabrežje 1, Majkovi", "city": "Majkovi", "settlement": "Majkovi", "municipality": "Dubrovačko Primorje", "county": "Dubrovačko-neretvanska", "postal_code": "20232", "geo_source": "dgu-adresa", "diocese": "Dubrovačka Biskupija - Dioecesis Ragusina", "diocese_source": "derivirano-crkve.domovina.ai", "email": "mario.kraljevic.80@gmail.com", "phone_e164": "+385981665757", "president": "Ivan Lopina", "president_role": "Predsjednik Upravnog Odbora", "founded_at": "2015-09-06", "registered_at": "2016-05-11", "catholic_confidence": "visoka", "catholic_score": 13.0, "source": ["datagovhr:registar-udruga"], "category_label": "Bratovštine", "active": 1}}, {"type": "Feature", "geometry": {"type": "Point", "coordinates": [18.820023, 44.889924]}, "properties": {"id": 8, "slug": "alem-udruga-za-njegovanje-i-promicanje-kulture-glazbene-i-duhovne-tradicije-bosnjaka-gunja-4331", "name": "ALEM-UDRUGA ZA NJEGOVANJE I PROMICANJE KULTURE, GLAZBENE I DUHOVNE TRADICIJE BOŠNJAKA", "display_name": "Alem-udruga za Njegovanje i Promicanje Kulture, Glazbene i Duhovne Tradicije Bošnjaka", "short_name": "ALEM", "registry": "registar-udruga", "oib": "29993824331", "status": "AKTIVAN", "category": "glazba", "address": "Maka Dizdara 37, Gunja", "city": "Gunja", "settlement": "Gunja", "municipality": "Gunja", "county": "Vukovarsko-srijemska", "postal_code": "32260", "geo_source": "dgu-adresa", "diocese": "Đakovačko-osječka Nadbiskupija", "diocese_source": "derivirano-crkve.domovina.ai", "email": "udruga.alem@gmail.com", "phone_e164": "+385993109920", "president": "Idriz Bešić", "president_role": "Predsjednik", "founded_at": "2015-03-01", "registered_at": "2015-04-22", "catholic_confidence": "srednja", "catholic_score": 4.5, "source": ["datagovhr:registar-udruga"], "category_label": "Zborovi i crkvena glazba", "active": 1}}, {"type": "Feature", "geometry": {"type": "Point", "coordinates": [15.22398, 44.116254]}, "properties": {"id": 9, "slug": "drustvo-za-povjesnicu-zadarske-nadbiskupije-zmajevic-2405", "name": "DRUŠTVO ZA POVJESNICU ZADARSKE NADBISKUPIJE - ZMAJEVIĆ", "display_name": "Društvo za Povjesnicu Zadarske Nadbiskupije - Zmajević", "short_name": "DRUŠTVO - ZMAJEVIĆ", "registry": "registar-udruga", "oib": "72679872405", "status": "AKTIVAN", "category": "strukovna", "address": "TRG SV. STOŠIJE  1, Zadar", "city": "Zadar", "settlement": "Zadar", "municipality": "Zadar", "county": "Zadarska", "postal_code": "23000", "geo_source": "dgu-adresa", "diocese": "Zadarska Nadbiskupija", "diocese_source": "derivirano-crkve.domovina.ai", "president": "Josip Faričić", "president_role": "Potpredsjednik Društva", "founded_at": "2014-12-05", "registered_at": "2015-03-23", "catholic_confidence": "visoka", "catholic_score": 6.5, "source": ["datagovhr:registar-udruga"], "category_label": "Strukovne (liječnici, učitelji…)", "active": 1}}, {"type": "Feature", "geometry": {"type": "Point", "coordinates": [15.959898, 45.811464]}, "properties": {"id": 10, "slug": "krscanska-udruga-za-promicanje-sporta-rekreacije-i-turizma-karmel-zagreb-1469", "name": "KRŠĆANSKA UDRUGA ZA PROMICANJE SPORTA, REKREACIJE I TURIZMA KARMEL", "display_name": "Kršćanska Udruga za Promicanje Sporta, Rekreacije i Turizma Karmel", "short_name": "KUP KARMEL", "registry": "registar-udruga", "oib": "12448541469", "status": "AKTIVAN", "category": "sport", "address": "Kordunska ulica 3, Zagreb", "city": "Zagreb", "settlement": "Zagreb", "municipality": "Grad Zagreb", "county": "Grad Zagreb", "postal_code": "10000", "geo_source": "dgu-adresa", "diocese": "Zagrebačka Nadbiskupija", "diocese_source": "derivirano-crkve.domovina.ai", "email": "info@remica.hr", "website": "https://WWW.KUP-KARMEL.COM", "phone_e164": "+38513636946", "president": "Nada Rukavina", "president_role": "Dopredsjednica", "founded_at": "2006-09-25", "registered_at": "2006-10-27", "catholic_confidence": "visoka", "catholic_score": 13.0, "source": ["datagovhr:registar-udruga"], "category_label": "Sport i rekreacija", "active": 1}}, {"type": "Feature", "geometry": {"type": "Point", "coordinates": [14.789063, 45.130737]}, "properties": {"id": 11, "slug": "katolicka-udruga-mladih-novi-put-novi-vinodolski-9926", "name": "KATOLIČKA UDRUGA MLADIH \"NOVI PUT\"", "display_name": "Katolička Udruga Mladih \"Novi Put\"", "short_name": "KUM \"NOVI PUT\"", "registry": "registar-udruga", "oib": "34920899926", "status": "BRISAN", "category": "mladi", "address": "A. Šermana 28a, Novi Vinodolski", "city": "Novi Vinodolski", "settlement": "Novi Vinodolski", "municipality": "Novi Vinodolski", "county": "Primorsko-goranska", "postal_code": "51250", "geo_source": "dgu-adresa", "diocese": "Riječka Nadbiskupija", "diocese_source": "derivirano-crkve.domovina.ai", "president": "Lorena Svetić", "president_role": "Predsjednik", "founded_at": "2006-05-13", "registered_at": "2006-09-08", "catholic_confidence": "visoka", "catholic_score": 4.5, "source": ["datagovhr:registar-udruga"], "category_label": "Mladi i studenti", "active": 0}}, {"type": "Feature", "geometry": {"type": "Point", "coordinates": [15.977893, 45.831873]}, "properties": {"id": 13, "slug": "udruga-vjernika-anglikanske-crkve-u-republici-hrvatskoj-u-likvidaciji-zagreb-6651", "name": "UDRUGA VJERNIKA ANGLIKANSKE CRKVE U REPUBLICI HRVATSKOJ U LIKVIDACIJI", "display_name": "Udruga Vjernika Anglikanske Crkve u Republici Hrvatskoj u Likvidaciji", "short_name": "Udruga vjernika Anglikanske crkve", "registry": "registar-udruga", "oib": "24887616651", "status": "BRISAN", "category": "zupna", "address": "II CVJETNO NASELJE  25, Zagreb", "city": "Zagreb", "settlement": "Zagreb", "municipality": "Grad Zagreb", "county": "Grad Zagreb", "geo_source": "naselje-teziste", "diocese": "Zagrebačka Nadbiskupija", "diocese_source": "derivirano-crkve.domovina.ai", "website": "https://www.anglican.hr", "phone_e164": "+385981931774", "president": "Janet Ann Tuškan", "president_role": "Predsjednica", "founded_at": "2006-09-11", "registered_at": "2006-11-21", "catholic_confidence": "visoka", "catholic_score": 10.0, "source": ["datagovhr:registar-udruga"], "category_label": "Župne udruge", "active": 0}}, {"type": "Feature", "geometry": {"type": "Point", "coordinates": [15.382726, 44.649792]}, "properties": {"id": 14, "slug": "udruga-vjernika-za-obnovu-sakralnih-objekata-u-zupi-perusic-4962", "name": "UDRUGA VJERNIKA ZA OBNOVU SAKRALNIH OBJEKATA U ŽUPI PERUŠIĆ", "display_name": "Udruga Vjernika za Obnovu Sakralnih Objekata u Župi Perušić", "short_name": "UDRUGA VJERNIKA U ŽUPI PERUŠIĆ", "registry": "registar-udruga", "oib": "98733774962", "status": "BRISAN", "category": "zupna", "address": "Trg popa Marka Mesića 2, Perušić", "city": "Perušić", "settlement": "Perušić", "municipality": "Perušić", "county": "Ličko-senjska", "postal_code": "53202", "geo_source": "dgu-adresa", "diocese": "Gospićko-senjska Biskupija", "diocese_source": "derivirano-crkve.domovina.ai", "phone_e164": "+38553679366", "president": "Ivan Žarak", "president_role": "Predsjednik Udruge", "founded_at": "2005-11-08", "registered_at": "2005-11-14", "catholic_confidence": "visoka", "catholic_score": 7.0, "source": ["datagovhr:registar-udruga"], "category_label": "Župne udruge", "active": 0}}, {"type": "Feature", "geometry": {"type": "Point", "coordinates": [16.374962, 43.55267]}, "properties": {"id": 15, "slug": "udruga-dobri-pastir-kastel-kambelovac-0479", "name": "UDRUGA \"DOBRI PASTIR\"", "display_name": "Udruga \"Dobri Pastir\"", "registry": "registar-udruga", "oib": "18853600479", "status": "AKTIVAN", "category": "molitvena", "address": "Cesta dr. F. Tuđmana 644, Kaštel Kambelovac", "city": "Kaštel Kambelovac", "settlement": "Kaštel Kambelovac", "municipality": "Kaštela", "county": "Splitsko-dalmatinska", "postal_code": "21214", "geo_source": "dgu-adresa", "diocese": "Splitsko-makarska Nadbiskupija", "diocese_source": "derivirano-crkve.domovina.ai", "email": "ivmilardovic@gmail.com", "phone_e164": "+385917396766", "president": "Ivan Milardović", "president_role": "Predsjednik Udruge", "founded_at": "2008-02-03", "registered_at": "2008-04-08", "catholic_confidence": "srednja", "catholic_score": 6.0, "source": ["datagovhr:registar-udruga"], "category_label": "Molitvene zajednice", "active": 1}}, {"type": "Feature", "geometry": {"type": "Point", "coordinates": [16.901228, 43.653402]}, "properties": {"id": 17, "slug": "udruga-za-zastitu-i-razvoj-zupe-vostane-6942", "name": "\"UDRUGA ZA ZAŠTITU I RAZVOJ ŽUPE VOŠTANE\"", "display_name": "\"Udruga za Zaštitu i Razvoj Župe Voštane\"", "short_name": "\"UDRUGA VOŠTANE\"", "registry": "registar-udruga", "oib": "49278686942", "status": "AKTIVAN", "category": "zupna", "address": "VOŠTANE 4, Voštane", "city": "Voštane", "settlement": "Voštane", "municipality": "Trilj", "county": "Splitsko-dalmatinska", "postal_code": "21240", "geo_source": "dgu-adresa", "diocese": "Splitsko-makarska Nadbiskupija", "diocese_source": "derivirano-crkve.domovina.ai", "president": "Marko Akrap", "president_role": "Predsjednik Udruge", "founded_at": "2005-10-12", "registered_at": "2005-12-15", "catholic_confidence": "visoka", "catholic_score": 7.0, "source": ["datagovhr:registar-udruga"], "category_label": "Župne udruge", "active": 1}}, {"type": "Feature", "geometry": {"type": "Point", "coordinates": [14.444535, 45.327808]}, "properties": {"id": 18, "slug": "katedralni-zbor-cantores-sancti-viti-rijeka-8940", "name": "KATEDRALNI ZBOR \"CANTORES SANCTI VITI\" RIJEKA", "display_name": "Katedralni Zbor \"Cantores Sancti Viti\" Rijeka", "short_name": "\"CANTORES SANCTI VITI\"", "registry": "registar-udruga", "oib": "51194438940", "status": "BRISAN", "category": "glazba", "address": "Grivica 11, Rijeka", "city": "Rijeka", "settlement": "Rijeka", "municipality": "Rijeka", "county": "Primorsko-goranska", "postal_code": "51000", "geo_source": "dgu-adresa", "diocese": "Riječka Nadbiskupija", "diocese_source": "derivirano-crkve.domovina.ai", "president": "Josip Milardović", "president_role": "Predsjednik Udruge", "founded_at": "2007-05-17", "registered_at": "2007-06-27", "catholic_confidence": "srednja", "catholic_score": 6.0, "source": ["datagovhr:registar-udruga"], "category_label": "Zborovi i crkvena glazba", "active": 0}}, {"type": "Feature", "geometry": {"type": "Point", "coordinates": [16.132646, 43.616591]}, "properties": {"id": 19, "slug": "malonogometni-klub-zupa-sveta-katarina-ljubitovica-5607", "name": "MALONOGOMETNI KLUB \"ŽUPA SVETA KATARINA-LJUBITOVICA\"", "display_name": "Malonogometni Klub \"Župa Sveta Katarina-ljubitovica\"", "short_name": "MNK \"ŽUPA SVETA KATARINA-LJUBITOVICA\"", "registry": "registar-udruga", "oib": "04429035607", "status": "BRISAN", "category": "sport", "address": "Ljubitovica, Ljubitovica", "city": "Ljubitovica", "settlement": "Ljubitovica", "municipality": "Seget", "county": "Splitsko-dalmatinska", "geo_source": "naselje-teziste", "diocese": "Šibenska Biskupija", "diocese_source": "derivirano-crkve.domovina.ai", "president": "Miroslav Stojić", "president_role": "Predsjednik", "founded_at": "2007-07-24", "registered_at": "2007-08-07", "catholic_confidence": "srednja", "catholic_score": 5.0, "source": ["datagovhr:registar-udruga"], "category_label": "Sport i rekreacija", "active": 0}}, {"type": "Feature", "geometry": {"type": "Point", "coordinates": [18.697161, 45.561506]}, "properties": {"id": 20, "slug": "katolicka-udruga-veronikin-rubac-za-pomoc-starijim-i-nemocnim-osobama-osijek-7577", "name": "KATOLIČKA UDRUGA \"VERONIKIN RUBAC\" ZA POMOĆ STARIJIM I NEMOĆNIM OSOBAMA", "display_name": "Katolička Udruga \"Veronikin Rubac\" za Pomoć Starijim i Nemoćnim Osobama", "short_name": "KATOLIČKA UDRUGA \"VERONIKIN RUBAC\"", "registry": "registar-udruga", "oib": "98653677577", "status": "AKTIVAN", "category": "karitativna", "address": "TRG VATROSLAVA LISINSKOG 3, Osijek", "city": "Osijek", "settlement": "Osijek", "municipality": "Osijek", "county": "Osječko-baranjska", "postal_code": "31000", "geo_source": "dgu-adresa", "diocese": "Đakovačko-osječka Nadbiskupija", "diocese_source": "derivirano-crkve.domovina.ai", "email": "veronikin-rubac@net.hr", "website": "https://www.veronikin-rubac.hr", "phone_e164": "+38531214044", "president": "Ines Maldini", "president_role": "Predsjednica", "founded_at": "2006-12-04", "registered_at": "2006-12-11", "catholic_confidence": "visoka", "catholic_score": 8.0, "source": ["datagovhr:registar-udruga"], "category_label": "Karitativne i humanitarne", "active": 1}}, {"type": "Feature", "geometry": {"type": "Point", "coordinates": [16.588962, 43.765051]}, "properties": {"id": 21, "slug": "udruga-za-ocuvanje-bastine-sela-satrica-ime-isusovo-0975", "name": "UDRUGA ZA OČUVANJE BAŠTINE SELA SATRIĆA \"IME ISUSOVO\"", "display_name": "Udruga za Očuvanje Baštine Sela Satrića \"Ime Isusovo\"", "short_name": "UZOBS \"IME ISUSOVO\"", "registry": "registar-udruga", "oib": "72500810975", "status": "AKTIVAN", "category": "kultura", "address": "Satrić 110, Satrić", "city": "Satrić", "settlement": "Satrić", "municipality": "Hrvace", "county": "Splitsko-dalmatinska", "postal_code": "21233", "geo_source": "dgu-adresa", "diocese": "Splitsko-makarska Nadbiskupija", "diocese_source": "derivirano-crkve.domovina.ai", "email": "slavkocv@gmail.com", "phone_e164": "+385989088598", "president": "Slavko Cvitković", "president_role": "Predsjednik Udruge", "founded_at": "2006-11-12", "registered_at": "2006-12-04", "catholic_confidence": "visoka", "catholic_score": 7.0, "source": ["datagovhr:registar-udruga"], "category_label": "Kultura i baština", "active": 1}}, {"type": "Feature", "geometry": {"type": "Point", "coordinates": [18.208712, 42.626437]}, "properties": {"id": 22, "slug": "paintball-klub-zupa-mlini-39346", "name": "Paintball klub ŽUPA", "display_name": "Paintball klub ŽUPA", "short_name": "PK \"ŽUPA\"", "registry": "registar-udruga", "status": "BRISAN", "category": "sport", "address": "Dr. Ante Starčevića 97, Mlini", "city": "Mlini", "settlement": "Mlini", "municipality": "Župa Dubrovačka", "county": "Dubrovačko-neretvanska", "geo_source": "naselje-teziste", "diocese": "Dubrovačka Biskupija - Dioecesis Ragusina", "diocese_source": "derivirano-crkve.domovina.ai", "president": "Nikša Miloslavić", "president_role": "Predsjednik Udruge", "founded_at": "2006-02-14", "registered_at": "2006-04-10", "catholic_confidence": "srednja", "catholic_score": 4.0, "source": ["datagovhr:registar-udruga"], "category_label": "Sport i rekreacija", "active": 0}}, {"type": "Feature", "geometry": {"type": "Point", "coordinates": [16.34269, 43.551773]}, "properties": {"id": 23, "slug": "bratovstina-sveti-juraj-od-raduna-kastel-stari-4512", "name": "BRATOVŠTINA SVETI JURAJ OD RADUNA - KAŠTEL STARI", "display_name": "Bratovština Sveti Juraj od Raduna - Kaštel Stari", "registry": "registar-udruga", "oib": "09649974512", "status": "AKTIVAN", "category": "bratovstina", "address": "Ulica Ivana Danila 17a, Kaštel Stari", "city": "Kaštel Stari", "settlement": "Kaštel Stari", "municipality": "Kaštela", "county": "Splitsko-dalmatinska", "postal_code": "21216", "geo_source": "dgu-adresa", "diocese": "Splitsko-makarska Nadbiskupija", "diocese_source": "derivirano-crkve.domovina.ai", "email": "gluicdoo@gmail.com", "phone_e164": "+38521230320", "president": "Krešimir Ivanković", "president_role": "Predsjednik Udruge", "founded_at": "2006-04-03", "registered_at": "2006-04-07", "catholic_confidence": "visoka", "catholic_score": 11.5, "source": ["datagovhr:registar-udruga"], "category_label": "Bratovštine", "active": 1}}, {"type": "Feature", "geometry": {"type": "Point", "coordinates": [17.818738, 42.846944]}, "properties": {"id": 26, "slug": "bratstvo-svih-svetih-lisac-3523", "name": "Bratstvo Svih Svetih Lisac", "display_name": "Bratstvo Svih Svetih Lisac", "registry": "registar-udruga", "oib": "99427603523", "status": "AKTIVAN", "category": "bratovstina", "address": "Iza Lokve 2, Lisac", "city": "Lisac", "settlement": "Lisac", "municipality": "Dubrovačko Primorje", "county": "Dubrovačko-neretvanska", "postal_code": "20230", "geo_source": "dgu-adresa", "diocese": "Dubrovačka Biskupija - Dioecesis Ragusina", "diocese_source": "derivirano-crkve.domovina.ai", "president": "Tomo Sutić", "president_role": "Predsjednik", "founded_at": "2007-06-24", "registered_at": "2007-08-21", "catholic_confidence": "visoka", "catholic_score": 10.0, "source": ["datagovhr:registar-udruga"], "category_label": "Bratovštine", "active": 1}}, {"type": "Feature", "geometry": {"type": "Point", "coordinates": [16.091372, 45.831295]}, "properties": {"id": 27, "slug": "udruga-betlehem-zagreb-sesvete-8566", "name": "UDRUGA BETLEHEM ZAGREB", "display_name": "Udruga Betlehem Zagreb", "registry": "registar-udruga", "oib": "27373068566", "status": "AKTIVAN", "category": "pokret", "address": "Ulica narcisa 96, Sesvete", "city": "Sesvete", "settlement": "Sesvete", "municipality": "Grad Zagreb", "county": "Grad Zagreb", "postal_code": "10360", "geo_source": "dgu-adresa", "diocese": "Zagrebačka Nadbiskupija", "diocese_source": "derivirano-crkve.domovina.ai", "email": "betlehem.zagreb@gmail.com", "phone_e164": "+385958204478", "president": "Alberta Vrdoljak", "president_role": "Predsjednica", "founded_at": "2009-09-08", "registered_at": "2009-10-26", "catholic_confidence": "srednja", "catholic_score": 4.0, "source": ["datagovhr:registar-udruga"], "category_label": "Pokreti i laičke zajednice", "active": 1}}, {"type": "Feature", "geometry": {"type": "Point", "coordinates": [14.947691, 45.375224]}, "properties": {"id": 30, "slug": "crkveni-zbor-svete-terezije-avilske-ravna-gora-3767", "name": "CRKVENI ZBOR SVETE TEREZIJE AVILSKE", "display_name": "Crkveni Zbor Svete Terezije Avilske", "short_name": "CZ SV. T. AVILSKE", "registry": "registar-udruga", "oib": "20014553767", "status": "AKTIVAN", "category": "glazba", "address": "Ivana Gorana Kovačića 96, Ravna Gora", "city": "Ravna Gora", "settlement": "Ravna Gora", "municipality": "Ravna Gora", "county": "Primorsko-goranska", "postal_code": "51314", "geo_source": "dgu-adresa", "diocese": "Riječka Nadbiskupija", "diocese_source": "derivirano-crkve.domovina.ai", "president": "Nataša Lakotić", "president_role": "Predsjednica Udruge", "founded_at": "2008-11-27", "registered_at": "2009-02-25", "catholic_confidence": "srednja", "catholic_score": 4.0, "source": ["datagovhr:registar-udruga"], "category_label": "Zborovi i crkvena glazba", "active": 1}}, {"type": "Feature", "geometry": {"type": "Point", "coordinates": [18.208712, 42.626437]}, "properties": {"id": 33, "slug": "udruga-zavreljsko-bratstvo-svetog-roka-mlini-7588", "name": "Udruga Zavreljsko bratstvo svetog Roka Mlini", "display_name": "Udruga Zavreljsko bratstvo svetog Roka Mlini", "short_name": "Udruga Bratstvo sv. Roka", "registry": "registar-udruga", "oib": "76886877588", "status": "AKTIVAN", "category": "bratovstina", "address": "Šetalište dr. Franja Tuđmana 25, Mlini", "city": "Mlini", "settlement": "Mlini", "municipality": "Župa Dubrovačka", "county": "Dubrovačko-neretvanska", "geo_source": "naselje-teziste", "diocese": "Dubrovačka Biskupija - Dioecesis Ragusina", "diocese_source": "derivirano-crkve.domovina.ai", "email": "starikomin@gmail.com", "phone_e164": "+385915178650", "president": "Vlaho Mišić", "president_role": "Predsjednik", "founded_at": "2008-10-26", "registered_at": "2009-01-05", "catholic_confidence": "visoka", "catholic_score": 10.0, "source": ["datagovhr:registar-udruga"], "category_label": "Bratovštine", "active": 1}}, {"type": "Feature", "geometry": {"type": "Point", "coordinates": [16.438119, 43.508869]}, "properties": {"id": 35, "slug": "centar-za-krscansku-kulturu-prudencija-u-likvidaciji-split-3361", "name": "CENTAR ZA KRŠĆANSKU KULTURU \"PRUDENCIJA\" U LIKVIDACIJI", "display_name": "Centar za Kršćansku Kulturu \"Prudencija\" u Likvidaciji", "short_name": "CKK \"PRUDENCIJA\"", "registry": "registar-udruga", "oib": "01985503361", "status": "BRISAN", "category": "kultura", "address": "Martinski prolaz 3, Split", "city": "Split", "settlement": "Split", "municipality": "Split", "county": "Splitsko-dalmatinska", "postal_code": "21000", "geo_source": "dgu-ulica-fuzzy", "diocese": "Splitsko-makarska Nadbiskupija", "diocese_source": "derivirano-crkve.domovina.ai", "email": "sdragun@net.hr", "website": "https://prudencija.hr", "phone_e164": "+385915327892", "president": "Silvana Dragun", "president_role": "Predsjednica", "founded_at": "2008-11-22", "registered_at": "2008-12-11", "catholic_confidence": "srednja", "catholic_score": 6.0, "source": ["datagovhr:registar-udruga"], "category_label": "Kultura i baština", "active": 0}}, {"type": "Feature", "geometry": {"type": "Point", "coordinates": [16.464163, 46.302982]}, "properties": {"id": 36, "slug": "katolicka-zajednica-sanctus-semovec-9504", "name": "Katolička zajednica Sanctus", "display_name": "Katolička zajednica Sanctus", "short_name": "KZ Sanctus", "registry": "registar-udruga", "oib": "25839699504", "status": "BRISAN", "category": "molitvena", "address": "Koprivnička 18, Šemovec", "city": "Šemovec", "settlement": "Šemovec", "municipality": "Trnovec Bartolovečki", "county": "Varaždinska", "postal_code": "42202", "geo_source": "dgu-adresa", "diocese": "Varaždinska Biskupija", "diocese_source": "derivirano-crkve.domovina.ai", "president": "Mario Pošpaić", "president_role": "Predsjednik", "founded_at": "2007-12-08", "registered_at": "2007-12-13", "catholic_confidence": "visoka", "catholic_score": 8.0, "source": ["datagovhr:registar-udruga"], "category_label": "Molitvene zajednice", "active": 0}}, {"type": "Feature", "geometry": {"type": "Point", "coordinates": [14.901577, 44.995096]}, "properties": {"id": 37, "slug": "duhovna-udruga-mrva-srice-senj-8457", "name": "DUHOVNA UDRUGA ''MRVA SRIĆE'' SENJ", "display_name": "Duhovna Udruga ''Mrva Sriće'' Senj", "short_name": "MRVA SRIĆE", "registry": "registar-udruga", "oib": "07336308457", "status": "AKTIVAN", "category": "pokret", "address": "Nikole Jurišića 8, Senj", "city": "Senj", "settlement": "Senj", "municipality": "Senj", "county": "Ličko-senjska", "postal_code": "53270", "geo_source": "dgu-adresa", "diocese": "Gospićko-senjska Biskupija", "diocese_source": "derivirano-crkve.domovina.ai", "phone_e164": "+385917387584", "president": "Marija Knifić", "president_role": "Predsjednica", "founded_at": "2009-06-10", "registered_at": "2009-07-07", "catholic_confidence": "srednja", "catholic_score": 6.0, "source": ["datagovhr:registar-udruga"], "category_label": "Pokreti i laičke zajednice", "active": 1}}, {"type": "Feature", "geometry": {"type": "Point", "coordinates": [16.00752, 45.84696]}, "properties": {"id": 38, "slug": "svjetski-molitveni-dan-hrvatska-zagreb-6459", "name": "SVJETSKI MOLITVENI DAN - HRVATSKA", "display_name": "Svjetski Molitveni Dan - Hrvatska", "short_name": "SMD-HR", "registry": "registar-udruga", "oib": "22308276459", "status": "AKTIVAN", "category": "molitvena", "address": "Vranićeva ulica 3, Zagreb", "city": "Zagreb", "settlement": "Zagreb", "municipality": "Grad Zagreb", "county": "Grad Zagreb", "postal_code": "10163", "geo_source": "dgu-adresa", "diocese": "Zagrebačka Nadbiskupija", "diocese_source": "derivirano-crkve.domovina.ai", "email": "wdp.croatia@gmail.com", "website": "https://www.wdp-croatia.com", "phone_e164": "+385996943775", "president": "Sanja Sabljak", "president_role": "Dopredsjednica", "founded_at": "2009-06-06", "registered_at": "2009-09-30", "catholic_confidence": "visoka", "catholic_score": 10.0, "source": ["datagovhr:registar-udruga"], "category_label": "Molitvene zajednice", "active": 1}}, {"type": "Feature", "geometry": {"type": "Point", "coordinates": [18.165963, 42.629111]}, "properties": {"id": 39, "slug": "udruga-bratstvo-svetog-matije-celopeci-cibaca-2897", "name": "Udruga Bratstvo Svetog Matije - Čelopeci", "display_name": "Udruga Bratstvo Svetog Matije - Čelopeci", "registry": "registar-udruga", "oib": "06857282897", "status": "AKTIVAN", "category": "bratovstina", "address": "Đurići 8, Čibača", "city": "Čibača", "settlement": "Čibača", "municipality": "Župa Dubrovačka", "county": "Dubrovačko-neretvanska", "geo_source": "naselje-teziste", "diocese": "Dubrovačka Biskupija - Dioecesis Ragusina", "diocese_source": "derivirano-crkve.domovina.ai", "email": "zkojakovic@yahoo.com", "phone_e164": "+385915491630", "president": "Antun Grbić", "president_role": "Dopredsjednik", "founded_at": "2009-10-25", "registered_at": "2010-01-19", "catholic_confidence": "visoka", "catholic_score": 7.5, "source": ["datagovhr:registar-udruga"], "category_label": "Bratovštine", "active": 1}}, {"type": "Feature", "geometry": {"type": "Point", "coordinates": [19.091257, 45.234962]}, "properties": {"id": 40, "slug": "drustvo-hrvatska-zena-tompojevci-9065", "name": "DRUŠTVO \"HRVATSKA ŽENA\" TOMPOJEVCI", "display_name": "Društvo \"Hrvatska Žena\" Tompojevci", "registry": "registar-udruga", "oib": "18466179065", "status": "BRISAN", "category": "karitativna", "address": "Radićeva 23, Tompojevci", "city": "Tompojevci", "settlement": "Tompojevci", "municipality": "Tompojevci", "county": "Vukovarsko-srijemska", "postal_code": "32238", "geo_source": "dgu-adresa", "diocese": "Đakovačko-osječka Nadbiskupija", "diocese_source": "derivirano-crkve.domovina.ai", "email": "valentina.kalac@gmail.com", "phone_e164": "+385996979906", "president": "Valentina Kalac", "president_role": "Predsjednica", "founded_at": "2009-09-30", "registered_at": "2009-10-13", "catholic_confidence": "srednja", "catholic_score": 4.0, "source": ["datagovhr:registar-udruga"], "category_label": "Karitativne i humanitarne", "active": 0}}, {"type": "Feature", "geometry": {"type": "Point", "coordinates": [14.759003, 45.16153]}, "properties": {"id": 41, "slug": "udruga-svetog-petra-i-pavla-apostola-bribir-6483", "name": "UDRUGA SVETOG PETRA I PAVLA APOSTOLA BRIBIR", "display_name": "Udruga Svetog Petra i Pavla Apostola Bribir", "registry": "registar-udruga", "oib": "03180876483", "status": "AKTIVAN", "category": "hodocasnicka", "address": "Bribir 22, Bribir", "city": "Bribir", "settlement": "Bribir", "municipality": "Vinodolska Općina", "county": "Primorsko-goranska", "postal_code": "51253", "geo_source": "dgu-adresa", "diocese": "Riječka Nadbiskupija", "diocese_source": "derivirano-crkve.domovina.ai", "email": "sopilica@gmail.com", "phone_e164": "+385918834112", "president": "Ivana Ligatić", "president_role": "Predsjednica", "founded_at": "2009-10-07", "registered_at": "2009-11-19", "catholic_confidence": "visoka", "catholic_score": 11.0, "source": ["datagovhr:registar-udruga"], "category_label": "Hodočašća", "active": 1}}, {"type": "Feature", "geometry": {"type": "Point", "coordinates": [15.977893, 45.831873]}, "properties": {"id": 42, "slug": "udruga-pavla-apostola-mljetskog-brodolomca-zagreb-5571", "name": "\"UDRUGA PAVLA APOSTOLA - MLJETSKOG BRODOLOMCA\"", "display_name": "\"Udruga Pavla Apostola - Mljetskog Brodolomca\"", "registry": "registar-udruga", "oib": "86645925571", "status": "AKTIVAN", "category": "hodocasnicka", "address": "Strossmayerov trg 8IV, Zagreb", "city": "Zagreb", "settlement": "Zagreb", "municipality": "Grad Zagreb", "county": "Grad Zagreb", "geo_source": "naselje-teziste", "diocese": "Zagrebačka Nadbiskupija", "diocese_source": "derivirano-crkve.domovina.ai", "email": "zlatko.pavetic@zg.t-com.hr", "phone_e164": "+38598684368", "president": "Miho Demović", "president_role": "Predsjednik", "founded_at": "2010-01-24", "registered_at": "2010-03-09", "catholic_confidence": "srednja", "catholic_score": 8.0, "source": ["datagovhr:registar-udruga"], "category_label": "Hodočašća", "active": 1}}, {"type": "Feature", "geometry": {"type": "Point", "coordinates": [18.686759, 45.558758]}, "properties": {"id": 44, "slug": "humanitarna-udruga-srce-za-afriku-osijek-2263", "name": "HUMANITARNA UDRUGA SRCE ZA AFRIKU", "display_name": "Humanitarna Udruga Srce za Afriku", "registry": "registar-udruga", "oib": "36754632263", "status": "AKTIVAN", "category": "karitativna", "address": "Kralja Zvonimira 15, Osijek", "city": "Osijek", "settlement": "Osijek", "municipality": "Osijek", "county": "Osječko-baranjska", "postal_code": "31000", "geo_source": "dgu-adresa", "diocese": "Đakovačko-osječka Nadbiskupija", "diocese_source": "derivirano-crkve.domovina.ai", "email": "srce.za.afriku@gmail.com", "phone_e164": "+38531213477", "president": "Maja Sajler Garmaz", "president_role": "Predsjednica", "founded_at": "2011-12-21", "registered_at": "2012-01-04", "catholic_confidence": "srednja", "catholic_score": 4.0, "source": ["datagovhr:registar-udruga"], "category_label": "Karitativne i humanitarne", "active": 1}}, {"type": "Feature", "geometry": {"type": "Point", "coordinates": [18.219565, 42.614283]}, "properties": {"id": 45, "slug": "solinsko-bratstvo-svetog-nikole-soline-6056", "name": "SOLINSKO BRATSTVO SVETOG NIKOLE", "display_name": "Solinsko Bratstvo Svetog Nikole", "short_name": "SBSN", "registry": "registar-udruga", "oib": "19841016056", "status": "BRISAN", "category": "bratovstina", "address": "Pod Svetim Nikolom 1, Soline", "city": "Soline", "settlement": "Soline", "municipality": "Župa Dubrovačka", "county": "Dubrovačko-neretvanska", "postal_code": "20207", "geo_source": "dgu-adresa", "diocese": "Dubrovačka Biskupija - Dioecesis Ragusina", "diocese_source": "derivirano-crkve.domovina.ai", "president": "Jakov Mandun", "president_role": "Zamjenik Predsjednika", "founded_at": "2011-08-07", "registered_at": "2011-11-03", "catholic_confidence": "visoka", "catholic_score": 7.0, "source": ["datagovhr:registar-udruga"], "category_label": "Bratovštine", "active": 0}}, {"type": "Feature", "geometry": {"type": "Point", "coordinates": [16.005484, 45.814282]}, "properties": {"id": 46, "slug": "scijentoloski-misionari-dobre-volje-zagreb-2567", "name": "SCIJENTOLOŠKI MISIONARI DOBRE VOLJE", "display_name": "Scijentološki Misionari Dobre Volje", "registry": "registar-udruga", "oib": "50951452567", "status": "BRISAN", "category": "mediji", "address": "Ulica Tome Blažeka 11, Zagreb", "city": "Zagreb", "settlement": "Zagreb", "municipality": "Grad Zagreb", "county": "Grad Zagreb", "postal_code": "10123", "geo_source": "dgu-adresa", "diocese": "Zagrebačka Nadbiskupija", "diocese_source": "derivirano-crkve.domovina.ai", "email": "nenad@udunteerminister.eu", "phone_e164": "+385918936533", "president": "Nenad Voća", "president_role": "Predsjednik", "founded_at": "2010-10-22", "registered_at": "2011-05-02", "catholic_confidence": "srednja", "catholic_score": 4.0, "source": ["datagovhr:registar-udruga"], "category_label": "Mediji i nakladništvo", "active": 0}}, {"type": "Feature", "geometry": {"type": "Point", "coordinates": [18.208712, 42.626437]}, "properties": {"id": 47, "slug": "bratstvo-sv-josipa-radnika-cibaca-mlini-4338", "name": "Bratstvo Sv. Josipa radnika - Čibača", "display_name": "Bratstvo Sv. Josipa radnika - Čibača", "registry": "registar-udruga", "oib": "27437374338", "status": "BRISAN", "category": "bratovstina", "address": "Dr. Josipa Lučića 6, Mlini", "city": "Mlini", "settlement": "Mlini", "municipality": "Župa Dubrovačka", "county": "Dubrovačko-neretvanska", "geo_source": "naselje-teziste", "diocese": "Dubrovačka Biskupija - Dioecesis Ragusina", "diocese_source": "derivirano-crkve.domovina.ai", "phone_e164": "+38520485517", "president": "Stjepo Kevo", "president_role": "Predsjednik", "founded_at": "2011-04-17", "registered_at": "2011-05-13", "catholic_confidence": "visoka", "catholic_score": 12.0, "source": ["datagovhr:registar-udruga"], "category_label": "Bratovštine", "active": 0}}, {"type": "Feature", "geometry": {"type": "Point", "coordinates": [15.713953, 45.757345]}, "properties": {"id": 48, "slug": "bratovstina-svetog-antuna-pustinjaka-klake-0798", "name": "Bratovština Svetog Antuna Pustinjaka-Klake", "display_name": "Bratovština Svetog Antuna Pustinjaka-Klake", "registry": "registar-udruga", "oib": "74514850798", "status": "AKTIVAN", "category": "bratovstina", "address": "Klake 69, Klake", "city": "Klake", "settlement": "Klake", "municipality": "Samobor", "county": "Zagrebačka", "postal_code": "10435", "geo_source": "dgu-adresa", "diocese": "Zagrebačka Nadbiskupija", "diocese_source": "derivirano-crkve.domovina.ai", "email": "gpsamobor@gmail.com", "president": "Tomo Jandrečić", "president_role": "Predsjednik", "founded_at": "2011-05-19", "registered_at": "2011-07-07", "catholic_confidence": "visoka", "catholic_score": 10.0, "source": ["datagovhr:registar-udruga"], "category_label": "Bratovštine", "active": 1}}, {"type": "Feature", "geometry": {"type": "Point", "coordinates": [15.307526, 45.153724]}, "properties": {"id": 49, "slug": "dobrotvorno-podupirajuce-drustvo-uzasasce-isusovo-cerovnik-9150", "name": "DOBROTVORNO PODUPIRAJUĆE DRUŠTVO \"UZAŠAŠĆE ISUSOVO\" CEROVNIK", "display_name": "Dobrotvorno Podupirajuće Društvo \"Uzašašće Isusovo\" Cerovnik", "short_name": "DPD \"UZAŠAŠĆE ISUSOVO\" CEROVNIK", "registry": "registar-udruga", "oib": "72617579150", "status": "AKTIVAN", "category": "karitativna", "address": "Cerovnik bb, Cerovnik", "city": "Cerovnik", "settlement": "Cerovnik", "municipality": "Josipdol", "county": "Karlovačka", "geo_source": "naselje-teziste", "diocese": "Gospićko-senjska Biskupija", "diocese_source": "derivirano-crkve.domovina.ai", "email": "dpdui.cerovnik@gmail.com", "phone_e164": "+385911868310", "president": "Martina Jandrlić", "president_role": "Predsjednica Društva", "founded_at": "2011-05-14", "registered_at": "2011-07-19", "catholic_confidence": "visoka", "catholic_score": 10.0, "source": ["datagovhr:registar-udruga"], "category_label": "Karitativne i humanitarne", "active": 1}}, {"type": "Feature", "geometry": {"type": "Point", "coordinates": [16.940578, 43.439685]}, "properties": {"id": 51, "slug": "bratovstina-presvetog-sakramenta-zezevica-5793", "name": "Bratovština Presvetog Sakramenta Žeževica", "display_name": "Bratovština Presvetog Sakramenta Žeževica", "short_name": "Bratovština Presv.Sakramenta Žeževica", "registry": "registar-udruga", "oib": "14217755793", "status": "AKTIVAN", "category": "bratovstina", "address": "Orje 3, Žeževica", "city": "Žeževica", "settlement": "Žeževica", "municipality": "Šestanovac", "county": "Splitsko-dalmatinska", "postal_code": "21250", "geo_source": "dgu-adresa", "diocese": "Splitsko-makarska Nadbiskupija", "diocese_source": "derivirano-crkve.domovina.ai", "email": "bbolcic77@gmail.com", "phone_e164": "+38521721132", "president": "Branimir Bolčić", "president_role": "Predsjednik", "founded_at": "2010-01-26", "registered_at": "2010-05-27", "catholic_confidence": "visoka", "catholic_score": 14.0, "source": ["datagovhr:registar-udruga"], "category_label": "Bratovštine", "active": 1}}, {"type": "Feature", "geometry": {"type": "Point", "coordinates": [16.462125, 43.514023]}, "properties": {"id": 52, "slug": "prijatelji-radio-marije-u-likvidaciji-split-8248", "name": "PRIJATELJI RADIO MARIJE U LIKVIDACIJI", "display_name": "Prijatelji Radio Marije u Likvidaciji", "short_name": "PRMS", "registry": "registar-udruga", "oib": "96908098248", "status": "BRISAN", "category": "mediji", "address": "Poljana Grgura Ninskog 6II, Split", "city": "Split", "settlement": "Split", "municipality": "Split", "county": "Splitsko-dalmatinska", "geo_source": "naselje-teziste", "diocese": "Splitsko-makarska Nadbiskupija", "diocese_source": "derivirano-crkve.domovina.ai", "email": "predsjednik.prms@gmail.com", "phone_e164": "+385914449004", "president": "Božo Barun", "president_role": "Predsjednik", "founded_at": "2010-04-15", "registered_at": "2010-05-19", "catholic_confidence": "srednja", "catholic_score": 4.5, "source": ["datagovhr:registar-udruga"], "category_label": "Mediji i nakladništvo", "active": 0}}, {"type": "Feature", "geometry": {"type": "Point", "coordinates": [17.578027, 43.037593]}, "properties": {"id": 54, "slug": "udruga-ladara-gospa-karmelska-krvavac-2036", "name": "Udruga lađara \"Gospa Karmelska\" Krvavac", "display_name": "Udruga lađara \"Gospa Karmelska\" Krvavac", "short_name": "UL. \"GOSPA KARMELSKA\" KRVAVAC", "registry": "registar-udruga", "oib": "72476412036", "status": "AKTIVAN", "category": "mladi", "address": "Trg Marija Nikolića Kiša b.b., Krvavac", "city": "Krvavac", "settlement": "Krvavac", "municipality": "Kula Norinska", "county": "Dubrovačko-neretvanska", "geo_source": "naselje-teziste", "diocese": "Splitsko-makarska Nadbiskupija", "diocese_source": "derivirano-crkve.domovina.ai", "email": "ul.gospa.karmelska@gmail.com", "phone_e164": "+385915088642", "president": "Hrvoje Ćendo", "president_role": "Predsjednik", "founded_at": "2010-02-20", "registered_at": "2010-02-26", "catholic_confidence": "visoka", "catholic_score": 7.0, "source": ["datagovhr:registar-udruga"], "category_label": "Mladi i studenti", "active": 1}}, {"type": "Feature", "geometry": {"type": "Point", "coordinates": [15.977893, 45.831873]}, "properties": {"id": 55, "slug": "glas-bozje-ljubavi-zagreb-0074", "name": "GLAS BOŽJE LJUBAVI", "display_name": "Glas Božje Ljubavi", "registry": "registar-udruga", "oib": "63068550074", "status": "BRISAN", "category": "hodocasnicka", "address": "G.Padine 8a, Zagreb", "city": "Zagreb", "settlement": "Zagreb", "municipality": "Grad Zagreb", "county": "Grad Zagreb", "geo_source": "naselje-teziste", "diocese": "Zagrebačka Nadbiskupija", "diocese_source": "derivirano-crkve.domovina.ai", "president": "Renato Smirnjak", "president_role": "Predsjednik", "founded_at": "2009-12-03", "registered_at": "2009-12-03", "catholic_confidence": "srednja", "catholic_score": 5.0, "source": ["datagovhr:registar-udruga"], "category_label": "Hodočašća", "active": 0}}, {"type": "Feature", "geometry": {"type": "Point", "coordinates": [17.87689, 42.784395]}, "properties": {"id": 56, "slug": "udruga-gradana-sveti-roko-slano-8351", "name": "Udruga građana Sveti Roko-Slano", "display_name": "Udruga građana Sveti Roko-Slano", "short_name": "Sv.Roko-Slano", "registry": "registar-udruga", "oib": "63218938351", "status": "AKTIVAN", "category": "bratovstina", "address": "Grgurići 39, Slano", "city": "Slano", "settlement": "Slano", "municipality": "Dubrovačko Primorje", "county": "Dubrovačko-neretvanska", "postal_code": "20232", "geo_source": "dgu-adresa", "diocese": "Dubrovačka Biskupija - Dioecesis Ragusina", "diocese_source": "derivirano-crkve.domovina.ai", "email": "petar.kovacevic111@gmail.com", "phone_e164": "+385992170929", "president": "Petar Kovačević", "president_role": "Predsjednik", "founded_at": "2010-10-30", "registered_at": "2010-11-23", "catholic_confidence": "srednja", "catholic_score": 4.0, "source": ["datagovhr:registar-udruga"], "category_label": "Bratovštine", "active": 1}}, {"type": "Feature", "geometry": {"type": "Point", "coordinates": [15.755843, 43.692796]}, "properties": {"id": 57, "slug": "kulturna-udruga-od-gospe-do-gospe-otok-prvic-prvic-luka-2729", "name": "KULTURNA UDRUGA \"OD GOSPE DO GOSPE\" - OTOK PRVIĆ", "display_name": "Kulturna Udruga \"Od Gospe do Gospe\" - Otok Prvić", "short_name": "\"OD GOSPE DO GOSPE\"", "registry": "registar-udruga", "oib": "13885472729", "status": "BRISAN", "category": "kultura", "address": "Ulica I 1, Prvić Luka", "city": "Prvić Luka", "settlement": "Prvić Luka", "municipality": "Vodice", "county": "Šibensko-kninska", "geo_source": "naselje-teziste", "diocese": "Šibenska Biskupija", "diocese_source": "derivirano-crkve.domovina.ai", "president": "Šime Ukić", "president_role": "Predsjednik Udruge", "founded_at": "2010-12-28", "registered_at": "2011-02-24", "catholic_confidence": "srednja", "catholic_score": 4.0, "source": ["datagovhr:registar-udruga"], "category_label": "Kultura i baština", "active": 0}}, {"type": "Feature", "geometry": {"type": "Point", "coordinates": [15.944106, 45.800338]}, "properties": {"id": 59, "slug": "moto-klub-redovnik-ulice-zagreb-2698", "name": "MOTO KLUB \"REDOVNIK ULICE\"", "display_name": "Moto Klub \"Redovnik Ulice\"", "short_name": "MK \"REDOVNIK ULICE\"", "registry": "registar-udruga", "oib": "10464092698", "status": "AKTIVAN", "category": "sport", "address": "Selska cesta 123, Zagreb", "city": "Zagreb", "settlement": "Zagreb", "municipality": "Grad Zagreb", "county": "Grad Zagreb", "postal_code": "10110", "geo_source": "dgu-adresa", "diocese": "Zagrebačka Nadbiskupija", "diocese_source": "derivirano-crkve.domovina.ai", "president": "Bruno Hering", "president_role": "Predsjednik", "founded_at": "2009-12-05", "registered_at": "2010-01-12", "catholic_confidence": "srednja", "catholic_score": 4.0, "source": ["datagovhr:registar-udruga"], "category_label": "Sport i rekreacija", "active": 1}}, {"type": "Feature", "geometry": {"type": "Point", "coordinates": [16.637761, 43.701871]}, "properties": {"id": 62, "slug": "udruga-za-promicanje-cjelovite-dobrobiti-covjeka-drustva-i-prirode-cjelovit-zivot-sinj-7496", "name": "UDRUGA ZA PROMICANJE CJELOVITE DOBROBITI ČOVJEKA, DRUŠTVA I PRIRODE \"CJELOVIT ŽIVOT\"", "display_name": "Udruga za Promicanje Cjelovite Dobrobiti Čovjeka, Društva i Prirode \"Cjelovit Život\"", "short_name": "UDRUGA \"CJELOVIT ŽIVOT\"", "registry": "registar-udruga", "oib": "08574797496", "status": "AKTIVAN", "category": "pokret", "address": "Fratarski prolaz 4, Sinj", "city": "Sinj", "settlement": "Sinj", "municipality": "Sinj", "county": "Splitsko-dalmatinska", "postal_code": "21230", "geo_source": "dgu-adresa", "diocese": "Splitsko-makarska Nadbiskupija", "diocese_source": "derivirano-crkve.domovina.ai", "email": "cjelovit.zivot@gmail.com", "phone_e164": "+38521824042", "president": "Helena Budimir", "president_role": "Potpredsjednica Udruge", "founded_at": "2010-05-04", "registered_at": "2010-07-08", "catholic_confidence": "srednja", "catholic_score": 4.5, "source": ["datagovhr:registar-udruga"], "category_label": "Pokreti i laičke zajednice", "active": 1}}, {"type": "Feature", "geometry": {"type": "Point", "coordinates": [18.097661, 42.652248]}, "properties": {"id": 64, "slug": "zajednica-krscanskih-zena-i-majki-dubrovnik-4991", "name": "Zajednica kršćanskih žena i majki", "display_name": "Zajednica kršćanskih žena i majki", "registry": "registar-udruga", "oib": "45680404991", "status": "BRISAN", "category": "molitvena", "address": "Sv.Domenika 4, Dubrovnik", "city": "Dubrovnik", "settlement": "Dubrovnik", "municipality": "Dubrovnik", "county": "Dubrovačko-neretvanska", "geo_source": "naselje-teziste", "diocese": "Dubrovačka Biskupija - Dioecesis Ragusina", "diocese_source": "derivirano-crkve.domovina.ai", "president": "Nevenka Lonza", "president_role": "Dopredsjednik Udruge", "founded_at": "1995-06-01", "registered_at": "1998-11-17", "catholic_confidence": "srednja", "catholic_score": 4.0, "source": ["datagovhr:registar-udruga"], "category_label": "Molitvene zajednice", "active": 0}}, {"type": "Feature", "geometry": {"type": "Point", "coordinates": [18.208712, 42.626437]}, "properties": {"id": 66, "slug": "lovacko-drustvo-zupa-mlini-5675", "name": "Lovačko društvo \"Župa\"", "display_name": "Lovačko društvo \"Župa\"", "short_name": "L.D.\"Župa\"", "registry": "registar-udruga", "oib": "10244725675", "status": "AKTIVAN", "category": "zupna", "address": "Mandaljena 1, Mlini", "city": "Mlini", "settlement": "Mlini", "municipality": "Župa Dubrovačka", "county": "Dubrovačko-neretvanska", "geo_source": "naselje-teziste", "diocese": "Dubrovačka Biskupija - Dioecesis Ragusina", "diocese_source": "derivirano-crkve.domovina.ai", "phone_e164": "+385915446284", "president": "Mato Lučić", "president_role": "Predsjednik", "founded_at": "1946-05-01", "registered_at": "1998-05-26", "catholic_confidence": "srednja", "catholic_score": 4.0, "source": ["datagovhr:registar-udruga"], "category_label": "Župne udruge", "active": 1}}, {"type": "Feature", "geometry": {"type": "Point", "coordinates": [16.015803, 45.760806]}, "properties": {"id": 67, "slug": "udruga-zena-jakusevec-zagreb-3670", "name": "UDRUGA ŽENA \"JAKUŠEVEC\"", "display_name": "Udruga Žena \"Jakuševec\"", "short_name": "UŽ \"JAKUŠEVEC\"", "registry": "registar-udruga", "oib": "14534103670", "status": "AKTIVAN", "category": "karitativna", "address": "GATA 1, Zagreb", "city": "Zagreb", "settlement": "Zagreb", "municipality": "Grad Zagreb", "county": "Grad Zagreb", "postal_code": "10010", "geo_source": "dgu-adresa", "diocese": "Zagrebačka Nadbiskupija", "diocese_source": "derivirano-crkve.domovina.ai", "email": "udrugazenajakusevec@gmail.com", "phone_e164": "+385915981069", "president": "Ivana Bedeković", "president_role": "Predsjednica", "founded_at": "2000-01-11", "registered_at": "2000-02-09", "catholic_confidence": "srednja", "catholic_score": 4.0, "source": ["datagovhr:registar-udruga"], "category_label": "Karitativne i humanitarne", "active": 1}}, {"type": "Feature", "geometry": {"type": "Point", "coordinates": [17.190707, 46.060403]}, "properties": {"id": 69, "slug": "bratovstina-svetog-ferdinanda-ferdinandovac-1506", "name": "BRATOVŠTINA SVETOG FERDINANDA FERDINANDOVAC", "display_name": "Bratovština Svetog Ferdinanda Ferdinandovac", "registry": "registar-udruga", "oib": "85094691506", "status": "AKTIVAN", "category": "bratovstina", "address": "Trg slobode 31, Ferdinandovac", "city": "Ferdinandovac", "settlement": "Ferdinandovac", "municipality": "Ferdinandovac", "county": "Koprivničko-križevačka", "postal_code": "48356", "geo_source": "dgu-adresa", "diocese": "Varaždinska Biskupija", "diocese_source": "derivirano-crkve.domovina.ai", "email": "ferdinand.scuka@gmail.com", "phone_e164": "+385921299375", "president": "Martina Jendrijev Tomašek", "president_role": "Predsjednica", "founded_at": "1996-12-29", "registered_at": "1998-02-11", "catholic_confidence": "visoka", "catholic_score": 13.0, "source": ["datagovhr:registar-udruga"], "category_label": "Bratovštine", "active": 1}}, {"type": "Feature", "geometry": {"type": "Point", "coordinates": [15.982017, 45.809143]}, "properties": {"id": 71, "slug": "studentski-katolicki-centar-palma-zagreb-6945", "name": "STUDENTSKI  KATOLIČKI CENTAR  PALMA", "display_name": "Studentski Katolički Centar Palma", "short_name": "SKAC  PALMA", "registry": "registar-udruga", "oib": "98023806945", "status": "AKTIVAN", "category": "mladi", "address": "Palmotićeva ulica 31, Zagreb", "city": "Zagreb", "settlement": "Zagreb", "municipality": "Grad Zagreb", "county": "Grad Zagreb", "postal_code": "10000", "geo_source": "dgu-adresa", "diocese": "Zagrebačka Nadbiskupija", "diocese_source": "derivirano-crkve.domovina.ai", "email": "skac@skac.hr", "website": "https://www.skac.hr", "phone_e164": "+38514803007", "president": "Bojan Bijelić", "president_role": "Predsjednik", "founded_at": "2001-11-22", "registered_at": "2001-11-27", "catholic_confidence": "visoka", "catholic_score": 10.5, "source": ["datagovhr:registar-udruga"], "category_label": "Mladi i studenti", "active": 1}}, {"type": "Feature", "geometry": {"type": "Point", "coordinates": [16.091597, 45.820054]}, "properties": {"id": 72, "slug": "karitativno-drustvo-kruh-svetog-ante-franjevacke-provincije-bosne-srebrene-zagreb-9039", "name": "KARITATIVNO DRUŠTVO \"KRUH SVETOG ANTE\" FRANJEVAČKE PROVINCIJE \"BOSNE SREBRENE\"-ZAGREB", "display_name": "Karitativno Društvo \"Kruh Svetog Ante\" Franjevačke Provincije \"Bosne Srebrene\"-zagreb", "short_name": "KARITATIVNO DRUŠTVO \"KRUH SVETOG ANTE\"ZAGREB", "registry": "registar-udruga", "oib": "10262319039", "status": "AKTIVAN", "category": "pokret", "address": "Prilaz Sv. Marije Anđeoske 1, Zagreb", "city": "Zagreb", "settlement": "Zagreb", "municipality": "Grad Zagreb", "county": "Grad Zagreb", "postal_code": "10040", "geo_source": "dgu-adresa", "diocese": "Zagrebačka Nadbiskupija", "diocese_source": "derivirano-crkve.domovina.ai", "email": "jasna.zovak@zg.t-com.hr", "phone_e164": "+38513775954", "president": "Marinko Baotić", "president_role": "Predsjednik", "founded_at": "1993-09-06", "registered_at": "1998-02-18", "catholic_confidence": "visoka", "catholic_score": 8.0, "source": ["datagovhr:registar-udruga"], "category_label": "Pokreti i laičke zajednice", "active": 1}}, {"type": "Feature", "geometry": {"type": "Point", "coordinates": [18.005503, 42.702095]}, "properties": {"id": 75, "slug": "drustvo-prijatelja-orasca-orasac-4130", "name": "Društvo prijatelja Orašca", "display_name": "Društvo prijatelja Orašca", "short_name": "DPO Orašac", "registry": "registar-udruga", "oib": "97055134130", "status": "AKTIVAN", "category": "molitvena", "address": "Na komardi  29, Orašac", "city": "Orašac", "settlement": "Orašac", "municipality": "Dubrovnik", "county": "Dubrovačko-neretvanska", "postal_code": "20235", "geo_source": "dgu-adresa", "diocese": "Dubrovačka Biskupija - Dioecesis Ragusina", "diocese_source": "derivirano-crkve.domovina.ai", "email": "marijazlosilo@gmail.com", "phone_e164": "+385914372914", "president": "Antun Moretić", "president_role": "Predsjednik", "founded_at": "1999-01-17", "registered_at": "1999-03-16", "catholic_confidence": "srednja", "catholic_score": 5.0, "source": ["datagovhr:registar-udruga"], "category_label": "Molitvene zajednice", "active": 1}}, {"type": "Feature", "geometry": {"type": "Point", "coordinates": [15.237103, 44.867495]}, "properties": {"id": 76, "slug": "crkveni-zbor-sv-cecilija-otocac-2145", "name": "CRKVENI ZBOR \"SV. CECILIJA \"  OTOČAC", "display_name": "Crkveni Zbor \"Sv. Cecilija \" Otočac", "registry": "registar-udruga", "status": "BRISAN", "category": "glazba", "address": "VLADIMIRA NAZORA 8, Otočac", "city": "Otočac", "settlement": "Otočac", "municipality": "Otočac", "county": "Ličko-senjska", "postal_code": "53220", "geo_source": "dgu-adresa", "diocese": "Gospićko-senjska Biskupija", "diocese_source": "derivirano-crkve.domovina.ai", "president": "Vesna Gomerčić", "president_role": "Predsjednik Udruge", "founded_at": "1998-01-06", "registered_at": "1998-01-13", "catholic_confidence": "srednja", "catholic_score": 5.0, "source": ["datagovhr:registar-udruga"], "category_label": "Zborovi i crkvena glazba", "active": 0}}, {"type": "Feature", "geometry": {"type": "Point", "coordinates": [15.944683, 45.664251]}, "properties": {"id": 77, "slug": "kulturno-umjetnicko-drustvo-vrhovje-zupe-dubranec-donji-dragonozec-9244", "name": "KULTURNO UMJETNIČKO DRUŠTVO \"VRHOVJE\" ŽUPE DUBRANEC", "display_name": "Kulturno Umjetničko Društvo \"Vrhovje\" Župe Dubranec", "short_name": "KUD \"VRHOVJE\" ŽUPE DUBRANEC", "registry": "registar-udruga", "oib": "90241099244", "status": "AKTIVAN", "category": "kultura", "address": "Donjodragonoška cesta 30, Donji Dragonožec", "city": "Donji Dragonožec", "settlement": "Donji Dragonožec", "municipality": "Grad Zagreb", "county": "Grad Zagreb", "postal_code": "10257", "geo_source": "dgu-adresa", "diocese": "Zagrebačka Nadbiskupija", "diocese_source": "derivirano-crkve.domovina.ai", "email": "kudvrhovje@net.hr", "website": "https://www.kud-vrhovje.hr", "phone_e164": "+385998453770", "president": "Ana Cerovski", "president_role": "Predsjednica", "founded_at": "2001-04-30", "registered_at": "2001-06-25", "catholic_confidence": "srednja", "catholic_score": 4.0, "source": ["datagovhr:registar-udruga"], "category_label": "Kultura i baština", "active": 1}}, {"type": "Feature", "geometry": {"type": "Point", "coordinates": [15.953093, 45.770776]}, "properties": {"id": 79, "slug": "hrvatsko-krscansko-dobrotvorno-drustvo-zagreb-7018", "name": "HRVATSKO KRŠĆANSKO DOBROTVORNO DRUŠTVO", "display_name": "Hrvatsko Kršćansko Dobrotvorno Društvo", "short_name": "\"HKDD\"", "registry": "registar-udruga", "oib": "49723557018", "status": "AKTIVAN", "category": "karitativna", "address": "Savski gaj XII. 6A, Zagreb", "city": "Zagreb", "settlement": "Zagreb", "municipality": "Grad Zagreb", "county": "Grad Zagreb", "postal_code": "10020", "geo_source": "dgu-adresa", "diocese": "Zagrebačka Nadbiskupija", "diocese_source": "derivirano-crkve.domovina.ai", "email": "hkdzagreb@gmail.com", "phone_e164": "+385915070176", "president": "Anto Prskalo", "president_role": "Predsjednik", "founded_at": "1993-11-05", "registered_at": "1998-06-08", "catholic_confidence": "srednja", "catholic_score": 5.5, "source": ["datagovhr:registar-udruga"], "category_label": "Karitativne i humanitarne", "active": 1}}, {"type": "Feature", "geometry": {"type": "Point", "coordinates": [17.963605, 42.759572]}, "properties": {"id": 80, "slug": "udruga-prijatelja-mravinjca-mravinjac-1775", "name": "Udruga prijatelja Mravinjca", "display_name": "Udruga prijatelja Mravinjca", "registry": "registar-udruga", "oib": "94283711775", "status": "BRISAN", "category": "sport", "address": "Mravinjac, Mravinjac", "city": "Mravinjac", "settlement": "Mravinjac", "municipality": "Dubrovnik", "county": "Dubrovačko-neretvanska", "geo_source": "naselje-teziste", "diocese": "Dubrovačka Biskupija - Dioecesis Ragusina", "diocese_source": "derivirano-crkve.domovina.ai", "president": "Luko Vodopija", "president_role": "Predsjednik Udruge", "founded_at": "2000-06-17", "registered_at": "2000-08-10", "catholic_confidence": "srednja", "catholic_score": 4.0, "source": ["datagovhr:registar-udruga"], "category_label": "Sport i rekreacija", "active": 0}}, {"type": "Feature", "geometry": {"type": "Point", "coordinates": [17.887381, 42.79238]}, "properties": {"id": 84, "slug": "dobrotvorna-udruga-zupe-slano-3350", "name": "Dobrotvorna udruga Župe Slano", "display_name": "Dobrotvorna udruga Župe Slano", "registry": "registar-udruga", "oib": "67426923350", "status": "BRISAN", "category": "karitativna", "address": "Trg Ruđera Boškovića, Slano", "city": "Slano", "settlement": "Slano", "municipality": "Dubrovačko Primorje", "county": "Dubrovačko-neretvanska", "geo_source": "naselje-teziste", "diocese": "Dubrovačka Biskupija - Dioecesis Ragusina", "diocese_source": "derivirano-crkve.domovina.ai", "president": "Antun Mozara", "president_role": "Predsjednik Udruge", "founded_at": "1994-11-13", "registered_at": "1998-06-05", "catholic_confidence": "visoka", "catholic_score": 6.5, "source": ["datagovhr:registar-udruga"], "category_label": "Karitativne i humanitarne", "active": 0}}, {"type": "Feature", "geometry": {"type": "Point", "coordinates": [15.238827, 44.498744]}, "properties": {"id": 86, "slug": "drustvo-zitelja-zupe-brusane-8886", "name": "DRUŠTVO ŽITELJA ŽUPE BRUŠANE", "display_name": "Društvo Žitelja Župe Brušane", "registry": "registar-udruga", "oib": "00690178886", "status": "BRISAN", "category": "zupna", "address": "BRUŠANE 191, Brušane", "city": "Brušane", "settlement": "Brušane", "municipality": "Gospić", "county": "Ličko-senjska", "geo_source": "naselje-teziste", "diocese": "Gospićko-senjska Biskupija", "diocese_source": "derivirano-crkve.domovina.ai", "president": "Ivan Sudar", "president_role": "Predsjednik Udruge", "founded_at": "1996-09-15", "registered_at": "1998-02-05", "catholic_confidence": "srednja", "catholic_score": 5.5, "source": ["datagovhr:registar-udruga"], "category_label": "Župne udruge", "active": 0}}, {"type": "Feature", "geometry": {"type": "Point", "coordinates": [15.35864, 44.551975]}, "properties": {"id": 87, "slug": "udruga-gradana-za-obnovu-crkve-sv-nikola-u-trnovcu-gospic-2225", "name": "UDRUGA GRAĐANA ZA OBNOVU CRKVE SV. NIKOLA U TRNOVCU", "display_name": "Udruga Građana za Obnovu Crkve sv. Nikola u Trnovcu", "registry": "registar-udruga", "status": "BRISAN", "category": "zupna", "address": "SMILJANSKA 117, Gospić", "city": "Gospić", "settlement": "Gospić", "municipality": "Gospić", "county": "Ličko-senjska", "postal_code": "53000", "geo_source": "dgu-adresa", "diocese": "Gospićko-senjska Biskupija", "diocese_source": "derivirano-crkve.domovina.ai", "president": "Pajo Brkljačić", "president_role": "Predsjednik Udruge", "founded_at": "1995-06-05", "registered_at": "1998-02-11", "catholic_confidence": "srednja", "catholic_score": 4.5, "source": ["datagovhr:registar-udruga"], "category_label": "Župne udruge", "active": 0}}, {"type": "Feature", "geometry": {"type": "Point", "coordinates": [16.52736, 46.370416]}, "properties": {"id": 89, "slug": "kulturno-umjetnicka-udruga-zvon-zupne-zajednice-mala-subotica-1688", "name": "KULTURNO-UMJETNIČKA UDRUGA \"ZVON\" ŽUPNE ZAJEDNICE MALA SUBOTICA", "display_name": "Kulturno-umjetnička Udruga \"Zvon\" Župne Zajednice Mala Subotica", "short_name": "KUU \"ZVON\"", "registry": "registar-udruga", "oib": "63054211688", "status": "AKTIVAN", "category": "molitvena", "address": "Ulica Alojzija Stepinca 63, Mala Subotica", "city": "Mala Subotica", "settlement": "Mala Subotica", "municipality": "Mala Subotica", "county": "Međimurska", "postal_code": "40321", "geo_source": "dgu-adresa", "diocese": "Varaždinska Biskupija", "diocese_source": "derivirano-crkve.domovina.ai", "email": "zvonmalasubotica@gmail.com", "website": "https://www.kuu-zvon.hr", "phone_e164": "+38598331518", "president": "Marina Držanić", "president_role": "Predsjednica", "founded_at": "1996-12-13", "registered_at": "1998-02-25", "catholic_confidence": "srednja", "catholic_score": 5.5, "source": ["datagovhr:registar-udruga"], "category_label": "Molitvene zajednice", "active": 1}}, {"type": "Feature", "geometry": {"type": "Point", "coordinates": [18.09044, 42.686788]}, "properties": {"id": 90, "slug": "bratstvo-crkve-gospe-od-zdravlja-petrovo-selo-4819", "name": "Bratstvo crkve Gospe od zdravlja - Petrovo selo", "display_name": "Bratstvo crkve Gospe od zdravlja - Petrovo selo", "registry": "registar-udruga", "oib": "05098814819", "status": "AKTIVAN", "category": "bratovstina", "address": "Petrovo selo bb, Petrovo Selo", "city": "Petrovo Selo", "settlement": "Petrovo Selo", "municipality": "Dubrovnik", "county": "Dubrovačko-neretvanska", "geo_source": "naselje-teziste", "diocese": "Dubrovačka Biskupija - Dioecesis Ragusina", "diocese_source": "derivirano-crkve.domovina.ai", "email": "pkaciga@net.hr", "phone_e164": "+38598209349", "president": "Pero Kaciga", "president_role": "Predsjednik", "founded_at": "1999-12-23", "registered_at": "2000-03-14", "catholic_confidence": "visoka", "catholic_score": 14.0, "source": ["datagovhr:registar-udruga"], "category_label": "Bratovštine", "active": 1}}, {"type": "Feature", "geometry": {"type": "Point", "coordinates": [15.952686, 45.793039]}, "properties": {"id": 93, "slug": "sportsko-drustvo-don-bosco-zagreb-6688", "name": "ŠPORTSKO DRUŠTVO \"DON BOSCO\" -  ZAGREB", "display_name": "Športsko Društvo \"Don Bosco\" - Zagreb", "short_name": "\"DON BOSCO\"", "registry": "registar-udruga", "oib": "84873196688", "status": "BRISAN", "category": "sport", "address": "Omiška ulica 10, Zagreb", "city": "Zagreb", "settlement": "Zagreb", "municipality": "Grad Zagreb", "county": "Grad Zagreb", "postal_code": "10110", "geo_source": "dgu-adresa", "diocese": "Zagrebačka Nadbiskupija", "diocese_source": "derivirano-crkve.domovina.ai", "president": "Pejo Orkić", "president_role": "Predsjednik", "founded_at": "1999-12-17", "registered_at": "2000-02-25", "catholic_confidence": "visoka", "catholic_score": 6.0, "source": ["datagovhr:registar-udruga"], "category_label": "Sport i rekreacija", "active": 0}}, {"type": "Feature", "geometry": {"type": "Point", "coordinates": [15.982017, 45.809143]}, "properties": {"id": 96, "slug": "zajednica-krscanskog-zivota-zagreb-6155", "name": "ZAJEDNICA KRŠĆANSKOG ŽIVOTA", "display_name": "Zajednica Kršćanskog Života", "short_name": "ZKŽ", "registry": "registar-udruga", "oib": "05835396155", "status": "AKTIVAN", "category": "molitvena", "address": "Palmotićeva 31, Zagreb", "city": "Zagreb", "settlement": "Zagreb", "municipality": "Grad Zagreb", "county": "Grad Zagreb", "postal_code": "10000", "geo_source": "dgu-adresa", "diocese": "Zagrebačka Nadbiskupija", "diocese_source": "derivirano-crkve.domovina.ai", "president": "Damijan Srdoč", "president_role": "Predsjednik", "founded_at": "2001-03-24", "registered_at": "2001-04-23", "catholic_confidence": "srednja", "catholic_score": 7.0, "source": ["datagovhr:registar-udruga"], "category_label": "Molitvene zajednice", "active": 1}}, {"type": "Feature", "geometry": {"type": "Point", "coordinates": [16.192407, 43.876188]}, "properties": {"id": 97, "slug": "udruga-zena-sv-barbara-siveric-2960", "name": "UDRUGA ŽENA \"Sv. BARBARA\" SIVERIĆ", "display_name": "UDRUGA ŽENA \"Sv. BARBARA\" SIVERIĆ", "registry": "registar-udruga", "oib": "40624332960", "status": "BRISAN", "category": "karitativna", "address": "Siverić bb, Siverić", "city": "Siverić", "settlement": "Siverić", "municipality": "Drniš", "county": "Šibensko-kninska", "geo_source": "naselje-teziste", "diocese": "Šibenska Biskupija", "diocese_source": "derivirano-crkve.domovina.ai", "phone_e164": "+38522885106", "president": "Dubravka Bukarica", "president_role": "Predsjednica Udruge", "founded_at": "1999-10-16", "registered_at": "1999-11-30", "catholic_confidence": "srednja", "catholic_score": 4.5, "source": ["datagovhr:registar-udruga"], "category_label": "Karitativne i humanitarne", "active": 0}}, {"type": "Feature", "geometry": {"type": "Point", "coordinates": [15.998709, 45.8271]}, "properties": {"id": 98, "slug": "hrvatska-zajednica-bracnih-susreta-zagreb-9560", "name": "HRVATSKA ZAJEDNICA BRAČNIH SUSRETA", "display_name": "Hrvatska Zajednica Bračnih Susreta", "registry": "registar-udruga", "oib": "61175209560", "status": "AKTIVAN", "category": "molitvena", "address": "Jordanovac 110, Zagreb", "city": "Zagreb", "settlement": "Zagreb", "municipality": "Grad Zagreb", "county": "Grad Zagreb", "postal_code": "10123", "geo_source": "dgu-adresa", "diocese": "Zagrebačka Nadbiskupija", "diocese_source": "derivirano-crkve.domovina.ai", "email": "imadjercic1@gmail.com", "website": "https://www.hzbs.hr", "phone_e164": "+38598693372", "president": "Stjepan Škvorc", "president_role": "Član Nacionalnog Tima", "founded_at": "1993-11-21", "registered_at": "1998-03-17", "catholic_confidence": "srednja", "catholic_score": 4.5, "source": ["datagovhr:registar-udruga"], "category_label": "Molitvene zajednice", "active": 1}}, {"type": "Feature", "geometry": {"type": "Point", "coordinates": [16.371691, 45.484535]}, "properties": {"id": 99, "slug": "hrvatsko-katolicko-drustvo-prosvjetnih-djelatnika-sisak-6286", "name": "HRVATSKO KATOLIČKO DRUŠTVO PROSVJETNIH DJELATNIKA", "display_name": "Hrvatsko Katoličko Društvo Prosvjetnih Djelatnika", "short_name": "HKDPD", "registry": "registar-udruga", "oib": "15358606286", "status": "BRISAN", "category": "strukovna", "address": "Trg bana Jelačića 2, Sisak", "city": "Sisak", "settlement": "Sisak", "municipality": "Sisak", "county": "Sisačko-moslavačka", "postal_code": "44000", "geo_source": "dgu-adresa", "diocese": "Sisačka Biskupija", "diocese_source": "derivirano-crkve.domovina.ai", "president": "Anica Potkonjak", "president_role": "Predsjednica Društva", "founded_at": "1999-09-22", "registered_at": "1999-11-10", "catholic_confidence": "visoka", "catholic_score": 6.0, "source": ["datagovhr:registar-udruga"], "category_label": "Strukovne (liječnici, učitelji…)", "active": 0}}, {"type": "Feature", "geometry": {"type": "Point", "coordinates": [13.940314, 45.238132]}, "properties": {"id": 100, "slug": "katolicka-udruga-mladih-istre-pazin-5115", "name": "KATOLIČKA UDRUGA MLADIH ISTRE", "display_name": "Katolička Udruga Mladih Istre", "short_name": "KUMI", "registry": "registar-udruga", "oib": "60523125115", "status": "BRISAN", "category": "mladi", "address": "DOBRILINA 6, Pazin", "city": "Pazin", "settlement": "Pazin", "municipality": "Pazin", "county": "Istarska", "postal_code": "52000", "geo_source": "dgu-adresa", "diocese": "Biskupija Porečka i Pulska", "diocese_source": "derivirano-crkve.domovina.ai", "president": "Ivan Mejak", "president_role": "Predsjednik Skupštine", "founded_at": "1998-05-02", "registered_at": "1998-11-20", "catholic_confidence": "visoka", "catholic_score": 6.5, "source": ["datagovhr:registar-udruga"], "category_label": "Mladi i studenti", "active": 0}}, {"type": "Feature", "geometry": {"type": "Point", "coordinates": [16.197767, 44.045505]}, "properties": {"id": 101, "slug": "kulturno-umjetnicko-drustvo-kralj-zvonimir-knin-5341", "name": "KULTURNO UMJETNIČKO DRUŠTVO \"KRALJ ZVONIMIR\" KNIN", "display_name": "Kulturno Umjetničko Društvo \"Kralj Zvonimir\" Knin", "short_name": "KUD \"KRALJ ZVONIMIR\" KNIN", "registry": "registar-udruga", "oib": "16350495341", "status": "AKTIVAN", "category": "kultura", "address": "Krbavska 6, Knin", "city": "Knin", "settlement": "Knin", "municipality": "Knin", "county": "Šibensko-kninska", "postal_code": "22300", "geo_source": "dgu-adresa", "diocese": "Šibenska Biskupija", "diocese_source": "derivirano-crkve.domovina.ai", "email": "darinka_velic@inet.hr", "phone_e164": "+385959981538", "president": "Jagoda Štivinović", "president_role": "Dopredsjednica Društva", "founded_at": "1996-11-16", "registered_at": "1998-08-31", "catholic_confidence": "srednja", "catholic_score": 5.0, "source": ["datagovhr:registar-udruga"], "category_label": "Kultura i baština", "active": 1}}, {"type": "Feature", "geometry": {"type": "Point", "coordinates": [15.982017, 45.809143]}, "properties": {"id": 103, "slug": "akademski-zbor-bazilike-srca-isusova-u-zagrebu-palma-0846", "name": "AKADEMSKI ZBOR BAZILIKE SRCA ISUSOVA U ZAGREBU - PALMA", "display_name": "Akademski Zbor Bazilike Srca Isusova u Zagrebu - Palma", "short_name": "AZBSI PALMA", "registry": "registar-udruga", "oib": "32665880846", "status": "AKTIVAN", "category": "glazba", "address": "Palmotićeva ulica 31, Zagreb", "city": "Zagreb", "settlement": "Zagreb", "municipality": "Grad Zagreb", "county": "Grad Zagreb", "postal_code": "10000", "geo_source": "dgu-adresa", "diocese": "Zagrebačka Nadbiskupija", "diocese_source": "derivirano-crkve.domovina.ai", "email": "azbsi.palma@gmail.com", "website": "https://www.az-palma.hr", "phone_e164": "+385921331553", "president": "Iva Šugar", "president_role": "Dopredsjednica Upravnog Odbora", "founded_at": "1996-02-16", "registered_at": "1998-04-15", "catholic_confidence": "visoka", "catholic_score": 11.5, "source": ["datagovhr:registar-udruga"], "category_label": "Zborovi i crkvena glazba", "active": 1}}, {"type": "Feature", "geometry": {"type": "Point", "coordinates": [13.875485, 45.264814]}, "properties": {"id": 104, "slug": "hrvatsko-katolicko-mladenacko-drustvo-seljacka-sloga-trviz-1911-6317", "name": "HRVATSKO KATOLIČKO MLADENAČKO DRUŠTVO \"SELJAČKA SLOGA\" - TRVIŽ 1911.", "display_name": "Hrvatsko Katoličko Mladenačko Društvo \"Seljačka Sloga\" - Trviž 1911.", "short_name": "H.K.M.D. \"SELJAČKA SLOGA\" - TRVIŽ 1911.", "registry": "registar-udruga", "oib": "86011456317", "status": "AKTIVAN", "category": "mladi", "address": "Trviž 37, Trviž", "city": "Trviž", "settlement": "Trviž", "municipality": "Pazin", "county": "Istarska", "postal_code": "52000", "geo_source": "dgu-adresa", "diocese": "Biskupija Porečka i Pulska", "diocese_source": "derivirano-crkve.domovina.ai", "email": "zeljko.mrak@zg.t-com.hr", "phone_e164": "+385915378334", "president": "Željko Mrak", "president_role": "Predsjednik", "founded_at": "2001-08-20", "registered_at": "2001-10-12", "catholic_confidence": "visoka", "catholic_score": 6.5, "source": ["datagovhr:registar-udruga"], "category_label": "Mladi i studenti", "active": 1}}, {"type": "Feature", "geometry": {"type": "Point", "coordinates": [15.932966, 45.788122]}, "properties": {"id": 106, "slug": "djecji-zbor-kardinal-alojzije-stepinac-zagreb-3074", "name": "DJEČJI ZBOR \"KARDINAL ALOJZIJE STEPINAC\"", "display_name": "Dječji Zbor \"Kardinal Alojzije Stepinac\"", "registry": "registar-udruga", "status": "BRISAN", "category": "glazba", "address": "Martin Pušteka 1, Zagreb", "city": "Zagreb", "settlement": "Zagreb", "municipality": "Grad Zagreb", "county": "Grad Zagreb", "postal_code": "10104", "geo_source": "dgu-adresa", "diocese": "Zagrebačka Nadbiskupija", "diocese_source": "derivirano-crkve.domovina.ai", "president": "Bernardica Kraljević-Mikulandra", "president_role": "Predsjednik Udruge", "founded_at": "1997-02-19", "registered_at": "1998-03-03", "catholic_confidence": "visoka", "catholic_score": 9.5, "source": ["datagovhr:registar-udruga"], "category_label": "Zborovi i crkvena glazba", "active": 0}}, {"type": "Feature", "geometry": {"type": "Point", "coordinates": [15.936773, 45.753279]}, "properties": {"id": 108, "slug": "udruga-stovatelja-gospe-medugorske-kraljice-mira-zagreb-3204", "name": "UDRUGA ŠTOVATELJA GOSPE MEĐUGORSKE \"KRALJICE MIRA\"-ZAGREB", "display_name": "Udruga Štovatelja Gospe Međugorske \"Kraljice Mira\"-zagreb", "registry": "registar-udruga", "status": "BRISAN", "category": "hodocasnicka", "address": "Botinečka 5, Zagreb", "city": "Zagreb", "settlement": "Zagreb", "municipality": "Grad Zagreb", "county": "Grad Zagreb", "postal_code": "10020", "geo_source": "dgu-adresa", "diocese": "Zagrebačka Nadbiskupija", "diocese_source": "derivirano-crkve.domovina.ai", "president": "Grga Blažević", "president_role": "Predsjednik Udruge", "founded_at": "1993-06-10", "registered_at": "1997-04-08", "catholic_confidence": "visoka", "catholic_score": 7.0, "source": ["datagovhr:registar-udruga"], "category_label": "Hodočašća", "active": 0}}, {"type": "Feature", "geometry": {"type": "Point", "coordinates": [15.698687, 46.217433]}, "properties": {"id": 110, "slug": "udruga-za-odrzavanje-sakralnih-objekata-opcine-hum-na-sutli-1376", "name": "UDRUGA ZA ODRŽAVANJE SAKRALNIH OBJEKATA OPĆINE HUM NA SUTLI", "display_name": "Udruga za Održavanje Sakralnih Objekata Općine Hum na Sutli", "registry": "registar-udruga", "oib": "26604101376", "status": "BRISAN", "category": "obitelj", "address": "Hum na Sutli 31, Hum Na Sutli", "city": "Hum Na Sutli", "settlement": "Hum na Sutli", "municipality": "Hum na Sutli", "county": "Krapinsko-zagorska", "geo_source": "naselje-teziste", "diocese": "Zagrebačka Nadbiskupija", "diocese_source": "derivirano-crkve.domovina.ai", "phone_e164": "+38549340195", "president": "Branko Lupinski", "president_role": "Dopredsjednik Udruge", "founded_at": "1997-12-22", "registered_at": "1998-02-05", "catholic_confidence": "srednja", "catholic_score": 4.5, "source": ["datagovhr:registar-udruga"], "category_label": "Obitelj i život", "active": 0}}, {"type": "Feature", "geometry": {"type": "Point", "coordinates": [16.118568, 46.004146]}, "properties": {"id": 112, "slug": "kulturno-umjetnicko-drustvo-lovro-jezek-marija-bistrica-4673", "name": "KULTURNO UMJETNIČKO DRUŠTVO \"LOVRO JEŽEK\" MARIJA BISTRICA", "display_name": "Kulturno Umjetničko Društvo \"Lovro Ježek\" Marija Bistrica", "short_name": "KUD \"LOVRO JEŽEK\" MARIJA BISTRICA", "registry": "registar-udruga", "oib": "29586494673", "status": "AKTIVAN", "category": "kultura", "address": "Zagrebačka ulica 26, Marija Bistrica", "city": "Marija Bistrica", "settlement": "Marija Bistrica", "municipality": "Marija Bistrica", "county": "Krapinsko-zagorska", "postal_code": "49246", "geo_source": "dgu-adresa", "diocese": "Zagrebačka Nadbiskupija", "diocese_source": "derivirano-crkve.domovina.ai", "email": "kudlovrojezek@gmail.com", "website": "https://www.kudlovrojezek.hr", "phone_e164": "+38549468497", "president": "Alen Petric", "president_role": "Potpredsjednik", "founded_at": "1998-01-03", "registered_at": "1998-01-28", "catholic_confidence": "srednja", "catholic_score": 4.0, "source": ["datagovhr:registar-udruga"], "category_label": "Kultura i baština", "active": 1}}, {"type": "Feature", "geometry": {"type": "Point", "coordinates": [16.115001, 46.004958]}, "properties": {"id": 113, "slug": "vatrogasna-zajednica-opcine-marija-bistrica-9132", "name": "VATROGASNA ZAJEDNICA OPĆINE MARIJA BISTRICA", "display_name": "Vatrogasna Zajednica Općine Marija Bistrica", "short_name": "VZO Marija Bistrica", "registry": "registar-udruga", "oib": "53044879132", "status": "AKTIVAN", "category": "molitvena", "address": "Nova cesta 21, Marija Bistrica", "city": "Marija Bistrica", "settlement": "Marija Bistrica", "municipality": "Marija Bistrica", "county": "Krapinsko-zagorska", "postal_code": "49246", "geo_source": "dgu-adresa", "diocese": "Zagrebačka Nadbiskupija", "diocese_source": "derivirano-crkve.domovina.ai", "phone_e164": "+385911120225", "president": "Stjepan Skuliber", "president_role": "Predsjednik", "founded_at": "1998-01-10", "registered_at": "1998-01-28", "catholic_confidence": "srednja", "catholic_score": 4.0, "source": ["datagovhr:registar-udruga"], "category_label": "Molitvene zajednice", "active": 1}}, {"type": "Feature", "geometry": {"type": "Point", "coordinates": [15.378442, 45.344233]}, "properties": {"id": 114, "slug": "udruga-za-kulturu-obrazovanje-duhovnost-i-domoljublje-kovan-generalski-stol-0075", "name": "UDRUGA ZA KULTURU, OBRAZOVANJE, DUHOVNOST I DOMOLJUBLJE - KOVAN", "display_name": "Udruga za Kulturu, Obrazovanje, Duhovnost i Domoljublje - Kovan", "short_name": "KOVAN - GENERALSKI STOL", "registry": "registar-udruga", "oib": "42548520075", "status": "AKTIVAN", "category": "obrazovanje", "address": "Generalski Stol 44b, Generalski Stol", "city": "Generalski Stol", "settlement": "Generalski Stol", "municipality": "Generalski Stol", "county": "Karlovačka", "postal_code": "47262", "geo_source": "dgu-adresa", "diocese": "Gospićko-senjska Biskupija", "diocese_source": "derivirano-crkve.domovina.ai", "email": "ajramic@gmail.com", "phone_e164": "+38547861346", "president": "Ante-Jozo Ramić", "president_role": "Predsjednik Udruge", "founded_at": "1999-01-17", "registered_at": "1999-02-09", "catholic_confidence": "srednja", "catholic_score": 4.5, "source": ["datagovhr:registar-udruga"], "category_label": "Obrazovanje i kateheza", "active": 1}}, {"type": "Feature", "geometry": {"type": "Point", "coordinates": [18.08663, 42.659225]}, "properties": {"id": 115, "slug": "mjesoviti-pjevacki-zbor-sveti-kriz-dubrovnik-4545", "name": "Mješoviti pjevački zbor \"Sveti križ\"", "display_name": "Mješoviti pjevački zbor \"Sveti križ\"", "short_name": "Zbor \"Sveti križ\"", "registry": "registar-udruga", "oib": "29653894545", "status": "AKTIVAN", "category": "glazba", "address": "Obala pape Ivana Pavla II. 3, Dubrovnik", "city": "Dubrovnik", "settlement": "Dubrovnik", "municipality": "Dubrovnik", "county": "Dubrovačko-neretvanska", "postal_code": "20000", "geo_source": "dgu-adresa", "diocese": "Dubrovačka Biskupija - Dioecesis Ragusina", "diocese_source": "derivirano-crkve.domovina.ai", "email": "josip.mikulic4@inet.hr", "phone_e164": "+385914372883", "president": "Josip Mikulić", "president_role": "Predsjednik", "founded_at": "1997-01-06", "registered_at": "1998-06-19", "catholic_confidence": "srednja", "catholic_score": 5.0, "source": ["datagovhr:registar-udruga"], "category_label": "Zborovi i crkvena glazba", "active": 1}}, {"type": "Feature", "geometry": {"type": "Point", "coordinates": [17.588508, 43.025133]}, "properties": {"id": 116, "slug": "kulturno-umjetnicko-drustvo-zupa-bagalovic-krvavac-4805", "name": "Kulturno umjetničko društvo \"Župa Bagalović\"", "display_name": "Kulturno umjetničko društvo \"Župa Bagalović\"", "short_name": "KUD \"Župa Bagalović\"", "registry": "registar-udruga", "oib": "78909774805", "status": "AKTIVAN", "category": "kultura", "address": "Marija Nikolića Kiša 1, Krvavac", "city": "Krvavac", "settlement": "Krvavac", "municipality": "Kula Norinska", "county": "Dubrovačko-neretvanska", "postal_code": "20341", "geo_source": "dgu-adresa", "diocese": "Splitsko-makarska Nadbiskupija", "diocese_source": "derivirano-crkve.domovina.ai", "email": "kudzupabagal@gmail.com", "website": "https://kulanorinska.hr", "phone_e164": "+38598721721", "president": "Siniša Jerković", "president_role": "Predsjednik", "founded_at": "1989-03-18", "registered_at": "1998-07-01", "catholic_confidence": "srednja", "catholic_score": 4.0, "source": ["datagovhr:registar-udruga"], "category_label": "Kultura i baština", "active": 1}}, {"type": "Feature", "geometry": {"type": "Point", "coordinates": [16.080534, 46.083446]}, "properties": {"id": 118, "slug": "zupni-crkveni-zbor-uznesenja-blazene-djevice-marije-u-zlataru-9520", "name": "ŽUPNI CRKVENI ZBOR UZNESENJA BLAŽENE DJEVICE MARIJE U ZLATARU", "display_name": "Župni Crkveni Zbor Uznesenja Blažene Djevice Marije u Zlataru", "short_name": "ZBOR UZNESENJA BDM ZLATAR", "registry": "registar-udruga", "oib": "37376679520", "status": "AKTIVAN", "category": "glazba", "address": "JurjaŽerjavića 2, Zlatar", "city": "Zlatar", "settlement": "Zlatar", "municipality": "Zlatar", "county": "Krapinsko-zagorska", "geo_source": "naselje-teziste", "diocese": "Zagrebačka Nadbiskupija", "diocese_source": "derivirano-crkve.domovina.ai", "president": "Nikola Mutak", "president_role": "Dopredsjednik", "founded_at": "2001-03-17", "registered_at": "2001-04-19", "catholic_confidence": "visoka", "catholic_score": 9.5, "source": ["datagovhr:registar-udruga"], "category_label": "Zborovi i crkvena glazba", "active": 1}}, {"type": "Feature", "geometry": {"type": "Point", "coordinates": [16.624158, 45.625527]}, "properties": {"id": 119, "slug": "dobrovoljno-vatrogasno-drustvo-katolicko-selisce-1528", "name": "DOBROVOLJNO VATROGASNO DRUŠTVO KATOLIČKO SELIŠĆE", "display_name": "Dobrovoljno Vatrogasno Društvo Katoličko Selišće", "short_name": "DVD KATOLIČKO SELIŠĆE", "registry": "registar-udruga", "oib": "69374781528", "status": "AKTIVAN", "category": "molitvena", "address": "Ulica Moslavačkih vinograda 64, Katoličko Selišće", "city": "Katoličko Selišće", "settlement": "Katoličko Selišće", "municipality": "Velika Ludina", "county": "Sisačko-moslavačka", "postal_code": "44316", "geo_source": "dgu-adresa", "diocese": "Sisačka Biskupija", "diocese_source": "derivirano-crkve.domovina.ai", "email": "dvdkatolickoselisce@gmail.com", "phone_e164": "+38598658357", "president": "Marijan Svilić", "president_role": "Predsjednik", "founded_at": "1997-12-16", "registered_at": "1998-01-19", "catholic_confidence": "visoka", "catholic_score": 4.0, "source": ["datagovhr:registar-udruga"], "category_label": "Molitvene zajednice", "active": 1}}, {"type": "Feature", "geometry": {"type": "Point", "coordinates": [15.592338, 43.815744]}, "properties": {"id": 120, "slug": "zupni-pjevacki-zbor-sveti-mihovil-murter-9014", "name": "ŽUPNI PJEVAČKI ZBOR \"SVETI MIHOVIL\" MURTER", "display_name": "Župni Pjevački Zbor \"Sveti Mihovil\" Murter", "short_name": "ŽPZ \"SVETI MIHOVIL\"", "registry": "registar-udruga", "oib": "58648129014", "status": "AKTIVAN", "category": "glazba", "address": "Ulica Podvrtaje 3, Murter", "city": "Murter", "settlement": "Murter", "municipality": "Murter - Kornati", "county": "Šibensko-kninska", "postal_code": "22243", "geo_source": "dgu-adresa", "diocese": "Šibenska Biskupija", "diocese_source": "derivirano-crkve.domovina.ai", "email": "solujic7@yahoo.com", "phone_e164": "+38598322137", "president": "Dominik Kožulić", "president_role": "Predsjednik", "founded_at": "1995-11-07", "registered_at": "1998-09-11", "catholic_confidence": "visoka", "catholic_score": 9.0, "source": ["datagovhr:registar-udruga"], "category_label": "Zborovi i crkvena glazba", "active": 1}}, {"type": "Feature", "geometry": {"type": "Point", "coordinates": [15.215995, 45.261035]}, "properties": {"id": 123, "slug": "dobrotvorno-podupirajuce-drustvo-sveti-antun-zegar-podvrh-ogulin-1220", "name": "DOBROTVORNO PODUPIRAJUĆE DRUŠTVO \"SVETI ANTUN\" ŽEGAR-PODVRH", "display_name": "Dobrotvorno Podupirajuće Društvo \"Sveti Antun\" Žegar-podvrh", "short_name": "DPD \"SV.ANTUN\" ŽEGAR", "registry": "registar-udruga", "oib": "65189271220", "status": "AKTIVAN", "category": "karitativna", "address": "Žegar I 3, Ogulin", "city": "Ogulin", "settlement": "Ogulin", "municipality": "Ogulin", "county": "Karlovačka", "geo_source": "naselje-teziste", "diocese": "Gospićko-senjska Biskupija", "diocese_source": "derivirano-crkve.domovina.ai", "phone_e164": "+38598744617", "president": "Marija Džankić Mićunović", "president_role": "Predsjednica Društva", "founded_at": "1998-01-11", "registered_at": "1998-02-04", "catholic_confidence": "srednja", "catholic_score": 7.0, "source": ["datagovhr:registar-udruga"], "category_label": "Karitativne i humanitarne", "active": 1}}, {"type": "Feature", "geometry": {"type": "Point", "coordinates": [15.998709, 45.8271]}, "properties": {"id": 124, "slug": "studentsko-drustvo-filozofskog-fakulteta-druzbe-isusove-zagreb-5465", "name": "STUDENTSKO DRUŠTVO FILOZOFSKOG FAKULTETA DRUŽBE ISUSOVE", "display_name": "Studentsko Društvo Filozofskog Fakulteta Družbe Isusove", "short_name": "SDFFDI", "registry": "registar-udruga", "oib": "31164175465", "status": "BRISAN", "category": "mladi", "address": "Jordanovac 110, Zagreb", "city": "Zagreb", "settlement": "Zagreb", "municipality": "Grad Zagreb", "county": "Grad Zagreb", "postal_code": "10123", "geo_source": "dgu-adresa", "diocese": "Zagrebačka Nadbiskupija", "diocese_source": "derivirano-crkve.domovina.ai", "founded_at": "2001-01-19", "registered_at": "2001-03-22", "catholic_confidence": "visoka", "catholic_score": 6.0, "source": ["datagovhr:registar-udruga"], "category_label": "Mladi i studenti", "active": 0}}, {"type": "Feature", "geometry": {"type": "Point", "coordinates": [18.097453, 42.645824]}, "properties": {"id": 125, "slug": "klub-katolicke-mladezi-boninovo-dubrovnik-9414", "name": "Klub katoličke mladeži, Boninovo - Dubrovnik", "display_name": "Klub katoličke mladeži, Boninovo - Dubrovnik", "short_name": "KKM", "registry": "registar-udruga", "oib": "73910839414", "status": "BRISAN", "category": "mladi", "address": "Branitelja Dubrovnik 46, Dubrovnik", "city": "Dubrovnik", "settlement": "Dubrovnik", "municipality": "Dubrovnik", "county": "Dubrovačko-neretvanska", "postal_code": "20000", "geo_source": "dgu-adresa", "diocese": "Dubrovačka Biskupija - Dioecesis Ragusina", "diocese_source": "derivirano-crkve.domovina.ai", "email": "marin.milinkovic50@gmail.com", "phone_e164": "+38598427797", "president": "Marin Milinković", "president_role": "Predsjednik", "founded_at": "1996-02-18", "registered_at": "1998-09-16", "catholic_confidence": "visoka", "catholic_score": 8.5, "source": ["datagovhr:registar-udruga"], "category_label": "Mladi i studenti", "active": 0}}, {"type": "Feature", "geometry": {"type": "Point", "coordinates": [15.869341, 46.163419]}, "properties": {"id": 129, "slug": "udruga-hrvatska-zena-krapina-5894", "name": "UDRUGA \"HRVATSKA ŽENA\" KRAPINA", "display_name": "Udruga \"Hrvatska Žena\" Krapina", "registry": "registar-udruga", "oib": "08713045894", "status": "AKTIVAN", "category": "molitvena", "address": "Trg Ljudevita Gaja 12, Krapina", "city": "Krapina", "settlement": "Krapina", "municipality": "Krapina", "county": "Krapinsko-zagorska", "postal_code": "49000", "geo_source": "dgu-adresa", "diocese": "Zagrebačka Nadbiskupija", "diocese_source": "derivirano-crkve.domovina.ai", "email": "udruga.hrvatska.zena.krapina@gmail.com", "phone_e164": "+38598303925", "president": "Dubravka Duilo", "president_role": "Predsjednica", "founded_at": "1997-12-12", "registered_at": "1998-03-13", "catholic_confidence": "srednja", "catholic_score": 5.0, "source": ["datagovhr:registar-udruga"], "category_label": "Molitvene zajednice", "active": 1}}, {"type": "Feature", "geometry": {"type": "Point", "coordinates": [16.118282, 46.005437]}, "properties": {"id": 130, "slug": "auto-moto-drustvo-ekstreme-4-x-4-marija-bistrica-9817", "name": "AUTO MOTO DRUŠTVO \"EKSTREME 4 X 4\" MARIJA BISTRICA", "display_name": "Auto Moto Društvo \"Ekstreme 4 X 4\" Marija Bistrica", "short_name": "\"AMD MARIJA BISTRICA\"", "registry": "registar-udruga", "oib": "30867319817", "status": "AKTIVAN", "category": "sport", "address": "ul. Kralja Tomislava 1, Marija Bistrica", "city": "Marija Bistrica", "settlement": "Marija Bistrica", "municipality": "Marija Bistrica", "county": "Krapinsko-zagorska", "postal_code": "49246", "geo_source": "dgu-adresa", "diocese": "Zagrebačka Nadbiskupija", "diocese_source": "derivirano-crkve.domovina.ai", "president": "Josip Ozimec", "president_role": "Predsjednik Udruge", "founded_at": "2000-04-14", "registered_at": "0001-01-01", "catholic_confidence": "srednja", "catholic_score": 5.5, "source": ["datagovhr:registar-udruga"], "category_label": "Sport i rekreacija", "active": 1}}, {"type": "Feature", "geometry": {"type": "Point", "coordinates": [16.118668, 46.005135]}, "properties": {"id": 131, "slug": "udruga-vinogradara-marije-bistrice-marija-bistrica-9769", "name": "UDRUGA VINOGRADARA MARIJE BISTRICE", "display_name": "Udruga Vinogradara Marije Bistrice", "registry": "registar-udruga", "oib": "54840439769", "status": "AKTIVAN", "category": "molitvena", "address": "Trg Pape Ivana Pavla II 34, Marija Bistrica", "city": "Marija Bistrica", "settlement": "Marija Bistrica", "municipality": "Marija Bistrica", "county": "Krapinsko-zagorska", "postal_code": "49246", "geo_source": "dgu-adresa", "diocese": "Zagrebačka Nadbiskupija", "diocese_source": "derivirano-crkve.domovina.ai", "email": "opcina.marija.bistrica@kr.t-com.hr", "phone_e164": "+38598251568", "president": "Stjepan Muhek", "president_role": "Predsjednik", "founded_at": "2000-12-27", "registered_at": "2001-01-10", "catholic_confidence": "srednja", "catholic_score": 5.5, "source": ["datagovhr:registar-udruga"], "category_label": "Molitvene zajednice", "active": 1}}, {"type": "Feature", "geometry": {"type": "Point", "coordinates": [14.436742, 45.330676]}, "properties": {"id": 132, "slug": "udruga-hrvatska-zena-rijeka-9768", "name": "UDRUGA \"HRVATSKA ŽENA\" RIJEKA", "display_name": "Udruga \"Hrvatska Žena\" Rijeka", "registry": "registar-udruga", "oib": "39560619768", "status": "BRISAN", "category": "karitativna", "address": "Pomerio 26, Rijeka", "city": "Rijeka", "settlement": "Rijeka", "municipality": "Rijeka", "county": "Primorsko-goranska", "postal_code": "51000", "geo_source": "dgu-adresa", "diocese": "Riječka Nadbiskupija", "diocese_source": "derivirano-crkve.domovina.ai", "president": "Ana Sarta", "president_role": "Predsjednik Udruge", "founded_at": "1993-11-17", "registered_at": "1998-11-06", "catholic_confidence": "srednja", "catholic_score": 4.0, "source": ["datagovhr:registar-udruga"], "category_label": "Karitativne i humanitarne", "active": 0}}, {"type": "Feature", "geometry": {"type": "Point", "coordinates": [16.043068, 46.092777]}, "properties": {"id": 134, "slug": "udruga-za-obnovu-i-zastitu-sakralne-kulturne-i-prirodne-bastine-opcine-i-zupe-mace-0135", "name": "UDRUGA ZA OBNOVU I ZAŠTITU SAKRALNE, KULTURNE I PRIRODNE BAŠTINE OPĆINE I ŽUPE MAČE", "display_name": "Udruga za Obnovu i Zaštitu Sakralne, Kulturne i Prirodne Baštine Općine i Župe Mače", "registry": "registar-udruga", "oib": "84293060135", "status": "BRISAN", "category": "kultura", "address": "Mače 89, Mače", "city": "Mače", "settlement": "Mače", "municipality": "Mače", "county": "Krapinsko-zagorska", "postal_code": "49251", "geo_source": "dgu-adresa", "diocese": "Zagrebačka Nadbiskupija", "diocese_source": "derivirano-crkve.domovina.ai", "president": "Darinka Dumbović", "president_role": "Predsjednik Udruge", "founded_at": "1999-03-06", "registered_at": "1999-04-30", "catholic_confidence": "visoka", "catholic_score": 7.5, "source": ["datagovhr:registar-udruga"], "category_label": "Kultura i baština", "active": 0}}, {"type": "Feature", "geometry": {"type": "Point", "coordinates": [15.954794, 44.556572]}, "properties": {"id": 135, "slug": "franjevacka-mladez-donji-lapac-6089", "name": "FRANJEVAČKA MLADEŽ DONJI LAPAC", "display_name": "Franjevačka Mladež Donji Lapac", "short_name": "FRAMA DONJI LAPAC", "registry": "registar-udruga", "oib": "85393126089", "status": "BRISAN", "category": "pokret", "address": "TRG HRVATSKE MLADEŽI, Donji Lapac", "city": "Donji Lapac", "settlement": "Donji Lapac", "municipality": "Donji Lapac", "county": "Ličko-senjska", "geo_source": "naselje-teziste", "diocese": "Gospićko-senjska Biskupija", "diocese_source": "derivirano-crkve.domovina.ai", "president": "Miro Tomić", "president_role": "Predsjednik Udruge", "founded_at": "1997-12-28", "registered_at": "1998-03-11", "catholic_confidence": "srednja", "catholic_score": 5.0, "source": ["datagovhr:registar-udruga"], "category_label": "Pokreti i laičke zajednice", "active": 0}}, {"type": "Feature", "geometry": {"type": "Point", "coordinates": [15.892386, 43.736765]}, "properties": {"id": 136, "slug": "udruga-hrvatska-zena-sibenik-5710", "name": "UDRUGA \"HRVATSKA ŽENA\" ŠIBENIK", "display_name": "Udruga \"Hrvatska Žena\" Šibenik", "registry": "registar-udruga", "oib": "14480815710", "status": "AKTIVAN", "category": "karitativna", "address": "Težačka 106, Šibenik", "city": "Šibenik", "settlement": "Šibenik", "municipality": "Šibenik", "county": "Šibensko-kninska", "postal_code": "22000", "geo_source": "dgu-adresa", "diocese": "Šibenska Biskupija", "diocese_source": "derivirano-crkve.domovina.ai", "email": "zdravkanajec@net.hr", "phone_e164": "+385915895742", "president": "Zdravka Najev", "president_role": "Predsjednica Udruge", "founded_at": "1993-10-20", "registered_at": "1999-01-27", "catholic_confidence": "srednja", "catholic_score": 4.0, "source": ["datagovhr:registar-udruga"], "category_label": "Karitativne i humanitarne", "active": 1}}, {"type": "Feature", "geometry": {"type": "Point", "coordinates": [15.979415, 45.816122]}, "properties": {"id": 137, "slug": "drustvo-za-povjesnicu-zagrebacke-nadbiskupije-tkalcic-6609", "name": "DRUŠTVO ZA POVJESNICU ZAGREBAČKE NADBISKUPIJE \"TKALČIĆ\"", "display_name": "Društvo za Povjesnicu Zagrebačke Nadbiskupije \"Tkalčić\"", "short_name": "DRUŠTVO TKALČIĆ", "registry": "registar-udruga", "oib": "13037656609", "status": "AKTIVAN", "category": "karitativna", "address": "Kaptol 27, Zagreb", "city": "Zagreb", "settlement": "Zagreb", "municipality": "Grad Zagreb", "county": "Grad Zagreb", "postal_code": "10000", "geo_source": "dgu-adresa", "diocese": "Zagrebačka Nadbiskupija", "diocese_source": "derivirano-crkve.domovina.ai", "email": "srazum@arhiv.hr", "website": "https://WWW.TKALCIC.HR", "phone_e164": "+38514812190", "president": "Stjepan Kožul", "president_role": "Predsjednik", "founded_at": "1996-05-23", "registered_at": "1998-05-04", "catholic_confidence": "srednja", "catholic_score": 5.5, "source": ["datagovhr:registar-udruga"], "category_label": "Karitativne i humanitarne", "active": 1}}, {"type": "Feature", "geometry": {"type": "Point", "coordinates": [16.195965, 44.034877]}, "properties": {"id": 138, "slug": "udruga-hrvatska-zena-knin-7594", "name": "UDRUGA HRVATSKA ŽENA KNIN", "display_name": "Udruga Hrvatska Žena Knin", "registry": "registar-udruga", "oib": "39875017594", "status": "BRISAN", "category": "karitativna", "address": "Krešimirova 30, Knin", "city": "Knin", "settlement": "Knin", "municipality": "Knin", "county": "Šibensko-kninska", "postal_code": "22300", "geo_source": "dgu-adresa", "diocese": "Šibenska Biskupija", "diocese_source": "derivirano-crkve.domovina.ai", "president": "Slavica Šimić", "president_role": "Predsjednik Udruge", "founded_at": "1997-11-19", "registered_at": "1999-07-01", "catholic_confidence": "srednja", "catholic_score": 4.0, "source": ["datagovhr:registar-udruga"], "category_label": "Karitativne i humanitarne", "active": 0}}, {"type": "Feature", "geometry": {"type": "Point", "coordinates": [17.410667, 43.1315]}, "properties": {"id": 139, "slug": "udruga-ladara-zupa-brista-stasevica-9423", "name": "Udruga lađara Župa Brista", "display_name": "Udruga lađara Župa Brista", "short_name": "ULŽB", "registry": "registar-udruga", "oib": "33496569423", "status": "BRISAN", "category": "zupna", "address": "Dom kulture, Spilice, Staševica", "city": "Staševica", "settlement": "Staševica", "municipality": "Ploče", "county": "Dubrovačko-neretvanska", "geo_source": "naselje-teziste", "diocese": "Splitsko-makarska Nadbiskupija", "diocese_source": "derivirano-crkve.domovina.ai", "president": "Josip Plečaš", "president_role": "Predsjednik Udruge", "founded_at": "2001-07-16", "registered_at": "2001-08-07", "catholic_confidence": "srednja", "catholic_score": 4.0, "source": ["datagovhr:registar-udruga"], "category_label": "Župne udruge", "active": 0}}, {"type": "Feature", "geometry": {"type": "Point", "coordinates": [18.185345, 42.651961]}, "properties": {"id": 142, "slug": "udruga-bratstvo-velike-gospe-postranje-martinovici-9307", "name": "Udruga Bratstvo Velike Gospe Postranje", "display_name": "Udruga Bratstvo Velike Gospe Postranje", "registry": "registar-udruga", "oib": "48268009307", "status": "AKTIVAN", "category": "bratovstina", "address": "Martinovići 15, Martinovići", "city": "Martinovići", "settlement": "Martinovići", "municipality": "Župa Dubrovačka", "county": "Dubrovačko-neretvanska", "postal_code": "20207", "geo_source": "dgu-adresa", "diocese": "Dubrovačka Biskupija - Dioecesis Ragusina", "diocese_source": "derivirano-crkve.domovina.ai", "phone_e164": "+385918886041", "president": "Nikola Kurajica", "president_role": "Dopredsjednik", "founded_at": "2001-12-16", "registered_at": "2001-12-28", "catholic_confidence": "visoka", "catholic_score": 11.0, "source": ["datagovhr:registar-udruga"], "category_label": "Bratovštine", "active": 1}}, {"type": "Feature", "geometry": {"type": "Point", "coordinates": [16.829691, 46.008422]}, "properties": {"id": 143, "slug": "dobrovoljno-vatrogasno-drustvo-pavlin-klostar-3840", "name": "Dobrovoljno vatrogasno društvo Pavlin Kloštar", "display_name": "Dobrovoljno vatrogasno društvo Pavlin Kloštar", "short_name": "DVD Pavlin Kloštar", "registry": "registar-udruga", "oib": "43360323840", "status": "BRISAN", "category": "ostalo", "address": "Pavlin Kloštar 48, Pavlin Kloštar", "city": "Pavlin Kloštar", "settlement": "Pavlin Kloštar", "municipality": "Kapela", "county": "Bjelovarsko-bilogorska", "postal_code": "43203", "geo_source": "dgu-adresa", "diocese": "Bjelovarsko-križevačka Biskupija", "diocese_source": "derivirano-crkve.domovina.ai", "president": "Franjo Maretić", "president_role": "Predsjednik Udruge", "founded_at": "1997-12-03", "registered_at": "1998-01-08", "catholic_confidence": "srednja", "catholic_score": 4.0, "source": ["datagovhr:registar-udruga"], "category_label": "Ostalo", "active": 0}}, {"type": "Feature", "geometry": {"type": "Point", "coordinates": [15.315386, 45.214342]}, "properties": {"id": 144, "slug": "dobrotvorno-podupirajuce-drustvo-sveti-marko-krizevcanin-skradnik-1276", "name": "DOBROTVORNO PODUPIRAJUĆE DRUŠTVO \"SVETI MARKO KRIŽEVČANIN\" SKRADNIK", "display_name": "Dobrotvorno Podupirajuće Društvo \"Sveti Marko Križevčanin\" Skradnik", "short_name": "DPD \"Sveti Marko\" Skradnik", "registry": "registar-udruga", "oib": "12605581276", "status": "AKTIVAN", "category": "karitativna", "address": "Skradnik 40, Skradnik", "city": "Skradnik", "settlement": "Skradnik", "municipality": "Josipdol", "county": "Karlovačka", "postal_code": "47303", "geo_source": "dgu-adresa", "diocese": "Gospićko-senjska Biskupija", "diocese_source": "derivirano-crkve.domovina.ai", "phone_e164": "+385918847437", "president": "Snježana Božičević", "president_role": "Predsjednica Društva", "founded_at": "1998-01-11", "registered_at": "1998-02-14", "catholic_confidence": "srednja", "catholic_score": 4.0, "source": ["datagovhr:registar-udruga"], "category_label": "Karitativne i humanitarne", "active": 1}}, {"type": "Feature", "geometry": {"type": "Point", "coordinates": [15.906053, 46.032436]}, "properties": {"id": 145, "slug": "hrvatska-udruga-muzi-zagorskog-srca-zabok-5083", "name": "HRVATSKA UDRUGA MUŽI ZAGORSKOG SRCA", "display_name": "Hrvatska Udruga Muži Zagorskog Srca", "short_name": "HU Muži zagorskog srca", "registry": "registar-udruga", "oib": "63946735083", "status": "AKTIVAN", "category": "karitativna", "address": "Martinišće 45, Zabok", "city": "Zabok", "settlement": "Zabok", "municipality": "Zabok", "county": "Krapinsko-zagorska", "geo_source": "naselje-teziste", "diocese": "Zagrebačka Nadbiskupija", "diocese_source": "derivirano-crkve.domovina.ai", "email": "rajko.fures@kr.t-com.hr", "phone_e164": "+38549236225", "president": "Goran Vrgoč", "president_role": "Dopredsjednik", "founded_at": "1997-12-30", "registered_at": "1998-04-27", "catholic_confidence": "srednja", "catholic_score": 4.5, "source": ["datagovhr:registar-udruga"], "category_label": "Karitativne i humanitarne", "active": 1}}, {"type": "Feature", "geometry": {"type": "Point", "coordinates": [16.118811, 46.004818]}, "properties": {"id": 146, "slug": "udruga-hrvatska-zena-marija-bistrica-2087", "name": "UDRUGA \"HRVATSKA ŽENA\" MARIJA BISTRICA", "display_name": "Udruga \"Hrvatska Žena\" Marija Bistrica", "registry": "registar-udruga", "oib": "00771062087", "status": "AKTIVAN", "category": "molitvena", "address": "Zagrebačka ulica 4, Marija Bistrica", "city": "Marija Bistrica", "settlement": "Marija Bistrica", "municipality": "Marija Bistrica", "county": "Krapinsko-zagorska", "postal_code": "49246", "geo_source": "dgu-adresa", "diocese": "Zagrebačka Nadbiskupija", "diocese_source": "derivirano-crkve.domovina.ai", "email": "jelena.hoic@gmail.com", "phone_e164": "+385993114635", "president": "Jelena Hoić Tkalec", "president_role": "Predsjednica", "founded_at": "1998-02-03", "registered_at": "1998-04-27", "catholic_confidence": "visoka", "catholic_score": 11.0, "source": ["datagovhr:registar-udruga"], "category_label": "Molitvene zajednice", "active": 1}}, {"type": "Feature", "geometry": {"type": "Point", "coordinates": [18.596625, 45.771151]}, "properties": {"id": 147, "slug": "udruga-zivot-beli-manastir-1666", "name": "UDRUGA \"ŽIVOT\" BELI MANASTIR", "display_name": "Udruga \"Život\" Beli Manastir", "registry": "registar-udruga", "oib": "60318781666", "status": "BRISAN", "category": "molitvena", "address": "P. ŠANDORA 23, Beli Manastir", "city": "Beli Manastir", "settlement": "Beli Manastir", "municipality": "Beli Manastir", "county": "Osječko-baranjska", "postal_code": "31300", "geo_source": "dgu-adresa", "diocese": "Đakovačko-osječka Nadbiskupija", "diocese_source": "derivirano-crkve.domovina.ai", "president": "Nikola Sokač", "president_role": "Predsjednik", "founded_at": "1998-10-17", "registered_at": "1999-01-27", "catholic_confidence": "srednja", "catholic_score": 4.5, "source": ["datagovhr:registar-udruga"], "category_label": "Molitvene zajednice", "active": 0}}, {"type": "Feature", "geometry": {"type": "Point", "coordinates": [13.634222, 45.082672]}, "properties": {"id": 148, "slug": "hrvatsko-katolicko-bratstvo-sv-eufemija-rovinj-rovigno-8774", "name": "HRVATSKO KATOLIČKO BRATSTVO \"Sv. EUFEMIJA\"", "display_name": "HRVATSKO KATOLIČKO BRATSTVO \"Sv. EUFEMIJA\"", "registry": "registar-udruga", "status": "BRISAN", "category": "bratovstina", "address": "GARIBALDIJEVA 1, Rovinj - Rovigno", "city": "Rovinj - Rovigno", "settlement": "Rovinj - Rovigno", "municipality": "Rovinj - Rovigno", "county": "Istarska", "postal_code": "52210", "geo_source": "dgu-adresa", "diocese": "Biskupija Porečka i Pulska", "diocese_source": "derivirano-crkve.domovina.ai", "president": "Amneris Bosazzi", "president_role": "Predsjednik Udruge", "founded_at": "1996-12-07", "registered_at": "1999-02-24", "catholic_confidence": "visoka", "catholic_score": 8.5, "source": ["datagovhr:registar-udruga"], "category_label": "Bratovštine", "active": 0}}, {"type": "Feature", "geometry": {"type": "Point", "coordinates": [16.117616, 46.010174]}, "properties": {"id": 151, "slug": "drustvo-za-obnovu-i-razvitak-hrvatskog-nacionalnog-svetista-marija-bistrica-16131", "name": "DRUŠTVO ZA OBNOVU I RAZVITAK HRVATSKOG NACIONALNOG SVETIŠTA \"MARIJA BISTRICA\"", "display_name": "Društvo za Obnovu i Razvitak Hrvatskog Nacionalnog Svetišta \"Marija Bistrica\"", "short_name": "DRUŠTVO  \"MARIJA BISTRICA\"", "registry": "registar-udruga", "status": "BRISAN", "category": "zupna", "address": "Trg Republike 26, Marija Bistrica", "city": "Marija Bistrica", "settlement": "Marija Bistrica", "municipality": "Marija Bistrica", "county": "Krapinsko-zagorska", "geo_source": "naselje-teziste", "diocese": "Zagrebačka Nadbiskupija", "diocese_source": "derivirano-crkve.domovina.ai", "president": "Ante Ledić", "president_role": "Predsjednik Udruge", "founded_at": "1993-09-17", "registered_at": "1998-04-14", "catholic_confidence": "visoka", "catholic_score": 9.0, "source": ["datagovhr:registar-udruga"], "category_label": "Župne udruge", "active": 0}}, {"type": "Feature", "geometry": {"type": "Point", "coordinates": [15.872722, 45.818849]}, "properties": {"id": 152, "slug": "krscansko-humanitarna-udruga-moj-bliznji-zagreb-16133", "name": "KRŠĆANSKO HUMANITARNA UDRUGA \"MOJ BLIŽNJI\"", "display_name": "Kršćansko Humanitarna Udruga \"Moj Bližnji\"", "short_name": "KHU \"MOJ BLIŽNJI\"", "registry": "registar-udruga", "status": "BRISAN", "category": "karitativna", "address": "Brazilska 18, Zagreb", "city": "Zagreb", "settlement": "Zagreb", "municipality": "Grad Zagreb", "county": "Grad Zagreb", "postal_code": "10090", "geo_source": "dgu-adresa", "diocese": "Zagrebačka Nadbiskupija", "diocese_source": "derivirano-crkve.domovina.ai", "president": "Josip Mikulić", "president_role": "Predsjednik", "founded_at": "1991-10-20", "registered_at": "1998-04-14", "catholic_confidence": "srednja", "catholic_score": 4.0, "source": ["datagovhr:registar-udruga"], "category_label": "Karitativne i humanitarne", "active": 0}}, {"type": "Feature", "geometry": {"type": "Point", "coordinates": [16.11965, 46.002104]}, "properties": {"id": 153, "slug": "nanbudo-klub-marija-bistrica-9287", "name": "NANBUDO KLUB \"MARIJA BISTRICA\"", "display_name": "Nanbudo Klub \"Marija Bistrica\"", "short_name": "NBK \"MARIJA BISTRICA\"", "registry": "registar-udruga", "oib": "72274609287", "status": "AKTIVAN", "category": "sport", "address": "Zagrebačka 15, Marija Bistrica", "city": "Marija Bistrica", "settlement": "Marija Bistrica", "municipality": "Marija Bistrica", "county": "Krapinsko-zagorska", "postal_code": "49246", "geo_source": "dgu-adresa", "diocese": "Zagrebačka Nadbiskupija", "diocese_source": "derivirano-crkve.domovina.ai", "email": "babic.ivancica@gmail.com", "phone_e164": "+385997904984", "president": "Marko Ležaić", "president_role": "Predsjednik", "founded_at": "2003-02-09", "registered_at": "1998-01-28", "catholic_confidence": "srednja", "catholic_score": 4.0, "source": ["datagovhr:registar-udruga"], "category_label": "Sport i rekreacija", "active": 1}}, {"type": "Feature", "geometry": {"type": "Point", "coordinates": [16.117616, 46.010174]}, "properties": {"id": 154, "slug": "savate-klub-kobra-marija-bistrica-5724", "name": "SAVATE KLUB \"KOBRA\" MARIJA BISTRICA", "display_name": "Savate Klub \"Kobra\" Marija Bistrica", "registry": "registar-udruga", "oib": "81546015724", "status": "AKTIVAN", "category": "sport", "address": "Hum Bistrički 83a, Marija Bistrica", "city": "Marija Bistrica", "settlement": "Marija Bistrica", "municipality": "Marija Bistrica", "county": "Krapinsko-zagorska", "geo_source": "naselje-teziste", "diocese": "Zagrebačka Nadbiskupija", "diocese_source": "derivirano-crkve.domovina.ai", "email": "dmilosic@net.hr", "phone_e164": "+385989417183", "president": "Darko Milošić", "president_role": "Predsjednik", "founded_at": "1998-01-08", "registered_at": "1998-01-28", "catholic_confidence": "srednja", "catholic_score": 4.0, "source": ["datagovhr:registar-udruga"], "category_label": "Sport i rekreacija", "active": 1}}, {"type": "Feature", "geometry": {"type": "Point", "coordinates": [16.118668, 46.005135]}, "properties": {"id": 155, "slug": "sportsko-ribolovno-drustvo-saran-marija-bistrica-8191", "name": "ŠPORTSKO RIBOLOVNO DRUŠTVO \"ŠARAN\" MARIJA BISTRICA", "display_name": "Športsko Ribolovno Društvo \"Šaran\" Marija Bistrica", "short_name": "ŠRD \"ŠARAN\" MARIJA BISTRICA", "registry": "registar-udruga", "oib": "82254518191", "status": "AKTIVAN", "category": "sport", "address": "Trg Pape Ivana Pavla II 34, Marija Bistrica", "city": "Marija Bistrica", "settlement": "Marija Bistrica", "municipality": "Marija Bistrica", "county": "Krapinsko-zagorska", "postal_code": "49246", "geo_source": "dgu-adresa", "diocese": "Zagrebačka Nadbiskupija", "diocese_source": "derivirano-crkve.domovina.ai", "email": "renato.boronjek@gmail.com", "phone_e164": "+38598464074", "president": "Damir Joć", "president_role": "Predsjednik", "founded_at": "1997-12-14", "registered_at": "1998-01-28", "catholic_confidence": "srednja", "catholic_score": 4.0, "source": ["datagovhr:registar-udruga"], "category_label": "Sport i rekreacija", "active": 1}}, {"type": "Feature", "geometry": {"type": "Point", "coordinates": [14.430569, 45.344622]}, "properties": {"id": 158, "slug": "vjersko-dobrotvorno-starateljstvo-sveti-otac-nikolaj-rijeka-0068", "name": "VJERSKO DOBROTVORNO STARATELJSTVO \"SVETI OTAC NIKOLAJ\"", "display_name": "Vjersko Dobrotvorno Starateljstvo \"Sveti Otac Nikolaj\"", "registry": "registar-udruga", "oib": "45395640068", "status": "BRISAN", "category": "karitativna", "address": "Ulica Ivana Zajca 24I, Rijeka", "city": "Rijeka", "settlement": "Rijeka", "municipality": "Rijeka", "county": "Primorsko-goranska", "geo_source": "naselje-teziste", "diocese": "Riječka Nadbiskupija", "diocese_source": "derivirano-crkve.domovina.ai", "president": "Zdravko Radović", "president_role": "Predsjednik Udruge", "founded_at": "1992-07-21", "registered_at": "1998-10-13", "catholic_confidence": "srednja", "catholic_score": 4.0, "source": ["datagovhr:registar-udruga"], "category_label": "Karitativne i humanitarne", "active": 0}}, {"type": "Feature", "geometry": {"type": "Point", "coordinates": [18.401841, 45.684163]}, "properties": {"id": 159, "slug": "crkveno-pjevacko-drustvo-mir-belisce-3814", "name": "Crkveno pjevačko društvo MIR Belišće", "display_name": "Crkveno pjevačko društvo MIR Belišće", "short_name": "CPD MIR Belišće", "registry": "registar-udruga", "oib": "53191803814", "status": "AKTIVAN", "category": "glazba", "address": "KARDINALA STEPINCA 4, Belišće", "city": "Belišće", "settlement": "Belišće", "municipality": "Belišće", "county": "Osječko-baranjska", "postal_code": "31551", "geo_source": "dgu-adresa", "diocese": "Đakovačko-osječka Nadbiskupija", "diocese_source": "derivirano-crkve.domovina.ai", "email": "cpd.mir@gmail.com", "phone_e164": "+385911696728", "president": "Pavle Biuklija", "president_role": "Predsjednik", "founded_at": "1992-05-27", "registered_at": "1998-01-30", "catholic_confidence": "srednja", "catholic_score": 6.0, "source": ["datagovhr:registar-udruga"], "category_label": "Zborovi i crkvena glazba", "active": 1}}, {"type": "Feature", "geometry": {"type": "Point", "coordinates": [18.657722, 45.451243]}, "properties": {"id": 160, "slug": "udruga-za-obnovu-i-izgradnju-crkve-presveto-trojstvo-u-ernestinovu-ernestinovo-0918", "name": "UDRUGA ZA OBNOVU I IZGRADNJU CRKVE \"PRESVETO TROJSTVO\" U ERNESTINOVU", "display_name": "Udruga za Obnovu i Izgradnju Crkve \"Presveto Trojstvo\" u Ernestinovu", "short_name": "UDRUGA \"PRESVETO TROJSTVO\" ERNESTINOVO", "registry": "registar-udruga", "oib": "49498200918", "status": "BRISAN", "category": "zupna", "address": "ŠKOLSKA 2, Ernestinovo", "city": "Ernestinovo", "settlement": "Ernestinovo", "municipality": "Ernestinovo", "county": "Osječko-baranjska", "postal_code": "31215", "geo_source": "dgu-adresa", "diocese": "Đakovačko-osječka Nadbiskupija", "diocese_source": "derivirano-crkve.domovina.ai", "email": "jasna.nuis@gmail.com", "phone_e164": "+38531210994", "president": "Vinko Roguljić", "president_role": "Predsjednik", "founded_at": "2001-09-06", "registered_at": "2001-10-31", "catholic_confidence": "srednja", "catholic_score": 5.5, "source": ["datagovhr:registar-udruga"], "category_label": "Župne udruge", "active": 0}}, {"type": "Feature", "geometry": {"type": "Point", "coordinates": [16.691702, 43.443888]}, "properties": {"id": 162, "slug": "drustvo-hrvatska-zena-omis-0366", "name": "Društvo \"Hrvatska žena\" Omiš", "display_name": "Društvo \"Hrvatska žena\" Omiš", "registry": "registar-udruga", "oib": "62729300366", "status": "AKTIVAN", "category": "karitativna", "address": "Joke Kneževića 6, Omiš", "city": "Omiš", "settlement": "Omiš", "municipality": "Omiš", "county": "Splitsko-dalmatinska", "postal_code": "21310", "geo_source": "dgu-adresa", "diocese": "Splitsko-makarska Nadbiskupija", "diocese_source": "derivirano-crkve.domovina.ai", "email": "banovic.ana@gmail.com", "phone_e164": "+385915902095", "president": "Ana Banović", "president_role": "Predsjednica Društva", "founded_at": "1997-03-22", "registered_at": "1998-02-10", "catholic_confidence": "srednja", "catholic_score": 6.0, "source": ["datagovhr:registar-udruga"], "category_label": "Karitativne i humanitarne", "active": 1}}, {"type": "Feature", "geometry": {"type": "Point", "coordinates": [17.196651, 45.436929]}, "properties": {"id": 163, "slug": "udruga-prognanih-hrvata-krizni-put-pakrac-lipik-4889", "name": "UDRUGA PROGNANIH HRVATA \"KRIŽNI PUT\" -PAKRAC-LIPIK", "display_name": "Udruga Prognanih Hrvata \"Križni Put\" -pakrac-lipik", "short_name": "UDRUGA \"KRIŽNI PUT\"", "registry": "registar-udruga", "oib": "27444734889", "status": "AKTIVAN", "category": "karitativna", "address": "TRG J.B. JELAČIĆA 18II, Pakrac", "city": "Pakrac", "settlement": "Pakrac", "municipality": "Pakrac", "county": "Požeško-slavonska", "geo_source": "naselje-teziste", "diocese": "Požeška Biskupija", "diocese_source": "derivirano-crkve.domovina.ai", "president": "Josip Vrbica", "president_role": "Dopredsjednik Udruge", "founded_at": "1997-10-04", "registered_at": "1997-12-03", "catholic_confidence": "srednja", "catholic_score": 4.5, "source": ["datagovhr:registar-udruga"], "category_label": "Karitativne i humanitarne", "active": 1}}, {"type": "Feature", "geometry": {"type": "Point", "coordinates": [13.596603, 45.227442]}, "properties": {"id": 165, "slug": "drustvo-hrvatska-zena-porec-parenzo-7668", "name": "DRUŠTVO \"HRVATSKA ŽENA\"", "display_name": "Društvo \"Hrvatska Žena\"", "registry": "registar-udruga", "oib": "17736967668", "status": "BRISAN", "category": "karitativna", "address": "JOŽE ŠURANA 1, Poreč - Parenzo", "city": "Poreč - Parenzo", "settlement": "Poreč - Parenzo", "municipality": "Poreč - Parenzo", "county": "Istarska", "postal_code": "52440", "geo_source": "dgu-adresa", "diocese": "Biskupija Porečka i Pulska", "diocese_source": "derivirano-crkve.domovina.ai", "president": "Marija Nižić Batistić", "president_role": "Predsjednik Udruge", "founded_at": "1993-12-13", "registered_at": "1999-09-29", "catholic_confidence": "srednja", "catholic_score": 4.0, "source": ["datagovhr:registar-udruga"], "category_label": "Karitativne i humanitarne", "active": 0}}, {"type": "Feature", "geometry": {"type": "Point", "coordinates": [14.31984, 45.348542]}, "properties": {"id": 166, "slug": "hrvatsko-katolicko-bratstvo-branimir-opatija-0974", "name": "HRVATSKO KATOLIČKO BRATSTVO \"BRANIMIR\"", "display_name": "Hrvatsko Katoličko Bratstvo \"Branimir\"", "short_name": "HKB  \"BRANIMIR\"", "registry": "registar-udruga", "oib": "91042170974", "status": "BRISAN", "category": "bratovstina", "address": "Andrije Štangera 37, Opatija", "city": "Opatija", "settlement": "Opatija", "municipality": "Opatija", "county": "Primorsko-goranska", "postal_code": "51410", "geo_source": "dgu-adresa", "diocese": "Riječka Nadbiskupija", "diocese_source": "derivirano-crkve.domovina.ai", "president": "Ivan Meštrović", "president_role": "Glavar", "founded_at": "1994-03-19", "registered_at": "1998-07-06", "catholic_confidence": "visoka", "catholic_score": 11.0, "source": ["datagovhr:registar-udruga"], "category_label": "Bratovštine", "active": 0}}, {"type": "Feature", "geometry": {"type": "Point", "coordinates": [14.31984, 45.348542]}, "properties": {"id": 167, "slug": "hrvatsko-katolicko-bratstvo-branimir-odred-katolickih-skauta-sveti-rok-volosko-opatija-10162", "name": "HRVATSKO KATOLIČKO BRATSTVO \"BRANIMIR\" ODRED KATOLIČKIH SKAUTA \"SVETI ROK\" VOLOSKO", "display_name": "Hrvatsko Katoličko Bratstvo \"Branimir\" Odred Katoličkih Skauta \"Sveti Rok\" Volosko", "short_name": "HKB \"BRANIMIR\" ODRED KATOLIČKIH SKAUTA \"SVETI ROK\" VOLOSKO", "registry": "registar-udruga", "status": "BRISAN", "category": "bratovstina", "address": "Andrije Štangera 37, Opatija", "city": "Opatija", "settlement": "Opatija", "municipality": "Opatija", "county": "Primorsko-goranska", "postal_code": "51410", "geo_source": "dgu-adresa", "diocese": "Riječka Nadbiskupija", "diocese_source": "derivirano-crkve.domovina.ai", "president": "Ivan Lesinger", "president_role": "Predsjednik Udruge", "founded_at": "1998-03-19", "registered_at": "1999-05-20", "catholic_confidence": "visoka", "catholic_score": 7.5, "source": ["datagovhr:registar-udruga"], "category_label": "Bratovštine", "active": 0}}, {"type": "Feature", "geometry": {"type": "Point", "coordinates": [15.957521, 45.812322]}, "properties": {"id": 169, "slug": "lectorium-rosicrucianum-medunarodna-skola-zlatnog-ruzina-kriza-zagreb-6074", "name": "LECTORIUM ROSICRUCIANUM - MEĐUNARODNA ŠKOLA ZLATNOG RUŽINA KRIŽA", "display_name": "Lectorium Rosicrucianum - Međunarodna Škola Zlatnog Ružina Križa", "short_name": "LECTORIUM ROSICRUCIANUM", "registry": "registar-udruga", "oib": "88941946074", "status": "AKTIVAN", "category": "obrazovanje", "address": "Ulica Republike Austrije 9/1, Zagreb", "city": "Zagreb", "settlement": "Zagreb", "municipality": "Grad Zagreb", "county": "Grad Zagreb", "postal_code": "10000", "geo_source": "dgu-adresa", "diocese": "Zagrebačka Nadbiskupija", "diocese_source": "derivirano-crkve.domovina.ai", "email": "uprava@lectoriumrosicrucianum.hr", "website": "https://www.lectoriumrosicrucianum.hr", "phone_e164": "+38513764432", "president": "Ljiljana Bakić", "president_role": "Predsjednica", "founded_at": "1992-04-15", "registered_at": "1998-01-26", "catholic_confidence": "srednja", "catholic_score": 4.5, "source": ["datagovhr:registar-udruga"], "category_label": "Obrazovanje i kateheza", "active": 1}}, {"type": "Feature", "geometry": {"type": "Point", "coordinates": [14.649535, 45.240579]}, "properties": {"id": 170, "slug": "drustvo-imena-isusovog-drivenik-8447", "name": "DRUŠTVO IMENA ISUSOVOG - DRIVENIK", "display_name": "Društvo Imena Isusovog - Drivenik", "registry": "registar-udruga", "oib": "92479078447", "status": "AKTIVAN", "category": "hodocasnicka", "address": "Drivenik 5, Drivenik", "city": "Drivenik", "settlement": "Drivenik", "municipality": "Vinodolska Općina", "county": "Primorsko-goranska", "postal_code": "51242", "geo_source": "dgu-adresa", "diocese": "Riječka Nadbiskupija", "diocese_source": "derivirano-crkve.domovina.ai", "president": "Ivo Baćić", "president_role": "Predsjednik", "founded_at": "1993-12-05", "registered_at": "1998-01-26", "catholic_confidence": "visoka", "catholic_score": 13.0, "source": ["datagovhr:registar-udruga"], "category_label": "Hodočašća", "active": 1}}, {"type": "Feature", "geometry": {"type": "Point", "coordinates": [16.034042, 44.536693]}, "properties": {"id": 172, "slug": "udruga-licana-zupe-boricevac-6330", "name": "Udruga Ličana Župe Boričevac", "display_name": "Udruga Ličana Župe Boričevac", "registry": "registar-udruga", "oib": "35105436330", "status": "AKTIVAN", "category": "zupna", "address": "Boričevac 22, Boričevac", "city": "Boričevac", "settlement": "Boričevac", "municipality": "Donji Lapac", "county": "Ličko-senjska", "geo_source": "naselje-teziste", "diocese": "Gospićko-senjska Biskupija", "diocese_source": "derivirano-crkve.domovina.ai", "email": "mpavelicboricevac@gmail.com", "phone_e164": "+38598652984", "president": "Marko Pavelić", "president_role": "Predsjednik", "founded_at": "1998-01-13", "registered_at": "1998-02-27", "catholic_confidence": "visoka", "catholic_score": 6.5, "source": ["datagovhr:registar-udruga"], "category_label": "Župne udruge", "active": 1}}, {"type": "Feature", "geometry": {"type": "Point", "coordinates": [14.161216, 45.080075]}, "properties": {"id": 174, "slug": "zupni-caritas-rabac-rabac-u-likvidaciji-3171", "name": "\"ŽUPNI CARITAS RABAC\" RABAC U LIKVIDACIJI", "display_name": "\"Župni Caritas Rabac\" Rabac u Likvidaciji", "registry": "registar-udruga", "oib": "72140593171", "status": "BRISAN", "category": "karitativna", "address": "JADRANSKA 4, Rabac", "city": "Rabac", "settlement": "Rabac", "municipality": "Labin", "county": "Istarska", "postal_code": "52221", "geo_source": "dgu-adresa", "diocese": "Biskupija Porečka i Pulska", "diocese_source": "derivirano-crkve.domovina.ai", "president": "Vilim Grbac", "president_role": "Predsjednik Udruge", "founded_at": "1992-05-19", "registered_at": "1998-02-03", "catholic_confidence": "visoka", "catholic_score": 9.0, "source": ["datagovhr:registar-udruga"], "category_label": "Karitativne i humanitarne", "active": 0}}, {"type": "Feature", "geometry": {"type": "Point", "coordinates": [16.339103, 46.307761]}, "properties": {"id": 175, "slug": "katolicka-kolpinska-udruga-varazdinske-biskupije-7203", "name": "KATOLIČKA KOLPINŠKA UDRUGA VARAŽDINSKE BISKUPIJE", "display_name": "Katolička Kolpinška Udruga Varaždinske Biskupije", "short_name": "Kolping Varaždinske biskupije", "registry": "registar-udruga", "oib": "07654937203", "status": "AKTIVAN", "category": "molitvena", "address": "Pavlinska ulica 4, Varaždin", "city": "Varaždin", "settlement": "Varaždin", "municipality": "Varaždin", "county": "Varaždinska", "postal_code": "42000", "geo_source": "dgu-adresa", "diocese": "Varaždinska Biskupija", "diocese_source": "derivirano-crkve.domovina.ai", "email": "mkolarek@gmail.com", "phone_e164": "+38542321408", "president": "Marijan Kontrec", "president_role": "Predsjednik", "founded_at": "1998-03-21", "registered_at": "1998-05-21", "catholic_confidence": "visoka", "catholic_score": 12.0, "source": ["datagovhr:registar-udruga"], "category_label": "Molitvene zajednice", "active": 1}}, {"type": "Feature", "geometry": {"type": "Point", "coordinates": [17.431047, 43.178607]}, "properties": {"id": 176, "slug": "udruga-ladara-zupa-dusina-veliki-prolog-0455", "name": "UDRUGA LAĐARA ŽUPA DUSINA", "display_name": "Udruga Lađara Župa Dusina", "short_name": "UL - ŽD", "registry": "registar-udruga", "oib": "04295070455", "status": "AKTIVAN", "category": "zupna", "address": "Veliki Prolog 2, Veliki Prolog", "city": "Veliki Prolog", "settlement": "Veliki Prolog", "municipality": "Vrgorac", "county": "Splitsko-dalmatinska", "postal_code": "21277", "geo_source": "dgu-adresa", "diocese": "Splitsko-makarska Nadbiskupija", "diocese_source": "derivirano-crkve.domovina.ai", "email": "darerceg@gmail.com", "phone_e164": "+385989241117", "president": "Ivan Franić", "president_role": "Predsjednik", "founded_at": "2000-05-29", "registered_at": "2000-07-21", "catholic_confidence": "srednja", "catholic_score": 5.5, "source": ["datagovhr:registar-udruga"], "category_label": "Župne udruge", "active": 1}}, {"type": "Feature", "geometry": {"type": "Point", "coordinates": [14.435905, 45.334216]}, "properties": {"id": 177, "slug": "akademsko-katolicko-drustvo-jeronim-rijeka-3469", "name": "AKADEMSKO KATOLIČKO DRUŠTVO \"JERONIM\"", "display_name": "Akademsko Katoličko Društvo \"Jeronim\"", "short_name": "AKDJ", "registry": "registar-udruga", "oib": "43570483469", "status": "BRISAN", "category": "mladi", "address": "Tizianova 13, Rijeka", "city": "Rijeka", "settlement": "Rijeka", "municipality": "Rijeka", "county": "Primorsko-goranska", "postal_code": "51000", "geo_source": "dgu-adresa", "diocese": "Riječka Nadbiskupija", "diocese_source": "derivirano-crkve.domovina.ai", "president": "Kristina Pilipović", "president_role": "Predsjednik Udruge", "founded_at": "1997-03-07", "registered_at": "2001-01-08", "catholic_confidence": "visoka", "catholic_score": 8.5, "source": ["datagovhr:registar-udruga"], "category_label": "Mladi i studenti", "active": 0}}, {"type": "Feature", "geometry": {"type": "Point", "coordinates": [15.977893, 45.831873]}, "properties": {"id": 178, "slug": "centar-za-pomoc-trudnicama-djetesce-na-sunasce-u-likvidaciji-zagreb-3586", "name": "CENTAR ZA POMOĆ TRUDNICAMA, \"DJETEŠCE, NA SUNAŠCE!\" U LIKVIDACIJI", "display_name": "Centar za Pomoć Trudnicama, \"Djetešce, na Sunašce!\" u Likvidaciji", "short_name": "\"DJETEŠCE, NA SUNAŠCE!\"", "registry": "registar-udruga", "oib": "52149563586", "status": "BRISAN", "category": "karitativna", "address": "Međimurska 21II, Zagreb", "city": "Zagreb", "settlement": "Zagreb", "municipality": "Grad Zagreb", "county": "Grad Zagreb", "geo_source": "naselje-teziste", "diocese": "Zagrebačka Nadbiskupija", "diocese_source": "derivirano-crkve.domovina.ai", "email": "bosiljka.bacura@zg.t-com.hr", "website": "https://www.DJETESCE-NA-SUNASCE.HR", "phone_e164": "+38513776548", "president": "Bosiljka Bačura", "president_role": "Predsjednica", "founded_at": "2000-12-13", "registered_at": "2001-01-15", "catholic_confidence": "srednja", "catholic_score": 4.0, "source": ["datagovhr:registar-udruga"], "category_label": "Karitativne i humanitarne", "active": 0}}, {"type": "Feature", "geometry": {"type": "Point", "coordinates": [15.937943, 45.821565]}, "properties": {"id": 179, "slug": "udruga-za-promicanje-krscanske-duhovnosti-i-moralnih-vrednota-svjetlo-malo-zagreb-2205", "name": "UDRUGA ZA PROMICANJE KRŠĆANSKE DUHOVNOSTI I MORALNIH VREDNOTA \"SVJETLO MALO\"", "display_name": "Udruga za Promicanje Kršćanske Duhovnosti i Moralnih Vrednota \"Svjetlo Malo\"", "short_name": "\"SVJETLO MALO\"", "registry": "registar-udruga", "oib": "76178302205", "status": "BRISAN", "category": "molitvena", "address": "Dunjevac 2, Zagreb", "city": "Zagreb", "settlement": "Zagreb", "municipality": "Grad Zagreb", "county": "Grad Zagreb", "postal_code": "10109", "geo_source": "dgu-adresa", "diocese": "Zagrebačka Nadbiskupija", "diocese_source": "derivirano-crkve.domovina.ai", "email": "pomak.usluge@zg.t-com.hr", "president": "Tomislav Meštrović", "president_role": "Predsjednik Udruge", "founded_at": "2000-10-02", "registered_at": "2001-01-30", "catholic_confidence": "visoka", "catholic_score": 7.5, "source": ["datagovhr:registar-udruga"], "category_label": "Molitvene zajednice", "active": 0}}, {"type": "Feature", "geometry": {"type": "Point", "coordinates": [17.383867, 45.250635]}, "properties": {"id": 182, "slug": "udruga-vlasnika-stanova-stambenih-zgrada-ulice-alojzija-stepinca-18-20-20a-i-22-nova-gradiska-4476", "name": "UDRUGA VLASNIKA STANOVA STAMBENIH ZGRADA ULICE ALOJZIJA STEPINCA 18,20,20A i 22", "display_name": "UDRUGA VLASNIKA STANOVA STAMBENIH ZGRADA ULICE ALOJZIJA STEPINCA 18,20,20A i 22", "short_name": "UDRUGA \"A. STEPINCA 18-22\"", "registry": "registar-udruga", "oib": "31467884476", "status": "BRISAN", "category": "molitvena", "address": "A. Stepinca, Nova Gradiška", "city": "Nova Gradiška", "settlement": "Nova Gradiška", "municipality": "Nova Gradiška", "county": "Brodsko-posavska", "geo_source": "naselje-teziste", "diocese": "Požeška Biskupija", "diocese_source": "derivirano-crkve.domovina.ai", "president": "Mijo Oštrić", "president_role": "Predsjednik Udruge", "founded_at": "1999-07-17", "registered_at": "1999-09-22", "catholic_confidence": "srednja", "catholic_score": 4.0, "source": ["datagovhr:registar-udruga"], "category_label": "Molitvene zajednice", "active": 0}}, {"type": "Feature", "geometry": {"type": "Point", "coordinates": [15.950946, 45.787469]}, "properties": {"id": 183, "slug": "zajednica-molitva-i-rijec-zagreb-4204", "name": "ZAJEDNICA MOLITVA I RIJEČ", "display_name": "Zajednica Molitva i Riječ", "short_name": "ZMR", "registry": "registar-udruga", "oib": "75177074204", "status": "AKTIVAN", "category": "molitvena", "address": "Horvaćanska cesta 21, Zagreb", "city": "Zagreb", "settlement": "Zagreb", "municipality": "Grad Zagreb", "county": "Grad Zagreb", "postal_code": "10110", "geo_source": "dgu-adresa", "diocese": "Zagrebačka Nadbiskupija", "diocese_source": "derivirano-crkve.domovina.ai", "email": "uprava@zmr.hr", "website": "https://www.zmr.hr", "phone_e164": "+38513820467", "president": "Ivica Lulić", "president_role": "Predsjednik", "founded_at": "1993-05-20", "registered_at": "1998-06-23", "catholic_confidence": "srednja", "catholic_score": 5.5, "source": ["datagovhr:registar-udruga"], "category_label": "Molitvene zajednice", "active": 1}}, {"type": "Feature", "geometry": {"type": "Point", "coordinates": [16.703046, 43.435151]}, "properties": {"id": 184, "slug": "hrvatska-malteska-sluzba-omis-9238", "name": "Hrvatska malteška služba Omiš", "display_name": "Hrvatska malteška služba Omiš", "registry": "registar-udruga", "oib": "35521769238", "status": "BRISAN", "category": "karitativna", "address": "Ravnice bb, Omiš", "city": "Omiš", "settlement": "Omiš", "municipality": "Omiš", "county": "Splitsko-dalmatinska", "geo_source": "naselje-teziste", "diocese": "Splitsko-makarska Nadbiskupija", "diocese_source": "derivirano-crkve.domovina.ai", "phone_e164": "+38598361207", "president": "Karini Lependa", "president_role": "Predsjednik Udruge", "founded_at": "1998-06-14", "registered_at": "1998-08-15", "catholic_confidence": "srednja", "catholic_score": 4.0, "source": ["datagovhr:registar-udruga"], "category_label": "Karitativne i humanitarne", "active": 0}}, {"type": "Feature", "geometry": {"type": "Point", "coordinates": [16.019722, 45.812437]}, "properties": {"id": 185, "slug": "ffwp-federacija-obitelji-za-mir-u-svijetu-zagreb-6294", "name": "FFWP-FEDERACIJA OBITELJI ZA MIR U SVIJETU", "display_name": "Ffwp-federacija Obitelji za Mir u Svijetu", "short_name": "FFWP", "registry": "registar-udruga", "oib": "58459396294", "status": "AKTIVAN", "category": "obitelj", "address": "Ulica Jure Kaštelana 17A, Zagreb", "city": "Zagreb", "settlement": "Zagreb", "municipality": "Grad Zagreb", "county": "Grad Zagreb", "postal_code": "10135", "geo_source": "dgu-adresa", "diocese": "Zagrebačka Nadbiskupija", "diocese_source": "derivirano-crkve.domovina.ai", "email": "info@ffwp.hr", "website": "https://www.ffwp.hr", "phone_e164": "+385996743025", "president": "Ji Suk Baek", "president_role": "Predsjednica", "founded_at": "1997-05-19", "registered_at": "1997-10-07", "catholic_confidence": "srednja", "catholic_score": 4.5, "source": ["datagovhr:registar-udruga"], "category_label": "Obitelj i život", "active": 1}}, {"type": "Feature", "geometry": {"type": "Point", "coordinates": [16.466974, 43.513975]}, "properties": {"id": 187, "slug": "hrvatsko-katolicko-dobrotvorno-drustvo-split-u-likvidaciji-0598", "name": "Hrvatsko katoličko dobrotvorno društvo Split U LIKVIDACIJI", "display_name": "Hrvatsko katoličko dobrotvorno društvo Split U LIKVIDACIJI", "short_name": "\"HKDD\" Split", "registry": "registar-udruga", "oib": "32896290598", "status": "PRESTANAK DJELOVANJA", "category": "karitativna", "address": "Vukovarska 115, Split", "city": "Split", "settlement": "Split", "municipality": "Split", "county": "Splitsko-dalmatinska", "postal_code": "21000", "geo_source": "dgu-adresa", "diocese": "Splitsko-makarska Nadbiskupija", "diocese_source": "derivirano-crkve.domovina.ai", "president": "Željko Ercegovac", "president_role": "Pročelnik", "founded_at": "1992-12-12", "registered_at": "1999-03-18", "catholic_confidence": "visoka", "catholic_score": 4.0, "source": ["datagovhr:registar-udruga"], "category_label": "Karitativne i humanitarne", "active": 0}}, {"type": "Feature", "geometry": {"type": "Point", "coordinates": [14.482492, 45.353324]}, "properties": {"id": 188, "slug": "mladi-za-krista-buzdohanj-5913", "name": "MLADI ZA KRISTA", "display_name": "Mladi za Krista", "short_name": "MZK", "registry": "registar-udruga", "oib": "20636435913", "status": "AKTIVAN", "category": "mladi", "address": "Rakovo selo 3, Buzdohanj", "city": "Buzdohanj", "settlement": "Buzdohanj", "municipality": "Čavle", "county": "Primorsko-goranska", "postal_code": "51219", "geo_source": "dgu-adresa", "diocese": "Riječka Nadbiskupija", "diocese_source": "derivirano-crkve.domovina.ai", "email": "mladizakrista@gmail.com", "website": "https://www.mzk.hr", "phone_e164": "+385911505092", "president": "Davorka Horvat", "president_role": "Predsjednica", "founded_at": "1998-10-10", "registered_at": "1998-12-10", "catholic_confidence": "srednja", "catholic_score": 7.0, "source": ["datagovhr:registar-udruga"], "category_label": "Mladi i studenti", "active": 1}}, {"type": "Feature", "geometry": {"type": "Point", "coordinates": [16.453918, 43.504557]}, "properties": {"id": 190, "slug": "udruga-radio-sudamja-split-7001", "name": "UDRUGA \"RADIO SUDAMJA\"", "display_name": "Udruga \"Radio Sudamja\"", "short_name": "UDRUGA \"SUDAMJA\"", "registry": "registar-udruga", "oib": "77317117001", "status": "BRISAN", "category": "mediji", "address": "Poljička cesta 2, Split", "city": "Split", "settlement": "Split", "municipality": "Split", "county": "Splitsko-dalmatinska", "postal_code": "21000", "geo_source": "dgu-adresa", "diocese": "Splitsko-makarska Nadbiskupija", "diocese_source": "derivirano-crkve.domovina.ai", "email": "udruga-radio.sudamja1@st.t-com.hr", "website": "https://www.udrugaradiosudamja.hr", "phone_e164": "+385913889900", "president": "Joško Tambača", "president_role": "1. Dopredsjednik", "founded_at": "2001-06-27", "registered_at": "2001-07-20", "catholic_confidence": "srednja", "catholic_score": 4.5, "source": ["datagovhr:registar-udruga"], "category_label": "Mediji i nakladništvo", "active": 0}}, {"type": "Feature", "geometry": {"type": "Point", "coordinates": [15.978144, 45.816419]}, "properties": {"id": 191, "slug": "udruga-franjevacki-pokret-zagreb-14889", "name": "UDRUGA \"FRANJEVAČKI POKRET\"", "display_name": "Udruga \"Franjevački Pokret\"", "registry": "registar-udruga", "status": "BRISAN", "category": "pokret", "address": "KAPTOL 9, Zagreb", "city": "Zagreb", "settlement": "Zagreb", "municipality": "Grad Zagreb", "county": "Grad Zagreb", "postal_code": "10000", "geo_source": "dgu-adresa", "diocese": "Zagrebačka Nadbiskupija", "diocese_source": "derivirano-crkve.domovina.ai", "founded_at": "1997-07-16", "registered_at": "1997-11-20", "catholic_confidence": "visoka", "catholic_score": 8.0, "source": ["datagovhr:registar-udruga"], "category_label": "Pokreti i laičke zajednice", "active": 0}}, {"type": "Feature", "geometry": {"type": "Point", "coordinates": [18.424949, 45.664083]}, "properties": {"id": 193, "slug": "humanitarna-udruga-karmel-valpovo-7961", "name": "HUMANITARNA UDRUGA \"KARMEL\"", "display_name": "Humanitarna Udruga \"Karmel\"", "registry": "registar-udruga", "status": "BRISAN", "category": "karitativna", "address": "STAROVALPOVAČKI PUT, Valpovo", "city": "Valpovo", "settlement": "Valpovo", "municipality": "Valpovo", "county": "Osječko-baranjska", "geo_source": "naselje-teziste", "diocese": "Đakovačko-osječka Nadbiskupija", "diocese_source": "derivirano-crkve.domovina.ai", "president": "Mirko Mikić", "president_role": "Predsjednik Udruge", "founded_at": "2001-01-12", "registered_at": "2001-01-22", "catholic_confidence": "visoka", "catholic_score": 9.0, "source": ["datagovhr:registar-udruga"], "category_label": "Karitativne i humanitarne", "active": 0}}, {"type": "Feature", "geometry": {"type": "Point", "coordinates": [13.854531, 44.867697]}, "properties": {"id": 194, "slug": "katolicki-obiteljski-centar-nazaret-pula-9323", "name": "KATOLIČKI OBITELJSKI CENTAR \"NAZARET\"", "display_name": "Katolički Obiteljski Centar \"Nazaret\"", "short_name": "CENTAR \"NAZARET\"", "registry": "registar-udruga", "oib": "26245309323", "status": "BRISAN", "category": "obitelj", "address": "Zagrebačka 30, Pula", "city": "Pula", "settlement": "Pula", "municipality": "Pula - Pola", "county": "Istarska", "postal_code": "52100", "geo_source": "dgu-adresa", "diocese": "Biskupija Porečka i Pulska", "diocese_source": "derivirano-crkve.domovina.ai", "president": "Josip Ružić", "president_role": "Predsjednik Udruge", "founded_at": "1999-09-19", "registered_at": "1999-10-13", "catholic_confidence": "visoka", "catholic_score": 8.5, "source": ["datagovhr:registar-udruga"], "category_label": "Obitelj i život", "active": 0}}, {"type": "Feature", "geometry": {"type": "Point", "coordinates": [14.53452, 45.290991]}, "properties": {"id": 195, "slug": "bratovstina-sv-nikole-u-kostreni-sv-barbara-kostrena-0145", "name": "BRATOVŠTINA SV.NIKOLE U KOSTRENI SV. BARBARA", "display_name": "Bratovština Sv.nikole u Kostreni sv. Barbara", "short_name": "BRATOVŠTINA SV. NIKOLE", "registry": "registar-udruga", "oib": "46476970145", "status": "AKTIVAN", "category": "bratovstina", "address": "Trg Svete Barbare 1, Kostrena", "city": "Kostrena", "settlement": "Kostrena", "municipality": "Kostrena", "county": "Primorsko-goranska", "postal_code": "51221", "geo_source": "dgu-adresa", "diocese": "Riječka Nadbiskupija", "diocese_source": "derivirano-crkve.domovina.ai", "email": "tomislavtijan@gmail.com", "website": "https://www.bratovstinasvnikolasvbarbara.hr", "phone_e164": "+38598215877", "president": "Branimir Šoić", "president_role": "Drugi Dopredsjednik", "founded_at": "1999-07-19", "registered_at": "1999-10-12", "catholic_confidence": "srednja", "catholic_score": 5.5, "source": ["datagovhr:registar-udruga"], "category_label": "Bratovštine", "active": 1}}, {"type": "Feature", "geometry": {"type": "Point", "coordinates": [15.970621, 45.813416]}, "properties": {"id": 196, "slug": "hrvatski-katolicki-zbor-mi-zagreb-9090", "name": "HRVATSKI KATOLIČKI ZBOR \"MI\"", "display_name": "Hrvatski Katolički Zbor \"MI\"", "short_name": "ZBOR \"MI\"", "registry": "registar-udruga", "oib": "35450539090", "status": "AKTIVAN", "category": "glazba", "address": "Mesnička ulica 2, Zagreb", "city": "Zagreb", "settlement": "Zagreb", "municipality": "Grad Zagreb", "county": "Grad Zagreb", "postal_code": "10000", "geo_source": "dgu-adresa", "diocese": "Zagrebačka Nadbiskupija", "diocese_source": "derivirano-crkve.domovina.ai", "email": "denis.bajs@odmb.hr", "phone_e164": "+385915252369", "president": "Božo Skoko", "president_role": "Predsjednik", "founded_at": "1990-09-30", "registered_at": "1998-01-22", "catholic_confidence": "visoka", "catholic_score": 10.0, "source": ["datagovhr:registar-udruga"], "category_label": "Zborovi i crkvena glazba", "active": 1}}, {"type": "Feature", "geometry": {"type": "Point", "coordinates": [16.006368, 45.811262]}, "properties": {"id": 197, "slug": "katolicka-udruga-kap-dobrote-zagreb-6928", "name": "KATOLIČKA UDRUGA  \"KAP DOBROTE\"", "display_name": "Katolička Udruga \"Kap Dobrote\"", "registry": "registar-udruga", "oib": "97517626928", "status": "AKTIVAN", "category": "karitativna", "address": "Stara Peščenica IV. 3, Zagreb", "city": "Zagreb", "settlement": "Zagreb", "municipality": "Grad Zagreb", "county": "Grad Zagreb", "postal_code": "10123", "geo_source": "dgu-adresa", "diocese": "Zagrebačka Nadbiskupija", "diocese_source": "derivirano-crkve.domovina.ai", "email": "kap-dobrote@zg.htnet.hr", "website": "https://www.kap-dobrote.hr", "phone_e164": "+38512317802", "president": "Marin Marić", "president_role": "Predsjednik", "founded_at": "1990-12-19", "registered_at": "1998-02-02", "catholic_confidence": "visoka", "catholic_score": 9.0, "source": ["datagovhr:registar-udruga"], "category_label": "Karitativne i humanitarne", "active": 1}}, {"type": "Feature", "geometry": {"type": "Point", "coordinates": [15.989419, 45.806906]}, "properties": {"id": 198, "slug": "hrvatsko-katolicko-drustvo-medicinskih-sestara-i-tehnicara-zagreb-4182", "name": "HRVATSKO KATOLIČKO DRUŠTVO MEDICINSKIH SESTARA I TEHNIČARA", "display_name": "Hrvatsko Katoličko Društvo Medicinskih Sestara i Tehničara", "short_name": "HKDMST", "registry": "registar-udruga", "oib": "59085774182", "status": "AKTIVAN", "category": "strukovna", "address": "Trg kralja Petra Krešimira IV. 12, Zagreb", "city": "Zagreb", "settlement": "Zagreb", "municipality": "Grad Zagreb", "county": "Grad Zagreb", "postal_code": "10000", "geo_source": "dgu-adresa", "diocese": "Zagrebačka Nadbiskupija", "diocese_source": "derivirano-crkve.domovina.ai", "email": "hkdmst@gmail.com", "phone_e164": "+385996847888", "president": "Slavica Janković", "president_role": "Predsjednica", "founded_at": "1994-12-17", "registered_at": "1998-02-02", "catholic_confidence": "visoka", "catholic_score": 11.0, "source": ["datagovhr:registar-udruga"], "category_label": "Strukovne (liječnici, učitelji…)", "active": 1}}, {"type": "Feature", "geometry": {"type": "Point", "coordinates": [15.968597, 45.813764]}, "properties": {"id": 200, "slug": "hrvatska-bratovstina-bokeljska-mornarica-809-zagreb-4311", "name": "HRVATSKA BRATOVŠTINA BOKELJSKA MORNARICA 809 ZAGREB", "display_name": "Hrvatska Bratovština Bokeljska Mornarica 809 Zagreb", "registry": "registar-udruga", "oib": "03189734311", "status": "AKTIVAN", "category": "bratovstina", "address": "Ilica 48, Zagreb", "city": "Zagreb", "settlement": "Zagreb", "municipality": "Grad Zagreb", "county": "Grad Zagreb", "postal_code": "10000", "geo_source": "dgu-adresa", "diocese": "Zagrebačka Nadbiskupija", "diocese_source": "derivirano-crkve.domovina.ai", "email": "stanicic@gmail.com", "phone_e164": "+385951919193", "president": "Timor Šatara", "president_role": "Predsjednik", "founded_at": "1991-12-06", "registered_at": "1998-01-07", "catholic_confidence": "visoka", "catholic_score": 8.0, "source": ["datagovhr:registar-udruga"], "category_label": "Bratovštine", "active": 1}}, {"type": "Feature", "geometry": {"type": "Point", "coordinates": [16.11965, 46.002104]}, "properties": {"id": 201, "slug": "streljacki-klub-marija-bistrica-8512", "name": "STRELJAČKI KLUB \"MARIJA BISTRICA\"", "display_name": "Streljački Klub \"Marija Bistrica\"", "short_name": "SK \"Marija Bistrica\"", "registry": "registar-udruga", "oib": "25418848512", "status": "AKTIVAN", "category": "sport", "address": "Zagrebačka ulica 15, Marija Bistrica", "city": "Marija Bistrica", "settlement": "Marija Bistrica", "municipality": "Marija Bistrica", "county": "Krapinsko-zagorska", "postal_code": "49246", "geo_source": "dgu-adresa", "diocese": "Zagrebačka Nadbiskupija", "diocese_source": "derivirano-crkve.domovina.ai", "email": "bgdoo@kr.t-com.hr", "phone_e164": "+38549469640", "president": "Dino Čukman", "president_role": "Predsjednik", "founded_at": "1997-12-29", "registered_at": "1998-01-28", "catholic_confidence": "srednja", "catholic_score": 4.0, "source": ["datagovhr:registar-udruga"], "category_label": "Sport i rekreacija", "active": 1}}, {"type": "Feature", "geometry": {"type": "Point", "coordinates": [16.120631, 46.001688]}, "properties": {"id": 202, "slug": "nogometni-klub-mladost-marija-bistrica-8653", "name": "NOGOMETNI KLUB \"MLADOST\" MARIJA BISTRICA", "display_name": "Nogometni Klub \"Mladost\" Marija Bistrica", "short_name": "NK \"MLADOST\"", "registry": "registar-udruga", "oib": "67626998653", "status": "AKTIVAN", "category": "mladi", "address": "Zagrebačka 13a, Marija Bistrica", "city": "Marija Bistrica", "settlement": "Marija Bistrica", "municipality": "Marija Bistrica", "county": "Krapinsko-zagorska", "postal_code": "49246", "geo_source": "dgu-adresa", "diocese": "Zagrebačka Nadbiskupija", "diocese_source": "derivirano-crkve.domovina.ai", "email": "nk.mladost.marija.bistrica@gmail.com", "phone_e164": "+38549468497", "president": "Marijan Kruhak", "president_role": "Predsjednik", "founded_at": "1997-10-19", "registered_at": "1997-12-15", "catholic_confidence": "srednja", "catholic_score": 5.5, "source": ["datagovhr:registar-udruga"], "category_label": "Mladi i studenti", "active": 1}}, {"type": "Feature", "geometry": {"type": "Point", "coordinates": [15.977893, 45.831873]}, "properties": {"id": 203, "slug": "kolping-katolicko-drustvo-djetica-u-zagrebu-7001", "name": "KOLPING - KATOLIČKO DRUŠTVO DJETIĆA U ZAGREBU", "display_name": "Kolping - Katoličko Društvo Djetića u Zagrebu", "short_name": "KKDD", "registry": "registar-udruga", "oib": "68181467001", "status": "AKTIVAN", "category": "pokret", "address": "Britanski trg 10-11, Zagreb", "city": "Zagreb", "settlement": "Zagreb", "municipality": "Grad Zagreb", "county": "Grad Zagreb", "geo_source": "naselje-teziste", "diocese": "Zagrebačka Nadbiskupija", "diocese_source": "derivirano-crkve.domovina.ai", "president": "Štefek Vincek", "president_role": "Predsjednik", "founded_at": "1997-03-17", "registered_at": "1998-05-26", "catholic_confidence": "visoka", "catholic_score": 14.0, "source": ["datagovhr:registar-udruga"], "category_label": "Pokreti i laičke zajednice", "active": 1}}, {"type": "Feature", "geometry": {"type": "Point", "coordinates": [16.445673, 43.504098]}, "properties": {"id": 204, "slug": "zivot-je-vise-split-0815", "name": "ŽIVOT JE VIŠE", "display_name": "Život Je Više", "registry": "registar-udruga", "oib": "66922650815", "status": "AKTIVAN", "category": "molitvena", "address": "Mihovila Pavlinovića 1, Split", "city": "Split", "settlement": "Split", "municipality": "Split", "county": "Splitsko-dalmatinska", "postal_code": "21000", "geo_source": "dgu-adresa", "diocese": "Splitsko-makarska Nadbiskupija", "diocese_source": "derivirano-crkve.domovina.ai", "email": "umuller777@gmail.com", "phone_e164": "+38521277306", "president": "Uwe Muller", "president_role": "Predsjednik", "founded_at": "1998-03-31", "registered_at": "1998-05-20", "catholic_confidence": "srednja", "catholic_score": 5.0, "source": ["datagovhr:registar-udruga"], "category_label": "Molitvene zajednice", "active": 1}}, {"type": "Feature", "geometry": {"type": "Point", "coordinates": [16.08017, 46.089]}, "properties": {"id": 206, "slug": "drustvo-za-obnovu-i-zastitu-crkve-sv-marije-snjezne-u-belcu-u-likvidaciji-zlatar-0862", "name": "DRUŠTVO ZA OBNOVU I ZAŠTITU CRKVE SV. MARIJE SNJEŽNE U BELCU U LIKVIDACIJI", "display_name": "Društvo za Obnovu i Zaštitu Crkve sv. Marije Snježne u Belcu u Likvidaciji", "registry": "registar-udruga", "oib": "38168710862", "status": "BRISAN", "category": "zupna", "address": "Park hrvatske mladeži 2, Zlatar", "city": "Zlatar", "settlement": "Zlatar", "municipality": "Zlatar", "county": "Krapinsko-zagorska", "postal_code": "49250", "geo_source": "dgu-adresa", "diocese": "Zagrebačka Nadbiskupija", "diocese_source": "derivirano-crkve.domovina.ai", "phone_e164": "+38549466122", "president": "Vidislav Kiš Šaulovečki", "president_role": "Predsjednik Upravnog Odbora", "founded_at": "1994-03-10", "registered_at": "1998-03-13", "catholic_confidence": "srednja", "catholic_score": 4.5, "source": ["datagovhr:registar-udruga"], "category_label": "Župne udruge", "active": 0}}, {"type": "Feature", "geometry": {"type": "Point", "coordinates": [15.977793, 45.807389]}, "properties": {"id": 207, "slug": "hrvatsko-knjizevno-drustvo-sv-jeronima-zagreb-7376", "name": "HRVATSKO KNJIŽEVNO DRUŠTVO SV. JERONIMA", "display_name": "Hrvatsko Književno Društvo sv. Jeronima", "short_name": "HKD SV. JERONIMA", "registry": "registar-udruga", "oib": "94173287376", "status": "AKTIVAN", "category": "mladi", "address": "Trg kralja Tomislava 21, Zagreb", "city": "Zagreb", "settlement": "Zagreb", "municipality": "Grad Zagreb", "county": "Grad Zagreb", "postal_code": "10000", "geo_source": "dgu-adresa", "diocese": "Zagrebačka Nadbiskupija", "diocese_source": "derivirano-crkve.domovina.ai", "email": "tajnikhkd@gmail.com", "website": "https://WWW.KUD-SV.JERONIMA.HR", "phone_e164": "+38598239062", "president": "Zlatko Koren", "president_role": "Predsjednik", "founded_at": "1946-03-18", "registered_at": "1998-03-05", "catholic_confidence": "srednja", "catholic_score": 5.0, "source": ["datagovhr:registar-udruga"], "category_label": "Mladi i studenti", "active": 1}}, {"type": "Feature", "geometry": {"type": "Point", "coordinates": [16.01588, 45.871542]}, "properties": {"id": 208, "slug": "zajednica-svetog-duha-za-ujedinjenje-svjetskog-krscanstva-u-likvidaciji-zagreb-0745", "name": "ZAJEDNICA SVETOG DUHA ZA UJEDINJENJE SVJETSKOG KRŠĆANSTVA U LIKVIDACIJI", "display_name": "Zajednica Svetog Duha za Ujedinjenje Svjetskog Kršćanstva u Likvidaciji", "registry": "registar-udruga", "oib": "50122960745", "status": "PRESTANAK DJELOVANJA", "category": "molitvena", "address": "Štefanovec 125, Zagreb", "city": "Zagreb", "settlement": "Zagreb", "municipality": "Grad Zagreb", "county": "Grad Zagreb", "postal_code": "10040", "geo_source": "dgu-adresa", "diocese": "Zagrebačka Nadbiskupija", "diocese_source": "derivirano-crkve.domovina.ai", "president": "Anto Tomas", "president_role": "Predsjednik Udruge", "founded_at": "1994-01-29", "registered_at": "1998-03-06", "catholic_confidence": "srednja", "catholic_score": 5.5, "source": ["datagovhr:registar-udruga"], "category_label": "Molitvene zajednice", "active": 0}}, {"type": "Feature", "geometry": {"type": "Point", "coordinates": [14.308241, 45.340502]}, "properties": {"id": 210, "slug": "pokret-krscanskih-djelatnika-hrvatske-opatija-0166", "name": "POKRET KRŠĆANSKIH DJELATNIKA HRVATSKE", "display_name": "Pokret Kršćanskih Djelatnika Hrvatske", "short_name": "PKDH", "registry": "registar-udruga", "oib": "89011510166", "status": "BRISAN", "category": "pokret", "address": "Park sv. Jakova 2, Opatija", "city": "Opatija", "settlement": "Opatija", "municipality": "Opatija", "county": "Primorsko-goranska", "geo_source": "naselje-teziste", "diocese": "Riječka Nadbiskupija", "diocese_source": "derivirano-crkve.domovina.ai", "president": "Pio Trdić", "president_role": "Predsjednik Udruge", "founded_at": "1993-10-18", "registered_at": "1998-04-02", "catholic_confidence": "srednja", "catholic_score": 4.0, "source": ["datagovhr:registar-udruga"], "category_label": "Pokreti i laičke zajednice", "active": 0}}, {"type": "Feature", "geometry": {"type": "Point", "coordinates": [15.994461, 45.81543]}, "properties": {"id": 212, "slug": "ekumenska-kulturna-zajednica-crux-veritatis-zagreb-4091", "name": "EKUMENSKA KULTURNA ZAJEDNICA \"CRUX VERITATIS\"", "display_name": "Ekumenska Kulturna Zajednica \"Crux Veritatis\"", "short_name": "CRUX VERITATIS", "registry": "registar-udruga", "oib": "69950044091", "status": "BRISAN", "category": "molitvena", "address": "Jakova Gotovca 10, Zagreb", "city": "Zagreb", "settlement": "Zagreb", "municipality": "Grad Zagreb", "county": "Grad Zagreb", "postal_code": "10123", "geo_source": "dgu-adresa", "diocese": "Zagrebačka Nadbiskupija", "diocese_source": "derivirano-crkve.domovina.ai", "founded_at": "1998-03-03", "registered_at": "1998-04-07", "catholic_confidence": "srednja", "catholic_score": 5.5, "source": ["datagovhr:registar-udruga"], "category_label": "Molitvene zajednice", "active": 0}}, {"type": "Feature", "geometry": {"type": "Point", "coordinates": [13.940314, 45.238132]}, "properties": {"id": 214, "slug": "caritas-biskupije-porec-pula-u-likvidaciji-pazin-3112", "name": "CARITAS BISKUPIJE POREČ-PULA U LIKVIDACIJI", "display_name": "Caritas Biskupije Poreč-pula u Likvidaciji", "registry": "registar-udruga", "oib": "23097463112", "status": "BRISAN", "category": "karitativna", "address": "Jurja Dobrile 6, Pazin", "city": "Pazin", "settlement": "Pazin", "municipality": "Pazin", "county": "Istarska", "postal_code": "52000", "geo_source": "dgu-adresa", "diocese": "Biskupija Porečka i Pulska", "diocese_source": "derivirano-crkve.domovina.ai", "email": "caritas@pazinski-kolegij.hr", "president": "Dražen Kutleša", "president_role": "Predsjednik", "founded_at": "1991-08-20", "registered_at": "1999-02-18", "catholic_confidence": "visoka", "catholic_score": 11.0, "source": ["datagovhr:registar-udruga"], "category_label": "Karitativne i humanitarne", "active": 0}}, {"type": "Feature", "geometry": {"type": "Point", "coordinates": [14.430759, 45.330884]}, "properties": {"id": 215, "slug": "hrvatsko-vitesko-drustvo-eugen-kvaternik-trsat-rijeka-0166", "name": "HRVATSKO VITEŠKO DRUŠTVO \"EUGEN KVATERNIK\" TRSAT-RIJEKA", "display_name": "Hrvatsko Viteško Društvo \"Eugen Kvaternik\" Trsat-rijeka", "short_name": "HVD TRSAT - RIJEKA", "registry": "registar-udruga", "oib": "05739320166", "status": "BRISAN", "category": "hodocasnicka", "address": "Nikole Tesle 4, Rijeka", "city": "Rijeka", "settlement": "Rijeka", "municipality": "Rijeka", "county": "Primorsko-goranska", "postal_code": "51000", "geo_source": "dgu-adresa", "diocese": "Riječka Nadbiskupija", "diocese_source": "derivirano-crkve.domovina.ai", "email": "dubravka.gaus@ri.t-com.hr", "phone_e164": "+38551431919", "president": "Marijan Kauzlarić", "president_role": "Predsjednik", "founded_at": "1999-09-28", "registered_at": "1999-11-10", "catholic_confidence": "srednja", "catholic_score": 8.0, "source": ["datagovhr:registar-udruga"], "category_label": "Hodočašća", "active": 0}}, {"type": "Feature", "geometry": {"type": "Point", "coordinates": [16.330663, 46.306142]}, "properties": {"id": 217, "slug": "nada-za-zivot-varazdin-9691", "name": "\"Nada za život\"", "display_name": "\"Nada za život\"", "registry": "registar-udruga", "oib": "68942589691", "status": "AKTIVAN", "category": "obitelj", "address": "Trakošćanska ulica 22, Varaždin", "city": "Varaždin", "settlement": "Varaždin", "municipality": "Varaždin", "county": "Varaždinska", "postal_code": "42000", "geo_source": "dgu-adresa", "diocese": "Varaždinska Biskupija", "diocese_source": "derivirano-crkve.domovina.ai", "email": "vlado.hoblaj@gmail.com", "phone_e164": "+385922174304", "president": "Vladimir Hoblaj", "president_role": "Predsjednik", "founded_at": "2000-03-15", "registered_at": "2000-04-19", "catholic_confidence": "srednja", "catholic_score": 5.0, "source": ["datagovhr:registar-udruga"], "category_label": "Obitelj i život", "active": 1}}, {"type": "Feature", "geometry": {"type": "Point", "coordinates": [15.977381, 45.81207]}, "properties": {"id": 218, "slug": "hrvatsko-katolicko-lijecnicko-drustvo-zagreb-4011", "name": "HRVATSKO KATOLIČKO LIJEČNIČKO DRUŠTVO", "display_name": "Hrvatsko Katoličko Liječničko Društvo", "short_name": "HKLD", "registry": "registar-udruga", "oib": "35320884011", "status": "AKTIVAN", "category": "strukovna", "address": "Praška 6, Zagreb", "city": "Zagreb", "settlement": "Zagreb", "municipality": "Grad Zagreb", "county": "Grad Zagreb", "postal_code": "10000", "geo_source": "dgu-adresa", "diocese": "Zagrebačka Nadbiskupija", "diocese_source": "derivirano-crkve.domovina.ai", "email": "hkld@hkld.hr", "website": "https://WWW.HKLD.HR", "phone_e164": "+38514817537", "president": "Rok Čivljak", "president_role": "Predsjednik", "founded_at": "1991-02-16", "registered_at": "1999-02-12", "catholic_confidence": "visoka", "catholic_score": 12.0, "source": ["datagovhr:registar-udruga"], "category_label": "Strukovne (liječnici, učitelji…)", "active": 1}}, {"type": "Feature", "geometry": {"type": "Point", "coordinates": [18.607758, 45.767303]}, "properties": {"id": 219, "slug": "madarska-katolicka-zena-baranja-beli-manastir-6128", "name": "\"MAĐARSKA KATOLIČKA ŽENA\" - BARANJA, BELI MANASTIR", "display_name": "\"Mađarska Katolička Žena\" - Baranja, Beli Manastir", "registry": "registar-udruga", "oib": "12642646128", "status": "AKTIVAN", "category": "obitelj", "address": "ULICA SVETOG MARTINA 31A, Beli Manastir", "city": "Beli Manastir", "settlement": "Beli Manastir", "municipality": "Beli Manastir", "county": "Osječko-baranjska", "postal_code": "31300", "geo_source": "dgu-adresa", "diocese": "Đakovačko-osječka Nadbiskupija", "diocese_source": "derivirano-crkve.domovina.ai", "phone_e164": "+385989169407", "president": "Ana Kovačević", "president_role": "Dopredsjednica", "founded_at": "2000-08-02", "registered_at": "2000-09-25", "catholic_confidence": "visoka", "catholic_score": 5.0, "source": ["datagovhr:registar-udruga"], "category_label": "Obitelj i život", "active": 1}}, {"type": "Feature", "geometry": {"type": "Point", "coordinates": [15.913532, 45.798126]}, "properties": {"id": 220, "slug": "udruga-alojzije-stepinac-za-kulturu-humanizam-i-dobrotvorstvo-zagreb-3757", "name": "UDRUGA ALOJZIJE STEPINAC ZA KULTURU, HUMANIZAM I DOBROTVORSTVO", "display_name": "Udruga Alojzije Stepinac za Kulturu, Humanizam i Dobrotvorstvo", "registry": "registar-udruga", "oib": "81546873757", "status": "BRISAN", "category": "karitativna", "address": "Jablanska 22, Zagreb", "city": "Zagreb", "settlement": "Zagreb", "municipality": "Grad Zagreb", "county": "Grad Zagreb", "postal_code": "10110", "geo_source": "dgu-adresa", "diocese": "Zagrebačka Nadbiskupija", "diocese_source": "derivirano-crkve.domovina.ai", "president": "Dragutin Frkanec", "president_role": "Predsjednik Udruge", "founded_at": "2001-05-31", "registered_at": "2001-07-19", "catholic_confidence": "srednja", "catholic_score": 5.0, "source": ["datagovhr:registar-udruga"], "category_label": "Karitativne i humanitarne", "active": 0}}, {"type": "Feature", "geometry": {"type": "Point", "coordinates": [14.386078, 45.348498]}, "properties": {"id": 221, "slug": "medunarodni-centar-za-zivot-rijeka-5491", "name": "MEĐUNARODNI CENTAR ZA ŽIVOT", "display_name": "Međunarodni Centar za Život", "short_name": "MCŽ", "registry": "registar-udruga", "oib": "46772095491", "status": "AKTIVAN", "category": "obitelj", "address": "Primorska 2, Rijeka", "city": "Rijeka", "settlement": "Rijeka", "municipality": "Rijeka", "county": "Primorsko-goranska", "postal_code": "51000", "geo_source": "dgu-adresa", "diocese": "Riječka Nadbiskupija", "diocese_source": "derivirano-crkve.domovina.ai", "email": "deta@ri.t-com.hr", "phone_e164": "+38551254922", "president": "Stevan Dereta", "president_role": "Predsjednik", "founded_at": "1998-01-07", "registered_at": "1998-03-20", "catholic_confidence": "srednja", "catholic_score": 5.0, "source": ["datagovhr:registar-udruga"], "category_label": "Obitelj i život", "active": 1}}, {"type": "Feature", "geometry": {"type": "Point", "coordinates": [16.091597, 45.820054]}, "properties": {"id": 223, "slug": "udruga-daka-franjevacke-klasicne-gimnazije-visoko-zagreb-2542", "name": "UDRUGA ĐAKA FRANJEVAČKE KLASIČNE GIMNAZIJE-VISOKO", "display_name": "Udruga Đaka Franjevačke Klasične Gimnazije-visoko", "registry": "registar-udruga", "oib": "03350862542", "status": "AKTIVAN", "category": "pokret", "address": "Prilaz Sv. Marije Anđeoske 1, Zagreb", "city": "Zagreb", "settlement": "Zagreb", "municipality": "Grad Zagreb", "county": "Grad Zagreb", "postal_code": "10040", "geo_source": "dgu-adresa", "diocese": "Zagrebačka Nadbiskupija", "diocese_source": "derivirano-crkve.domovina.ai", "email": "mtopic@mup.hr", "website": "https://www.uđfkg.hr", "phone_e164": "+385914554649", "president": "Vine Mihaljević", "president_role": "Predsjednik", "founded_at": "1996-10-29", "registered_at": "1998-03-03", "catholic_confidence": "visoka", "catholic_score": 7.0, "source": ["datagovhr:registar-udruga"], "category_label": "Pokreti i laičke zajednice", "active": 1}}, {"type": "Feature", "geometry": {"type": "Point", "coordinates": [15.973915, 45.816717]}, "properties": {"id": 225, "slug": "oratorijsko-drustvo-crkve-svetoga-marka-zagreb-3761", "name": "ORATORIJSKO  DRUŠTVO CRKVE SVETOGA  MARKA", "display_name": "Oratorijsko Društvo Crkve Svetoga Marka", "short_name": "ZBOR \"CANTORES SANCTI MARCI\"", "registry": "registar-udruga", "oib": "99029223761", "status": "AKTIVAN", "category": "zupna", "address": "Trg Sv. Marka 5, Zagreb", "city": "Zagreb", "settlement": "Zagreb", "municipality": "Grad Zagreb", "county": "Grad Zagreb", "postal_code": "10000", "geo_source": "dgu-adresa", "diocese": "Zagrebačka Nadbiskupija", "diocese_source": "derivirano-crkve.domovina.ai", "email": "cantores.sancti.marci@gmail.com", "phone_e164": "+385917886297", "president": "Pavao Mašić", "president_role": "Predsjednik", "founded_at": "1992-11-19", "registered_at": "1999-01-04", "catholic_confidence": "visoka", "catholic_score": 8.0, "source": ["datagovhr:registar-udruga"], "category_label": "Župne udruge", "active": 1}}, {"type": "Feature", "geometry": {"type": "Point", "coordinates": [15.953639, 45.81534]}, "properties": {"id": 226, "slug": "udruga-za-razvoj-i-unapredenje-zavoda-za-endokrinologiju-dijabetes-i-bolesti-metabolizma-mladen-sekso-kbc-sestre-3536", "name": "UDRUGA ZA RAZVOJ I UNAPREĐENJE ZAVODA ZA ENDOKRINOLOGIJU, DIJABETES I BOLESTI METABOLIZMA \"MLADEN SEKSO\"KBC SESTRE MILOSRDNICE", "display_name": "Udruga za Razvoj i Unapređenje Zavoda za Endokrinologiju, Dijabetes i Bolesti Metabolizma \"Mladen Sekso\"kbc Sestre Milosrdnice", "short_name": "UDRUGA ENDOKRINOLOGA \"MLADEN SEKSO\"", "registry": "registar-udruga", "oib": "19535853536", "status": "AKTIVAN", "category": "karitativna", "address": "Vinogradska cesta 29, Zagreb", "city": "Zagreb", "settlement": "Zagreb", "municipality": "Grad Zagreb", "county": "Grad Zagreb", "postal_code": "10109", "geo_source": "dgu-adresa", "diocese": "Zagrebačka Nadbiskupija", "diocese_source": "derivirano-crkve.domovina.ai", "phone_e164": "+38513787122", "president": "Milan Vrkljan", "president_role": "Predsjednik", "founded_at": "1973-03-03", "registered_at": "1998-07-08", "catholic_confidence": "srednja", "catholic_score": 5.5, "source": ["datagovhr:registar-udruga"], "category_label": "Karitativne i humanitarne", "active": 1}}, {"type": "Feature", "geometry": {"type": "Point", "coordinates": [15.971978, 45.81121]}, "properties": {"id": 227, "slug": "hrvatsko-katolicko-drustvo-prosvjetnih-djelatnika-zagreb-5329", "name": "HRVATSKO KATOLIČKO DRUŠTVO PROSVJETNIH DJELATNIKA", "display_name": "Hrvatsko Katoličko Društvo Prosvjetnih Djelatnika", "short_name": "HKDPD", "registry": "registar-udruga", "oib": "25495225329", "status": "AKTIVAN", "category": "strukovna", "address": "Gundulićeva 12, Zagreb", "city": "Zagreb", "settlement": "Zagreb", "municipality": "Grad Zagreb", "county": "Grad Zagreb", "postal_code": "10000", "geo_source": "dgu-adresa", "diocese": "Zagrebačka Nadbiskupija", "diocese_source": "derivirano-crkve.domovina.ai", "email": "hkdpd.zg@gmail.com", "website": "https://www.zrno.fsb.hr/hkdpd", "phone_e164": "+385917953494", "president": "Marina Katinić Pleić", "president_role": "Predsjednica", "founded_at": "1993-05-15", "registered_at": "1998-07-10", "catholic_confidence": "visoka", "catholic_score": 12.0, "source": ["datagovhr:registar-udruga"], "category_label": "Strukovne (liječnici, učitelji…)", "active": 1}}, {"type": "Feature", "geometry": {"type": "Point", "coordinates": [15.978144, 45.816419]}, "properties": {"id": 228, "slug": "hrvatska-udruga-katolickih-gospodarstvenika-zagreb-3574", "name": "HRVATSKA UDRUGA KATOLIČKIH GOSPODARSTVENIKA", "display_name": "Hrvatska Udruga Katoličkih Gospodarstvenika", "short_name": "HUKG", "registry": "registar-udruga", "oib": "17896953574", "status": "BRISAN", "category": "strukovna", "address": "KAPTOL 9, Zagreb", "city": "Zagreb", "settlement": "Zagreb", "municipality": "Grad Zagreb", "county": "Grad Zagreb", "postal_code": "10000", "geo_source": "dgu-adresa", "diocese": "Zagrebačka Nadbiskupija", "diocese_source": "derivirano-crkve.domovina.ai", "president": "Vladimir Wagner", "president_role": "Predsjednik", "founded_at": "1996-10-11", "registered_at": "1998-01-27", "catholic_confidence": "visoka", "catholic_score": 4.0, "source": ["datagovhr:registar-udruga"], "category_label": "Strukovne (liječnici, učitelji…)", "active": 0}}, {"type": "Feature", "geometry": {"type": "Point", "coordinates": [15.985173, 45.848859]}, "properties": {"id": 229, "slug": "udruga-radio-marija-zagreb-3840", "name": "UDRUGA RADIO MARIJA", "display_name": "Udruga Radio Marija", "short_name": "RM", "registry": "registar-udruga", "oib": "53430563840", "status": "AKTIVAN", "category": "mediji", "address": "Kameniti stol 11, Zagreb", "city": "Zagreb", "settlement": "Zagreb", "municipality": "Grad Zagreb", "county": "Grad Zagreb", "postal_code": "10163", "geo_source": "dgu-adresa", "diocese": "Zagrebačka Nadbiskupija", "diocese_source": "derivirano-crkve.domovina.ai", "email": "zlatko.sikiric@zg.t-com.hr", "website": "https://WWW.RADIOMARIJA.HR", "phone_e164": "+385915551201", "president": "Kristina Tabak", "president_role": "Predsjednica", "founded_at": "1995-06-28", "registered_at": "1998-02-09", "catholic_confidence": "srednja", "catholic_score": 6.0, "source": ["datagovhr:registar-udruga"], "category_label": "Mediji i nakladništvo", "active": 1}}, {"type": "Feature", "geometry": {"type": "Point", "coordinates": [16.466745, 43.508141]}, "properties": {"id": 233, "slug": "medugorje-mir-u-likvidaciji-split-6955", "name": "\"MEĐUGORJE - MIR\" U LIKVIDACIJI", "display_name": "\"Međugorje - Mir\" u Likvidaciji", "registry": "registar-udruga", "oib": "44867766955", "status": "BRISAN", "category": "hodocasnicka", "address": "Ruđera Boškovića 19, Split", "city": "Split", "settlement": "Split", "municipality": "Split", "county": "Splitsko-dalmatinska", "postal_code": "21000", "geo_source": "dgu-adresa", "diocese": "Splitsko-makarska Nadbiskupija", "diocese_source": "derivirano-crkve.domovina.ai", "email": "gib@st.t-com.hr", "phone_e164": "+38521378266", "president": "Ivan Landeka", "president_role": "Predsjednik", "founded_at": "1993-01-27", "registered_at": "1998-05-19", "catholic_confidence": "srednja", "catholic_score": 6.0, "source": ["datagovhr:registar-udruga"], "category_label": "Hodočašća", "active": 0}}, {"type": "Feature", "geometry": {"type": "Point", "coordinates": [14.447327, 45.327269]}, "properties": {"id": 234, "slug": "udruga-krscana-za-sastajanje-promicanje-duhovne-kulture-i-obavljanje-humanitarne-djelatnosti-rijeka-0988", "name": "UDRUGA KRŠĆANA ZA SASTAJANJE, PROMICANJE  DUHOVNE KULTURE I OBAVLJANJE HUMANITARNE DJELATNOSTI", "display_name": "Udruga Kršćana za Sastajanje, Promicanje Duhovne Kulture i Obavljanje Humanitarne Djelatnosti", "short_name": "UDRUGA KRŠĆANA", "registry": "registar-udruga", "oib": "94032530988", "status": "AKTIVAN", "category": "karitativna", "address": "Žrtava fašizma 2, Rijeka", "city": "Rijeka", "settlement": "Rijeka", "municipality": "Rijeka", "county": "Primorsko-goranska", "postal_code": "51000", "geo_source": "dgu-adresa", "diocese": "Riječka Nadbiskupija", "diocese_source": "derivirano-crkve.domovina.ai", "email": "udruga@net.hr", "phone_e164": "+38551333664", "president": "Danijel Lukić", "president_role": "Predsjednik", "founded_at": "1990-09-20", "registered_at": "2000-03-24", "catholic_confidence": "visoka", "catholic_score": 9.0, "source": ["datagovhr:registar-udruga"], "category_label": "Karitativne i humanitarne", "active": 1}}, {"type": "Feature", "geometry": {"type": "Point", "coordinates": [15.96748, 45.813454]}, "properties": {"id": 236, "slug": "udruga-obozavatelja-stripa-corto-maltese-i-rock-grupe-corto-zagreb-16641", "name": "UDRUGA OBOŽAVATELJA STRIPA \"CORTO MALTESE\" I ROCK GRUPE CORTO", "display_name": "Udruga Obožavatelja Stripa \"Corto Maltese\" i Rock Grupe Corto", "short_name": "UDRUGA CORTO", "registry": "registar-udruga", "status": "BRISAN", "category": "kultura", "address": "Ilica 60, Zagreb", "city": "Zagreb", "settlement": "Zagreb", "municipality": "Grad Zagreb", "county": "Grad Zagreb", "postal_code": "10000", "geo_source": "dgu-adresa", "diocese": "Zagrebačka Nadbiskupija", "diocese_source": "derivirano-crkve.domovina.ai", "president": "Zvonimir Lugarić", "president_role": "Predsjednik Udruge", "founded_at": "2001-02-05", "registered_at": "2001-03-02", "catholic_confidence": "srednja", "catholic_score": 5.5, "source": ["datagovhr:registar-udruga"], "category_label": "Kultura i baština", "active": 0}}, {"type": "Feature", "geometry": {"type": "Point", "coordinates": [15.982112, 45.815271]}, "properties": {"id": 238, "slug": "drustvo-hrvatska-zena-zagreb-4283", "name": "DRUŠTVO \"HRVATSKA ŽENA\"", "display_name": "Društvo \"Hrvatska Žena\"", "registry": "registar-udruga", "oib": "00256294283", "status": "AKTIVAN", "category": "karitativna", "address": "Ribnjak 2, Zagreb", "city": "Zagreb", "settlement": "Zagreb", "municipality": "Grad Zagreb", "county": "Grad Zagreb", "postal_code": "10112", "geo_source": "dgu-adresa", "diocese": "Zagrebačka Nadbiskupija", "diocese_source": "derivirano-crkve.domovina.ai", "email": "dhz.sredisnjica@gmail.com", "phone_e164": "+38512330569", "president": "Mira Fiket", "president_role": "Predsjednica", "founded_at": "1993-06-26", "registered_at": "1998-05-13", "catholic_confidence": "srednja", "catholic_score": 4.0, "source": ["datagovhr:registar-udruga"], "category_label": "Karitativne i humanitarne", "active": 1}}, {"type": "Feature", "geometry": {"type": "Point", "coordinates": [15.974238, 45.816716]}, "properties": {"id": 239, "slug": "krscanska-informativna-sluzba-u-likvidaciji-zagreb-2131", "name": "KRŠĆANSKA INFORMATIVNA SLUŽBA U LIKVIDACIJI", "display_name": "Kršćanska Informativna Služba u Likvidaciji", "short_name": "KKIS", "registry": "registar-udruga", "oib": "63361982131", "status": "PRESTANAK DJELOVANJA", "category": "molitvena", "address": "Ulica 29. 10. 1918 8, Zagreb", "city": "Zagreb", "settlement": "Zagreb", "municipality": "Grad Zagreb", "county": "Grad Zagreb", "postal_code": "10000", "geo_source": "dgu-adresa", "diocese": "Zagrebačka Nadbiskupija", "diocese_source": "derivirano-crkve.domovina.ai", "president": "Boris Peterlin", "president_role": "Predsjednik", "founded_at": "1991-12-13", "registered_at": "1998-05-08", "catholic_confidence": "srednja", "catholic_score": 4.0, "source": ["datagovhr:registar-udruga"], "category_label": "Molitvene zajednice", "active": 0}}, {"type": "Feature", "geometry": {"type": "Point", "coordinates": [15.712311, 45.801477]}, "properties": {"id": 242, "slug": "bratovstina-svetog-jurja-samobor-6354", "name": "Bratovština Svetog Jurja", "display_name": "Bratovština Svetog Jurja", "registry": "registar-udruga", "oib": "23095106354", "status": "AKTIVAN", "category": "bratovstina", "address": "Ulica Ivana Perkovca 20, Samobor", "city": "Samobor", "settlement": "Samobor", "municipality": "Samobor", "county": "Zagrebačka", "postal_code": "10430", "geo_source": "dgu-adresa", "diocese": "Zagrebačka Nadbiskupija", "diocese_source": "derivirano-crkve.domovina.ai", "email": "zdravko.runtas@gmail.com", "phone_e164": "+385958001555", "president": "Ivan Bradač", "president_role": "Dopredsjednik", "founded_at": "1997-12-19", "registered_at": "1998-02-26", "catholic_confidence": "visoka", "catholic_score": 10.0, "source": ["datagovhr:registar-udruga"], "category_label": "Bratovštine", "active": 1}}, {"type": "Feature", "geometry": {"type": "Point", "coordinates": [17.020228, 43.292927]}, "properties": {"id": 243, "slug": "kolpinska-udruga-splitsko-makarske-nadbiskupije-makarska-8169", "name": "KOLPINŠKA UDRUGA SPLITSKO-MAKARSKE NADBISKUPIJE", "display_name": "Kolpinška Udruga Splitsko-makarske Nadbiskupije", "registry": "registar-udruga", "oib": "20037828169", "status": "AKTIVAN", "category": "karitativna", "address": "Marineta 3, Makarska", "city": "Makarska", "settlement": "Makarska", "municipality": "Makarska", "county": "Splitsko-dalmatinska", "postal_code": "21300", "geo_source": "dgu-adresa", "diocese": "Splitsko-makarska Nadbiskupija", "diocese_source": "derivirano-crkve.domovina.ai", "president": "Karlo Leko", "president_role": "Predsjednik Udruge", "founded_at": "1996-03-17", "registered_at": "1998-05-04", "catholic_confidence": "visoka", "catholic_score": 7.0, "source": ["datagovhr:registar-udruga"], "category_label": "Karitativne i humanitarne", "active": 1}}, {"type": "Feature", "geometry": {"type": "Point", "coordinates": [16.055752, 45.828516]}, "properties": {"id": 244, "slug": "europska-krscanska-misija-zagreb-5872", "name": "EUROPSKA KRŠĆANSKA MISIJA", "display_name": "Europska Kršćanska Misija", "short_name": "EKM", "registry": "registar-udruga", "oib": "39155595872", "status": "AKTIVAN", "category": "molitvena", "address": "Kutjevačka ulica 9, Zagreb", "city": "Zagreb", "settlement": "Zagreb", "municipality": "Grad Zagreb", "county": "Grad Zagreb", "postal_code": "10040", "geo_source": "dgu-adresa", "diocese": "Zagrebačka Nadbiskupija", "diocese_source": "derivirano-crkve.domovina.ai", "email": "kostya.bakanov@gmail.com", "phone_e164": "+385955852258", "president": "Kostiantyn Bakanov", "president_role": "Predsjednik", "founded_at": "2002-04-23", "registered_at": "2002-05-09", "catholic_confidence": "srednja", "catholic_score": 6.5, "source": ["datagovhr:registar-udruga"], "category_label": "Molitvene zajednice", "active": 1}}, {"type": "Feature", "geometry": {"type": "Point", "coordinates": [16.500668, 45.783624]}, "properties": {"id": 245, "slug": "udruga-crkvenog-odbora-za-obnovu-kapele-svete-helene-mostari-marinkovac-u-likvidaciji-3236", "name": "Udruga crkvenog odbora za obnovu kapele Svete Helene Mostari-Marinkovac U LIKVIDACIJI", "display_name": "Udruga crkvenog odbora za obnovu kapele Svete Helene Mostari-Marinkovac U LIKVIDACIJI", "short_name": "\"UCOSHM\"", "registry": "registar-udruga", "oib": "70189603236", "status": "BRISAN", "category": "zupna", "address": "Mostari 91, Mostari", "city": "Mostari", "settlement": "Mostari", "municipality": "Dubrava", "county": "Zagrebačka", "postal_code": "10342", "geo_source": "dgu-adresa", "diocese": "Bjelovarsko-križevačka Biskupija", "diocese_source": "derivirano-crkve.domovina.ai", "president": "Ivan Tkalčević", "president_role": "Dopredsjednik Udruge", "founded_at": "1998-03-12", "registered_at": "1998-04-01", "catholic_confidence": "srednja", "catholic_score": 4.5, "source": ["datagovhr:registar-udruga"], "category_label": "Župne udruge", "active": 0}}, {"type": "Feature", "geometry": {"type": "Point", "coordinates": [15.978088, 45.814614]}, "properties": {"id": 246, "slug": "hrvatsko-drustvo-katolickih-novinara-zagreb-5748", "name": "HRVATSKO DRUŠTVO KATOLIČKIH NOVINARA", "display_name": "Hrvatsko Društvo Katoličkih Novinara", "short_name": "HDKN", "registry": "registar-udruga", "oib": "65206915748", "status": "AKTIVAN", "category": "mediji", "address": "Kaptol 4, Zagreb", "city": "Zagreb", "settlement": "Zagreb", "municipality": "Grad Zagreb", "county": "Grad Zagreb", "postal_code": "10000", "geo_source": "dgu-adresa", "diocese": "Zagrebačka Nadbiskupija", "diocese_source": "derivirano-crkve.domovina.ai", "email": "katolički.novinari@gmail.com", "website": "https://www.hdkn.hr", "phone_e164": "+38598570046", "president": "Suzana Peran", "president_role": "Predsjednica", "founded_at": "1991-01-23", "registered_at": "1999-03-30", "catholic_confidence": "visoka", "catholic_score": 10.0, "source": ["datagovhr:registar-udruga"], "category_label": "Mediji i nakladništvo", "active": 1}}, {"type": "Feature", "geometry": {"type": "Point", "coordinates": [15.977893, 45.831873]}, "properties": {"id": 247, "slug": "krscanska-inicijativa-za-razvoj-zagreb-6748", "name": "KRŠĆANSKA INICIJATIVA ZA RAZVOJ", "display_name": "Kršćanska Inicijativa za Razvoj", "short_name": "KIR", "registry": "registar-udruga", "oib": "03067346748", "status": "AKTIVAN", "category": "molitvena", "address": "JURJA VES III.ODVOJAK 13, Zagreb", "city": "Zagreb", "settlement": "Zagreb", "municipality": "Grad Zagreb", "county": "Grad Zagreb", "geo_source": "naselje-teziste", "diocese": "Zagrebačka Nadbiskupija", "diocese_source": "derivirano-crkve.domovina.ai", "email": "centar-revizija@ka.t-com.hr", "website": "https://www.kir.hr", "phone_e164": "+38547411237", "president": "Eric Kane Maroney", "president_role": "Predsjednik", "founded_at": "2002-07-30", "registered_at": "2002-08-02", "catholic_confidence": "srednja", "catholic_score": 7.5, "source": ["datagovhr:registar-udruga"], "category_label": "Molitvene zajednice", "active": 1}}, {"type": "Feature", "geometry": {"type": "Point", "coordinates": [16.439966, 43.512024]}, "properties": {"id": 248, "slug": "splitski-skautski-zbor-3406", "name": "Splitski skautski zbor", "display_name": "Splitski skautski zbor", "short_name": "SSZ", "registry": "registar-udruga", "oib": "52210063406", "status": "AKTIVAN", "category": "glazba", "address": "Slavićeva 39, Split", "city": "Split", "settlement": "Split", "municipality": "Split", "county": "Splitsko-dalmatinska", "postal_code": "21000", "geo_source": "dgu-adresa", "diocese": "Splitsko-makarska Nadbiskupija", "diocese_source": "derivirano-crkve.domovina.ai", "email": "skaut-st@st.t-com.hr", "website": "https://www.skaut-split.hr", "phone_e164": "+385917532804", "president": "Marin Tudor", "president_role": "Predsjednik", "founded_at": "1962-11-11", "registered_at": "1998-05-11", "catholic_confidence": "srednja", "catholic_score": 4.5, "source": ["datagovhr:registar-udruga"], "category_label": "Zborovi i crkvena glazba", "active": 1}}, {"type": "Feature", "geometry": {"type": "Point", "coordinates": [15.950294, 45.79984]}, "properties": {"id": 250, "slug": "humanitarno-karitativno-drustvo-duga-u-likvidaciji-zagreb-5974", "name": "HUMANITARNO-KARITATIVNO DRUŠTVO \"DUGA\" U LIKVIDACIJI", "display_name": "Humanitarno-karitativno Društvo \"Duga\" u Likvidaciji", "short_name": "HKD \"DUGA\"", "registry": "registar-udruga", "oib": "17249255974", "status": "PRESTANAK DJELOVANJA", "category": "karitativna", "address": "Mokrička 3, Zagreb", "city": "Zagreb", "settlement": "Zagreb", "municipality": "Grad Zagreb", "county": "Grad Zagreb", "postal_code": "10110", "geo_source": "dgu-adresa", "diocese": "Zagrebačka Nadbiskupija", "diocese_source": "derivirano-crkve.domovina.ai", "president": "Rudi Šolić", "president_role": "Predsjednik", "founded_at": "2002-03-05", "registered_at": "2002-05-09", "catholic_confidence": "visoka", "catholic_score": 6.5, "source": ["datagovhr:registar-udruga"], "category_label": "Karitativne i humanitarne", "active": 0}}, {"type": "Feature", "geometry": {"type": "Point", "coordinates": [18.665195, 45.557651]}, "properties": {"id": 253, "slug": "vjerovi-duha-osijek-2286", "name": "\"VJEROVI DUHA\"", "display_name": "\"Vjerovi Duha\"", "registry": "registar-udruga", "oib": "35456532286", "status": "AKTIVAN", "category": "glazba", "address": "IVANA GUNDULIĆA 109, Osijek", "city": "Osijek", "settlement": "Osijek", "municipality": "Osijek", "county": "Osječko-baranjska", "postal_code": "31000", "geo_source": "dgu-adresa", "diocese": "Đakovačko-osječka Nadbiskupija", "diocese_source": "derivirano-crkve.domovina.ai", "president": "Darijo Dumančić", "president_role": "Predsjednik", "founded_at": "1997-12-15", "registered_at": "1998-01-30", "catholic_confidence": "srednja", "catholic_score": 7.0, "source": ["datagovhr:registar-udruga"], "category_label": "Zborovi i crkvena glazba", "active": 1}}, {"type": "Feature", "geometry": {"type": "Point", "coordinates": [15.234387, 44.109427]}, "properties": {"id": 254, "slug": "hrvatska-katolicka-udruga-medicinskih-sestara-i-tehnicara-zadar-8138", "name": "HRVATSKA KATOLIČKA UDRUGA MEDICINSKIH SESTARA I TEHNIČARA ZADAR", "display_name": "Hrvatska Katolička Udruga Medicinskih Sestara i Tehničara Zadar", "short_name": "HKUMST", "registry": "registar-udruga", "oib": "22442568138", "status": "AKTIVAN", "category": "strukovna", "address": "Ulica kralja Stjepana Držislava 10, Zadar", "city": "Zadar", "settlement": "Zadar", "municipality": "Zadar", "county": "Zadarska", "postal_code": "23000", "geo_source": "dgu-adresa", "diocese": "Zadarska Nadbiskupija", "diocese_source": "derivirano-crkve.domovina.ai", "email": "mr.stefancic@gmail.com", "phone_e164": "+385989248153", "president": "Dragica Ban", "president_role": "Dopredsjednica Udruge", "founded_at": "1996-01-17", "registered_at": "1998-02-02", "catholic_confidence": "visoka", "catholic_score": 8.0, "source": ["datagovhr:registar-udruga"], "category_label": "Strukovne (liječnici, učitelji…)", "active": 1}}, {"type": "Feature", "geometry": {"type": "Point", "coordinates": [18.723697, 45.087343]}, "properties": {"id": 255, "slug": "udruga-hrvatskih-dragovoljaca-domovinskog-rata-zdravstvenih-djelatnika-i-djelatnika-u-zdravstvu-zupa-zupanja-18904", "name": "Udruga Hrvatskih dragovoljaca Domovinskog rata zdravstvenih djelatnika i djelatnika u zdravstvu Župa", "display_name": "Udruga Hrvatskih dragovoljaca Domovinskog rata zdravstvenih djelatnika i djelatnika u zdravstvu Župa", "short_name": "UHDDR-a", "registry": "registar-udruga", "status": "BRISAN", "category": "zupna", "address": "F.Račkog 32, Županja", "city": "Županja", "settlement": "Županja", "municipality": "Županja", "county": "Vukovarsko-srijemska", "geo_source": "naselje-teziste", "diocese": "Đakovačko-osječka Nadbiskupija", "diocese_source": "derivirano-crkve.domovina.ai", "president": "Slavko Topić", "president_role": "Predsjednik Udruge", "founded_at": "1997-09-28", "registered_at": "1997-11-26", "catholic_confidence": "srednja", "catholic_score": 4.0, "source": ["datagovhr:registar-udruga"], "category_label": "Župne udruge", "active": 0}}, {"type": "Feature", "geometry": {"type": "Point", "coordinates": [16.848985, 46.294102]}, "properties": {"id": 257, "slug": "odlucan-za-krista-ok-udruga-mladih-legrad-u-likvidaciji-1666", "name": "ODLUČAN ZA KRISTA (OK) - UDRUGA MLADIH LEGRAD U LIKVIDACIJI", "display_name": "Odlučan za Krista (Ok) - Udruga Mladih Legrad u Likvidaciji", "short_name": "\"Odlučan za Krista\" (OK) Legrad", "registry": "registar-udruga", "oib": "83432561666", "status": "BRISAN", "category": "mladi", "address": "Kralja Tomislava 156, Legrad", "city": "Legrad", "settlement": "Legrad", "municipality": "Legrad", "county": "Koprivničko-križevačka", "postal_code": "48317", "geo_source": "dgu-adresa", "diocese": "Varaždinska Biskupija", "diocese_source": "derivirano-crkve.domovina.ai", "president": "Ivana Lukčin", "president_role": "Predsjednica", "founded_at": "2001-11-30", "registered_at": "2002-04-23", "catholic_confidence": "srednja", "catholic_score": 4.0, "source": ["datagovhr:registar-udruga"], "category_label": "Mladi i studenti", "active": 0}}, {"type": "Feature", "geometry": {"type": "Point", "coordinates": [15.977893, 45.831873]}, "properties": {"id": 258, "slug": "mjesoviti-pjevacki-zbor-zupe-sv-nikole-tavelica-zagreb-3672", "name": "MJEŠOVITI PJEVAČKI ZBOR ŽUPE SV.NIKOLE TAVELIĆA", "display_name": "Mješoviti Pjevački Zbor Župe Sv.nikole Tavelića", "registry": "registar-udruga", "oib": "51054373672", "status": "BRISAN", "category": "glazba", "address": "Ulica Sv.Nikole Tavelića 2, Zagreb", "city": "Zagreb", "settlement": "Zagreb", "municipality": "Grad Zagreb", "county": "Grad Zagreb", "geo_source": "naselje-teziste", "diocese": "Zagrebačka Nadbiskupija", "diocese_source": "derivirano-crkve.domovina.ai", "president": "Josip Zajec", "president_role": "Predsjednik", "founded_at": "2002-02-26", "registered_at": "2002-03-14", "catholic_confidence": "visoka", "catholic_score": 6.5, "source": ["datagovhr:registar-udruga"], "category_label": "Zborovi i crkvena glazba", "active": 0}}, {"type": "Feature", "geometry": {"type": "Point", "coordinates": [16.49052, 43.536175]}, "properties": {"id": 259, "slug": "pucki-pivaci-gospe-od-otoka-solin-3653", "name": "PUČKI PIVAČI GOSPE OD OTOKA", "display_name": "Pučki Pivači Gospe od Otoka", "short_name": "PUČKI PIVAČI", "registry": "registar-udruga", "oib": "39687703653", "status": "AKTIVAN", "category": "glazba", "address": "Ulica Kralja Zvonimira 50, Solin", "city": "Solin", "settlement": "Solin", "municipality": "Solin", "county": "Splitsko-dalmatinska", "postal_code": "21210", "geo_source": "dgu-adresa", "diocese": "Splitsko-makarska Nadbiskupija", "diocese_source": "derivirano-crkve.domovina.ai", "email": "pivaci.salone@gmail.com", "phone_e164": "+385915556184", "president": "Ante Parać", "president_role": "Predsjednik Udruge", "founded_at": "2002-06-07", "registered_at": "2002-08-20", "catholic_confidence": "srednja", "catholic_score": 5.0, "source": ["datagovhr:registar-udruga"], "category_label": "Zborovi i crkvena glazba", "active": 1}}, {"type": "Feature", "geometry": {"type": "Point", "coordinates": [16.49851, 43.515276]}, "properties": {"id": 260, "slug": "katolicka-udruga-lovret-za-pomoc-starijim-i-nemocnim-osobama-split-4267", "name": "Katolička udruga Lovret - za pomoć starijim i nemoćnim osobama", "display_name": "Katolička udruga Lovret - za pomoć starijim i nemoćnim osobama", "short_name": "Katolička udruga Lovret", "registry": "registar-udruga", "oib": "25962944267", "status": "AKTIVAN", "category": "karitativna", "address": "Brnik 2, Split", "city": "Split", "settlement": "Split", "municipality": "Split", "county": "Splitsko-dalmatinska", "postal_code": "21000", "geo_source": "dgu-adresa", "diocese": "Splitsko-makarska Nadbiskupija", "diocese_source": "derivirano-crkve.domovina.ai", "email": "katolicka.udruga.lovret1@gmail.com", "website": "https://pubwww.srce.hr/k.u.lovret", "phone_e164": "+38521319924", "president": "Ante Udovičić", "president_role": "Predsjednik Udruge", "founded_at": "1998-01-28", "registered_at": "1998-02-26", "catholic_confidence": "visoka", "catholic_score": 8.0, "source": ["datagovhr:registar-udruga"], "category_label": "Karitativne i humanitarne", "active": 1}}, {"type": "Feature", "geometry": {"type": "Point", "coordinates": [16.850853, 45.909917]}, "properties": {"id": 261, "slug": "udruga-hrvatskih-katolickih-roma-lovara-za-zaposljavanje-roma-i-ostalih-gradana-grada-bjelovara-zupanije-bjelovarsko-7671", "name": "Udruga hrvatskih katoličkih Roma Lovara za zapošljavanje Roma i ostalih građana grada Bjelovara, Županije Bjelovarsko-bilogorske i Republike Hrvatske", "display_name": "Udruga hrvatskih katoličkih Roma Lovara za zapošljavanje Roma i ostalih građana grada Bjelovara, Županije Bjelovarsko-bilogorske i Republike Hrvatske", "registry": "registar-udruga", "oib": "26919277671", "status": "BRISAN", "category": "zupna", "address": "Milana Šufflaya 6, Bjelovar", "city": "Bjelovar", "settlement": "Bjelovar", "municipality": "Bjelovar", "county": "Bjelovarsko-bilogorska", "postal_code": "43000", "geo_source": "dgu-adresa", "diocese": "Bjelovarsko-križevačka Biskupija", "diocese_source": "derivirano-crkve.domovina.ai", "president": "Josip Đurđević", "president_role": "Zamjenik Predsjednika Udruge", "founded_at": "2002-04-22", "registered_at": "2002-04-30", "catholic_confidence": "visoka", "catholic_score": 5.0, "source": ["datagovhr:registar-udruga"], "category_label": "Župne udruge", "active": 0}}, {"type": "Feature", "geometry": {"type": "Point", "coordinates": [16.850853, 45.909917]}, "properties": {"id": 262, "slug": "udruga-hrvatskih-katolickih-roma-lovara-za-sport-i-rekreaciju-roma-i-ostalih-gradana-grada-bjelovara-zupanije-5574", "name": "Udruga hrvatskih katoličkih Roma Lovara za sport i rekreaciju Roma i ostalih građana grada Bjelovara, Županije Bjelovarsko-bilogorske i Republike Hrvatske", "display_name": "Udruga hrvatskih katoličkih Roma Lovara za sport i rekreaciju Roma i ostalih građana grada Bjelovara, Županije Bjelovarsko-bilogorske i Republike Hrvatske", "registry": "registar-udruga", "oib": "76701445574", "status": "BRISAN", "category": "sport", "address": "Milana Šufflaya 6, Bjelovar", "city": "Bjelovar", "settlement": "Bjelovar", "municipality": "Bjelovar", "county": "Bjelovarsko-bilogorska", "postal_code": "43000", "geo_source": "dgu-adresa", "diocese": "Bjelovarsko-križevačka Biskupija", "diocese_source": "derivirano-crkve.domovina.ai", "president": "Nedeljko Đurđević", "president_role": "Predsjednik Udruge", "founded_at": "2002-04-20", "registered_at": "2002-04-30", "catholic_confidence": "visoka", "catholic_score": 4.0, "source": ["datagovhr:registar-udruga"], "category_label": "Sport i rekreacija", "active": 0}}, {"type": "Feature", "geometry": {"type": "Point", "coordinates": [16.117616, 46.010174]}, "properties": {"id": 263, "slug": "lovacko-drustvo-fazan-marija-bistrica-2591", "name": "LOVAČKO DRUŠTVO \"FAZAN\" MARIJA BISTRICA", "display_name": "Lovačko Društvo \"Fazan\" Marija Bistrica", "short_name": "LD \"FAZAN\" MARIJA BISTRICA", "registry": "registar-udruga", "oib": "21186272591", "status": "AKTIVAN", "category": "mladi", "address": "Podgorje Bistričko 392, Marija Bistrica", "city": "Marija Bistrica", "settlement": "Marija Bistrica", "municipality": "Marija Bistrica", "county": "Krapinsko-zagorska", "geo_source": "naselje-teziste", "diocese": "Zagrebačka Nadbiskupija", "diocese_source": "derivirano-crkve.domovina.ai", "phone_e164": "+38549468497", "president": "Juraj Topolovec", "president_role": "Predsjednik", "founded_at": "1997-12-28", "registered_at": "1998-01-28", "catholic_confidence": "srednja", "catholic_score": 4.0, "source": ["datagovhr:registar-udruga"], "category_label": "Mladi i studenti", "active": 1}}, {"type": "Feature", "geometry": {"type": "Point", "coordinates": [16.115001, 46.004958]}, "properties": {"id": 264, "slug": "dobrovoljno-vatrogasno-drustvo-marija-bistrica-4530", "name": "DOBROVOLJNO VATROGASNO DRUŠTVO MARIJA BISTRICA", "display_name": "Dobrovoljno Vatrogasno Društvo Marija Bistrica", "short_name": "DVD MARIJA BISTRICA", "registry": "registar-udruga", "oib": "12908964530", "status": "AKTIVAN", "category": "molitvena", "address": "Nova cesta 21, Marija Bistrica", "city": "Marija Bistrica", "settlement": "Marija Bistrica", "municipality": "Marija Bistrica", "county": "Krapinsko-zagorska", "postal_code": "49246", "geo_source": "dgu-adresa", "diocese": "Zagrebačka Nadbiskupija", "diocese_source": "derivirano-crkve.domovina.ai", "email": "dvd.marijabistrica1889@gmail.com", "phone_e164": "+385989439696", "president": "Velimir Babić", "president_role": "Predsjednik", "founded_at": "1997-12-22", "registered_at": "1998-01-28", "catholic_confidence": "srednja", "catholic_score": 4.0, "source": ["datagovhr:registar-udruga"], "category_label": "Molitvene zajednice", "active": 1}}, {"type": "Feature", "geometry": {"type": "Point", "coordinates": [16.443402, 46.379394]}, "properties": {"id": 265, "slug": "udruga-za-promicanje-evandelja-val-evandelja-u-likvidaciji-cakovec-7883", "name": "UDRUGA ZA PROMICANJE EVANĐELJA  \"VAL EVANĐELJA\" U LIKVIDACIJI", "display_name": "Udruga za Promicanje Evanđelja \"Val Evanđelja\" u Likvidaciji", "short_name": "\"VAL EVANĐELJA\"", "registry": "registar-udruga", "oib": "64065657883", "status": "BRISAN", "category": "mediji", "address": "Tomaša Goričanca 6, Čakovec", "city": "Čakovec", "settlement": "Čakovec", "municipality": "Čakovec", "county": "Međimurska", "postal_code": "40000", "geo_source": "dgu-adresa", "diocese": "Varaždinska Biskupija", "diocese_source": "derivirano-crkve.domovina.ai", "email": "radio-val@ck.t-com.hr", "website": "https://WWW.TWR-HRVATSKA.ORG", "phone_e164": "+38540363390", "president": "Josip Mikulić", "president_role": "Predsjednik", "founded_at": "1999-11-27", "registered_at": "2000-02-29", "catholic_confidence": "srednja", "catholic_score": 6.5, "source": ["datagovhr:registar-udruga"], "category_label": "Mediji i nakladništvo", "active": 0}}, {"type": "Feature", "geometry": {"type": "Point", "coordinates": [15.98771, 45.81335]}, "properties": {"id": 267, "slug": "hrvatsko-biblijsko-drustvo-zagreb-7160", "name": "HRVATSKO  BIBLIJSKO DRUŠTVO", "display_name": "Hrvatsko Biblijsko Društvo", "short_name": "HBD", "registry": "registar-udruga", "oib": "14492217160", "status": "AKTIVAN", "category": "mediji", "address": "Prolaz Jurja Ratkaja 2, Zagreb", "city": "Zagreb", "settlement": "Zagreb", "municipality": "Grad Zagreb", "county": "Grad Zagreb", "postal_code": "10000", "geo_source": "dgu-adresa", "diocese": "Zagrebačka Nadbiskupija", "diocese_source": "derivirano-crkve.domovina.ai", "email": "valerija@hbd.hr", "phone_e164": "+38514670687", "president": "Dražen Brodarić", "president_role": "Predsjednik", "founded_at": "1995-06-06", "registered_at": "1999-09-30", "catholic_confidence": "srednja", "catholic_score": 4.0, "source": ["datagovhr:registar-udruga"], "category_label": "Mediji i nakladništvo", "active": 1}}, {"type": "Feature", "geometry": {"type": "Point", "coordinates": [15.875501, 46.157835]}, "properties": {"id": 268, "slug": "udruga-za-teolosko-biblijsko-proucavanje-krapina-5806", "name": "UDRUGA ZA TEOLOŠKO - BIBLIJSKO PROUČAVANJE", "display_name": "Udruga za Teološko - Biblijsko Proučavanje", "short_name": "UTBP", "registry": "registar-udruga", "oib": "29993305806", "status": "AKTIVAN", "category": "molitvena", "address": "Zagrebačka cesta 20, Krapina", "city": "Krapina", "settlement": "Krapina", "municipality": "Krapina", "county": "Krapinsko-zagorska", "postal_code": "49000", "geo_source": "dgu-adresa", "diocese": "Zagrebačka Nadbiskupija", "diocese_source": "derivirano-crkve.domovina.ai", "email": "utbp@kr.t-com.hr", "phone_e164": "+38549370267", "president": "Miško Horvatek", "president_role": "Predsjednik", "founded_at": "1998-12-12", "registered_at": "1999-08-10", "catholic_confidence": "srednja", "catholic_score": 7.5, "source": ["datagovhr:registar-udruga"], "category_label": "Molitvene zajednice", "active": 1}}, {"type": "Feature", "geometry": {"type": "Point", "coordinates": [16.429519, 43.521365]}, "properties": {"id": 269, "slug": "franjevacki-institut-za-kulturu-mira-split-7965", "name": "FRANJEVAČKI INSTITUT ZA KULTURU MIRA", "display_name": "Franjevački Institut za Kulturu Mira", "registry": "registar-udruga", "oib": "27766497965", "status": "BRISAN", "category": "pokret", "address": "Poljudsko šetalište 4, Split", "city": "Split", "settlement": "Split", "municipality": "Split", "county": "Splitsko-dalmatinska", "postal_code": "21000", "geo_source": "dgu-adresa", "diocese": "Splitsko-makarska Nadbiskupija", "diocese_source": "derivirano-crkve.domovina.ai", "email": "kultura-mira@st.t-com.hr", "website": "https://www.franjevacki-institut.hr", "phone_e164": "+38521381011", "president": "Ante Vučković", "president_role": "Dopredsjednik", "founded_at": "1999-04-02", "registered_at": "1999-08-19", "catholic_confidence": "visoka", "catholic_score": 6.5, "source": ["datagovhr:registar-udruga"], "category_label": "Pokreti i laičke zajednice", "active": 0}}, {"type": "Feature", "geometry": {"type": "Point", "coordinates": [16.337112, 43.54829]}, "properties": {"id": 270, "slug": "biblijski-vrt-stomorija-kastela-kastel-novi-4849", "name": "Biblijski vrt  Stomorija - Kaštela", "display_name": "Biblijski vrt Stomorija - Kaštela", "short_name": "Biblijski vrt", "registry": "registar-udruga", "oib": "00401944849", "status": "AKTIVAN", "category": "mladi", "address": "Ulica kneza Mislava 2, Kaštel Novi", "city": "Kaštel Novi", "settlement": "Kaštel Novi", "municipality": "Kaštela", "county": "Splitsko-dalmatinska", "postal_code": "21216", "geo_source": "dgu-adresa", "diocese": "Splitsko-makarska Nadbiskupija", "diocese_source": "derivirano-crkve.domovina.ai", "email": "zanicanton0701@gmail.com", "phone_e164": "+38598421457", "president": "Anton Žanić", "president_role": "Predsjednik Udruge", "founded_at": "1998-12-19", "registered_at": "1999-02-23", "catholic_confidence": "srednja", "catholic_score": 9.0, "source": ["datagovhr:registar-udruga"], "category_label": "Mladi i studenti", "active": 1}}, {"type": "Feature", "geometry": {"type": "Point", "coordinates": [16.149371, 46.332253]}, "properties": {"id": 271, "slug": "udruga-za-njegovanje-puhacke-glazbe-zupe-vinica-marcan-2468", "name": "Udruga za njegovanje puhačke glazbe  župe Vinica", "display_name": "Udruga za njegovanje puhačke glazbe župe Vinica", "short_name": "Puhački orkestar Vinica", "registry": "registar-udruga", "oib": "13625732468", "status": "AKTIVAN", "category": "glazba", "address": "Josipa Dumbovića 2, Marčan", "city": "Marčan", "settlement": "Marčan", "municipality": "Vinica", "county": "Varaždinska", "postal_code": "42207", "geo_source": "dgu-adresa", "diocese": "Varaždinska Biskupija", "diocese_source": "derivirano-crkve.domovina.ai", "email": "valent.posavec.vz@gmail.com", "phone_e164": "+38542722088", "president": "Valent Posavec", "president_role": "Predsjednik", "founded_at": "2002-09-28", "registered_at": "2002-12-16", "catholic_confidence": "srednja", "catholic_score": 4.5, "source": ["datagovhr:registar-udruga"], "category_label": "Zborovi i crkvena glazba", "active": 1}}, {"type": "Feature", "geometry": {"type": "Point", "coordinates": [15.978144, 45.816419]}, "properties": {"id": 272, "slug": "pomak-pokret-mladih-katolika-u-likvidaciji-zagreb-1166", "name": "\"POMAK - POKRET MLADIH KATOLIKA\" U LIKVIDACIJI", "display_name": "\"Pomak - Pokret Mladih Katolika\" u Likvidaciji", "short_name": "\"POMAK\"", "registry": "registar-udruga", "oib": "82979081166", "status": "PRESTANAK DJELOVANJA", "category": "pokret", "address": "Kaptol 9, Zagreb", "city": "Zagreb", "settlement": "Zagreb", "municipality": "Grad Zagreb", "county": "Grad Zagreb", "postal_code": "10000", "geo_source": "dgu-adresa", "diocese": "Zagrebačka Nadbiskupija", "diocese_source": "derivirano-crkve.domovina.ai", "president": "Davorka Gašparović", "president_role": "Predsjednik Udruge", "founded_at": "1990-11-22", "registered_at": "1998-10-01", "catholic_confidence": "visoka", "catholic_score": 8.5, "source": ["datagovhr:registar-udruga"], "category_label": "Pokreti i laičke zajednice", "active": 0}}, {"type": "Feature", "geometry": {"type": "Point", "coordinates": [15.971566, 45.844741]}, "properties": {"id": 274, "slug": "vojnicki-i-bolnicki-red-sv-lazara-jeruzalemskog-hrvatski-veliki-priorat-zagreb-3772", "name": "VOJNIČKI I BOLNIČKI RED Sv. LAZARA JERUZALEMSKOG, HRVATSKI VELIKI PRIORAT", "display_name": "VOJNIČKI I BOLNIČKI RED Sv. LAZARA JERUZALEMSKOG, HRVATSKI VELIKI PRIORAT", "short_name": "RED SV.LAZARA JERUZALEMSKOG,HRVATSKI VELIKI PRIORAT", "registry": "registar-udruga", "oib": "79432563772", "status": "AKTIVAN", "category": "karitativna", "address": "Mlinovi 22, Zagreb", "city": "Zagreb", "settlement": "Zagreb", "municipality": "Grad Zagreb", "county": "Grad Zagreb", "postal_code": "10163", "geo_source": "dgu-adresa", "diocese": "Zagrebačka Nadbiskupija", "diocese_source": "derivirano-crkve.domovina.ai", "email": "fedor.duerrigl@gmail.com", "phone_e164": "+385911791111", "president": "Fedor Dürrigl", "president_role": "Predsjednik - Veliki Prior", "founded_at": "1992-05-30", "registered_at": "1998-09-25", "catholic_confidence": "srednja", "catholic_score": 6.5, "source": ["datagovhr:registar-udruga"], "category_label": "Karitativne i humanitarne", "active": 1}}, {"type": "Feature", "geometry": {"type": "Point", "coordinates": [18.908347, 44.919492]}, "properties": {"id": 275, "slug": "duhovno-hrasce-nase-gospe-sumanovacke-drenovci-0194", "name": "\"DUHOVNO HRAŠĆE NAŠE GOSPE ŠUMANOVAČKE\"", "display_name": "\"Duhovno Hrašće Naše Gospe Šumanovačke\"", "short_name": "\"DUHOVNO HRAŠĆE\"", "registry": "registar-udruga", "oib": "45312480194", "status": "AKTIVAN", "category": "karitativna", "address": "Braće Radića 6, Drenovci", "city": "Drenovci", "settlement": "Drenovci", "municipality": "Vrbanja", "county": "Vukovarsko-srijemska", "postal_code": "32257", "geo_source": "dgu-adresa", "diocese": "Đakovačko-osječka Nadbiskupija", "diocese_source": "derivirano-crkve.domovina.ai", "email": "andrija.matic@nisk.hr", "phone_e164": "+38598688725", "president": "Andrija Matić", "president_role": "Predsjednik", "founded_at": "1997-12-27", "registered_at": "1998-01-30", "catholic_confidence": "visoka", "catholic_score": 11.0, "source": ["datagovhr:registar-udruga"], "category_label": "Karitativne i humanitarne", "active": 1}}, {"type": "Feature", "geometry": {"type": "Point", "coordinates": [14.6149, 45.227591]}, "properties": {"id": 278, "slug": "zenska-udruga-sv-jakov-jadranovo-6070", "name": "ŽENSKA UDRUGA SV. JAKOV-JADRANOVO", "display_name": "Ženska Udruga sv. Jakov-jadranovo", "short_name": "ŽUSJ-JADRANOVO", "registry": "registar-udruga", "oib": "35914526070", "status": "BRISAN", "category": "mladi", "address": "Ivani 1, Jadranovo", "city": "Jadranovo", "settlement": "Jadranovo", "municipality": "Crikvenica", "county": "Primorsko-goranska", "postal_code": "51264", "geo_source": "dgu-adresa", "diocese": "Riječka Nadbiskupija", "diocese_source": "derivirano-crkve.domovina.ai", "president": "Ljubica Perčinlić", "president_role": "Predsjednik Udruge", "founded_at": "2002-02-28", "registered_at": "2002-03-19", "catholic_confidence": "srednja", "catholic_score": 5.0, "source": ["datagovhr:registar-udruga"], "category_label": "Mladi i studenti", "active": 0}}, {"type": "Feature", "geometry": {"type": "Point", "coordinates": [16.002725, 45.77101]}, "properties": {"id": 280, "slug": "drustvo-prijatelja-biblije-zagreb-8593", "name": "DRUŠTVO PRIJATELJA BIBLIJE", "display_name": "Društvo Prijatelja Biblije", "short_name": "DPB", "registry": "registar-udruga", "oib": "20491888593", "status": "AKTIVAN", "category": "molitvena", "address": "Ulica Božidara Magovca 54, Zagreb", "city": "Zagreb", "settlement": "Zagreb", "municipality": "Grad Zagreb", "county": "Grad Zagreb", "postal_code": "10010", "geo_source": "dgu-adresa", "diocese": "Zagrebačka Nadbiskupija", "diocese_source": "derivirano-crkve.domovina.ai", "email": "info@dpbhouse.org", "website": "https://dpbhouse.org", "phone_e164": "+38516673020", "president": "Timothy-Ivan Špičak", "president_role": "Predsjednik", "founded_at": "1992-08-03", "registered_at": "1998-09-28", "catholic_confidence": "srednja", "catholic_score": 8.0, "source": ["datagovhr:registar-udruga"], "category_label": "Molitvene zajednice", "active": 1}}, {"type": "Feature", "geometry": {"type": "Point", "coordinates": [15.650843, 45.67149]}, "properties": {"id": 282, "slug": "zupski-crkveni-zbor-svetog-nikole-jastrebarsko-u-likvidaciji-8205", "name": "Župski crkveni zbor Svetog Nikole Jastrebarsko U LIKVIDACIJI", "display_name": "Župski crkveni zbor Svetog Nikole Jastrebarsko U LIKVIDACIJI", "short_name": "Zbor Sv. Nikole Jastrebarsko", "registry": "registar-udruga", "oib": "15058828205", "status": "BRISAN", "category": "glazba", "address": "Trg Kardinala Alojzije Stepinca 1, Jastrebarsko", "city": "Jastrebarsko", "settlement": "Jastrebarsko", "municipality": "Jastrebarsko", "county": "Zagrebačka", "postal_code": "10450", "geo_source": "dgu-adresa", "diocese": "Zagrebačka Nadbiskupija", "diocese_source": "derivirano-crkve.domovina.ai", "email": "karlo.mrakuzic@hotmail.com", "phone_e164": "+385915730979", "president": "Karlo Mrakužić", "president_role": "Predsjednik", "founded_at": "1998-01-05", "registered_at": "1998-01-19", "catholic_confidence": "visoka", "catholic_score": 7.0, "source": ["datagovhr:registar-udruga"], "category_label": "Zborovi i crkvena glazba", "active": 0}}, {"type": "Feature", "geometry": {"type": "Point", "coordinates": [15.979405, 45.80823]}, "properties": {"id": 283, "slug": "drustvo-prijatelja-glagoljice-zagreb-1644", "name": "DRUŠTVO PRIJATELJA GLAGOLJICE", "display_name": "Društvo Prijatelja Glagoljice", "short_name": "DPG", "registry": "registar-udruga", "oib": "14609641644", "status": "AKTIVAN", "category": "glazba", "address": "Trg Josipa Jurja Strossmayera 4, Zagreb", "city": "Zagreb", "settlement": "Zagreb", "municipality": "Grad Zagreb", "county": "Grad Zagreb", "postal_code": "10000", "geo_source": "dgu-adresa", "diocese": "Zagrebačka Nadbiskupija", "diocese_source": "derivirano-crkve.domovina.ai", "phone_e164": "+38598514824", "president": "Darko Žubrinić", "president_role": "Predsjednik", "founded_at": "1993-02-22", "registered_at": "2000-02-14", "catholic_confidence": "srednja", "catholic_score": 4.0, "source": ["datagovhr:registar-udruga"], "category_label": "Zborovi i crkvena glazba", "active": 1}}, {"type": "Feature", "geometry": {"type": "Point", "coordinates": [15.953715, 45.817238]}, "properties": {"id": 284, "slug": "humanitarna-udruga-za-osmisljavanje-zivota-osobama-s-posebnim-potrebama-job-zagreb-8222", "name": "Humanitarna udruga za osmišljavanje života osobama s posebnim potrebama \"JOB\"", "display_name": "Humanitarna udruga za osmišljavanje života osobama s posebnim potrebama \"JOB\"", "short_name": "\"JOB\"", "registry": "registar-udruga", "oib": "05018878222", "status": "AKTIVAN", "category": "karitativna", "address": "Vinogradska cesta 44, Zagreb", "city": "Zagreb", "settlement": "Zagreb", "municipality": "Grad Zagreb", "county": "Grad Zagreb", "postal_code": "10109", "geo_source": "dgu-adresa", "diocese": "Zagrebačka Nadbiskupija", "diocese_source": "derivirano-crkve.domovina.ai", "email": "hum.udruga.job@gmail.com", "website": "https://www.udruga13job.hr", "phone_e164": "+385913131313", "president": "Stjepan Kosi", "president_role": "Predsjednik", "founded_at": "1999-11-13", "registered_at": "2000-01-07", "catholic_confidence": "srednja", "catholic_score": 7.0, "source": ["datagovhr:registar-udruga"], "category_label": "Karitativne i humanitarne", "active": 1}}, {"type": "Feature", "geometry": {"type": "Point", "coordinates": [14.464722, 44.529358]}, "properties": {"id": 285, "slug": "molitvena-zajednica-kraljice-ljubavi-mali-losinj-1812", "name": "MOLITVENA ZAJEDNICA KRALJICE LJUBAVI", "display_name": "Molitvena Zajednica Kraljice Ljubavi", "registry": "registar-udruga", "oib": "74218651812", "status": "AKTIVAN", "category": "molitvena", "address": "Š:K. Kozulića 1, Mali Lošinj", "city": "Mali Lošinj", "settlement": "Mali Lošinj", "municipality": "Mali Lošinj", "county": "Primorsko-goranska", "geo_source": "naselje-teziste", "diocese": "Biskupija Krk", "diocese_source": "derivirano-crkve.domovina.ai", "president": "Andrija Javorček", "president_role": "Predsjednik", "founded_at": "1998-02-16", "registered_at": "1998-05-20", "catholic_confidence": "visoka", "catholic_score": 13.0, "source": ["datagovhr:registar-udruga"], "category_label": "Molitvene zajednice", "active": 1}}, {"type": "Feature", "geometry": {"type": "Point", "coordinates": [16.56033, 45.379216]}, "properties": {"id": 286, "slug": "kulturno-umjetnicko-drustvo-seljacka-sloga-greda-sunjska-0774", "name": "KULTURNO UMJETNIČKO DRUŠTVO \"SELJAČKA SLOGA\" GREDA SUNJSKA", "display_name": "Kulturno Umjetničko Društvo \"Seljačka Sloga\" Greda Sunjska", "short_name": "KUD \"SELJAČKA SLOGA\" GREDA SUNJSKA", "registry": "registar-udruga", "oib": "61757370774", "status": "AKTIVAN", "category": "kultura", "address": "Greda Sunjska 99, Greda Sunjska", "city": "Greda Sunjska", "settlement": "Greda Sunjska", "municipality": "Sunja", "county": "Sisačko-moslavačka", "postal_code": "44210", "geo_source": "dgu-adresa", "diocese": "Sisačka Biskupija", "diocese_source": "derivirano-crkve.domovina.ai", "email": "sloga.greda@gmail.com", "phone_e164": "+38598852844", "president": "Damir Softić", "president_role": "Predsjednik Udruge", "founded_at": "1998-01-03", "registered_at": "1998-01-16", "catholic_confidence": "srednja", "catholic_score": 4.0, "source": ["datagovhr:registar-udruga"], "category_label": "Kultura i baština", "active": 1}}, {"type": "Feature", "geometry": {"type": "Point", "coordinates": [16.792156, 45.550449]}, "properties": {"id": 287, "slug": "dobrovoljno-vatrogasno-drustvo-katolicke-caire-3864", "name": "DOBROVOLJNO VATROGASNO DRUŠTVO KATOLIČKE ČAIRE", "display_name": "Dobrovoljno Vatrogasno Društvo Katoličke Čaire", "short_name": "DVD KATOLIČKE ČAIRE", "registry": "registar-udruga", "oib": "32719633864", "status": "AKTIVAN", "category": "molitvena", "address": "Ul. Sv. Ane 55, Katoličke Čaire", "city": "Katoličke Čaire", "settlement": "Katoličke Čaire", "municipality": "Kutina", "county": "Sisačko-moslavačka", "postal_code": "44320", "geo_source": "dgu-adresa", "diocese": "Sisačka Biskupija", "diocese_source": "derivirano-crkve.domovina.ai", "email": "dvdkatolickecaire@gmail.com", "phone_e164": "+38598833089", "president": "Mihael Jugović", "president_role": "Predsjednik", "founded_at": "1997-12-20", "registered_at": "1998-01-15", "catholic_confidence": "visoka", "catholic_score": 4.0, "source": ["datagovhr:registar-udruga"], "category_label": "Molitvene zajednice", "active": 1}}, {"type": "Feature", "geometry": {"type": "Point", "coordinates": [17.094941, 45.306284]}, "properties": {"id": 289, "slug": "kolping-obitelj-zupe-rajic-12394", "name": "KOLPING OBITELJ ŽUPE RAJIĆ", "display_name": "Kolping Obitelj Župe Rajić", "registry": "registar-udruga", "status": "BRISAN", "category": "pokret", "address": "1.SVIBNJA 1995. 135, Rajić", "city": "Rajić", "settlement": "Rajić", "municipality": "Novska", "county": "Sisačko-moslavačka", "postal_code": "44323", "geo_source": "dgu-ulica-fuzzy", "diocese": "Požeška Biskupija", "diocese_source": "derivirano-crkve.domovina.ai", "president": "Damir Blažeković", "president_role": "Dopredsjednik Udruge", "founded_at": "1997-12-13", "registered_at": "1998-01-14", "catholic_confidence": "visoka", "catholic_score": 9.5, "source": ["datagovhr:registar-udruga"], "category_label": "Pokreti i laičke zajednice", "active": 0}}, {"type": "Feature", "geometry": {"type": "Point", "coordinates": [16.52417, 46.378556]}, "properties": {"id": 290, "slug": "hrvatska-senstatska-obitelj-mala-subotica-6691", "name": "HRVATSKA ŠENŠTATSKA OBITELJ", "display_name": "Hrvatska Šenštatska Obitelj", "short_name": "HŠO", "registry": "registar-udruga", "oib": "87107726691", "status": "AKTIVAN", "category": "obitelj", "address": "Ulica Zorana Šegovića 2, Mala Subotica", "city": "Mala Subotica", "settlement": "Mala Subotica", "municipality": "Mala Subotica", "county": "Međimurska", "postal_code": "40321", "geo_source": "dgu-adresa", "diocese": "Varaždinska Biskupija", "diocese_source": "derivirano-crkve.domovina.ai", "email": "sjedistekraljicesrcams@gmail.com", "website": "https://www.hso.hr", "phone_e164": "+385959122080", "president": "Tomislav Ćorluka", "president_role": "Predsjednik", "founded_at": "1999-03-08", "registered_at": "1999-05-26", "catholic_confidence": "srednja", "catholic_score": 7.0, "source": ["datagovhr:registar-udruga"], "category_label": "Obitelj i život", "active": 1}}, {"type": "Feature", "geometry": {"type": "Point", "coordinates": [17.22401, 45.590726]}, "properties": {"id": 291, "slug": "mreza-centar-za-drustvene-inicijative-daruvar-9169", "name": "MREŽA Centar za društvene inicijative", "display_name": "MREŽA Centar za društvene inicijative", "short_name": "MREŽA CDI", "registry": "registar-udruga", "oib": "33864399169", "status": "BRISAN", "category": "karitativna", "address": "Stjepana Radića 15, Daruvar", "city": "Daruvar", "settlement": "Daruvar", "municipality": "Daruvar", "county": "Bjelovarsko-bilogorska", "postal_code": "43500", "geo_source": "dgu-adresa", "diocese": "Požeška Biskupija", "diocese_source": "derivirano-crkve.domovina.ai", "email": "ben.hur1@optinet.hr", "phone_e164": "+38598240589", "president": "Damir Šmalc", "president_role": "Predsjednik", "founded_at": "2006-09-17", "registered_at": "2006-10-04", "catholic_confidence": "srednja", "catholic_score": 4.5, "source": ["datagovhr:registar-udruga"], "category_label": "Karitativne i humanitarne", "active": 0}}, {"type": "Feature", "geometry": {"type": "Point", "coordinates": [14.403826, 45.353669]}, "properties": {"id": 292, "slug": "udruga-desetina-rijeka-0193", "name": "UDRUGA \"DESETINA\"", "display_name": "Udruga \"Desetina\"", "registry": "registar-udruga", "oib": "00003480193", "status": "BRISAN", "category": "karitativna", "address": "Pehlin 41, Rijeka", "city": "Rijeka", "settlement": "Rijeka", "municipality": "Rijeka", "county": "Primorsko-goranska", "postal_code": "51000", "geo_source": "dgu-adresa", "diocese": "Riječka Nadbiskupija", "diocese_source": "derivirano-crkve.domovina.ai", "email": "agneza.it@gmail.com", "phone_e164": "+385912695633", "president": "Ines Turković", "president_role": "Predsjednica", "founded_at": "2008-07-05", "registered_at": "2008-08-29", "catholic_confidence": "srednja", "catholic_score": 7.0, "source": ["datagovhr:registar-udruga"], "category_label": "Karitativne i humanitarne", "active": 0}}, {"type": "Feature", "geometry": {"type": "Point", "coordinates": [15.951187, 45.812544]}, "properties": {"id": 293, "slug": "put-zivota-udruga-za-promicanje-krscanske-rijeci-zagreb-8740", "name": "PUT ŽIVOTA - UDRUGA ZA PROMICANJE KRŠĆANSKE RIJEČI", "display_name": "Put Života - Udruga za Promicanje Kršćanske Riječi", "short_name": "PUT ŽIVOTA", "registry": "registar-udruga", "oib": "13622608740", "status": "AKTIVAN", "category": "glazba", "address": "Ilica 200, Zagreb", "city": "Zagreb", "settlement": "Zagreb", "municipality": "Grad Zagreb", "county": "Grad Zagreb", "postal_code": "10109", "geo_source": "dgu-adresa", "diocese": "Zagrebačka Nadbiskupija", "diocese_source": "derivirano-crkve.domovina.ai", "email": "estera.ullen@zg.htnet.hr", "phone_e164": "+38513704606", "president": "Estera Üllen", "president_role": "Predsjednica", "founded_at": "2006-05-23", "registered_at": "2006-06-09", "catholic_confidence": "srednja", "catholic_score": 4.5, "source": ["datagovhr:registar-udruga"], "category_label": "Zborovi i crkvena glazba", "active": 1}}, {"type": "Feature", "geometry": {"type": "Point", "coordinates": [15.953639, 45.81534]}, "properties": {"id": 294, "slug": "udruga-umirovljenika-klinicke-bolnice-sestre-milosrdnice-u-likvidaciji-zagreb-4458", "name": "UDRUGA UMIROVLJENIKA KLINIČKE BOLNICE \"SESTRE MILOSRDNICE\" U LIKVIDACIJI", "display_name": "Udruga Umirovljenika Kliničke Bolnice \"Sestre Milosrdnice\" u Likvidaciji", "short_name": "U.U.KBCSM", "registry": "registar-udruga", "oib": "18316224458", "status": "BRISAN", "category": "karitativna", "address": "Vinogradska cesta 29, Zagreb", "city": "Zagreb", "settlement": "Zagreb", "municipality": "Grad Zagreb", "county": "Grad Zagreb", "postal_code": "10109", "geo_source": "dgu-adresa", "diocese": "Zagrebačka Nadbiskupija", "diocese_source": "derivirano-crkve.domovina.ai", "president": "Ilija Doko", "president_role": "Predsjednik", "founded_at": "2005-12-13", "registered_at": "2006-08-18", "catholic_confidence": "srednja", "catholic_score": 5.5, "source": ["datagovhr:registar-udruga"], "category_label": "Karitativne i humanitarne", "active": 0}}, {"type": "Feature", "geometry": {"type": "Point", "coordinates": [17.794045, 42.857687]}, "properties": {"id": 296, "slug": "udruga-sveti-ivan-krstitelj-visocani-3760", "name": "Udruga \"Sveti Ivan Krstitelj\" Visočani", "display_name": "Udruga \"Sveti Ivan Krstitelj\" Visočani", "short_name": "\"Sv. Ivan Krstitelj\"", "registry": "registar-udruga", "oib": "86966793760", "status": "AKTIVAN", "category": "bratovstina", "address": "Gornje selo 17, Visočani", "city": "Visočani", "settlement": "Visočani", "municipality": "Dubrovačko Primorje", "county": "Dubrovačko-neretvanska", "postal_code": "20230", "geo_source": "dgu-adresa", "diocese": "Dubrovačka Biskupija - Dioecesis Ragusina", "diocese_source": "derivirano-crkve.domovina.ai", "email": "katarinav48@gmail.com", "phone_e164": "+385981884171", "president": "Ivo Dender", "president_role": "Dopredsjednik", "founded_at": "2008-11-15", "registered_at": "2009-01-19", "catholic_confidence": "srednja", "catholic_score": 7.0, "source": ["datagovhr:registar-udruga"], "category_label": "Bratovštine", "active": 1}}, {"type": "Feature", "geometry": {"type": "Point", "coordinates": [14.423853, 45.338743]}, "properties": {"id": 297, "slug": "udruga-tocka-rijeka-8000", "name": "UDRUGA TOČKA", "display_name": "Udruga Točka", "short_name": "TOČKA", "registry": "registar-udruga", "oib": "47772988000", "status": "AKTIVAN", "category": "molitvena", "address": "Vukovarska 62, Rijeka", "city": "Rijeka", "settlement": "Rijeka", "municipality": "Rijeka", "county": "Primorsko-goranska", "postal_code": "51000", "geo_source": "dgu-adresa", "diocese": "Riječka Nadbiskupija", "diocese_source": "derivirano-crkve.domovina.ai", "email": "tocka.udruga@gmail.com", "website": "https://udrugatocka.hr", "phone_e164": "+385994072384", "president": "Branko Bendra", "president_role": "Dopredsjednik", "founded_at": "2006-03-08", "registered_at": "2006-04-06", "catholic_confidence": "srednja", "catholic_score": 6.0, "source": ["datagovhr:registar-udruga"], "category_label": "Molitvene zajednice", "active": 1}}, {"type": "Feature", "geometry": {"type": "Point", "coordinates": [16.451449, 43.506589]}, "properties": {"id": 298, "slug": "katolicka-udruga-emanuel-split-4611", "name": "KATOLIČKA UDRUGA \"EMANUEL\"", "display_name": "Katolička Udruga \"Emanuel\"", "short_name": "\"Emanuel\"", "registry": "registar-udruga", "oib": "25380664611", "status": "AKTIVAN", "category": "mediji", "address": "Žrnovnička 11, Split", "city": "Split", "settlement": "Split", "municipality": "Split", "county": "Splitsko-dalmatinska", "postal_code": "21000", "geo_source": "dgu-adresa", "diocese": "Splitsko-makarska Nadbiskupija", "diocese_source": "derivirano-crkve.domovina.ai", "email": "gpiasevoli@gmail.com", "president": "Gvido Piasevoli", "president_role": "Predsjednik", "founded_at": "2004-10-14", "registered_at": "2004-12-01", "catholic_confidence": "visoka", "catholic_score": 8.0, "source": ["datagovhr:registar-udruga"], "category_label": "Mediji i nakladništvo", "active": 1}}, {"type": "Feature", "geometry": {"type": "Point", "coordinates": [16.682979, 43.534133]}, "properties": {"id": 299, "slug": "bratovstina-svetog-frane-donji-dolac-3328", "name": "BRATOVŠTINA SVETOG FRANE", "display_name": "Bratovština Svetog Frane", "short_name": "BRATOVŠTINA SV. FRANE", "registry": "registar-udruga", "oib": "93423333328", "status": "AKTIVAN", "category": "bratovstina", "address": "Rudine Dolac Gornji 17, Donji Dolac", "city": "Donji Dolac", "settlement": "Donji Dolac", "municipality": "Omiš", "county": "Splitsko-dalmatinska", "geo_source": "naselje-teziste", "diocese": "Splitsko-makarska Nadbiskupija", "diocese_source": "derivirano-crkve.domovina.ai", "email": "tadinac@yahoo.com", "website": "https://www.bratovstina-svetog-frane.org", "phone_e164": "+385913456713", "president": "Augustin Vranjković", "president_role": "Dopredsjednik", "founded_at": "2009-01-03", "registered_at": "2009-02-25", "catholic_confidence": "visoka", "catholic_score": 7.5, "source": ["datagovhr:registar-udruga"], "category_label": "Bratovštine", "active": 1}}, {"type": "Feature", "geometry": {"type": "Point", "coordinates": [15.71139, 45.780957]}, "properties": {"id": 300, "slug": "bratovstina-presvetog-trojstva-mala-rakovica-7010", "name": "Bratovština Presvetog Trojstva", "display_name": "Bratovština Presvetog Trojstva", "short_name": "BPT", "registry": "registar-udruga", "oib": "87259277010", "status": "AKTIVAN", "category": "bratovstina", "address": "Za Gaj 29, Mala Rakovica", "city": "Mala Rakovica", "settlement": "Mala Rakovica", "municipality": "Samobor", "county": "Zagrebačka", "postal_code": "10430", "geo_source": "dgu-adresa", "diocese": "Zagrebačka Nadbiskupija", "diocese_source": "derivirano-crkve.domovina.ai", "president": "Alojz Cesnik", "president_role": "Predsjednik", "founded_at": "2009-06-01", "registered_at": "2009-07-08", "catholic_confidence": "visoka", "catholic_score": 8.5, "source": ["datagovhr:registar-udruga"], "category_label": "Bratovštine", "active": 1}}, {"type": "Feature", "geometry": {"type": "Point", "coordinates": [14.750048, 45.357332]}, "properties": {"id": 301, "slug": "udruga-svetog-roka-lokve-7896", "name": "UDRUGA SVETOG ROKA", "display_name": "Udruga Svetog Roka", "short_name": "UDRUGA SV. ROKA", "registry": "registar-udruga", "oib": "86185927896", "status": "AKTIVAN", "category": "glazba", "address": "Šetalište Golubinjak 6, Lokve", "city": "Lokve", "settlement": "Lokve", "municipality": "Lokve", "county": "Primorsko-goranska", "postal_code": "51316", "geo_source": "dgu-adresa", "diocese": "Riječka Nadbiskupija", "diocese_source": "derivirano-crkve.domovina.ai", "email": "udrugasvetogroka@gmail.com", "phone_e164": "+385981743545", "president": "Erika Petelin", "president_role": "Predsjednica Udruge", "founded_at": "2009-03-23", "registered_at": "2009-05-06", "catholic_confidence": "srednja", "catholic_score": 6.0, "source": ["datagovhr:registar-udruga"], "category_label": "Zborovi i crkvena glazba", "active": 1}}, {"type": "Feature", "geometry": {"type": "Point", "coordinates": [15.799185, 45.857669]}, "properties": {"id": 302, "slug": "udruga-za-promicanje-krscanskih-vrednota-ljubavi-dobrote-i-mira-prema-covjeku-stepinceva-oaza-mira-zapresic-3807", "name": "Udruga za promicanje kršćanskih vrednota, ljubavi, dobrote i mira prema čovjeku \"Stepinčeva oaza mira\"", "display_name": "Udruga za promicanje kršćanskih vrednota, ljubavi, dobrote i mira prema čovjeku \"Stepinčeva oaza mira\"", "short_name": "\"Stepinčeva oaza mira\"", "registry": "registar-udruga", "oib": "41084513807", "status": "AKTIVAN", "category": "glazba", "address": "Ulica Ferida Galijaševića 2, Zaprešić", "city": "Zaprešić", "settlement": "Zaprešić", "municipality": "Zaprešić", "county": "Zagrebačka", "postal_code": "10290", "geo_source": "dgu-adresa", "diocese": "Zagrebačka Nadbiskupija", "diocese_source": "derivirano-crkve.domovina.ai", "email": "antonija.lacic@gmail.com", "phone_e164": "+38513314083", "president": "Ilija Nikolić", "president_role": "Predsjednik", "founded_at": "2008-05-03", "registered_at": "2008-07-08", "catholic_confidence": "srednja", "catholic_score": 7.0, "source": ["datagovhr:registar-udruga"], "category_label": "Zborovi i crkvena glazba", "active": 1}}, {"type": "Feature", "geometry": {"type": "Point", "coordinates": [15.977893, 45.831873]}, "properties": {"id": 306, "slug": "udruga-studenata-katolickog-bogoslovnog-fakulteta-zagreb-5767", "name": "UDRUGA STUDENATA KATOLIČKOG BOGOSLOVNOG FAKULTETA", "display_name": "Udruga Studenata Katoličkog Bogoslovnog Fakulteta", "short_name": "USKBF", "registry": "registar-udruga", "oib": "11735655767", "status": "AKTIVAN", "category": "mladi", "address": "Petra i Tome Erdodya 4, Zagreb", "city": "Zagreb", "settlement": "Zagreb", "municipality": "Grad Zagreb", "county": "Grad Zagreb", "geo_source": "naselje-teziste", "diocese": "Zagrebačka Nadbiskupija", "diocese_source": "derivirano-crkve.domovina.ai", "president": "Vedran Bonačić", "president_role": "Predsjednik", "founded_at": "2008-11-06", "registered_at": "2008-12-02", "catholic_confidence": "visoka", "catholic_score": 7.5, "source": ["datagovhr:registar-udruga"], "category_label": "Mladi i studenti", "active": 1}}, {"type": "Feature", "geometry": {"type": "Point", "coordinates": [16.545156, 46.025722]}, "properties": {"id": 307, "slug": "udruga-za-promicanje-znamenitih-krizevcana-dr-stjepan-kranjcic-krizevci-3074", "name": "UDRUGA ZA PROMICANJE ZNAMENITIH KRIŽEVČANA \"Dr. STJEPAN KRANJČIĆ\"", "display_name": "UDRUGA ZA PROMICANJE ZNAMENITIH KRIŽEVČANA \"Dr. STJEPAN KRANJČIĆ\"", "short_name": "UDRUGA \"Dr. STJEPAN KRANJČIĆ\"", "registry": "registar-udruga", "oib": "48384153074", "status": "AKTIVAN", "category": "glazba", "address": "Ulica Ivana Zakmardija Dijankovečkog 1, Križevci", "city": "Križevci", "settlement": "Križevci", "municipality": "Križevci", "county": "Koprivničko-križevačka", "postal_code": "48260", "geo_source": "dgu-adresa", "diocese": "Bjelovarsko-križevačka Biskupija", "diocese_source": "derivirano-crkve.domovina.ai", "email": "baran.tanja@gmail.com", "website": "https://www.kranjcic.hr", "phone_e164": "+385916640850", "president": "Tanja Baran", "president_role": "Predsjednica Udruge", "founded_at": "2007-10-01", "registered_at": "2007-10-12", "catholic_confidence": "srednja", "catholic_score": 7.5, "source": ["datagovhr:registar-udruga"], "category_label": "Zborovi i crkvena glazba", "active": 1}}, {"type": "Feature", "geometry": {"type": "Point", "coordinates": [17.588827, 43.024705]}, "properties": {"id": 308, "slug": "malonogometni-klub-zupa-bagalovic-krvavac-7534", "name": "Malonogometni klub \"Župa Bagalović\"", "display_name": "Malonogometni klub \"Župa Bagalović\"", "short_name": "MNK \"Župa Bagalović\"", "registry": "registar-udruga", "oib": "96835707534", "status": "BRISAN", "category": "sport", "address": "Obala Ante Starčevića 8, Krvavac", "city": "Krvavac", "settlement": "Krvavac", "municipality": "Kula Norinska", "county": "Dubrovačko-neretvanska", "postal_code": "20341", "geo_source": "dgu-adresa", "diocese": "Splitsko-makarska Nadbiskupija", "diocese_source": "derivirano-crkve.domovina.ai", "phone_e164": "+385996507037", "president": "Dalibor Nikolić", "president_role": "Predsjednik", "founded_at": "2007-09-15", "registered_at": "2007-12-10", "catholic_confidence": "srednja", "catholic_score": 4.0, "source": ["datagovhr:registar-udruga"], "category_label": "Sport i rekreacija", "active": 0}}, {"type": "Feature", "geometry": {"type": "Point", "coordinates": [16.64548, 43.446054]}, "properties": {"id": 309, "slug": "molitvena-zajednica-sv-josip-dugi-rat-4188", "name": "MOLITVENA ZAJEDNICA SV.JOSIP", "display_name": "Molitvena Zajednica Sv.josip", "short_name": "SV. JOSIP", "registry": "registar-udruga", "oib": "87974214188", "status": "AKTIVAN", "category": "molitvena", "address": "Hrvatske mornarice 7, Dugi Rat", "city": "Dugi Rat", "settlement": "Dugi Rat", "municipality": "Dugi Rat", "county": "Splitsko-dalmatinska", "postal_code": "21315", "geo_source": "dgu-adresa", "diocese": "Splitsko-makarska Nadbiskupija", "diocese_source": "derivirano-crkve.domovina.ai", "president": "Anđa Jović", "president_role": "Predsjednica", "founded_at": "2007-11-12", "registered_at": "2007-12-28", "catholic_confidence": "visoka", "catholic_score": 10.5, "source": ["datagovhr:registar-udruga"], "category_label": "Molitvene zajednice", "active": 1}}, {"type": "Feature", "geometry": {"type": "Point", "coordinates": [17.715785, 45.327164]}, "properties": {"id": 310, "slug": "konjcki-klub-gospino-brdo-vidovci-5104", "name": "Konjčki klub Gospino brdo", "display_name": "Konjčki klub Gospino brdo", "short_name": "KK Gospino brdo", "registry": "registar-udruga", "oib": "03594165104", "status": "BRISAN", "category": "sport", "address": "Vinogradska 0, Vidovci", "city": "Vidovci", "settlement": "Vidovci", "municipality": "Požega", "county": "Požeško-slavonska", "geo_source": "naselje-teziste", "diocese": "Požeška Biskupija", "diocese_source": "derivirano-crkve.domovina.ai", "president": "Stjepan Boršoš", "president_role": "Predsjednik Upravnog Odbora", "founded_at": "2008-01-10", "registered_at": "2008-02-15", "catholic_confidence": "srednja", "catholic_score": 4.0, "source": ["datagovhr:registar-udruga"], "category_label": "Sport i rekreacija", "active": 0}}, {"type": "Feature", "geometry": {"type": "Point", "coordinates": [15.931408, 45.767305]}, "properties": {"id": 311, "slug": "bratovstina-hrvatskih-vinskih-vitezova-zagreb-0802", "name": "BRATOVŠTINA HRVATSKIH VINSKIH VITEZOVA", "display_name": "Bratovština Hrvatskih Vinskih Vitezova", "short_name": "VINSKI VITEZOVI", "registry": "registar-udruga", "oib": "63024470802", "status": "AKTIVAN", "category": "bratovstina", "address": "Karlovačka cesta 4L, Zagreb", "city": "Zagreb", "settlement": "Zagreb", "municipality": "Grad Zagreb", "county": "Grad Zagreb", "postal_code": "10020", "geo_source": "dgu-adresa", "diocese": "Zagrebačka Nadbiskupija", "diocese_source": "derivirano-crkve.domovina.ai", "email": "bratovstina@vinski-vitezovi.hr", "phone_e164": "+38514817182", "president": "Ivo Delonga", "president_role": "Predsjednik", "founded_at": "2006-06-26", "registered_at": "2006-10-09", "catholic_confidence": "visoka", "catholic_score": 6.5, "source": ["datagovhr:registar-udruga"], "category_label": "Bratovštine", "active": 1}}, {"type": "Feature", "geometry": {"type": "Point", "coordinates": [16.681261, 46.346433]}, "properties": {"id": 312, "slug": "udruga-prijatelji-svetog-roka-draskovec-1465", "name": "UDRUGA \"PRIJATELJI SVETOG ROKA\"", "display_name": "Udruga \"Prijatelji Svetog Roka\"", "short_name": "UDRUGA PSR", "registry": "registar-udruga", "oib": "16139541465", "status": "AKTIVAN", "category": "hodocasnicka", "address": "Draškovićeva ulica 45, Draškovec", "city": "Draškovec", "settlement": "Draškovec", "municipality": "Prelog", "county": "Međimurska", "postal_code": "40323", "geo_source": "dgu-adresa", "diocese": "Varaždinska Biskupija", "diocese_source": "derivirano-crkve.domovina.ai", "email": "prijatelji.svetog.roka@gmail.com", "phone_e164": "+38598303786", "president": "Ivan Vadas", "president_role": "Predsjednik Udruge", "founded_at": "2008-08-18", "registered_at": "2008-09-23", "catholic_confidence": "srednja", "catholic_score": 9.0, "source": ["datagovhr:registar-udruga"], "category_label": "Hodočašća", "active": 1}}, {"type": "Feature", "geometry": {"type": "Point", "coordinates": [16.850853, 45.909917]}, "properties": {"id": 313, "slug": "udruga-hrvatskih-katolickih-roma-lovara-za-svekoliku-pomoc-i-socijalnu-skrb-grada-bjelovara-zupanije-bjelovarsko-6444", "name": "Udruga hrvatskih katoličkih Roma Lovara za svekoliku pomoć i socijalnu skrb grada Bjelovara, Županije Bjelovarsko-bilogorske i Republike Hrvatske", "display_name": "Udruga hrvatskih katoličkih Roma Lovara za svekoliku pomoć i socijalnu skrb grada Bjelovara, Županije Bjelovarsko-bilogorske i Republike Hrvatske", "registry": "registar-udruga", "oib": "80164346444", "status": "BRISAN", "category": "karitativna", "address": "Milana Šufflaya 6, Bjelovar", "city": "Bjelovar", "settlement": "Bjelovar", "municipality": "Bjelovar", "county": "Bjelovarsko-bilogorska", "postal_code": "43000", "geo_source": "dgu-adresa", "diocese": "Bjelovarsko-križevačka Biskupija", "diocese_source": "derivirano-crkve.domovina.ai", "president": "Josip Đurđević", "president_role": "Predsjednik Udruge", "founded_at": "2002-04-20", "registered_at": "2002-04-30", "catholic_confidence": "visoka", "catholic_score": 5.0, "source": ["datagovhr:registar-udruga"], "category_label": "Karitativne i humanitarne", "active": 0}}, {"type": "Feature", "geometry": {"type": "Point", "coordinates": [18.669433, 45.564463]}, "properties": {"id": 315, "slug": "udruga-katolickih-intelektualaca-osijek-9483", "name": "UDRUGA KATOLIČKIH INTELEKTUALACA", "display_name": "Udruga Katoličkih Intelektualaca", "short_name": "UKI", "registry": "registar-udruga", "oib": "32447959483", "status": "BRISAN", "category": "strukovna", "address": "Strossmayerova 58, Osijek", "city": "Osijek", "settlement": "Osijek", "municipality": "Osijek", "county": "Osječko-baranjska", "postal_code": "31000", "geo_source": "dgu-adresa", "diocese": "Đakovačko-osječka Nadbiskupija", "diocese_source": "derivirano-crkve.domovina.ai", "email": "rpsihistal@ffos.hr", "phone_e164": "+38598784488", "president": "Branimir Kurmaić", "president_role": "Dopredsjednik", "founded_at": "2006-11-08", "registered_at": "2006-11-29", "catholic_confidence": "visoka", "catholic_score": 11.5, "source": ["datagovhr:registar-udruga"], "category_label": "Strukovne (liječnici, učitelji…)", "active": 0}}, {"type": "Feature", "geometry": {"type": "Point", "coordinates": [16.6719, 46.382879]}, "properties": {"id": 316, "slug": "cesko-drustvo-sveti-leonard-gorican-4308", "name": "CEŠKO DRUŠTVO SVETI LEONARD GORIČAN", "display_name": "Ceško Društvo Sveti Leonard Goričan", "short_name": "CD - GORIČAN", "registry": "registar-udruga", "oib": "25336364308", "status": "AKTIVAN", "category": "hodocasnicka", "address": "Školska 39, Goričan", "city": "Goričan", "settlement": "Goričan", "municipality": "Goričan", "county": "Međimurska", "postal_code": "40324", "geo_source": "dgu-adresa", "diocese": "Varaždinska Biskupija", "diocese_source": "derivirano-crkve.domovina.ai", "phone_e164": "+385997845968", "president": "Josip Vargec", "president_role": "Predsjednik", "founded_at": "2007-06-20", "registered_at": "2007-07-24", "catholic_confidence": "srednja", "catholic_score": 6.0, "source": ["datagovhr:registar-udruga"], "category_label": "Hodočašća", "active": 1}}, {"type": "Feature", "geometry": {"type": "Point", "coordinates": [15.850649, 45.571594]}, "properties": {"id": 317, "slug": "crkveni-pjevacki-zbor-sv-ane-bratina-pisarovina-2332", "name": "CRKVENI PJEVAČKI ZBOR SV. ANE BRATINA", "display_name": "Crkveni Pjevački Zbor sv. Ane Bratina", "short_name": "CRKVENI ZBOR SV. ANE BRATINA", "registry": "registar-udruga", "oib": "05378482332", "status": "AKTIVAN", "category": "glazba", "address": "Bratina bb, Pisarovina", "city": "Pisarovina", "settlement": "Pisarovina", "municipality": "Pisarovina", "county": "Zagrebačka", "geo_source": "naselje-teziste", "diocese": "Sisačka Biskupija", "diocese_source": "derivirano-crkve.domovina.ai", "president": "Mirjana Petrić", "president_role": "Dopredsjednik", "founded_at": "2006-11-15", "registered_at": "2007-01-29", "catholic_confidence": "srednja", "catholic_score": 4.5, "source": ["datagovhr:registar-udruga"], "category_label": "Zborovi i crkvena glazba", "active": 1}}, {"type": "Feature", "geometry": {"type": "Point", "coordinates": [18.022378, 45.152517]}, "properties": {"id": 319, "slug": "centar-za-hagioterapiju-slavonski-brod-7220", "name": "Centar za hagioterapiju Slavonski Brod", "display_name": "Centar za hagioterapiju Slavonski Brod", "short_name": "CHTSB", "registry": "registar-udruga", "oib": "64989767220", "status": "AKTIVAN", "category": "pokret", "address": "Ulica Radoslava Lopašića 7, Slavonski Brod", "city": "Slavonski Brod", "settlement": "Slavonski Brod", "municipality": "Slavonski Brod", "county": "Brodsko-posavska", "postal_code": "35000", "geo_source": "dgu-adresa", "diocese": "Đakovačko-osječka Nadbiskupija", "diocese_source": "derivirano-crkve.domovina.ai", "email": "mir@sb.t-com.hr", "phone_e164": "+38535400481", "president": "Mirjana Lipovac", "president_role": "Predsjednica Udruge", "founded_at": "2007-08-16", "registered_at": "2007-11-07", "catholic_confidence": "visoka", "catholic_score": 6.5, "source": ["datagovhr:registar-udruga"], "category_label": "Pokreti i laičke zajednice", "active": 1}}, {"type": "Feature", "geometry": {"type": "Point", "coordinates": [18.398142, 42.523326]}, "properties": {"id": 320, "slug": "udruga-bratstvo-sv-nikole-zastolje-1023", "name": "Udruga Bratstvo Sv.Nikole Zastolje", "display_name": "Udruga Bratstvo Sv.Nikole Zastolje", "short_name": "Bratstvo Sv.Nikole Zastolje", "registry": "registar-udruga", "oib": "06442571023", "status": "BRISAN", "category": "bratovstina", "address": "Dom mladeži 00, Zastolje", "city": "Zastolje", "settlement": "Zastolje", "municipality": "Konavle", "county": "Dubrovačko-neretvanska", "geo_source": "naselje-teziste", "diocese": "Dubrovačka Biskupija - Dioecesis Ragusina", "diocese_source": "derivirano-crkve.domovina.ai", "president": "Boškan Ucović", "president_role": "Predsjednik Udruge", "founded_at": "2007-01-20", "registered_at": "2007-02-05", "catholic_confidence": "visoka", "catholic_score": 7.0, "source": ["datagovhr:registar-udruga"], "category_label": "Bratovštine", "active": 0}}, {"type": "Feature", "geometry": {"type": "Point", "coordinates": [14.443096, 45.325126]}, "properties": {"id": 321, "slug": "malonogometni-klub-kapucini-rijeka-4063", "name": "MALONOGOMETNI KLUB KAPUCINI", "display_name": "Malonogometni Klub Kapucini", "short_name": "MNK KAPUCINI", "registry": "registar-udruga", "oib": "95686424063", "status": "BRISAN", "category": "sport", "address": "Vatroslava Lisinskog 2, Rijeka", "city": "Rijeka", "settlement": "Rijeka", "municipality": "Rijeka", "county": "Primorsko-goranska", "postal_code": "51000", "geo_source": "dgu-adresa", "diocese": "Riječka Nadbiskupija", "diocese_source": "derivirano-crkve.domovina.ai", "email": "mnk.kapucini@gmail.com", "website": "https://www.mnk-kapucini.hr", "phone_e164": "+385917846970", "president": "Kristijan Trinajstić", "president_role": "Predsjednik", "founded_at": "2007-01-04", "registered_at": "2007-01-25", "catholic_confidence": "srednja", "catholic_score": 4.0, "source": ["datagovhr:registar-udruga"], "category_label": "Sport i rekreacija", "active": 0}}, {"type": "Feature", "geometry": {"type": "Point", "coordinates": [16.143114, 45.818927]}, "properties": {"id": 322, "slug": "izlazak-udruga-za-promicanje-krscanskih-vrijednosti-sesvete-9663", "name": "IZLAZAK - UDRUGA ZA PROMICANJE KRŠĆANSKIH VRIJEDNOSTI", "display_name": "Izlazak - Udruga za Promicanje Kršćanskih Vrijednosti", "short_name": "IZLAZAK", "registry": "registar-udruga", "oib": "17252659663", "status": "AKTIVAN", "category": "glazba", "address": "Kućanec, Bregovita 4, Sesvete", "city": "Sesvete", "settlement": "Sesvete", "municipality": "Grad Zagreb", "county": "Grad Zagreb", "geo_source": "naselje-teziste", "diocese": "Zagrebačka Nadbiskupija", "diocese_source": "derivirano-crkve.domovina.ai", "email": "zukan.damir@gmail.com", "website": "https://WWW.IZLAZAK.HR", "phone_e164": "+38598773329", "president": "Lordan Ljubenkov", "president_role": "Predsjednik", "founded_at": "2006-08-29", "registered_at": "2006-09-25", "catholic_confidence": "srednja", "catholic_score": 6.0, "source": ["datagovhr:registar-udruga"], "category_label": "Zborovi i crkvena glazba", "active": 1}}, {"type": "Feature", "geometry": {"type": "Point", "coordinates": [15.935947, 45.797771]}, "properties": {"id": 323, "slug": "udruga-licana-mjesta-veliki-skocaj-mali-skocaj-medudrazje-zavalje-vucjak-veliki-banjevac-i-mali-banjevac-zupe-zavalje-3422", "name": "UDRUGA LIČANA MJESTA VELIKI SKOČAJ, MALI SKOČAJ, MEĐUDRAŽJE, ZAVALJE, VUČJAK, VELIKI BANJEVAC I MALI BANJEVAC ŽUPE ZAVALJE", "display_name": "Udruga Ličana Mjesta Veliki Skočaj, Mali Skočaj, Međudražje, Zavalje, Vučjak, Veliki Banjevac i Mali Banjevac Župe Zavalje", "short_name": "UDRUGA LIČANA ŽUPE ZAVALJE", "registry": "registar-udruga", "oib": "52187383422", "status": "AKTIVAN", "category": "zupna", "address": "Fallerovo šetalište 40, Zagreb", "city": "Zagreb", "settlement": "Zagreb", "municipality": "Grad Zagreb", "county": "Grad Zagreb", "postal_code": "10110", "geo_source": "dgu-adresa", "diocese": "Zagrebačka Nadbiskupija", "diocese_source": "derivirano-crkve.domovina.ai", "phone_e164": "+385915385787", "president": "Luka Perišić", "president_role": "Predsjednik", "founded_at": "2007-02-02", "registered_at": "2007-04-13", "catholic_confidence": "visoka", "catholic_score": 7.0, "source": ["datagovhr:registar-udruga"], "category_label": "Župne udruge", "active": 1}}, {"type": "Feature", "geometry": {"type": "Point", "coordinates": [15.926839, 45.81701]}, "properties": {"id": 324, "slug": "komunada-od-gospe-zagreb-9558", "name": "KOMUNADA OD GOSPE", "display_name": "Komunada od Gospe", "short_name": "KOMUNADA", "registry": "registar-udruga", "oib": "57185189558", "status": "BRISAN", "category": "molitvena", "address": "Kustošijanska 60, Zagreb", "city": "Zagreb", "settlement": "Zagreb", "municipality": "Grad Zagreb", "county": "Grad Zagreb", "postal_code": "10109", "geo_source": "dgu-adresa", "diocese": "Zagrebačka Nadbiskupija", "diocese_source": "derivirano-crkve.domovina.ai", "president": "Krešimir Pizek", "president_role": "Dopredsjednik", "founded_at": "2007-07-25", "registered_at": "2007-10-09", "catholic_confidence": "srednja", "catholic_score": 4.0, "source": ["datagovhr:registar-udruga"], "category_label": "Molitvene zajednice", "active": 0}}, {"type": "Feature", "geometry": {"type": "Point", "coordinates": [16.117616, 46.010174]}, "properties": {"id": 326, "slug": "klaster-tradicijskih-obrta-marije-bistrice-marija-bistrica-6588", "name": "KLASTER TRADICIJSKIH OBRTA MARIJE BISTRICE", "display_name": "Klaster Tradicijskih Obrta Marije Bistrice", "short_name": "KLASTER\"BISTRICA\"", "registry": "registar-udruga", "oib": "74120496588", "status": "AKTIVAN", "category": "molitvena", "address": "Zagrebačka bb, Marija Bistrica", "city": "Marija Bistrica", "settlement": "Marija Bistrica", "municipality": "Marija Bistrica", "county": "Krapinsko-zagorska", "geo_source": "naselje-teziste", "diocese": "Zagrebačka Nadbiskupija", "diocese_source": "derivirano-crkve.domovina.ai", "email": "danijel.hajnic2@gmail.com", "phone_e164": "+385955291410", "president": "Danijel Hajnić", "president_role": "Predsjednik", "founded_at": "2008-07-07", "registered_at": "2008-07-21", "catholic_confidence": "srednja", "catholic_score": 5.5, "source": ["datagovhr:registar-udruga"], "category_label": "Molitvene zajednice", "active": 1}}, {"type": "Feature", "geometry": {"type": "Point", "coordinates": [16.335413, 43.547936]}, "properties": {"id": 328, "slug": "udruga-bratovstine-gospe-od-karmela-kastel-stafilic-3891", "name": "UDRUGA BRATOVŠTINE GOSPE OD KARMELA", "display_name": "Udruga Bratovštine Gospe od Karmela", "registry": "registar-udruga", "oib": "21550263891", "status": "AKTIVAN", "category": "bratovstina", "address": "Igrišće 2, Kaštel Štafilić", "city": "Kaštel Štafilić", "settlement": "Kaštel Štafilić", "municipality": "Kaštela", "county": "Splitsko-dalmatinska", "postal_code": "21217", "geo_source": "dgu-adresa", "diocese": "Splitsko-makarska Nadbiskupija", "diocese_source": "derivirano-crkve.domovina.ai", "email": "ante.pensa62@gmail.com", "phone_e164": "+38598527113", "president": "Ante Klišmanić", "president_role": "Župan", "founded_at": "2005-06-10", "registered_at": "2005-07-07", "catholic_confidence": "visoka", "catholic_score": 18.0, "source": ["datagovhr:registar-udruga"], "category_label": "Bratovštine", "active": 1}}, {"type": "Feature", "geometry": {"type": "Point", "coordinates": [18.718113, 45.560402]}, "properties": {"id": 329, "slug": "centar-za-hagioterapiju-osijek-6017", "name": "CENTAR ZA HAGIOTERAPIJU - OSIJEK", "display_name": "Centar za Hagioterapiju - Osijek", "short_name": "CHO", "registry": "registar-udruga", "oib": "52430596017", "status": "AKTIVAN", "category": "pokret", "address": "VODENIČKA 23A, Osijek", "city": "Osijek", "settlement": "Osijek", "municipality": "Osijek", "county": "Osječko-baranjska", "postal_code": "31000", "geo_source": "dgu-adresa", "diocese": "Đakovačko-osječka Nadbiskupija", "diocese_source": "derivirano-crkve.domovina.ai", "email": "zajednicamir.os@gmail.com", "phone_e164": "+385996605666", "president": "Ana Pećar", "president_role": "Predsjednica", "founded_at": "2006-06-27", "registered_at": "2006-07-20", "catholic_confidence": "visoka", "catholic_score": 6.5, "source": ["datagovhr:registar-udruga"], "category_label": "Pokreti i laičke zajednice", "active": 1}}, {"type": "Feature", "geometry": {"type": "Point", "coordinates": [15.564514, 45.51095]}, "properties": {"id": 330, "slug": "udruga-betlehem-karlovac-6379", "name": "UDRUGA BETLEHEM - KARLOVAC", "display_name": "Udruga Betlehem - Karlovac", "short_name": "BETLEHEM", "registry": "registar-udruga", "oib": "93222976379", "status": "AKTIVAN", "category": "karitativna", "address": "Gradac 9, Karlovac", "city": "Karlovac", "settlement": "Karlovac", "municipality": "Karlovac", "county": "Karlovačka", "postal_code": "47000", "geo_source": "dgu-adresa", "diocese": "Zagrebačka Nadbiskupija", "diocese_source": "derivirano-crkve.domovina.ai", "email": "udruga.betlehem@gmail.com", "website": "https://www.betlehem.hr", "phone_e164": "+385953649036", "president": "Renata Dejanović", "president_role": "Predsjednica Udruge", "founded_at": "2008-05-13", "registered_at": "2008-06-17", "catholic_confidence": "srednja", "catholic_score": 4.0, "source": ["datagovhr:registar-udruga"], "category_label": "Karitativne i humanitarne", "active": 1}}, {"type": "Feature", "geometry": {"type": "Point", "coordinates": [15.234568, 44.115067]}, "properties": {"id": 332, "slug": "udruga-hrvatska-za-krista-zadar-2389", "name": "UDRUGA HRVATSKA ZA KRISTA", "display_name": "Udruga Hrvatska za Krista", "registry": "registar-udruga", "oib": "82001072389", "status": "AKTIVAN", "category": "molitvena", "address": "72. BOJNE VOJNE POLICIJE  10, Zadar", "city": "Zadar", "settlement": "Zadar", "municipality": "Zadar", "county": "Zadarska", "postal_code": "23000", "geo_source": "dgu-adresa", "diocese": "Zadarska Nadbiskupija", "diocese_source": "derivirano-crkve.domovina.ai", "email": "bethesda@zd.t-com.hr", "phone_e164": "+38523312660", "president": "Tomislav Čanji", "president_role": "Predsjednik Udruge", "founded_at": "2008-11-12", "registered_at": "2009-02-18", "catholic_confidence": "srednja", "catholic_score": 7.0, "source": ["datagovhr:registar-udruga"], "category_label": "Molitvene zajednice", "active": 1}}, {"type": "Feature", "geometry": {"type": "Point", "coordinates": [17.063961, 46.040846]}, "properties": {"id": 333, "slug": "udruga-hrvatskih-roma-katolika-bajasa-u-likvidaciji-durdevac-9190", "name": "UDRUGA HRVATSKIH ROMA KATOLIKA-BAJAŠA U LIKVIDACIJI", "display_name": "Udruga Hrvatskih Roma Katolika-bajaša u Likvidaciji", "registry": "registar-udruga", "oib": "05377039190", "status": "PRESTANAK DJELOVANJA", "category": "mladi", "address": "Trg sv.Jurja 1, Đurđevac", "city": "Đurđevac", "settlement": "Đurđevac", "municipality": "Đurđevac", "county": "Koprivničko-križevačka", "geo_source": "naselje-teziste", "diocese": "Varaždinska Biskupija", "diocese_source": "derivirano-crkve.domovina.ai", "email": "uhrk.bajasa@gmail.com", "phone_e164": "+38598539572", "president": "Martin Oršuš", "president_role": "Predsjednik", "founded_at": "2006-07-08", "registered_at": "2006-10-17", "catholic_confidence": "visoka", "catholic_score": 4.0, "source": ["datagovhr:registar-udruga"], "category_label": "Mladi i studenti", "active": 0}}, {"type": "Feature", "geometry": {"type": "Point", "coordinates": [14.646755, 45.237418]}, "properties": {"id": 335, "slug": "zdrug-katolickih-skauta-hrvatske-drivenik-9197", "name": "ZDRUG KATOLIČKIH SKAUTA HRVATSKE", "display_name": "Zdrug Katoličkih Skauta Hrvatske", "short_name": "ZDRUG", "registry": "registar-udruga", "oib": "91971839197", "status": "BRISAN", "category": "hodocasnicka", "address": "Stari Grad Drivenik 1, Drivenik", "city": "Drivenik", "settlement": "Drivenik", "municipality": "Vinodolska Općina", "county": "Primorsko-goranska", "postal_code": "51242", "geo_source": "dgu-adresa", "diocese": "Riječka Nadbiskupija", "diocese_source": "derivirano-crkve.domovina.ai", "email": "katolickiskauti@gmail.com", "website": "https://www.katolickiskauti.hr", "phone_e164": "+385922993629", "president": "Asja Pavlović", "president_role": "Predsjednica", "founded_at": "2012-05-15", "registered_at": "2012-06-13", "catholic_confidence": "visoka", "catholic_score": 11.0, "source": ["datagovhr:registar-udruga"], "category_label": "Hodočašća", "active": 0}}, {"type": "Feature", "geometry": {"type": "Point", "coordinates": [18.732985, 45.51175]}, "properties": {"id": 337, "slug": "udruga-stradalnici-domovine-1941-1991-1998-tenja-7766", "name": "UDRUGA STRADALNICI DOMOVINE 1941 - 1991 - 1998", "display_name": "Udruga Stradalnici Domovine 1941 - 1991 - 1998", "short_name": "STRADALNICI DOMOVINE", "registry": "registar-udruga", "oib": "49326357766", "status": "BRISAN", "category": "karitativna", "address": "Orljavska 16, Tenja", "city": "Tenja", "settlement": "Tenja", "municipality": "Osijek", "county": "Osječko-baranjska", "postal_code": "31207", "geo_source": "dgu-adresa", "diocese": "Đakovačko-osječka Nadbiskupija", "diocese_source": "derivirano-crkve.domovina.ai", "email": "stradalnicidomovine@ojooo.com", "phone_e164": "+385996771501", "president": "Stjepan Hržica", "president_role": "Dopredsjednik", "founded_at": "2012-08-26", "registered_at": "2012-10-16", "catholic_confidence": "srednja", "catholic_score": 4.0, "source": ["datagovhr:registar-udruga"], "category_label": "Karitativne i humanitarne", "active": 0}}, {"type": "Feature", "geometry": {"type": "Point", "coordinates": [17.35348, 42.968528]}, "properties": {"id": 339, "slug": "udruga-dragovoljaca-domovinskog-rata-peljeska-zupa-1991-kuna-peljeska-1157", "name": "Udruga dragovoljaca Domovinskog rata - Pelješka župa 1991", "display_name": "Udruga dragovoljaca Domovinskog rata - Pelješka župa 1991", "short_name": "UDDR-PELJEŠKA ŽUPA 1991", "registry": "registar-udruga", "oib": "97818751157", "status": "BRISAN", "category": "zupna", "address": "Pijavičino 32, Kuna Pelješka", "city": "Kuna Pelješka", "settlement": "Kuna Pelješka", "municipality": "Orebić", "county": "Dubrovačko-neretvanska", "geo_source": "naselje-teziste", "diocese": "Dubrovačka Biskupija - Dioecesis Ragusina", "diocese_source": "derivirano-crkve.domovina.ai", "president": "Anto Radović", "president_role": "Predsjednik", "founded_at": "2011-06-05", "registered_at": "2011-06-06", "catholic_confidence": "srednja", "catholic_score": 4.0, "source": ["datagovhr:registar-udruga"], "category_label": "Župne udruge", "active": 0}}, {"type": "Feature", "geometry": {"type": "Point", "coordinates": [15.916826, 45.793609]}, "properties": {"id": 340, "slug": "djela-ljubavi-zagreb-6708", "name": "\"DJELA LJUBAVI\"", "display_name": "\"Djela Ljubavi\"", "registry": "registar-udruga", "oib": "75951796708", "status": "AKTIVAN", "category": "molitvena", "address": "Rudeška cesta 156, Zagreb", "city": "Zagreb", "settlement": "Zagreb", "municipality": "Grad Zagreb", "county": "Grad Zagreb", "postal_code": "10104", "geo_source": "dgu-adresa", "diocese": "Zagrebačka Nadbiskupija", "diocese_source": "derivirano-crkve.domovina.ai", "email": "mglendenning@eurasiaregion.org", "website": "https://www.djelaljubavi.com", "phone_e164": "+385916013989", "president": "Martin Dean Glendenning", "president_role": "Predsjednik", "founded_at": "2011-04-18", "registered_at": "2011-06-10", "catholic_confidence": "srednja", "catholic_score": 4.5, "source": ["datagovhr:registar-udruga"], "category_label": "Molitvene zajednice", "active": 1}}, {"type": "Feature", "geometry": {"type": "Point", "coordinates": [15.554908, 45.493158]}, "properties": {"id": 341, "slug": "molimo-za-zivot-karlovac-4553", "name": "MOLIMO ZA ŽIVOT", "display_name": "Molimo za Život", "short_name": "MZŽ", "registry": "registar-udruga", "oib": "40917234553", "status": "AKTIVAN", "category": "obitelj", "address": "Trg bana Josipa Jelačića 7, Karlovac", "city": "Karlovac", "settlement": "Karlovac", "municipality": "Karlovac", "county": "Karlovačka", "postal_code": "47000", "geo_source": "dgu-adresa", "diocese": "Zagrebačka Nadbiskupija", "diocese_source": "derivirano-crkve.domovina.ai", "phone_e164": "+385955244704", "president": "Mironija Lučić", "president_role": "Predsjednica Udruge", "founded_at": "2014-05-05", "registered_at": "2014-06-13", "catholic_confidence": "srednja", "catholic_score": 5.0, "source": ["datagovhr:registar-udruga"], "category_label": "Obitelj i život", "active": 1}}, {"type": "Feature", "geometry": {"type": "Point", "coordinates": [14.487734, 45.311989]}, "properties": {"id": 342, "slug": "centar-za-duhovnu-obnovu-kostrena-8251", "name": "CENTAR ZA DUHOVNU OBNOVU", "display_name": "Centar za Duhovnu Obnovu", "short_name": "CDO", "registry": "registar-udruga", "oib": "68285348251", "status": "BRISAN", "category": "zupna", "address": "Vrh Martinšćice 86, Kostrena", "city": "Kostrena", "settlement": "Kostrena", "municipality": "Kostrena", "county": "Primorsko-goranska", "postal_code": "51221", "geo_source": "dgu-adresa", "diocese": "Riječka Nadbiskupija", "diocese_source": "derivirano-crkve.domovina.ai", "president": "Leo Vlašić-Klasan", "president_role": "Predsjednik", "founded_at": "2014-01-26", "registered_at": "2014-03-07", "catholic_confidence": "srednja", "catholic_score": 4.0, "source": ["datagovhr:registar-udruga"], "category_label": "Župne udruge", "active": 0}}, {"type": "Feature", "geometry": {"type": "Point", "coordinates": [16.118668, 46.005135]}, "properties": {"id": 343, "slug": "udruga-mladih-marija-bistrica-u-likvidaciji-4352", "name": "UDRUGA MLADIH \"MARIJA BISTRICA\" U LIKVIDACIJI", "display_name": "Udruga Mladih \"Marija Bistrica\" u Likvidaciji", "short_name": "UMMB", "registry": "registar-udruga", "oib": "10151754352", "status": "BRISAN", "category": "mladi", "address": "Trg Pape Ivana Pavla II 34, Marija Bistrica", "city": "Marija Bistrica", "settlement": "Marija Bistrica", "municipality": "Marija Bistrica", "county": "Krapinsko-zagorska", "postal_code": "49246", "geo_source": "dgu-adresa", "diocese": "Zagrebačka Nadbiskupija", "diocese_source": "derivirano-crkve.domovina.ai", "email": "udruga.mladih.mb@gmail.com", "website": "https://www.ummb.hr", "phone_e164": "+38549469119", "president": "Darija Cipriš", "president_role": "Predsjednica", "founded_at": "2012-03-31", "registered_at": "2012-04-16", "catholic_confidence": "srednja", "catholic_score": 5.5, "source": ["datagovhr:registar-udruga"], "category_label": "Mladi i studenti", "active": 0}}, {"type": "Feature", "geometry": {"type": "Point", "coordinates": [13.867014, 44.861072]}, "properties": {"id": 344, "slug": "centar-za-hagioterapiju-pro-homine-pula-2038", "name": "CENTAR ZA HAGIOTERAPIJU PRO HOMINE PULA", "display_name": "Centar za Hagioterapiju Pro Homine Pula", "short_name": "CHT Pula", "registry": "registar-udruga", "oib": "42379732038", "status": "AKTIVAN", "category": "pokret", "address": "Medulinska cesta - Via Medolino 4, Pula", "city": "Pula", "settlement": "Pula", "municipality": "Pula - Pola", "county": "Istarska", "postal_code": "52100", "geo_source": "dgu-adresa", "diocese": "Biskupija Porečka i Pulska", "diocese_source": "derivirano-crkve.domovina.ai", "email": "prohominepu@gmail.com", "phone_e164": "+385911507968", "president": "Dolores Biasiol-Vojnić", "president_role": "Predsjednica Udruge", "founded_at": "2013-09-03", "registered_at": "2013-10-18", "catholic_confidence": "visoka", "catholic_score": 6.5, "source": ["datagovhr:registar-udruga"], "category_label": "Pokreti i laičke zajednice", "active": 1}}, {"type": "Feature", "geometry": {"type": "Point", "coordinates": [16.474527, 43.506321]}, "properties": {"id": 345, "slug": "udruga-mladih-hrvatsko-nadzemlje-u-likvidaciji-split-4830", "name": "UDRUGA MLADIH HRVATSKO NADZEMLJE U LIKVIDACIJI", "display_name": "Udruga Mladih Hrvatsko Nadzemlje u Likvidaciji", "short_name": "HRVATSKO NADZEMLJE", "registry": "registar-udruga", "oib": "71247854830", "status": "BRISAN", "category": "mladi", "address": "Dinka Šimunovića 21, Split", "city": "Split", "settlement": "Split", "municipality": "Split", "county": "Splitsko-dalmatinska", "postal_code": "21000", "geo_source": "dgu-adresa", "diocese": "Splitsko-makarska Nadbiskupija", "diocese_source": "derivirano-crkve.domovina.ai", "president": "Angelo Gale", "president_role": "Predsjednik", "founded_at": "2013-09-09", "registered_at": "2013-10-17", "catholic_confidence": "srednja", "catholic_score": 4.5, "source": ["datagovhr:registar-udruga"], "category_label": "Mladi i studenti", "active": 0}}, {"type": "Feature", "geometry": {"type": "Point", "coordinates": [18.133198, 42.670441]}, "properties": {"id": 346, "slug": "bratovstina-duha-svetoga-u-komolcu-komolac-5464", "name": "Bratovština Duha Svetoga u Komolcu", "display_name": "Bratovština Duha Svetoga u Komolcu", "short_name": "Bratovština Duha Svetoga  Komolc", "registry": "registar-udruga", "oib": "83218255464", "status": "AKTIVAN", "category": "bratovstina", "address": "Tenturija 62, Komolac", "city": "Komolac", "settlement": "Komolac", "municipality": "Dubrovnik", "county": "Dubrovačko-neretvanska", "postal_code": "20236", "geo_source": "dgu-adresa", "diocese": "Dubrovačka Biskupija - Dioecesis Ragusina", "diocese_source": "derivirano-crkve.domovina.ai", "email": "bozo@dubrovacki-vatrogasci.hr", "phone_e164": "+38598244711", "president": "Božo Letunić", "president_role": "Predsjednik", "founded_at": "2012-02-26", "registered_at": "2012-05-07", "catholic_confidence": "visoka", "catholic_score": 10.0, "source": ["datagovhr:registar-udruga"], "category_label": "Bratovštine", "active": 1}}, {"type": "Feature", "geometry": {"type": "Point", "coordinates": [15.948707, 45.824379]}, "properties": {"id": 347, "slug": "kerubim-krscanska-estetika-raste-u-baletu-i-modernom-plesu-zagreb-1704", "name": "KERUBIM - KRŠĆANSKA ESTETIKA RASTE U BALETU I MODERNOM PLESU", "display_name": "Kerubim - Kršćanska Estetika Raste u Baletu i Modernom Plesu", "short_name": "KERUBIM", "registry": "registar-udruga", "oib": "99788311704", "status": "BRISAN", "category": "glazba", "address": "Vinogradi odvojak 48, Zagreb", "city": "Zagreb", "settlement": "Zagreb", "municipality": "Grad Zagreb", "county": "Grad Zagreb", "postal_code": "10109", "geo_source": "dgu-adresa", "diocese": "Zagrebačka Nadbiskupija", "diocese_source": "derivirano-crkve.domovina.ai", "president": "Tvrtko Grgić", "president_role": "Predsjednik", "founded_at": "2012-10-22", "registered_at": "2013-01-08", "catholic_confidence": "srednja", "catholic_score": 4.0, "source": ["datagovhr:registar-udruga"], "category_label": "Zborovi i crkvena glazba", "active": 0}}, {"type": "Feature", "geometry": {"type": "Point", "coordinates": [14.464028, 45.32026]}, "properties": {"id": 348, "slug": "moje-mjesto-pod-suncem-rijeka-1267", "name": "MOJE MJESTO POD SUNCEM", "display_name": "Moje Mjesto Pod Suncem", "short_name": "MMPS", "registry": "registar-udruga", "oib": "09858851267", "status": "AKTIVAN", "category": "karitativna", "address": "Janka Polića Kamova 19, Rijeka", "city": "Rijeka", "settlement": "Rijeka", "municipality": "Rijeka", "county": "Primorsko-goranska", "postal_code": "51000", "geo_source": "dgu-adresa", "diocese": "Riječka Nadbiskupija", "diocese_source": "derivirano-crkve.domovina.ai", "email": "mojemjestopodsuncem@cekade.hr", "website": "https://cekade.hr", "phone_e164": "+385976010367", "president": "Nikolina Ćika", "president_role": "Dopredsjednica", "founded_at": "2013-12-10", "registered_at": "2014-01-10", "catholic_confidence": "srednja", "catholic_score": 4.5, "source": ["datagovhr:registar-udruga"], "category_label": "Karitativne i humanitarne", "active": 1}}, {"type": "Feature", "geometry": {"type": "Point", "coordinates": [15.955322, 45.802484]}, "properties": {"id": 349, "slug": "biblijska-liga-hrvatska-zagreb-5166", "name": "BIBLIJSKA LIGA-HRVATSKA", "display_name": "Biblijska Liga-hrvatska", "short_name": "BIBLIJSKA LIGA", "registry": "registar-udruga", "oib": "40399765166", "status": "AKTIVAN", "category": "sport", "address": "Nova cesta 71, Zagreb", "city": "Zagreb", "settlement": "Zagreb", "municipality": "Grad Zagreb", "county": "Grad Zagreb", "postal_code": "10110", "geo_source": "dgu-adresa", "diocese": "Zagrebačka Nadbiskupija", "diocese_source": "derivirano-crkve.domovina.ai", "phone_e164": "+385958180864", "founded_at": "2012-05-07", "registered_at": "2012-06-13", "catholic_confidence": "srednja", "catholic_score": 4.5, "source": ["datagovhr:registar-udruga"], "category_label": "Sport i rekreacija", "active": 1}}, {"type": "Feature", "geometry": {"type": "Point", "coordinates": [18.34904, 42.553393]}, "properties": {"id": 350, "slug": "bratstvo-svetog-srda-i-baha-pridvorje-6424", "name": "Bratstvo svetog Srđa i Baha Pridvorje", "display_name": "Bratstvo svetog Srđa i Baha Pridvorje", "registry": "registar-udruga", "oib": "85052096424", "status": "AKTIVAN", "category": "bratovstina", "address": "Oprasi gornji  1, Pridvorje", "city": "Pridvorje", "settlement": "Pridvorje", "municipality": "Konavle", "county": "Dubrovačko-neretvanska", "postal_code": "20215", "geo_source": "dgu-adresa", "diocese": "Dubrovačka Biskupija - Dioecesis Ragusina", "diocese_source": "derivirano-crkve.domovina.ai", "president": "Đuro Veselić", "president_role": "Predsjednik", "founded_at": "2011-11-13", "registered_at": "2013-12-17", "catholic_confidence": "visoka", "catholic_score": 8.5, "source": ["datagovhr:registar-udruga"], "category_label": "Bratovštine", "active": 1}}, {"type": "Feature", "geometry": {"type": "Point", "coordinates": [15.832954, 45.822206]}, "properties": {"id": 353, "slug": "udruga-branitelja-domovinskog-rata-zagreb-1868", "name": "UDRUGA BRANITELJA DOMOVINSKOG RATA", "display_name": "Udruga Branitelja Domovinskog Rata", "short_name": "UBDR", "registry": "registar-udruga", "oib": "64685751868", "status": "AKTIVAN", "category": "mediji", "address": "Aleja seljačke bune 40, Zagreb", "city": "Zagreb", "settlement": "Zagreb", "municipality": "Grad Zagreb", "county": "Grad Zagreb", "postal_code": "10172", "geo_source": "dgu-adresa", "diocese": "Zagrebačka Nadbiskupija", "diocese_source": "derivirano-crkve.domovina.ai", "email": "ubdrhr@gmail.com", "phone_e164": "+38598255208", "president": "Darko Mihaljević", "president_role": "Predsjednik", "founded_at": "2010-05-10", "registered_at": "2010-09-07", "catholic_confidence": "srednja", "catholic_score": 4.0, "source": ["datagovhr:registar-udruga"], "category_label": "Mediji i nakladništvo", "active": 1}}, {"type": "Feature", "geometry": {"type": "Point", "coordinates": [14.545649, 45.164683]}, "properties": {"id": 354, "slug": "hrvatsko-maltesko-drustvo-prijateljstva-njivice-4545", "name": "HRVATSKO-MALTEŠKO DRUŠTVO PRIJATELJSTVA", "display_name": "Hrvatsko-malteško Društvo Prijateljstva", "registry": "registar-udruga", "oib": "03762984545", "status": "BRISAN", "category": "strukovna", "address": "Primorska 10, Njivice", "city": "Njivice", "settlement": "Njivice", "municipality": "Omišalj", "county": "Primorsko-goranska", "postal_code": "51512", "geo_source": "dgu-adresa", "diocese": "Biskupija Krk", "diocese_source": "derivirano-crkve.domovina.ai", "president": "Vjeran Piršić", "president_role": "Predsjednik", "founded_at": "2012-01-09", "registered_at": "2012-05-23", "catholic_confidence": "srednja", "catholic_score": 5.5, "source": ["datagovhr:registar-udruga"], "category_label": "Strukovne (liječnici, učitelji…)", "active": 0}}, {"type": "Feature", "geometry": {"type": "Point", "coordinates": [18.907914, 45.361563]}, "properties": {"id": 355, "slug": "hriscanska-zajednica-sveti-apostol-jakov-brsadin-5358", "name": "HRIŠĆANSKA ZAJEDNICA SVETI APOSTOL JAKOV", "display_name": "Hrišćanska Zajednica Sveti Apostol Jakov", "short_name": "SVETI APOSTOL JAKOV", "registry": "registar-udruga", "oib": "88224205358", "status": "AKTIVAN", "category": "molitvena", "address": "Vase Đurđevića 31, Bršadin", "city": "Bršadin", "settlement": "Bršadin", "municipality": "Trpinja", "county": "Vukovarsko-srijemska", "postal_code": "32222", "geo_source": "dgu-adresa", "diocese": "Đakovačko-osječka Nadbiskupija", "diocese_source": "derivirano-crkve.domovina.ai", "email": "ljubenko@hotmail.com", "phone_e164": "+385959068702", "president": "Ljubenko Jović", "president_role": "Predsjednik", "founded_at": "2012-06-01", "registered_at": "2012-06-08", "catholic_confidence": "visoka", "catholic_score": 10.0, "source": ["datagovhr:registar-udruga"], "category_label": "Molitvene zajednice", "active": 1}}, {"type": "Feature", "geometry": {"type": "Point", "coordinates": [18.910413, 45.260439]}, "properties": {"id": 356, "slug": "katolicka-laicka-udruga-radost-stari-jankovci-1931", "name": "KATOLIČKA LAIČKA UDRUGA \" RADOST\"", "display_name": "Katolička Laička Udruga \" Radost\"", "short_name": "KLU RADOST", "registry": "registar-udruga", "oib": "67666521931", "status": "AKTIVAN", "category": "hodocasnicka", "address": "Bana Josipa Jelačića 2, Stari Jankovci", "city": "Stari Jankovci", "settlement": "Stari Jankovci", "municipality": "Stari Jankovci", "county": "Vukovarsko-srijemska", "postal_code": "32241", "geo_source": "dgu-adresa", "diocese": "Đakovačko-osječka Nadbiskupija", "diocese_source": "derivirano-crkve.domovina.ai", "email": "ruzicabanovak@gmail.com", "phone_e164": "+385958317698", "president": "Ružica Banovak", "president_role": "Predsjednik", "founded_at": "2012-12-09", "registered_at": "2013-01-04", "catholic_confidence": "visoka", "catholic_score": 12.0, "source": ["datagovhr:registar-udruga"], "category_label": "Hodočašća", "active": 1}}, {"type": "Feature", "geometry": {"type": "Point", "coordinates": [16.43534, 46.420626]}, "properties": {"id": 357, "slug": "4h-mediji-mackovec-9836", "name": "4H MEDIJI", "display_name": "4h Mediji", "registry": "registar-udruga", "oib": "09725019836", "status": "AKTIVAN", "category": "mediji", "address": "Međgaje 4, Mačkovec", "city": "Mačkovec", "settlement": "Mačkovec", "municipality": "Čakovec", "county": "Međimurska", "postal_code": "40000", "geo_source": "dgu-adresa", "diocese": "Varaždinska Biskupija", "diocese_source": "derivirano-crkve.domovina.ai", "email": "info@4h-mediji.hr", "website": "https://www.4h-mediji.hr", "phone_e164": "+38540341341", "president": "Mario Časni", "president_role": "Predsjednik", "founded_at": "2012-12-12", "registered_at": "2013-01-10", "catholic_confidence": "srednja", "catholic_score": 4.5, "source": ["datagovhr:registar-udruga"], "category_label": "Mediji i nakladništvo", "active": 1}}, {"type": "Feature", "geometry": {"type": "Point", "coordinates": [15.545665, 45.482292]}, "properties": {"id": 359, "slug": "udruga-gradana-za-obrazovanje-i-promicanje-u-kulturi-i-umjetnosti-shalom-karlovac-2537", "name": "UDRUGA GRAĐANA ZA OBRAZOVANJE I PROMICANJE U KULTURI I UMJETNOSTI \"SHALOM\"", "display_name": "Udruga Građana za Obrazovanje i Promicanje u Kulturi i Umjetnosti \"Shalom\"", "short_name": "Udruga \"Shalom\"", "registry": "registar-udruga", "oib": "42191352537", "status": "BRISAN", "category": "obrazovanje", "address": "Šulekova 11, Karlovac", "city": "Karlovac", "settlement": "Karlovac", "municipality": "Karlovac", "county": "Karlovačka", "postal_code": "47000", "geo_source": "dgu-adresa", "diocese": "Zagrebačka Nadbiskupija", "diocese_source": "derivirano-crkve.domovina.ai", "email": "klarena@zg.t-com.hr", "phone_e164": "+38598246578", "president": "Tena Korkut", "president_role": "Predsjednica", "founded_at": "2013-08-31", "registered_at": "2013-09-20", "catholic_confidence": "srednja", "catholic_score": 6.0, "source": ["datagovhr:registar-udruga"], "category_label": "Obrazovanje i kateheza", "active": 0}}, {"type": "Feature", "geometry": {"type": "Point", "coordinates": [17.924095, 42.774938]}, "properties": {"id": 360, "slug": "bratovstina-sv-stjepana-u-majkovima-gornjim-0848", "name": "Bratovština Sv.Stjepana u Majkovima Gornjim", "display_name": "Bratovština Sv.Stjepana u Majkovima Gornjim", "short_name": "Bratovština Sv Stjepan Majkovi", "registry": "registar-udruga", "oib": "68236470848", "status": "BRISAN", "category": "bratovstina", "address": "Majkovi", "city": "Majkovi", "settlement": "Majkovi", "municipality": "Dubrovačko Primorje", "county": "Dubrovačko-neretvanska", "geo_source": "naselje-teziste", "diocese": "Dubrovačka Biskupija - Dioecesis Ragusina", "diocese_source": "derivirano-crkve.domovina.ai", "email": "ane@dubrovacki-vatrogasci.hr", "phone_e164": "+38520325328", "president": "Boris Cvjetovic", "president_role": "Predsjednik", "founded_at": "2013-07-15", "registered_at": "2013-09-20", "catholic_confidence": "visoka", "catholic_score": 9.0, "source": ["datagovhr:registar-udruga"], "category_label": "Bratovštine", "active": 0}}, {"type": "Feature", "geometry": {"type": "Point", "coordinates": [17.625427, 43.081323]}, "properties": {"id": 363, "slug": "kulturno-umjetnicko-drustvo-zupe-vid-5854", "name": "Kulturno umjetničko društvo Župe Vid", "display_name": "Kulturno umjetničko društvo Župe Vid", "short_name": "KUD ŽUPA VID", "registry": "registar-udruga", "oib": "31735145854", "status": "BRISAN", "category": "kultura", "address": "Ulica ledene gospe 22, Vid", "city": "Vid", "settlement": "Vid", "municipality": "Metković", "county": "Dubrovačko-neretvanska", "postal_code": "20352", "geo_source": "dgu-adresa", "diocese": "Splitsko-makarska Nadbiskupija", "diocese_source": "derivirano-crkve.domovina.ai", "president": "Mijo Volarević", "president_role": "Predsjednik Udruge", "founded_at": "2012-12-29", "registered_at": "2013-04-04", "catholic_confidence": "srednja", "catholic_score": 4.0, "source": ["datagovhr:registar-udruga"], "category_label": "Kultura i baština", "active": 0}}, {"type": "Feature", "geometry": {"type": "Point", "coordinates": [16.130293, 46.363384]}, "properties": {"id": 364, "slug": "zupni-zbor-sancta-crux-zupe-uzvisenja-svetog-kriza-radovec-1308", "name": "Župni zbor Sancta Crux župe Uzvišenja svetog Križa", "display_name": "Župni zbor Sancta Crux župe Uzvišenja svetog Križa", "short_name": "Župni zbor Sancta Crux", "registry": "registar-udruga", "oib": "57390241308", "status": "BRISAN", "category": "glazba", "address": "Antuna Mihanovića 20, Radovec", "city": "Radovec", "settlement": "Radovec", "municipality": "Cestica", "county": "Varaždinska", "postal_code": "42208", "geo_source": "dgu-adresa", "diocese": "Varaždinska Biskupija", "diocese_source": "derivirano-crkve.domovina.ai", "email": "jamnik.irena.jamnik@gmail.com", "president": "Marjan Županić", "president_role": "Predsjednik", "founded_at": "2013-07-06", "registered_at": "2013-08-26", "catholic_confidence": "visoka", "catholic_score": 9.0, "source": ["datagovhr:registar-udruga"], "category_label": "Zborovi i crkvena glazba", "active": 0}}, {"type": "Feature", "geometry": {"type": "Point", "coordinates": [15.955152, 45.81306]}, "properties": {"id": 366, "slug": "miramari-udruga-hodocasnika-stovatelja-katolicke-bastine-u-likvidaciji-zagreb-5301", "name": "\"MIRAMARI\" - UDRUGA HODOČASNIKA - ŠTOVATELJA KATOLIČKE BAŠTINE U LIKVIDACIJI", "display_name": "\"Miramari\" - Udruga Hodočasnika - Štovatelja Katoličke Baštine u Likvidaciji", "short_name": "\"MIRAMARI\"", "registry": "registar-udruga", "oib": "09141545301", "status": "BRISAN", "category": "hodocasnicka", "address": "Ilica 168, Zagreb", "city": "Zagreb", "settlement": "Zagreb", "municipality": "Grad Zagreb", "county": "Grad Zagreb", "postal_code": "10109", "geo_source": "dgu-adresa", "diocese": "Zagrebačka Nadbiskupija", "diocese_source": "derivirano-crkve.domovina.ai", "email": "miramari2011@gmail.com", "president": "Mira Geljić", "president_role": "Predsjednica", "founded_at": "2012-09-10", "registered_at": "2012-11-06", "catholic_confidence": "visoka", "catholic_score": 9.0, "source": ["datagovhr:registar-udruga"], "category_label": "Hodočašća", "active": 0}}, {"type": "Feature", "geometry": {"type": "Point", "coordinates": [15.549347, 45.480229]}, "properties": {"id": 368, "slug": "centar-za-hagioterapiju-karlovac-3435", "name": "CENTAR ZA HAGIOTERAPIJU - KARLOVAC", "display_name": "Centar za Hagioterapiju - Karlovac", "short_name": "CHTK", "registry": "registar-udruga", "oib": "47927693435", "status": "BRISAN", "category": "pokret", "address": "Maksimilijana Vrhovca 21, Karlovac", "city": "Karlovac", "settlement": "Karlovac", "municipality": "Karlovac", "county": "Karlovačka", "postal_code": "47000", "geo_source": "dgu-adresa", "diocese": "Zagrebačka Nadbiskupija", "diocese_source": "derivirano-crkve.domovina.ai", "phone_e164": "+385995002183", "president": "Andrija Kleončić", "president_role": "Predsjednik", "founded_at": "2012-06-27", "registered_at": "2012-11-07", "catholic_confidence": "visoka", "catholic_score": 7.0, "source": ["datagovhr:registar-udruga"], "category_label": "Pokreti i laičke zajednice", "active": 0}}, {"type": "Feature", "geometry": {"type": "Point", "coordinates": [16.821461, 46.159653]}, "properties": {"id": 370, "slug": "centar-za-hagioterapiju-koprivnica-7111", "name": "CENTAR ZA HAGIOTERAPIJU - KOPRIVNICA", "display_name": "Centar za Hagioterapiju - Koprivnica", "short_name": "CHTKC", "registry": "registar-udruga", "oib": "67283017111", "status": "AKTIVAN", "category": "pokret", "address": "Trg kralja Zvonimira 26, Koprivnica", "city": "Koprivnica", "settlement": "Koprivnica", "municipality": "Koprivnica", "county": "Koprivničko-križevačka", "postal_code": "48000", "geo_source": "dgu-adresa", "diocese": "Varaždinska Biskupija", "diocese_source": "derivirano-crkve.domovina.ai", "email": "marijana.istvanovic@gmail.com", "phone_e164": "+38598249620", "president": "Marijana Ištvanović", "president_role": "Predsjednica", "founded_at": "2012-10-21", "registered_at": "2012-12-10", "catholic_confidence": "visoka", "catholic_score": 6.5, "source": ["datagovhr:registar-udruga"], "category_label": "Pokreti i laičke zajednice", "active": 1}}, {"type": "Feature", "geometry": {"type": "Point", "coordinates": [14.433023, 45.338659]}, "properties": {"id": 371, "slug": "udruga-karmelino-rijeka-1258", "name": "UDRUGA \"KARMELINO\"", "display_name": "Udruga \"Karmelino\"", "registry": "registar-udruga", "oib": "40221301258", "status": "AKTIVAN", "category": "glazba", "address": "Rastočine 5, Rijeka", "city": "Rijeka", "settlement": "Rijeka", "municipality": "Rijeka", "county": "Primorsko-goranska", "postal_code": "51000", "geo_source": "dgu-adresa", "diocese": "Riječka Nadbiskupija", "diocese_source": "derivirano-crkve.domovina.ai", "email": "marina.vladic53@gmail.com", "phone_e164": "+385915249435", "president": "Doris Jurjević", "president_role": "Zamjenica Predsjednice", "founded_at": "2012-10-29", "registered_at": "2012-12-11", "catholic_confidence": "srednja", "catholic_score": 4.5, "source": ["datagovhr:registar-udruga"], "category_label": "Zborovi i crkvena glazba", "active": 1}}, {"type": "Feature", "geometry": {"type": "Point", "coordinates": [16.007823, 45.815418]}, "properties": {"id": 372, "slug": "dom-nade-udruga-za-podrsku-beskucnicima-i-ostalim-socijalno-ugrozenim-skupinama-zagreb-5835", "name": "DOM NADE - UDRUGA ZA PODRŠKU BESKUĆNICIMA I OSTALIM SOCIJALNO UGROŽENIM SKUPINAMA", "display_name": "Dom Nade - Udruga za Podršku Beskućnicima i Ostalim Socijalno Ugroženim Skupinama", "short_name": "DOM NADE", "registry": "registar-udruga", "oib": "24702975835", "status": "AKTIVAN", "category": "karitativna", "address": "Ulica Augusta Harambašića 20, Zagreb", "city": "Zagreb", "settlement": "Zagreb", "municipality": "Grad Zagreb", "county": "Grad Zagreb", "postal_code": "10123", "geo_source": "dgu-adresa", "diocese": "Zagrebačka Nadbiskupija", "diocese_source": "derivirano-crkve.domovina.ai", "email": "udruga.domnade@gmail.com", "website": "https://www.domnade.wordpress.com", "phone_e164": "+385914783721", "president": "Danijel Vuga", "president_role": "Predsjednik", "founded_at": "2012-03-18", "registered_at": "2012-05-09", "catholic_confidence": "srednja", "catholic_score": 4.5, "source": ["datagovhr:registar-udruga"], "category_label": "Karitativne i humanitarne", "active": 1}}, {"type": "Feature", "geometry": {"type": "Point", "coordinates": [15.913717, 45.993751]}, "properties": {"id": 374, "slug": "centar-za-hagioterapiju-oroslavje-5093", "name": "CENTAR ZA HAGIOTERAPIJU - OROSLAVJE", "display_name": "Centar za Hagioterapiju - Oroslavje", "short_name": "CHTO", "registry": "registar-udruga", "oib": "91644695093", "status": "AKTIVAN", "category": "pokret", "address": "Stjepana Radića 3, Oroslavje", "city": "Oroslavje", "settlement": "Oroslavje", "municipality": "Oroslavje", "county": "Krapinsko-zagorska", "postal_code": "49243", "geo_source": "dgu-adresa", "diocese": "Zagrebačka Nadbiskupija", "diocese_source": "derivirano-crkve.domovina.ai", "email": "mbanozic@gmail.com", "president": "Marinko Banožić", "president_role": "Predsjednik", "founded_at": "2012-04-01", "registered_at": "2012-04-13", "catholic_confidence": "visoka", "catholic_score": 6.0, "source": ["datagovhr:registar-udruga"], "category_label": "Pokreti i laičke zajednice", "active": 1}}, {"type": "Feature", "geometry": {"type": "Point", "coordinates": [15.980112, 45.801568]}, "properties": {"id": 375, "slug": "humanitarna-udruga-fra-mladen-hrkac-zagreb-6201", "name": "HUMANITARNA UDRUGA FRA MLADEN HRKAĆ", "display_name": "Humanitarna Udruga Fra Mladen Hrkać", "short_name": "HUMH", "registry": "registar-udruga", "oib": "23780996201", "status": "AKTIVAN", "category": "karitativna", "address": "Trg Stjepana Radića 3, Zagreb", "city": "Zagreb", "settlement": "Zagreb", "municipality": "Grad Zagreb", "county": "Grad Zagreb", "postal_code": "10000", "geo_source": "dgu-adresa", "diocese": "Zagrebačka Nadbiskupija", "diocese_source": "derivirano-crkve.domovina.ai", "email": "info@humh.hr", "website": "https://www.pomozimozajedno.hr", "phone_e164": "+38598452989", "president": "Ivan Soldo", "president_role": "Predsjednik", "founded_at": "2012-06-16", "registered_at": "2012-07-24", "catholic_confidence": "srednja", "catholic_score": 4.5, "source": ["datagovhr:registar-udruga"], "category_label": "Karitativne i humanitarne", "active": 1}}, {"type": "Feature", "geometry": {"type": "Point", "coordinates": [18.721774, 45.556676]}, "properties": {"id": 376, "slug": "udruga-krscanskih-savjetnika-osijek-0543", "name": "UDRUGA KRŠĆANSKIH SAVJETNIKA", "display_name": "Udruga Kršćanskih Savjetnika", "short_name": "UKS", "registry": "registar-udruga", "oib": "97286130543", "status": "BRISAN", "category": "molitvena", "address": "Cvjetkova 32, Osijek", "city": "Osijek", "settlement": "Osijek", "municipality": "Osijek", "county": "Osječko-baranjska", "postal_code": "31000", "geo_source": "dgu-adresa", "diocese": "Đakovačko-osječka Nadbiskupija", "diocese_source": "derivirano-crkve.domovina.ai", "president": "Natalija Hajduk", "president_role": "Dopredsjednik", "founded_at": "2012-05-26", "registered_at": "2012-08-14", "catholic_confidence": "srednja", "catholic_score": 4.0, "source": ["datagovhr:registar-udruga"], "category_label": "Molitvene zajednice", "active": 0}}, {"type": "Feature", "geometry": {"type": "Point", "coordinates": [15.937727, 45.649119]}, "properties": {"id": 377, "slug": "udruga-presveto-srce-isusovo-gornji-dragonozec-9607", "name": "UDRUGA \"PRESVETO SRCE ISUSOVO\"", "display_name": "Udruga \"Presveto Srce Isusovo\"", "registry": "registar-udruga", "oib": "32988649607", "status": "BRISAN", "category": "hodocasnicka", "address": "Gornjodragonoška cesta 23, Gornji Dragonožec", "city": "Gornji Dragonožec", "settlement": "Gornji Dragonožec", "municipality": "Grad Zagreb", "county": "Grad Zagreb", "postal_code": "10257", "geo_source": "dgu-adresa", "diocese": "Zagrebačka Nadbiskupija", "diocese_source": "derivirano-crkve.domovina.ai", "phone_e164": "+385922500105", "president": "Marina Bagarić", "president_role": "Dopredsjednica", "founded_at": "2012-09-01", "registered_at": "2012-09-27", "catholic_confidence": "visoka", "catholic_score": 8.5, "source": ["datagovhr:registar-udruga"], "category_label": "Hodočašća", "active": 0}}, {"type": "Feature", "geometry": {"type": "Point", "coordinates": [16.436298, 45.923209]}, "properties": {"id": 381, "slug": "udruga-sveti-lovro-zajednica-cenacolo-kucari-0593", "name": "UDRUGA SVETI LOVRO - ZAJEDNICA CENACOLO", "display_name": "Udruga Sveti Lovro - Zajednica Cenacolo", "short_name": "ZAJEDNICA CENACOLO", "registry": "registar-udruga", "oib": "57751980593", "status": "AKTIVAN", "category": "molitvena", "address": "Kućari 1, Kućari", "city": "Kućari", "settlement": "Kućari", "municipality": "Vrbovec", "county": "Zagrebačka", "postal_code": "10340", "geo_source": "dgu-adresa", "diocese": "Bjelovarsko-križevačka Biskupija", "diocese_source": "derivirano-crkve.domovina.ai", "email": "info@zajednicacenacolo.hr", "website": "https://www.zajednicacenacolo.hr", "president": "Ante Buliga", "president_role": "Predsjednik Udruge", "founded_at": "2013-06-24", "registered_at": "2013-07-16", "catholic_confidence": "visoka", "catholic_score": 6.5, "source": ["datagovhr:registar-udruga"], "category_label": "Molitvene zajednice", "active": 1}}, {"type": "Feature", "geometry": {"type": "Point", "coordinates": [15.213764, 45.256352]}, "properties": {"id": 382, "slug": "udruga-za-promicanje-dostojanstva-ljudskog-zivota-i-obrane-nerodenog-djeteta-centar-za-nerodeni-zivot-betlehem-ogulin-1542", "name": "UDRUGA ZA PROMICANJE DOSTOJANSTVA LJUDSKOG ŽIVOTA I OBRANE NEROĐENOG DJETETA \"CENTAR ZA NEROĐENI ŽIVOT-BETLEHEM OGULIN\"", "display_name": "Udruga za Promicanje Dostojanstva Ljudskog Života i Obrane Nerođenog Djeteta \"Centar za Nerođeni Život-betlehem Ogulin\"", "short_name": "\"CENTAR ZA NEROĐENI ŽIVOT-BETLEHEM OGULIN\"", "registry": "registar-udruga", "oib": "43361341542", "status": "BRISAN", "category": "obitelj", "address": "Bukovnički odvojak 17, Ogulin", "city": "Ogulin", "settlement": "Ogulin", "municipality": "Ogulin", "county": "Karlovačka", "postal_code": "47300", "geo_source": "dgu-adresa", "diocese": "Gospićko-senjska Biskupija", "diocese_source": "derivirano-crkve.domovina.ai", "email": "betlehemogulin@gmail.com", "phone_e164": "+385958607574", "president": "Ružica Matijević", "president_role": "Predsjednica", "founded_at": "2012-12-14", "registered_at": "2013-02-09", "catholic_confidence": "srednja", "catholic_score": 5.0, "source": ["datagovhr:registar-udruga"], "category_label": "Obitelj i život", "active": 0}}, {"type": "Feature", "geometry": {"type": "Point", "coordinates": [16.528521, 43.533474]}, "properties": {"id": 383, "slug": "bratovstina-sv-luke-kucine-0375", "name": "\"Bratovština sv. Luke\" - Kučine", "display_name": "\"Bratovština sv. Luke\" - Kučine", "registry": "registar-udruga", "oib": "03452960375", "status": "AKTIVAN", "category": "bratovstina", "address": "Šetalište Drage Markovića 35, Kučine", "city": "Kučine", "settlement": "Kučine", "municipality": "Solin", "county": "Splitsko-dalmatinska", "postal_code": "21210", "geo_source": "dgu-adresa", "diocese": "Splitsko-makarska Nadbiskupija", "diocese_source": "derivirano-crkve.domovina.ai", "president": "Stipe Roguljić", "president_role": "Predsjednik Udruge", "founded_at": "2009-12-19", "registered_at": "2010-03-16", "catholic_confidence": "srednja", "catholic_score": 5.0, "source": ["datagovhr:registar-udruga"], "category_label": "Bratovštine", "active": 1}}, {"type": "Feature", "geometry": {"type": "Point", "coordinates": [15.375628, 44.545692]}, "properties": {"id": 384, "slug": "zdrug-katolickih-skauta-navjestenja-bdm-gospicko-senjske-biskupije-6136", "name": "ZDRUG KATOLIČKIH SKAUTA NAVJEŠTENJA BDM GOSPIĆKO-SENJSKE BISKUPIJE", "display_name": "Zdrug Katoličkih Skauta Navještenja BDM Gospićko-senjske Biskupije", "short_name": "ZDRUG \"NAVJEŠTENJE\" GOSPIĆ", "registry": "registar-udruga", "oib": "12231576136", "status": "BRISAN", "category": "hodocasnicka", "address": "Kaniška 1, Gospić", "city": "Gospić", "settlement": "Gospić", "municipality": "Gospić", "county": "Ličko-senjska", "postal_code": "53000", "geo_source": "dgu-adresa", "diocese": "Gospićko-senjska Biskupija", "diocese_source": "derivirano-crkve.domovina.ai", "president": "Ivan Biljan", "president_role": "Dopredsjednik", "founded_at": "2010-04-05", "registered_at": "2010-05-19", "catholic_confidence": "visoka", "catholic_score": 10.5, "source": ["datagovhr:registar-udruga"], "category_label": "Hodočašća", "active": 0}}, {"type": "Feature", "geometry": {"type": "Point", "coordinates": [17.678559, 45.335618]}, "properties": {"id": 386, "slug": "centar-za-hagioterapiju-pozega-8140", "name": "Centar za hagioterapiju - Požega", "display_name": "Centar za hagioterapiju - Požega", "short_name": "CHTP", "registry": "registar-udruga", "oib": "06592718140", "status": "AKTIVAN", "category": "pokret", "address": "Stjepana Radića 3, Požega", "city": "Požega", "settlement": "Požega", "municipality": "Požega", "county": "Požeško-slavonska", "postal_code": "34000", "geo_source": "dgu-adresa", "diocese": "Požeška Biskupija", "diocese_source": "derivirano-crkve.domovina.ai", "email": "chtpozega@gmail.com", "phone_e164": "+38534275303", "president": "Ana Matković", "president_role": "Predsjednica Udruge", "founded_at": "2012-09-04", "registered_at": "2012-09-19", "catholic_confidence": "visoka", "catholic_score": 6.0, "source": ["datagovhr:registar-udruga"], "category_label": "Pokreti i laičke zajednice", "active": 1}}, {"type": "Feature", "geometry": {"type": "Point", "coordinates": [17.559707, 43.016569]}, "properties": {"id": 387, "slug": "udruga-chrobatia-opuzen-5839", "name": "UDRUGA CHROBATIA", "display_name": "Udruga Chrobatia", "registry": "registar-udruga", "oib": "10416905839", "status": "BRISAN", "category": "glazba", "address": "Zagrebačka 1, Opuzen", "city": "Opuzen", "settlement": "Opuzen", "municipality": "Opuzen", "county": "Dubrovačko-neretvanska", "postal_code": "20355", "geo_source": "dgu-adresa", "diocese": "Splitsko-makarska Nadbiskupija", "diocese_source": "derivirano-crkve.domovina.ai", "email": "udruga.chrobatia@gmail.com", "phone_e164": "+38520672672", "president": "Ana Miljković", "president_role": "Predsjednica", "founded_at": "2013-06-09", "registered_at": "2013-06-19", "catholic_confidence": "srednja", "catholic_score": 4.5, "source": ["datagovhr:registar-udruga"], "category_label": "Zborovi i crkvena glazba", "active": 0}}, {"type": "Feature", "geometry": {"type": "Point", "coordinates": [14.393772, 45.373311]}, "properties": {"id": 388, "slug": "rijecka-udruga-za-antropolosku-medicinu-i-hagioterapiju-viskovo-8457", "name": "RIJEČKA UDRUGA ZA ANTROPOLOŠKU MEDICINU I HAGIOTERAPIJU", "display_name": "Riječka Udruga za Antropološku Medicinu i Hagioterapiju", "short_name": "RUAH", "registry": "registar-udruga", "oib": "55994478457", "status": "BRISAN", "category": "pokret", "address": "Juraši 48, Viškovo", "city": "Viškovo", "settlement": "Viškovo", "municipality": "Viškovo", "county": "Primorsko-goranska", "postal_code": "51216", "geo_source": "dgu-adresa", "diocese": "Riječka Nadbiskupija", "diocese_source": "derivirano-crkve.domovina.ai", "president": "Vesna Drmić", "president_role": "Predsjednica", "founded_at": "2013-03-13", "registered_at": "2013-07-04", "catholic_confidence": "visoka", "catholic_score": 7.0, "source": ["datagovhr:registar-udruga"], "category_label": "Pokreti i laičke zajednice", "active": 0}}, {"type": "Feature", "geometry": {"type": "Point", "coordinates": [15.910242, 46.037346]}, "properties": {"id": 389, "slug": "udruga-sveta-marta-zabok-7819", "name": "Udruga \"Sveta Marta\" - Zabok", "display_name": "Udruga \"Sveta Marta\" - Zabok", "short_name": "Sv. Marta", "registry": "registar-udruga", "oib": "08715557819", "status": "AKTIVAN", "category": "karitativna", "address": "Ulica Grabrovec 73, Zabok", "city": "Zabok", "settlement": "Zabok", "municipality": "Zabok", "county": "Krapinsko-zagorska", "postal_code": "49210", "geo_source": "dgu-adresa", "diocese": "Zagrebačka Nadbiskupija", "diocese_source": "derivirano-crkve.domovina.ai", "email": "fiket.darko@gmail.com", "website": "https://www.svmartazabok.hr", "phone_e164": "+38549223378", "president": "Darko Fiket", "president_role": "Predsjednik", "founded_at": "2014-02-02", "registered_at": "2014-02-27", "catholic_confidence": "srednja", "catholic_score": 5.0, "source": ["datagovhr:registar-udruga"], "category_label": "Karitativne i humanitarne", "active": 1}}, {"type": "Feature", "geometry": {"type": "Point", "coordinates": [16.435539, 43.513989]}, "properties": {"id": 391, "slug": "udruga-bivsih-studenata-i-prijatelja-katolickog-bogoslovnog-fakulteta-sveucilista-u-splitu-teofil-2025", "name": "UDRUGA BIVŠIH STUDENATA I PRIJATELJA KATOLIČKOG BOGOSLOVNOG FAKULTETA SVEUČILIŠTA U SPLITU TEOFIL", "display_name": "Udruga Bivših Studenata i Prijatelja Katoličkog Bogoslovnog Fakulteta Sveučilišta u Splitu Teofil", "short_name": "Udruga alumna KBF-a Split Teofil.", "registry": "registar-udruga", "oib": "79121562025", "status": "AKTIVAN", "category": "mladi", "address": "Zrinjsko-Frankopanska 19, Split", "city": "Split", "settlement": "Split", "municipality": "Split", "county": "Splitsko-dalmatinska", "postal_code": "21000", "geo_source": "dgu-adresa", "diocese": "Splitsko-makarska Nadbiskupija", "diocese_source": "derivirano-crkve.domovina.ai", "email": "jelena.teklic8@gmail.com", "website": "https://teofil.hr", "phone_e164": "+385919093619", "president": "Jelena Teklić", "president_role": "Predsjednica", "founded_at": "2013-12-14", "registered_at": "2014-02-16", "catholic_confidence": "visoka", "catholic_score": 12.0, "source": ["datagovhr:registar-udruga"], "category_label": "Mladi i studenti", "active": 1}}, {"type": "Feature", "geometry": {"type": "Point", "coordinates": [15.746386, 45.687748]}, "properties": {"id": 392, "slug": "zajednica-mladih-osmijeh-klinca-sela-8570", "name": "ZAJEDNICA MLADIH \"OSMIJEH\"", "display_name": "Zajednica Mladih \"Osmijeh\"", "short_name": "ZM \"OSMIJEH\"", "registry": "registar-udruga", "oib": "59172298570", "status": "BRISAN", "category": "molitvena", "address": "Kolodvorska 31, Klinča Sela", "city": "Klinča Sela", "settlement": "Klinča Sela", "municipality": "Klinča Sela", "county": "Zagrebačka", "postal_code": "10450", "geo_source": "dgu-adresa", "diocese": "Zagrebačka Nadbiskupija", "diocese_source": "derivirano-crkve.domovina.ai", "email": "mateababic.zg@gmail.com", "phone_e164": "+385915911771", "president": "Ivana Vukoja", "president_role": "Predsjednica", "founded_at": "2012-11-27", "registered_at": "2013-02-25", "catholic_confidence": "srednja", "catholic_score": 5.0, "source": ["datagovhr:registar-udruga"], "category_label": "Molitvene zajednice", "active": 0}}, {"type": "Feature", "geometry": {"type": "Point", "coordinates": [18.720209, 45.558741]}, "properties": {"id": 393, "slug": "crkveno-pjevacko-drustvo-preslavnoga-imena-marijina-osijek-3999", "name": "CRKVENO PJEVAČKO DRUŠTVO PRESLAVNOGA IMENA MARIJINA OSIJEK", "display_name": "Crkveno Pjevačko Društvo Preslavnoga Imena Marijina Osijek", "short_name": "CPD PRESLAVNOGA IMENA MARIJINA", "registry": "registar-udruga", "oib": "22516223999", "status": "BRISAN", "category": "glazba", "address": "Crkvena 34, Osijek", "city": "Osijek", "settlement": "Osijek", "municipality": "Osijek", "county": "Osječko-baranjska", "postal_code": "31000", "geo_source": "dgu-adresa", "diocese": "Đakovačko-osječka Nadbiskupija", "diocese_source": "derivirano-crkve.domovina.ai", "president": "Ana Čavka", "president_role": "Predsjednik", "founded_at": "2012-09-01", "registered_at": "2013-02-11", "catholic_confidence": "visoka", "catholic_score": 10.0, "source": ["datagovhr:registar-udruga"], "category_label": "Zborovi i crkvena glazba", "active": 0}}, {"type": "Feature", "geometry": {"type": "Point", "coordinates": [16.434833, 43.509209]}, "properties": {"id": 395, "slug": "udruga-snaga-vjere-split-0941", "name": "UDRUGA SNAGA VJERE", "display_name": "Udruga Snaga Vjere", "registry": "registar-udruga", "oib": "74053500941", "status": "AKTIVAN", "category": "molitvena", "address": "Sinovčića 7, Split", "city": "Split", "settlement": "Split", "municipality": "Split", "county": "Splitsko-dalmatinska", "postal_code": "21000", "geo_source": "dgu-adresa", "diocese": "Splitsko-makarska Nadbiskupija", "diocese_source": "derivirano-crkve.domovina.ai", "email": "udrugasnagavjere@gmail.com", "phone_e164": "+385957208711", "president": "Nikša Džanko", "president_role": "Predsjednik", "founded_at": "2014-02-07", "registered_at": "2014-03-12", "catholic_confidence": "srednja", "catholic_score": 6.0, "source": ["datagovhr:registar-udruga"], "category_label": "Molitvene zajednice", "active": 1}}, {"type": "Feature", "geometry": {"type": "Point", "coordinates": [17.631083, 42.84512]}, "properties": {"id": 396, "slug": "udruga-bratstvo-svetog-filipa-i-jakova-ponikve-metohija-7842", "name": "Udruga Bratstvo Svetog Filipa i Jakova - Ponikve", "display_name": "Udruga Bratstvo Svetog Filipa i Jakova - Ponikve", "short_name": "Bratstvo Sv. Filipa i Jakova", "registry": "registar-udruga", "oib": "26476087842", "status": "BRISAN", "category": "bratovstina", "address": "Gornje selo 12, Metohija", "city": "Metohija", "settlement": "Metohija", "municipality": "Ston", "county": "Dubrovačko-neretvanska", "postal_code": "20230", "geo_source": "dgu-adresa", "diocese": "Dubrovačka Biskupija - Dioecesis Ragusina", "diocese_source": "derivirano-crkve.domovina.ai", "phone_e164": "+38598435804", "president": "Franković Antun", "president_role": "Predsjednik", "founded_at": "2013-02-22", "registered_at": "2013-03-22", "catholic_confidence": "visoka", "catholic_score": 9.5, "source": ["datagovhr:registar-udruga"], "category_label": "Bratovštine", "active": 0}}, {"type": "Feature", "geometry": {"type": "Point", "coordinates": [16.912987, 43.453761]}, "properties": {"id": 397, "slug": "udruga-strazara-gospodinova-groba-zupe-radobilja-katuni-kresevo-sestanovac-8113", "name": "Udruga  Stražara Gospodinova  groba župe \"Radobilja\",Katuni -Kreševo", "display_name": "Udruga Stražara Gospodinova groba župe \"Radobilja\",Katuni -Kreševo", "short_name": "USGGŽR", "registry": "registar-udruga", "oib": "96966458113", "status": "AKTIVAN", "category": "zupna", "address": "Mandušića ulica 2, Šestanovac", "city": "Šestanovac", "settlement": "Šestanovac", "municipality": "Šestanovac", "county": "Splitsko-dalmatinska", "geo_source": "naselje-teziste", "diocese": "Splitsko-makarska Nadbiskupija", "diocese_source": "derivirano-crkve.domovina.ai", "email": "strazari.radobilja@gmail.com", "phone_e164": "+385915972572", "president": "Marko Maslov", "president_role": "Predsjednik Udruge", "founded_at": "2013-09-20", "registered_at": "2013-12-02", "catholic_confidence": "visoka", "catholic_score": 11.0, "source": ["datagovhr:registar-udruga"], "category_label": "Župne udruge", "active": 1}}, {"type": "Feature", "geometry": {"type": "Point", "coordinates": [18.093748, 42.67767]}, "properties": {"id": 399, "slug": "udruga-za-promicanje-krscanstva-i-biblijskih-vrijednosti-krscanstvo-danas-mokosica-7756", "name": "Udruga za promicanje Kršćanstva i Biblijskih vrijednosti - Kršćanstvo danas", "display_name": "Udruga za promicanje Kršćanstva i Biblijskih vrijednosti - Kršćanstvo danas", "short_name": "Kršćanstvo danas", "registry": "registar-udruga", "oib": "80954967756", "status": "AKTIVAN", "category": "mediji", "address": "Bartola Kašića 31, Mokošica", "city": "Mokošica", "settlement": "Mokošica", "municipality": "Dubrovnik", "county": "Dubrovačko-neretvanska", "geo_source": "naselje-teziste", "diocese": "Dubrovačka Biskupija - Dioecesis Ragusina", "diocese_source": "derivirano-crkve.domovina.ai", "email": "maro.pincevic@gmail.com", "phone_e164": "+385959118554", "president": "Maro Pinčević", "president_role": "Predsjednik", "founded_at": "2012-12-13", "registered_at": "2013-01-24", "catholic_confidence": "srednja", "catholic_score": 6.5, "source": ["datagovhr:registar-udruga"], "category_label": "Mediji i nakladništvo", "active": 1}}, {"type": "Feature", "geometry": {"type": "Point", "coordinates": [18.803452, 45.28804]}, "properties": {"id": 400, "slug": "udruga-za-promicanje-dostojanstva-ljudskog-zivota-i-obrane-nerodenog-djeteta-centar-za-nerodeni-zivot-betlehem-vinkovci-7297", "name": "UDRUGA ZA PROMICANJE DOSTOJANSTVA LJUDSKOG ŽIVOTA I OBRANE NEROĐENOG DJETETA \"CENTAR ZA NEROĐENI ŽIVOT - BETLEHEM\"", "display_name": "Udruga za Promicanje Dostojanstva Ljudskog Života i Obrane Nerođenog Djeteta \"Centar za Nerođeni Život - Betlehem\"", "short_name": "\"CENTAR ZA NEROĐENI ŽIVOT - BETLEHEM\"", "registry": "registar-udruga", "oib": "05627207297", "status": "AKTIVAN", "category": "obitelj", "address": "Duga ulica 2, Vinkovci", "city": "Vinkovci", "settlement": "Vinkovci", "municipality": "Vinkovci", "county": "Vukovarsko-srijemska", "postal_code": "32100", "geo_source": "dgu-adresa", "diocese": "Đakovačko-osječka Nadbiskupija", "diocese_source": "derivirano-crkve.domovina.ai", "email": "spetricevic70@gmail.com", "phone_e164": "+385994156754", "president": "Marija Žic", "president_role": "Dopredsjednica", "founded_at": "2013-01-23", "registered_at": "2013-01-31", "catholic_confidence": "srednja", "catholic_score": 7.0, "source": ["datagovhr:registar-udruga"], "category_label": "Obitelj i život", "active": 1}}, {"type": "Feature", "geometry": {"type": "Point", "coordinates": [15.982818, 45.810654]}, "properties": {"id": 401, "slug": "hrvatska-udruga-za-beatifikaciju-kraljice-zite-zagreb-4542", "name": "HRVATSKA UDRUGA ZA BEATIFIKACIJU KRALJICE ZITE", "display_name": "Hrvatska Udruga za Beatifikaciju Kraljice Zite", "registry": "registar-udruga", "oib": "87326884542", "status": "AKTIVAN", "category": "molitvena", "address": "Đorđićeva ulica 20, Zagreb", "city": "Zagreb", "settlement": "Zagreb", "municipality": "Grad Zagreb", "county": "Grad Zagreb", "postal_code": "10000", "geo_source": "dgu-adresa", "diocese": "Zagrebačka Nadbiskupija", "diocese_source": "derivirano-crkve.domovina.ai", "email": "cgrbesa@net.hr", "phone_e164": "+385917240066", "president": "Claude Pierre Grbeša", "president_role": "Predsjednik", "founded_at": "2013-10-17", "registered_at": "2014-01-30", "catholic_confidence": "srednja", "catholic_score": 4.5, "source": ["datagovhr:registar-udruga"], "category_label": "Molitvene zajednice", "active": 1}}, {"type": "Feature", "geometry": {"type": "Point", "coordinates": [15.233539, 44.129711]}, "properties": {"id": 402, "slug": "udruga-za-promicanje-hagioterapije-zadar-3543", "name": "UDRUGA ZA PROMICANJE HAGIOTERAPIJE - ZADAR", "display_name": "Udruga za Promicanje Hagioterapije - Zadar", "registry": "registar-udruga", "oib": "68510613543", "status": "AKTIVAN", "category": "pokret", "address": "Lazaretska ulica 14, Zadar", "city": "Zadar", "settlement": "Zadar", "municipality": "Zadar", "county": "Zadarska", "postal_code": "23000", "geo_source": "dgu-adresa", "diocese": "Zadarska Nadbiskupija", "diocese_source": "derivirano-crkve.domovina.ai", "email": "marina.mazic2210@gmail.com", "phone_e164": "+385959050576", "president": "Grgo Mišković", "president_role": "Predsjednik Udruge", "founded_at": "2013-11-16", "registered_at": "2013-12-20", "catholic_confidence": "visoka", "catholic_score": 6.5, "source": ["datagovhr:registar-udruga"], "category_label": "Pokreti i laičke zajednice", "active": 1}}, {"type": "Feature", "geometry": {"type": "Point", "coordinates": [15.883506, 45.813657]}, "properties": {"id": 403, "slug": "terapijsko-radna-zajednica-ora-et-labora-zagreb-2014", "name": "TERAPIJSKO-RADNA ZAJEDNICA \"ORA ET LABORA\"", "display_name": "Terapijsko-radna Zajednica \"Ora Et Labora\"", "short_name": "TRZ \"ORA ET LABORA\"", "registry": "registar-udruga", "oib": "20884522014", "status": "BRISAN", "category": "molitvena", "address": "Kozjačka 16a, Zagreb", "city": "Zagreb", "settlement": "Zagreb", "municipality": "Grad Zagreb", "county": "Grad Zagreb", "postal_code": "10090", "geo_source": "dgu-adresa", "diocese": "Zagrebačka Nadbiskupija", "diocese_source": "derivirano-crkve.domovina.ai", "email": "karolinapasic@gmail.com", "phone_e164": "+385996585254", "president": "Karolina Pašić", "president_role": "Predsjednica", "founded_at": "2014-02-22", "registered_at": "2014-04-11", "catholic_confidence": "srednja", "catholic_score": 4.0, "source": ["datagovhr:registar-udruga"], "category_label": "Molitvene zajednice", "active": 0}}, {"type": "Feature", "geometry": {"type": "Point", "coordinates": [13.843739, 44.869823]}, "properties": {"id": 404, "slug": "udruga-betlehem-pula-u-likvidaciji-7388", "name": "UDRUGA \" BETLEHEM-PULA\" U LIKVIDACIJI", "display_name": "Udruga \" Betlehem-pula\" u Likvidaciji", "registry": "registar-udruga", "oib": "29817807388", "status": "BRISAN", "category": "molitvena", "address": "Uspon Sv. Franje 9, Pula", "city": "Pula", "settlement": "Pula", "municipality": "Pula - Pola", "county": "Istarska", "postal_code": "52100", "geo_source": "dgu-adresa", "diocese": "Biskupija Porečka i Pulska", "diocese_source": "derivirano-crkve.domovina.ai", "president": "Ana Čuić Tanković", "president_role": "Predsjednica Udruge", "founded_at": "2014-03-25", "registered_at": "2014-06-17", "catholic_confidence": "srednja", "catholic_score": 4.0, "source": ["datagovhr:registar-udruga"], "category_label": "Molitvene zajednice", "active": 0}}, {"type": "Feature", "geometry": {"type": "Point", "coordinates": [17.743857, 42.888408]}, "properties": {"id": 405, "slug": "udruga-sveti-petar-oslje-stupa-0765", "name": "Udruga \"Sveti Petar Ošlje-Stupa\"", "display_name": "Udruga \"Sveti Petar Ošlje-Stupa\"", "short_name": "\"Sveti Petar Ošlje-Stupa\"", "registry": "registar-udruga", "oib": "63865230765", "status": "AKTIVAN", "category": "bratovstina", "address": "Sredselo 9, Ošlje", "city": "Ošlje", "settlement": "Ošlje", "municipality": "Dubrovačko Primorje", "county": "Dubrovačko-neretvanska", "postal_code": "20205", "geo_source": "dgu-adresa", "diocese": "Dubrovačka Biskupija - Dioecesis Ragusina", "diocese_source": "derivirano-crkve.domovina.ai", "president": "Ivo Čikato", "president_role": "Dopredsjednik", "founded_at": "2013-04-05", "registered_at": "2013-04-19", "catholic_confidence": "srednja", "catholic_score": 6.0, "source": ["datagovhr:registar-udruga"], "category_label": "Bratovštine", "active": 1}}, {"type": "Feature", "geometry": {"type": "Point", "coordinates": [18.709947, 45.54872]}, "properties": {"id": 406, "slug": "krscanska-humanitarna-udruga-za-pomoc-djeci-socijalno-ugrozenim-obiteljima-i-svima-koji-su-u-potrebi-putevi-milosti-7434", "name": "KRŠĆANSKA HUMANITARNA UDRUGA ZA POMOĆ DJECI, SOCIJALNO UGROŽENIM OBITELJIMA I SVIMA KOJI SU U POTREBI \"PUTEVI MILOSTI\"", "display_name": "Kršćanska Humanitarna Udruga za Pomoć Djeci, Socijalno Ugroženim Obiteljima i Svima Koji Su u Potrebi \"Putevi Milosti\"", "short_name": "KRŠĆANSKA HUMANITARNA UDRUGA \"PUTEVI MILOSTI\"", "registry": "registar-udruga", "oib": "11136937434", "status": "AKTIVAN", "category": "karitativna", "address": "Bračka 140A, Osijek", "city": "Osijek", "settlement": "Osijek", "municipality": "Osijek", "county": "Osječko-baranjska", "postal_code": "31000", "geo_source": "dgu-adresa", "diocese": "Đakovačko-osječka Nadbiskupija", "diocese_source": "derivirano-crkve.domovina.ai", "email": "udruga.putevimilosti@gmail.com", "website": "https://www.udruga-putevimilosti.net", "phone_e164": "+385915636436", "president": "Krešo Žarković", "president_role": "Predsjednik", "founded_at": "2012-12-01", "registered_at": "2012-12-28", "catholic_confidence": "srednja", "catholic_score": 6.5, "source": ["datagovhr:registar-udruga"], "category_label": "Karitativne i humanitarne", "active": 1}}, {"type": "Feature", "geometry": {"type": "Point", "coordinates": [16.044179, 45.823327]}, "properties": {"id": 407, "slug": "bratovstina-maltezera-zagreb-6705", "name": "BRATOVŠTINA MALTEZERA", "display_name": "Bratovština Maltezera", "registry": "registar-udruga", "oib": "92856086705", "status": "BRISAN", "category": "bratovstina", "address": "Banatska ulica 29, Zagreb", "city": "Zagreb", "settlement": "Zagreb", "municipality": "Grad Zagreb", "county": "Grad Zagreb", "postal_code": "10040", "geo_source": "dgu-adresa", "diocese": "Zagrebačka Nadbiskupija", "diocese_source": "derivirano-crkve.domovina.ai", "president": "Eduard Kefečak", "president_role": "Predsjednik", "founded_at": "2004-04-12", "registered_at": "2004-06-01", "catholic_confidence": "srednja", "catholic_score": 5.5, "source": ["datagovhr:registar-udruga"], "category_label": "Bratovštine", "active": 0}}, {"type": "Feature", "geometry": {"type": "Point", "coordinates": [15.904517, 45.797527]}, "properties": {"id": 409, "slug": "udruga-za-promicanje-obiteljskih-vrijednosti-blazeni-alojzije-stepinac-zagreb-0538", "name": "UDRUGA ZA PROMICANJE OBITELJSKIH VRIJEDNOSTI - BLAŽENI ALOJZIJE STEPINAC", "display_name": "Udruga za Promicanje Obiteljskih Vrijednosti - Blaženi Alojzije Stepinac", "short_name": "UDRUGA STEPINAC", "registry": "registar-udruga", "oib": "31831060538", "status": "AKTIVAN", "category": "obitelj", "address": "Ulica Drage Stipca 6, Zagreb", "city": "Zagreb", "settlement": "Zagreb", "municipality": "Grad Zagreb", "county": "Grad Zagreb", "postal_code": "10147", "geo_source": "dgu-adresa", "diocese": "Zagrebačka Nadbiskupija", "diocese_source": "derivirano-crkve.domovina.ai", "email": "kresimir.miletic2@gmail.com", "phone_e164": "+385919177733", "president": "Krešimir Miletić", "president_role": "Predsjednik", "founded_at": "2002-07-17", "registered_at": "2002-08-27", "catholic_confidence": "visoka", "catholic_score": 7.0, "source": ["datagovhr:registar-udruga"], "category_label": "Obitelj i život", "active": 1}}, {"type": "Feature", "geometry": {"type": "Point", "coordinates": [18.032286, 45.165627]}, "properties": {"id": 411, "slug": "udruga-4-katolicke-obitelji-slavonski-brod-6023", "name": "UDRUGA 4 + KATOLIČKE OBITELJI", "display_name": "Udruga 4 + Katoličke Obitelji", "registry": "registar-udruga", "oib": "11251236023", "status": "BRISAN", "category": "obitelj", "address": "Mostarska 23, Slavonski Brod", "city": "Slavonski Brod", "settlement": "Slavonski Brod", "municipality": "Slavonski Brod", "county": "Brodsko-posavska", "postal_code": "35000", "geo_source": "dgu-adresa", "diocese": "Đakovačko-osječka Nadbiskupija", "diocese_source": "derivirano-crkve.domovina.ai", "president": "Božena Martić", "president_role": "Predsjednik Udruge", "founded_at": "1996-01-29", "registered_at": "1998-01-29", "catholic_confidence": "visoka", "catholic_score": 6.0, "source": ["datagovhr:registar-udruga"], "category_label": "Obitelj i život", "active": 0}}, {"type": "Feature", "geometry": {"type": "Point", "coordinates": [18.017203, 45.151961]}, "properties": {"id": 412, "slug": "karitativno-drustvo-kruh-svetog-ante-slavonski-brod-3222", "name": "KARITATIVNO DRUŠTVO \"KRUH SVETOG ANTE\"", "display_name": "Karitativno Društvo \"Kruh Svetog Ante\"", "short_name": "KRUH SVETOG ANTE", "registry": "registar-udruga", "oib": "86775863222", "status": "BRISAN", "category": "karitativna", "address": "Trg Svetog Trojstva 1, Slavonski Brod", "city": "Slavonski Brod", "settlement": "Slavonski Brod", "municipality": "Slavonski Brod", "county": "Brodsko-posavska", "postal_code": "35000", "geo_source": "dgu-adresa", "diocese": "Đakovačko-osječka Nadbiskupija", "diocese_source": "derivirano-crkve.domovina.ai", "president": "Božidar Blažević", "president_role": "Dopredsjednik Udruge", "founded_at": "1995-06-06", "registered_at": "1998-01-29", "catholic_confidence": "srednja", "catholic_score": 5.0, "source": ["datagovhr:registar-udruga"], "category_label": "Karitativne i humanitarne", "active": 0}}, {"type": "Feature", "geometry": {"type": "Point", "coordinates": [15.746386, 45.687748]}, "properties": {"id": 413, "slug": "crkveni-pjevacki-zbor-sveti-josip-radnik-klinca-sela-zdencina-0030", "name": "Crkveni pjevački zbor \"Sveti Josip Radnik\" Klinča Sela-Zdenčina", "display_name": "Crkveni pjevački zbor \"Sveti Josip Radnik\" Klinča Sela-Zdenčina", "short_name": "CPZ \"Sv. Josip Radnik\" Klinča Sela-Zdenčina", "registry": "registar-udruga", "oib": "98554970030", "status": "AKTIVAN", "category": "glazba", "address": "Kolodvorska 31, Klinča Sela", "city": "Klinča Sela", "settlement": "Klinča Sela", "municipality": "Klinča Sela", "county": "Zagrebačka", "postal_code": "10450", "geo_source": "dgu-adresa", "diocese": "Zagrebačka Nadbiskupija", "diocese_source": "derivirano-crkve.domovina.ai", "phone_e164": "+385994685309", "president": "Mario Koluder", "president_role": "Predsjednik", "founded_at": "1997-12-19", "registered_at": "1998-01-13", "catholic_confidence": "srednja", "catholic_score": 4.0, "source": ["datagovhr:registar-udruga"], "category_label": "Zborovi i crkvena glazba", "active": 1}}, {"type": "Feature", "geometry": {"type": "Point", "coordinates": [18.669433, 45.564463]}, "properties": {"id": 416, "slug": "katolicka-malonogometna-liga-dakovacko-osjecke-nadbiskupije-osijek-9527", "name": "KATOLIČKA MALONOGOMETNA LIGA ĐAKOVAČKO-OSJEČKE NADBISKUPIJE", "display_name": "Katolička Malonogometna Liga Đakovačko-osječke Nadbiskupije", "short_name": "KMNL DJOS", "registry": "registar-udruga", "oib": "05334739527", "status": "AKTIVAN", "category": "sport", "address": "Josipa Jurja Strossmayera 58, Osijek", "city": "Osijek", "settlement": "Osijek", "municipality": "Osijek", "county": "Osječko-baranjska", "postal_code": "31000", "geo_source": "dgu-adresa", "diocese": "Đakovačko-osječka Nadbiskupija", "diocese_source": "derivirano-crkve.domovina.ai", "email": "tvrtko@kmnl.hr", "phone_e164": "+38598833387", "president": "Luka Blagojević", "president_role": "Predsjednik", "founded_at": "2003-04-02", "registered_at": "2003-04-24", "catholic_confidence": "visoka", "catholic_score": 11.0, "source": ["datagovhr:registar-udruga"], "category_label": "Sport i rekreacija", "active": 1}}, {"type": "Feature", "geometry": {"type": "Point", "coordinates": [15.95914, 45.856734]}, "properties": {"id": 417, "slug": "udruga-za-cjeloviti-spolni-odgoj-teen-star-zagreb-8525", "name": "Udruga za cjeloviti spolni odgoj - \"Teen Star\"", "display_name": "Udruga za cjeloviti spolni odgoj - \"Teen Star\"", "short_name": "Udruga \"Teen Star\"", "registry": "registar-udruga", "oib": "82293818525", "status": "AKTIVAN", "category": "obrazovanje", "address": "Šestinski Kraljevac 20c, Zagreb", "city": "Zagreb", "settlement": "Zagreb", "municipality": "Grad Zagreb", "county": "Grad Zagreb", "postal_code": "10163", "geo_source": "dgu-adresa", "diocese": "Zagrebačka Nadbiskupija", "diocese_source": "derivirano-crkve.domovina.ai", "email": "info@teenstar.hr", "phone_e164": "+38514670208", "president": "Kristina Pavlović", "president_role": "Predsjednica", "founded_at": "2003-04-29", "registered_at": "2003-05-21", "catholic_confidence": "srednja", "catholic_score": 4.0, "source": ["datagovhr:registar-udruga"], "category_label": "Obrazovanje i kateheza", "active": 1}}, {"type": "Feature", "geometry": {"type": "Point", "coordinates": [15.375628, 44.545692]}, "properties": {"id": 418, "slug": "udruga-hrvatskih-katolickih-muzeva-papa-ivan-viii-gospic-9290", "name": "UDRUGA HRVATSKIH KATOLIČKIH MUŽEVA \"PAPA IVAN VIII\"", "display_name": "Udruga Hrvatskih Katoličkih Muževa \"Papa Ivan VIII\"", "short_name": "UHKM", "registry": "registar-udruga", "oib": "97522509290", "status": "BRISAN", "category": "mediji", "address": "Kaniška 1, Gospić", "city": "Gospić", "settlement": "Gospić", "municipality": "Gospić", "county": "Ličko-senjska", "postal_code": "53000", "geo_source": "dgu-adresa", "diocese": "Gospićko-senjska Biskupija", "diocese_source": "derivirano-crkve.domovina.ai", "president": "Perica Jurič", "president_role": "Predsjednik Udruge", "founded_at": "2000-04-01", "registered_at": "2000-07-21", "catholic_confidence": "visoka", "catholic_score": 9.5, "source": ["datagovhr:registar-udruga"], "category_label": "Mediji i nakladništvo", "active": 0}}, {"type": "Feature", "geometry": {"type": "Point", "coordinates": [18.681081, 45.559979]}, "properties": {"id": 419, "slug": "ekumenski-forum-europskih-krscanki-osijek-3980", "name": "EKUMENSKI FORUM EUROPSKIH KRŠĆANKI", "display_name": "Ekumenski Forum Europskih Kršćanki", "short_name": "EFEK", "registry": "registar-udruga", "oib": "72152163980", "status": "AKTIVAN", "category": "molitvena", "address": "LORENZA JÄGERA  7, Osijek", "city": "Osijek", "settlement": "Osijek", "municipality": "Osijek", "county": "Osječko-baranjska", "postal_code": "31000", "geo_source": "dgu-adresa", "diocese": "Đakovačko-osječka Nadbiskupija", "diocese_source": "derivirano-crkve.domovina.ai", "email": "efek@net.hr", "phone_e164": "+38531283474", "president": "Ana Slačanac", "president_role": "Predsjednica Udruge", "founded_at": "2001-05-21", "registered_at": "2001-09-14", "catholic_confidence": "srednja", "catholic_score": 8.5, "source": ["datagovhr:registar-udruga"], "category_label": "Molitvene zajednice", "active": 1}}, {"type": "Feature", "geometry": {"type": "Point", "coordinates": [16.855386, 42.905782]}, "properties": {"id": 421, "slug": "mjesoviti-pjevacki-crkveni-zbor-don-jakov-salecic-smokvica-2890", "name": "Mješoviti pjevački crkveni zbor \"Don Jakov Salečić\" - Smokvica", "display_name": "Mješoviti pjevački crkveni zbor \"Don Jakov Salečić\" - Smokvica", "short_name": "\"Don Jakov Salečić\"", "registry": "registar-udruga", "oib": "73356122890", "status": "AKTIVAN", "category": "glazba", "address": "Brna 332, Smokvica", "city": "Smokvica", "settlement": "Smokvica", "municipality": "Smokvica", "county": "Dubrovačko-neretvanska", "postal_code": "20272", "geo_source": "dgu-adresa", "diocese": "Dubrovačka Biskupija - Dioecesis Ragusina", "diocese_source": "derivirano-crkve.domovina.ai", "phone_e164": "+38520831033", "president": "Vesna Pecotić", "president_role": "Predsjednica", "founded_at": "2002-02-14", "registered_at": "2002-03-06", "catholic_confidence": "srednja", "catholic_score": 4.0, "source": ["datagovhr:registar-udruga"], "category_label": "Zborovi i crkvena glazba", "active": 1}}, {"type": "Feature", "geometry": {"type": "Point", "coordinates": [17.162254, 45.412887]}, "properties": {"id": 422, "slug": "hrvatska-katolicka-udruga-medicinskih-sestara-i-tehnicara-u-pozeskoj-biskupiji-ogranak-lipik-u-likvidaciji-7752", "name": "Hrvatska katolička udruga medicinskih sestara i tehničara u Požeškoj biskupiji, Ogranak Lipik U LIKVIDACIJI", "display_name": "Hrvatska katolička udruga medicinskih sestara i tehničara u Požeškoj biskupiji, Ogranak Lipik U LIKVIDACIJI", "short_name": "HKUMST (PB) Ogranak Lipik", "registry": "registar-udruga", "oib": "27206227752", "status": "BRISAN", "category": "strukovna", "address": "Marije Terezije 13, Lipik", "city": "Lipik", "settlement": "Lipik", "municipality": "Lipik", "county": "Požeško-slavonska", "postal_code": "34551", "geo_source": "dgu-adresa", "diocese": "Požeška Biskupija", "diocese_source": "derivirano-crkve.domovina.ai", "president": "Danijela Babojelić", "president_role": "Dopredsjednik Udruge", "founded_at": "2003-01-17", "registered_at": "2003-05-22", "catholic_confidence": "visoka", "catholic_score": 10.0, "source": ["datagovhr:registar-udruga"], "category_label": "Strukovne (liječnici, učitelji…)", "active": 0}}, {"type": "Feature", "geometry": {"type": "Point", "coordinates": [16.336344, 43.4997]}, "properties": {"id": 423, "slug": "bratovstina-presvetog-sakramenta-slatine-2099", "name": "BRATOVŠTINA PRESVETOG SAKRAMENTA SLATINE", "display_name": "Bratovština Presvetog Sakramenta Slatine", "registry": "registar-udruga", "oib": "12054502099", "status": "BRISAN", "category": "bratovstina", "address": "Put porta 35, Slatine", "city": "Slatine", "settlement": "Slatine", "municipality": "Split", "county": "Splitsko-dalmatinska", "postal_code": "21224", "geo_source": "dgu-adresa", "diocese": "Splitsko-makarska Nadbiskupija", "diocese_source": "derivirano-crkve.domovina.ai", "president": "Ante Domić", "president_role": "Predsjednik Udruge", "founded_at": "2001-05-13", "registered_at": "2001-07-12", "catholic_confidence": "visoka", "catholic_score": 9.0, "source": ["datagovhr:registar-udruga"], "category_label": "Bratovštine", "active": 0}}, {"type": "Feature", "geometry": {"type": "Point", "coordinates": [14.31984, 45.348542]}, "properties": {"id": 424, "slug": "pastoralni-krug-alojzije-stepinac-opatija-8567", "name": "PASTORALNI KRUG \"ALOJZIJE STEPINAC\"", "display_name": "Pastoralni Krug \"Alojzije Stepinac\"", "registry": "registar-udruga", "oib": "51591458567", "status": "BRISAN", "category": "obitelj", "address": "Andrije Štangera 37, Opatija", "city": "Opatija", "settlement": "Opatija", "municipality": "Opatija", "county": "Primorsko-goranska", "postal_code": "51410", "geo_source": "dgu-adresa", "diocese": "Riječka Nadbiskupija", "diocese_source": "derivirano-crkve.domovina.ai", "president": "Josip Šimac", "president_role": "Predsjednik", "founded_at": "2004-04-06", "registered_at": "2004-04-20", "catholic_confidence": "visoka", "catholic_score": 11.5, "source": ["datagovhr:registar-udruga"], "category_label": "Obitelj i život", "active": 0}}, {"type": "Feature", "geometry": {"type": "Point", "coordinates": [15.982312, 45.813733]}, "properties": {"id": 426, "slug": "hrvatsko-drustvo-crkvenih-glazbenika-zagreb-3979", "name": "HRVATSKO DRUŠTVO CRKVENIH GLAZBENIKA", "display_name": "Hrvatsko Društvo Crkvenih Glazbenika", "short_name": "HDCG", "registry": "registar-udruga", "oib": "51189803979", "status": "AKTIVAN", "category": "glazba", "address": "Vlaška ulica 38, Zagreb", "city": "Zagreb", "settlement": "Zagreb", "municipality": "Grad Zagreb", "county": "Grad Zagreb", "postal_code": "10000", "geo_source": "dgu-adresa", "diocese": "Zagrebačka Nadbiskupija", "diocese_source": "derivirano-crkve.domovina.ai", "email": "domagojalj@gmail.com", "phone_e164": "+385981876191", "president": "Jelka Bat", "president_role": "Dopredsjednica", "founded_at": "2004-06-24", "registered_at": "2004-07-26", "catholic_confidence": "srednja", "catholic_score": 6.0, "source": ["datagovhr:registar-udruga"], "category_label": "Zborovi i crkvena glazba", "active": 1}}, {"type": "Feature", "geometry": {"type": "Point", "coordinates": [17.403576, 42.781623]}, "properties": {"id": 427, "slug": "udruga-za-izgradnju-zupne-i-zavjetne-crkve-u-polacama-polace-5288", "name": "Udruga za izgradnju župne i zavjetne crkve u Polačama", "display_name": "Udruga za izgradnju župne i zavjetne crkve u Polačama", "registry": "registar-udruga", "oib": "45536405288", "status": "BRISAN", "category": "zupna", "address": "Polače 00, Polače", "city": "Polače", "settlement": "Polače", "municipality": "Mljet", "county": "Dubrovačko-neretvanska", "geo_source": "naselje-teziste", "diocese": "Dubrovačka Biskupija - Dioecesis Ragusina", "diocese_source": "derivirano-crkve.domovina.ai", "president": "Đivo Market", "president_role": "Predsjednik Udruge", "founded_at": "2002-12-08", "registered_at": "2003-02-19", "catholic_confidence": "visoka", "catholic_score": 7.0, "source": ["datagovhr:registar-udruga"], "category_label": "Župne udruge", "active": 0}}, {"type": "Feature", "geometry": {"type": "Point", "coordinates": [14.258623, 45.375429]}, "properties": {"id": 429, "slug": "udruga-hrvatskih-katolickih-muzeva-papa-ivan-viii-rijeka-rukavac-0507", "name": "UDRUGA HRVATSKIH KATOLIČKIH MUŽEVA \"PAPA IVAN VIII\" - RIJEKA", "display_name": "Udruga Hrvatskih Katoličkih Muževa \"Papa Ivan VIII\" - Rijeka", "short_name": "UHKM", "registry": "registar-udruga", "oib": "51098860507", "status": "BRISAN", "category": "hodocasnicka", "address": "Kućeli 11, Rukavac", "city": "Rukavac", "settlement": "Rukavac", "municipality": "Matulji", "county": "Primorsko-goranska", "geo_source": "naselje-teziste", "diocese": "Riječka Nadbiskupija", "diocese_source": "derivirano-crkve.domovina.ai", "president": "Pavao Nekić", "president_role": "Predsjednik", "founded_at": "2004-01-19", "registered_at": "2004-05-19", "catholic_confidence": "visoka", "catholic_score": 9.5, "source": ["datagovhr:registar-udruga"], "category_label": "Hodočašća", "active": 0}}, {"type": "Feature", "geometry": {"type": "Point", "coordinates": [17.514112, 45.23101]}, "properties": {"id": 430, "slug": "humanitarna-udruga-useljenika-hrvatske-blazeni-ivan-merz-staro-petrovo-selo-1409", "name": "HUMANITARNA UDRUGA  USELJENIKA HRVATSKE ''BLAŽENI IVAN MERZ''", "display_name": "Humanitarna Udruga Useljenika Hrvatske ''Blaženi Ivan Merz''", "short_name": "HUIRHBH \"DR. IVAN MERC\"", "registry": "registar-udruga", "oib": "15961231409", "status": "BRISAN", "category": "karitativna", "address": "M. Gupca 56, Staro Petrovo Selo", "city": "Staro Petrovo Selo", "settlement": "Staro Petrovo Selo", "municipality": "Staro Petrovo Selo", "county": "Brodsko-posavska", "postal_code": "35420", "geo_source": "dgu-adresa", "diocese": "Požeška Biskupija", "diocese_source": "derivirano-crkve.domovina.ai", "president": "Ruža Vidović", "president_role": "Predsjednica", "founded_at": "2000-01-29", "registered_at": "2000-03-31", "catholic_confidence": "srednja", "catholic_score": 4.0, "source": ["datagovhr:registar-udruga"], "category_label": "Karitativne i humanitarne", "active": 0}}, {"type": "Feature", "geometry": {"type": "Point", "coordinates": [16.46397, 43.510373]}, "properties": {"id": 431, "slug": "udruga-mladih-isus-je-put-split-6378", "name": "UDRUGA MLADIH \"ISUS JE PUT\"", "display_name": "Udruga Mladih \"Isus Je Put\"", "registry": "registar-udruga", "oib": "52382296378", "status": "AKTIVAN", "category": "mladi", "address": "Matice hrvatske 11, Split", "city": "Split", "settlement": "Split", "municipality": "Split", "county": "Splitsko-dalmatinska", "postal_code": "21000", "geo_source": "dgu-adresa", "diocese": "Splitsko-makarska Nadbiskupija", "diocese_source": "derivirano-crkve.domovina.ai", "email": "isusjeput2@gmail.com", "website": "https://www.isusjeput.hr", "phone_e164": "+385994022264", "president": "Ivka Bota", "president_role": "Predsjednik Udruge", "founded_at": "2003-02-07", "registered_at": "2003-05-28", "catholic_confidence": "srednja", "catholic_score": 7.0, "source": ["datagovhr:registar-udruga"], "category_label": "Mladi i studenti", "active": 1}}, {"type": "Feature", "geometry": {"type": "Point", "coordinates": [18.687547, 45.543346]}, "properties": {"id": 432, "slug": "udruga-kraljica-mira-osijek-7041", "name": "UDRUGA \"KRALJICA MIRA\" OSIJEK", "display_name": "Udruga \"Kraljica Mira\" Osijek", "registry": "registar-udruga", "oib": "94082017041", "status": "BRISAN", "category": "hodocasnicka", "address": "ŠTROSMAJEROVA 325E, Osijek", "city": "Osijek", "settlement": "Osijek", "municipality": "Osijek", "county": "Osječko-baranjska", "geo_source": "naselje-teziste", "diocese": "Đakovačko-osječka Nadbiskupija", "diocese_source": "derivirano-crkve.domovina.ai", "president": "Ana Cvitanušić", "president_role": "Predsjednik", "founded_at": "2003-04-13", "registered_at": "2003-05-02", "catholic_confidence": "srednja", "catholic_score": 4.5, "source": ["datagovhr:registar-udruga"], "category_label": "Hodočašća", "active": 0}}, {"type": "Feature", "geometry": {"type": "Point", "coordinates": [17.24451, 43.173381]}, "properties": {"id": 433, "slug": "kolping-obitelj-drvenik-drvenik-8449", "name": "Kolping obitelj \"Drvenik\" Drvenik", "display_name": "Kolping obitelj \"Drvenik\" Drvenik", "registry": "registar-udruga", "oib": "32235708449", "status": "AKTIVAN", "category": "pokret", "address": "Donja Vala bb, Drvenik", "city": "Drvenik", "settlement": "Drvenik", "municipality": "Gradac", "county": "Splitsko-dalmatinska", "geo_source": "naselje-teziste", "diocese": "Splitsko-makarska Nadbiskupija", "diocese_source": "derivirano-crkve.domovina.ai", "president": "Zlatan Divić", "president_role": "Predsjednik Udruge", "founded_at": "1995-01-11", "registered_at": "1998-05-28", "catholic_confidence": "srednja", "catholic_score": 5.5, "source": ["datagovhr:registar-udruga"], "category_label": "Pokreti i laičke zajednice", "active": 1}}, {"type": "Feature", "geometry": {"type": "Point", "coordinates": [19.000287, 45.353807]}, "properties": {"id": 434, "slug": "drustvo-hrvatska-zena-vukovar-7078", "name": "Društvo \"HRVATSKA ŽENA\" Vukovar", "display_name": "Društvo \"HRVATSKA ŽENA\" Vukovar", "registry": "registar-udruga", "oib": "02815767078", "status": "AKTIVAN", "category": "karitativna", "address": "Josipa Jurja Strossmayera 25, Vukovar", "city": "Vukovar", "settlement": "Vukovar", "municipality": "Vukovar", "county": "Vukovarsko-srijemska", "postal_code": "32000", "geo_source": "dgu-adresa", "diocese": "Đakovačko-osječka Nadbiskupija", "diocese_source": "derivirano-crkve.domovina.ai", "email": "hrvatska.zena@vk.t-com.hr", "phone_e164": "+38532442304", "president": "Šima Šesto", "president_role": "Predsjednica", "founded_at": "1997-11-21", "registered_at": "1998-01-20", "catholic_confidence": "srednja", "catholic_score": 4.0, "source": ["datagovhr:registar-udruga"], "category_label": "Karitativne i humanitarne", "active": 1}}, {"type": "Feature", "geometry": {"type": "Point", "coordinates": [16.850853, 45.909917]}, "properties": {"id": 436, "slug": "udruga-hrvatskih-katolickih-roma-lovara-za-prevenciju-i-edukaciju-protiv-opojnih-droga-grada-bjelovara-bjelovarsko-5486", "name": "Udruga hrvatskih katoličkih Roma Lovara za prevenciju i edukaciju protiv opojnih droga Grada Bjelovara, Bjelovarsko-bilogorske županije i Republike Hrvatske", "display_name": "Udruga hrvatskih katoličkih Roma Lovara za prevenciju i edukaciju protiv opojnih droga Grada Bjelovara, Bjelovarsko-bilogorske županije i Republike Hrvatske", "registry": "registar-udruga", "oib": "07475725486", "status": "BRISAN", "category": "obrazovanje", "address": "Milana Šufflaya 6, Bjelovar", "city": "Bjelovar", "settlement": "Bjelovar", "municipality": "Bjelovar", "county": "Bjelovarsko-bilogorska", "postal_code": "43000", "geo_source": "dgu-adresa", "diocese": "Bjelovarsko-križevačka Biskupija", "diocese_source": "derivirano-crkve.domovina.ai", "president": "Stevo Đurđević", "president_role": "Predsjednik", "founded_at": "2002-03-23", "registered_at": "2002-04-12", "catholic_confidence": "visoka", "catholic_score": 4.0, "source": ["datagovhr:registar-udruga"], "category_label": "Obrazovanje i kateheza", "active": 0}}, {"type": "Feature", "geometry": {"type": "Point", "coordinates": [17.189014, 45.430547]}, "properties": {"id": 437, "slug": "hrvatska-katolicka-udruga-medicinskih-sestara-i-tehnicara-u-pozeskoj-biskupiji-ogranak-pakrac-0558", "name": "Hrvatska katolička udruga medicinskih sestara i tehničara u požeškoj biskupiji, Ogranak Pakrac", "display_name": "Hrvatska katolička udruga medicinskih sestara i tehničara u požeškoj biskupiji, Ogranak Pakrac", "short_name": "HKUMST(PB) Ogranak Pakrac", "registry": "registar-udruga", "oib": "52437680558", "status": "AKTIVAN", "category": "strukovna", "address": "Bolnička ulica 74, Pakrac", "city": "Pakrac", "settlement": "Pakrac", "municipality": "Pakrac", "county": "Požeško-slavonska", "postal_code": "34550", "geo_source": "dgu-adresa", "diocese": "Požeška Biskupija", "diocese_source": "derivirano-crkve.domovina.ai", "email": "melanijahuska@hotmail.com", "phone_e164": "+38598583056", "president": "Melanija Huška", "president_role": "Predsjednica", "founded_at": "2002-02-05", "registered_at": "2002-05-16", "catholic_confidence": "visoka", "catholic_score": 13.0, "source": ["datagovhr:registar-udruga"], "category_label": "Strukovne (liječnici, učitelji…)", "active": 1}}, {"type": "Feature", "geometry": {"type": "Point", "coordinates": [18.686049, 45.558477]}, "properties": {"id": 438, "slug": "marijina-legija-curia-majka-divna-osijek-1634", "name": "MARIJINA LEGIJA - Curia \"Majka divna\" Osijek", "display_name": "MARIJINA LEGIJA - Curia \"Majka divna\" Osijek", "short_name": "MARIJINA LEGIJA - Osijek", "registry": "registar-udruga", "oib": "04210851634", "status": "BRISAN", "category": "pokret", "address": "KARDINALA A. STEPINCA 27, Osijek", "city": "Osijek", "settlement": "Osijek", "municipality": "Osijek", "county": "Osječko-baranjska", "postal_code": "31000", "geo_source": "dgu-adresa", "diocese": "Đakovačko-osječka Nadbiskupija", "diocese_source": "derivirano-crkve.domovina.ai", "president": "Kristina Gubo", "president_role": "Predsjednik", "founded_at": "2002-08-31", "registered_at": "2002-11-12", "catholic_confidence": "visoka", "catholic_score": 7.0, "source": ["datagovhr:registar-udruga"], "category_label": "Pokreti i laičke zajednice", "active": 0}}, {"type": "Feature", "geometry": {"type": "Point", "coordinates": [16.435539, 43.513989]}, "properties": {"id": 439, "slug": "hrvatsko-katolicko-drustvo-branimir-u-likvidaciji-split-4931", "name": "Hrvatsko katoličko društvo \"Branimir\" U LIKVIDACIJI", "display_name": "Hrvatsko katoličko društvo \"Branimir\" U LIKVIDACIJI", "short_name": "HKD \"BRANIMIR\"", "registry": "registar-udruga", "oib": "40694154931", "status": "BRISAN", "category": "hodocasnicka", "address": "Zrinjsko-Frankopanska 19, Split", "city": "Split", "settlement": "Split", "municipality": "Split", "county": "Splitsko-dalmatinska", "postal_code": "21000", "geo_source": "dgu-adresa", "diocese": "Splitsko-makarska Nadbiskupija", "diocese_source": "derivirano-crkve.domovina.ai", "president": "Frane Peruzović", "president_role": "Predsjednik Udruge", "founded_at": "1992-06-07", "registered_at": "2000-01-18", "catholic_confidence": "visoka", "catholic_score": 8.5, "source": ["datagovhr:registar-udruga"], "category_label": "Hodočašća", "active": 0}}, {"type": "Feature", "geometry": {"type": "Point", "coordinates": [17.69874, 45.343312]}, "properties": {"id": 441, "slug": "hrvatska-katolicka-udruga-medicinskih-sestara-i-tehnicara-u-pozeskoj-biskupiji-pozega-1982", "name": "Hrvatska katolička udruga medicinskih sestara i tehničara u Požeškoj biskupiji", "display_name": "Hrvatska katolička udruga medicinskih sestara i tehničara u Požeškoj biskupiji", "short_name": "HKUMST(PB)", "registry": "registar-udruga", "oib": "67469471982", "status": "AKTIVAN", "category": "strukovna", "address": "Osječka 107, Požega", "city": "Požega", "settlement": "Požega", "municipality": "Požega", "county": "Požeško-slavonska", "postal_code": "34000", "geo_source": "dgu-adresa", "diocese": "Požeška Biskupija", "diocese_source": "derivirano-crkve.domovina.ai", "email": "kristina.badrov1@gmail.com", "phone_e164": "+385989643864", "president": "Kristina Budim", "president_role": "Predsjednica", "founded_at": "2002-01-12", "registered_at": "2002-03-25", "catholic_confidence": "visoka", "catholic_score": 13.0, "source": ["datagovhr:registar-udruga"], "category_label": "Strukovne (liječnici, učitelji…)", "active": 1}}, {"type": "Feature", "geometry": {"type": "Point", "coordinates": [16.850853, 45.909917]}, "properties": {"id": 442, "slug": "sabor-udruga-hrvatskih-katolickih-roma-lovara-bjelovar-1462", "name": "Sabor udruga hrvatskih katoličkih Roma - Lovara", "display_name": "Sabor udruga hrvatskih katoličkih Roma - Lovara", "registry": "registar-udruga", "oib": "54271171462", "status": "BRISAN", "category": "karitativna", "address": "Milana Šufflaya 6, Bjelovar", "city": "Bjelovar", "settlement": "Bjelovar", "municipality": "Bjelovar", "county": "Bjelovarsko-bilogorska", "postal_code": "43000", "geo_source": "dgu-adresa", "diocese": "Bjelovarsko-križevačka Biskupija", "diocese_source": "derivirano-crkve.domovina.ai", "president": "Stevo Đurđević", "president_role": "Predsjednik", "founded_at": "2002-03-27", "registered_at": "2002-05-15", "catholic_confidence": "visoka", "catholic_score": 5.0, "source": ["datagovhr:registar-udruga"], "category_label": "Karitativne i humanitarne", "active": 0}}, {"type": "Feature", "geometry": {"type": "Point", "coordinates": [16.040328, 43.585171]}, "properties": {"id": 445, "slug": "bratovstina-svetog-martina-krusevo-2140", "name": "BRATOVŠTINA SVETOG MARTINA", "display_name": "Bratovština Svetog Martina", "registry": "registar-udruga", "oib": "77150162140", "status": "AKTIVAN", "category": "bratovstina", "address": "Kruševo 51, Kruševo", "city": "Kruševo", "settlement": "Kruševo", "municipality": "Primošten", "county": "Šibensko-kninska", "postal_code": "22204", "geo_source": "dgu-adresa", "diocese": "Šibenska Biskupija", "diocese_source": "derivirano-crkve.domovina.ai", "email": "f.zaja@gmx.de", "phone_e164": "+385955853225", "president": "Frane Marijan Žaja", "president_role": "Predsjednik", "founded_at": "1998-05-17", "registered_at": "1998-06-08", "catholic_confidence": "srednja", "catholic_score": 5.5, "source": ["datagovhr:registar-udruga"], "category_label": "Bratovštine", "active": 1}}, {"type": "Feature", "geometry": {"type": "Point", "coordinates": [18.708519, 45.412042]}, "properties": {"id": 446, "slug": "udruga-za-izgradnju-katolicke-crkve-uzasasca-spasova-u-laslovu-laslovo-2533", "name": "UDRUGA ZA IZGRADNJU KATOLIČKE CRKVE \"UZAŠAŠĆA (SPASOVA)\" U LASLOVU", "display_name": "Udruga za Izgradnju Katoličke Crkve \"Uzašašća (Spasova)\" u Laslovu", "short_name": "UDRUGA \"UZAŠAŠĆA (SPASOVA)\" LASLOVO", "registry": "registar-udruga", "oib": "34069362533", "status": "AKTIVAN", "category": "zupna", "address": "Kolodvorska 31, Laslovo", "city": "Laslovo", "settlement": "Laslovo", "municipality": "Ernestinovo", "county": "Osječko-baranjska", "postal_code": "31214", "geo_source": "dgu-adresa", "diocese": "Đakovačko-osječka Nadbiskupija", "diocese_source": "derivirano-crkve.domovina.ai", "email": "ivica.zegnal39@gmail.com", "phone_e164": "+38531289220", "president": "Ivica Zegnal", "president_role": "Predsjednik", "founded_at": "2002-04-20", "registered_at": "2002-05-06", "catholic_confidence": "visoka", "catholic_score": 10.5, "source": ["datagovhr:registar-udruga"], "category_label": "Župne udruge", "active": 1}}, {"type": "Feature", "geometry": {"type": "Point", "coordinates": [15.741123, 45.883545]}, "properties": {"id": 447, "slug": "mjesoviti-crkveni-zbor-zupe-sv-vida-brdovec-prigorje-brdovecko-7149", "name": "Mješoviti crkveni zbor Župe Sv. Vida Brdovec", "display_name": "Mješoviti crkveni zbor Župe Sv. Vida Brdovec", "short_name": "Crkveni zbor Sv. Vida Brdovec", "registry": "registar-udruga", "oib": "85192297149", "status": "AKTIVAN", "category": "glazba", "address": "Ilije Gregorića 38, Prigorje Brdovečko", "city": "Prigorje Brdovečko", "settlement": "Prigorje Brdovečko", "municipality": "Brdovec", "county": "Zagrebačka", "geo_source": "naselje-teziste", "diocese": "Zagrebačka Nadbiskupija", "diocese_source": "derivirano-crkve.domovina.ai", "phone_e164": "+385992011951", "president": "Ivan Meštrović", "president_role": "Predsjednik", "founded_at": "2003-10-16", "registered_at": "2003-11-07", "catholic_confidence": "visoka", "catholic_score": 14.0, "source": ["datagovhr:registar-udruga"], "category_label": "Zborovi i crkvena glazba", "active": 1}}, {"type": "Feature", "geometry": {"type": "Point", "coordinates": [16.520563, 43.499936]}, "properties": {"id": 448, "slug": "bratovstina-presvetog-sakramenta-stobrec-9796", "name": "BRATOVŠTINA PRESVETOG SAKRAMENTA", "display_name": "Bratovština Presvetog Sakramenta", "registry": "registar-udruga", "oib": "94422709796", "status": "AKTIVAN", "category": "bratovstina", "address": "Ivankova 10, Stobreč", "city": "Stobreč", "settlement": "Stobreč", "municipality": "Split", "county": "Splitsko-dalmatinska", "postal_code": "21311", "geo_source": "dgu-adresa", "diocese": "Splitsko-makarska Nadbiskupija", "diocese_source": "derivirano-crkve.domovina.ai", "email": "bratovstina.stobrec@gmail.com", "phone_e164": "+385958512932", "president": "Nedjeljko Plosnić", "president_role": "Predsjednik Udruge", "founded_at": "1999-09-06", "registered_at": "2000-02-21", "catholic_confidence": "visoka", "catholic_score": 14.5, "source": ["datagovhr:registar-udruga"], "category_label": "Bratovštine", "active": 1}}, {"type": "Feature", "geometry": {"type": "Point", "coordinates": [16.317471, 45.930864]}, "properties": {"id": 450, "slug": "katolicko-pjevacko-drustvo-sveti-juraj-rakovec-8728", "name": "Katoličko pjevačko društvo \"Sveti Juraj\"", "display_name": "Katoličko pjevačko društvo \"Sveti Juraj\"", "short_name": "KPD \"Sveti Juraj\"", "registry": "registar-udruga", "oib": "56831738728", "status": "AKTIVAN", "category": "glazba", "address": "Rakovec 54, Rakovec", "city": "Rakovec", "settlement": "Rakovec", "municipality": "Rakovec", "county": "Zagrebačka", "postal_code": "10347", "geo_source": "dgu-adresa", "diocese": "Bjelovarsko-križevačka Biskupija", "diocese_source": "derivirano-crkve.domovina.ai", "president": "Marija Meštrović", "president_role": "Predsjednik Udruge", "founded_at": "1997-11-09", "registered_at": "1998-02-14", "catholic_confidence": "visoka", "catholic_score": 5.5, "source": ["datagovhr:registar-udruga"], "category_label": "Zborovi i crkvena glazba", "active": 1}}, {"type": "Feature", "geometry": {"type": "Point", "coordinates": [15.694868, 45.827634]}, "properties": {"id": 453, "slug": "planinarska-bratovstina-sv-bernarda-lug-samoborski-2459", "name": "Planinarska bratovština Sv. Bernarda", "display_name": "Planinarska bratovština Sv. Bernarda", "short_name": "Pl. bratovština Sv. Bernarda", "registry": "registar-udruga", "oib": "21515902459", "status": "AKTIVAN", "category": "bratovstina", "address": "Bistrec 38, Lug Samoborski", "city": "Lug Samoborski", "settlement": "Lug Samoborski", "municipality": "Samobor", "county": "Zagrebačka", "postal_code": "10432", "geo_source": "dgu-adresa", "diocese": "Zagrebačka Nadbiskupija", "diocese_source": "derivirano-crkve.domovina.ai", "email": "lovorka.grbac@zg.t-com.hr", "website": "https://www.bratovstina-sv-bernarda.hr", "phone_e164": "+38598790790", "president": "Ivan Mužak", "president_role": "Dopredsjednik", "founded_at": "1994-01-22", "registered_at": "1998-02-07", "catholic_confidence": "visoka", "catholic_score": 9.0, "source": ["datagovhr:registar-udruga"], "category_label": "Bratovštine", "active": 1}}, {"type": "Feature", "geometry": {"type": "Point", "coordinates": [15.979099, 45.791795]}, "properties": {"id": 454, "slug": "udruga-za-promicanje-krscanskih-svjetonazora-u-likvidaciji-zagreb-0117", "name": "UDRUGA ZA PROMICANJE KRŠĆANSKIH SVJETONAZORA U LIKVIDACIJI", "display_name": "Udruga za Promicanje Kršćanskih Svjetonazora u Likvidaciji", "short_name": "UPROX", "registry": "registar-udruga", "oib": "89698510117", "status": "BRISAN", "category": "obitelj", "address": "4. Prudi 4, Zagreb", "city": "Zagreb", "settlement": "Zagreb", "municipality": "Grad Zagreb", "county": "Grad Zagreb", "postal_code": "10000", "geo_source": "dgu-adresa", "diocese": "Zagrebačka Nadbiskupija", "diocese_source": "derivirano-crkve.domovina.ai", "president": "Zoran Pleško", "president_role": "Član Predsjedništva", "founded_at": "2002-01-20", "registered_at": "2002-02-12", "catholic_confidence": "srednja", "catholic_score": 4.0, "source": ["datagovhr:registar-udruga"], "category_label": "Obitelj i život", "active": 0}}, {"type": "Feature", "geometry": {"type": "Point", "coordinates": [13.839967, 44.858839]}, "properties": {"id": 457, "slug": "katolicka-udruga-radnika-milosrdnog-isusa-u-likvidaciji-pula-3780", "name": "KATOLIČKA UDRUGA RADNIKA MILOSRDNOG ISUSA U LIKVIDACIJI", "display_name": "Katolička Udruga Radnika Milosrdnog Isusa u Likvidaciji", "short_name": "RMI", "registry": "registar-udruga", "oib": "86870683780", "status": "BRISAN", "category": "karitativna", "address": "Tomasinijeva 13, Pula", "city": "Pula", "settlement": "Pula", "municipality": "Pula - Pola", "county": "Istarska", "postal_code": "52100", "geo_source": "dgu-adresa", "diocese": "Biskupija Porečka i Pulska", "diocese_source": "derivirano-crkve.domovina.ai", "email": "marinaselj@gmail.com", "phone_e164": "+385921333530", "president": "Nenad Sabadi", "president_role": "Predsjednik", "founded_at": "2011-03-01", "registered_at": "2011-04-12", "catholic_confidence": "visoka", "catholic_score": 13.0, "source": ["datagovhr:registar-udruga"], "category_label": "Karitativne i humanitarne", "active": 0}}, {"type": "Feature", "geometry": {"type": "Point", "coordinates": [15.952996, 45.793319]}, "properties": {"id": 458, "slug": "savez-don-boscovih-bivsih-ucenika-zagreb-1515", "name": "SAVEZ DON BOSCOVIH BIVŠIH UČENIKA", "display_name": "Savez Don Boscovih Bivših Učenika", "short_name": "DBBU", "registry": "registar-udruga", "oib": "55253371515", "status": "AKTIVAN", "category": "pokret", "address": "Omiška 8, Zagreb", "city": "Zagreb", "settlement": "Zagreb", "municipality": "Grad Zagreb", "county": "Grad Zagreb", "postal_code": "10110", "geo_source": "dgu-adresa", "diocese": "Zagrebačka Nadbiskupija", "diocese_source": "derivirano-crkve.domovina.ai", "email": "petarmrkonjic1@net.hr", "phone_e164": "+38598717366", "president": "Ivo Pekić", "president_role": "Predsjednik", "founded_at": "2010-05-22", "registered_at": "2010-09-27", "catholic_confidence": "visoka", "catholic_score": 7.0, "source": ["datagovhr:registar-udruga"], "category_label": "Pokreti i laičke zajednice", "active": 1}}, {"type": "Feature", "geometry": {"type": "Point", "coordinates": [16.454615, 43.509874]}, "properties": {"id": 459, "slug": "hrvatska-udruga-benedikt-split-3625", "name": "HRVATSKA UDRUGA BENEDIKT", "display_name": "Hrvatska Udruga Benedikt", "short_name": "HUB", "registry": "registar-udruga", "oib": "29662153625", "status": "AKTIVAN", "category": "karitativna", "address": "Dubrovačka 15, Split", "city": "Split", "settlement": "Split", "municipality": "Split", "county": "Splitsko-dalmatinska", "postal_code": "21000", "geo_source": "dgu-adresa", "diocese": "Splitsko-makarska Nadbiskupija", "diocese_source": "derivirano-crkve.domovina.ai", "email": "hrvatska.udruga.benedikt@gmail.com", "website": "https://hu-benedikt.hr", "phone_e164": "+385917906571", "president": "Radoslav Zaradić", "president_role": "Predsjednik", "founded_at": "2011-03-14", "registered_at": "2011-04-22", "catholic_confidence": "srednja", "catholic_score": 6.5, "source": ["datagovhr:registar-udruga"], "category_label": "Karitativne i humanitarne", "active": 1}}, {"type": "Feature", "geometry": {"type": "Point", "coordinates": [15.906691, 43.724833]}, "properties": {"id": 460, "slug": "centar-za-hagioterapiju-sibenik-1830", "name": "CENTAR ZA HAGIOTERAPIJU ŠIBENIK", "display_name": "Centar za Hagioterapiju Šibenik", "short_name": "CHTŠ", "registry": "registar-udruga", "oib": "80556401830", "status": "AKTIVAN", "category": "pokret", "address": "Ulica branitelja domovinskog rata 7, Šibenik", "city": "Šibenik", "settlement": "Šibenik", "municipality": "Šibenik", "county": "Šibensko-kninska", "postal_code": "22000", "geo_source": "dgu-adresa", "diocese": "Šibenska Biskupija", "diocese_source": "derivirano-crkve.domovina.ai", "email": "cht.sibenik@gmail.com", "phone_e164": "+385955710889", "president": "Marina Baić", "president_role": "Predsjednica Udruge", "founded_at": "2013-01-21", "registered_at": "2013-02-06", "catholic_confidence": "visoka", "catholic_score": 6.5, "source": ["datagovhr:registar-udruga"], "category_label": "Pokreti i laičke zajednice", "active": 1}}, {"type": "Feature", "geometry": {"type": "Point", "coordinates": [13.972162, 44.822232]}, "properties": {"id": 461, "slug": "crkveni-zbor-zupe-svetog-martina-liznjan-7923", "name": "CRKVENI ZBOR ŽUPE SVETOG MARTINA - LIŽNJAN", "display_name": "Crkveni Zbor Župe Svetog Martina - Ližnjan", "registry": "registar-udruga", "oib": "88056657923", "status": "AKTIVAN", "category": "glazba", "address": "Ližnjan 166, Ližnjan", "city": "Ližnjan", "settlement": "Ližnjan", "municipality": "Ližnjan - Lisignano", "county": "Istarska", "geo_source": "naselje-teziste", "diocese": "Biskupija Porečka i Pulska", "diocese_source": "derivirano-crkve.domovina.ai", "phone_e164": "+38552578281", "president": "Vladimir Grbin", "president_role": "Predsjednik", "founded_at": "2012-09-18", "registered_at": "2012-09-26", "catholic_confidence": "visoka", "catholic_score": 7.0, "source": ["datagovhr:registar-udruga"], "category_label": "Zborovi i crkvena glazba", "active": 1}}, {"type": "Feature", "geometry": {"type": "Point", "coordinates": [15.977893, 45.831873]}, "properties": {"id": 462, "slug": "udruga-za-promicanje-krscanskih-vrijednosti-mreza-blazenstva-i-vatre-zagreb-2423", "name": "UDRUGA ZA PROMICANJE KRŠĆANSKIH VRIJEDNOSTI - MREŽA BLAŽENSTVA I VATRE", "display_name": "Udruga za Promicanje Kršćanskih Vrijednosti - Mreža Blaženstva i Vatre", "short_name": "MREŽA BLAŽENSTVA I VATRE", "registry": "registar-udruga", "oib": "93383702423", "status": "AKTIVAN", "category": "karitativna", "address": "Petra Dumičića 1, Zagreb", "city": "Zagreb", "settlement": "Zagreb", "municipality": "Grad Zagreb", "county": "Grad Zagreb", "geo_source": "naselje-teziste", "diocese": "Zagrebačka Nadbiskupija", "diocese_source": "derivirano-crkve.domovina.ai", "email": "croatia.team@blissandfire.com", "phone_e164": "+385955082192", "president": "Leonardo Ivković", "president_role": "Dopredsjednik", "founded_at": "2012-06-01", "registered_at": "2012-09-25", "catholic_confidence": "srednja", "catholic_score": 4.0, "source": ["datagovhr:registar-udruga"], "category_label": "Karitativne i humanitarne", "active": 1}}, {"type": "Feature", "geometry": {"type": "Point", "coordinates": [16.642506, 43.470099]}, "properties": {"id": 463, "slug": "udruga-za-ocuvanje-bastine-gospe-od-karmena-tugare-4800", "name": "UDRUGA ZA OČUVANJE BAŠTINE \"GOSPE OD KARMENA\"", "display_name": "Udruga za Očuvanje Baštine \"Gospe od Karmena\"", "short_name": "Udruga \"Gospe od Karmena\"", "registry": "registar-udruga", "oib": "18510064800", "status": "AKTIVAN", "category": "kultura", "address": "Račnik bb, Tugare", "city": "Tugare", "settlement": "Tugare", "municipality": "Omiš", "county": "Splitsko-dalmatinska", "geo_source": "naselje-teziste", "diocese": "Splitsko-makarska Nadbiskupija", "diocese_source": "derivirano-crkve.domovina.ai", "president": "Ante Bašić", "president_role": "Dopredsjednik", "founded_at": "2011-05-06", "registered_at": "2011-08-04", "catholic_confidence": "srednja", "catholic_score": 4.0, "source": ["datagovhr:registar-udruga"], "category_label": "Kultura i baština", "active": 1}}, {"type": "Feature", "geometry": {"type": "Point", "coordinates": [15.592338, 43.815744]}, "properties": {"id": 465, "slug": "bratovstina-sv-nikole-murter-7491", "name": "BRATOVŠTINA \"SV. NIKOLE\" MURTER", "display_name": "Bratovština \"Sv. Nikole\" Murter", "registry": "registar-udruga", "oib": "33627427491", "status": "BRISAN", "category": "bratovstina", "address": "Podvrtaj 3, Murter", "city": "Murter", "settlement": "Murter", "municipality": "Murter - Kornati", "county": "Šibensko-kninska", "postal_code": "22243", "geo_source": "dgu-adresa", "diocese": "Šibenska Biskupija", "diocese_source": "derivirano-crkve.domovina.ai", "president": "Dragutin Juraga", "president_role": "Predsjednik Udruge", "founded_at": "2012-05-28", "registered_at": "2012-06-26", "catholic_confidence": "visoka", "catholic_score": 8.5, "source": ["datagovhr:registar-udruga"], "category_label": "Bratovštine", "active": 0}}, {"type": "Feature", "geometry": {"type": "Point", "coordinates": [18.089772, 45.48745]}, "properties": {"id": 468, "slug": "centar-za-hagioterapiju-nasice-6544", "name": "CENTAR ZA HAGIOTERAPIJU NAŠICE", "display_name": "Centar za Hagioterapiju Našice", "short_name": "CHN", "registry": "registar-udruga", "oib": "92311326544", "status": "AKTIVAN", "category": "pokret", "address": "LJUDEVITA GAJA 11, Našice", "city": "Našice", "settlement": "Našice", "municipality": "Našice", "county": "Osječko-baranjska", "postal_code": "31500", "geo_source": "dgu-adresa", "diocese": "Požeška Biskupija", "diocese_source": "derivirano-crkve.domovina.ai", "email": "hagiocentar.nasice@gmail.com", "president": "Đurđica Visković", "president_role": "Predsjednica", "founded_at": "2012-04-07", "registered_at": "2012-06-28", "catholic_confidence": "visoka", "catholic_score": 7.0, "source": ["datagovhr:registar-udruga"], "category_label": "Pokreti i laičke zajednice", "active": 1}}, {"type": "Feature", "geometry": {"type": "Point", "coordinates": [18.670308, 45.562341]}, "properties": {"id": 469, "slug": "udruga-betlehem-osijek-1130", "name": "UDRUGA BETLEHEM OSIJEK", "display_name": "Udruga Betlehem Osijek", "short_name": "UDRUGA BETLEHEM OSIJEK", "registry": "registar-udruga", "oib": "54553861130", "status": "AKTIVAN", "category": "pokret", "address": "Ulica Pavla Pejačevića 35, Osijek", "city": "Osijek", "settlement": "Osijek", "municipality": "Osijek", "county": "Osječko-baranjska", "postal_code": "31000", "geo_source": "dgu-adresa", "diocese": "Đakovačko-osječka Nadbiskupija", "diocese_source": "derivirano-crkve.domovina.ai", "email": "betlehem.osijek@mail.com", "website": "https://www.betlehem-osijek.hr", "phone_e164": "+385915704331", "president": "Ana Žižek Petrović", "president_role": "Predsjednica", "founded_at": "2013-05-28", "registered_at": "2013-06-19", "catholic_confidence": "srednja", "catholic_score": 8.0, "source": ["datagovhr:registar-udruga"], "category_label": "Pokreti i laičke zajednice", "active": 1}}, {"type": "Feature", "geometry": {"type": "Point", "coordinates": [15.072915, 44.525541]}, "properties": {"id": 470, "slug": "odred-katolickih-skauta-sv-karlo-boromejski-karlobag-2100", "name": "ODRED KATOLIČKIH SKAUTA \"SV. KARLO BOROMEJSKI\" KARLOBAG", "display_name": "Odred Katoličkih Skauta \"Sv. Karlo Boromejski\" Karlobag", "short_name": "ODRED \"SV. KARLO BOROMEJSKI\" KARLOBAG", "registry": "registar-udruga", "oib": "44127142100", "status": "BRISAN", "category": "hodocasnicka", "address": "Kapucinska 1, Karlobag", "city": "Karlobag", "settlement": "Karlobag", "municipality": "Karlobag", "county": "Ličko-senjska", "postal_code": "53288", "geo_source": "dgu-adresa", "diocese": "Gospićko-senjska Biskupija", "diocese_source": "derivirano-crkve.domovina.ai", "phone_e164": "+38553617100", "president": "Adriana Smojver", "president_role": "Dopredsjednica", "founded_at": "2010-09-27", "registered_at": "2010-10-12", "catholic_confidence": "visoka", "catholic_score": 6.5, "source": ["datagovhr:registar-udruga"], "category_label": "Hodočašća", "active": 0}}, {"type": "Feature", "geometry": {"type": "Point", "coordinates": [16.803756, 43.625141]}, "properties": {"id": 471, "slug": "gospa-od-ruzarija-velic-9616", "name": "GOSPA OD RUŽARIJA", "display_name": "Gospa od Ružarija", "registry": "registar-udruga", "oib": "44822949616", "status": "BRISAN", "category": "mediji", "address": "Velić", "city": "Velić", "settlement": "Velić", "municipality": "Trilj", "county": "Splitsko-dalmatinska", "geo_source": "naselje-teziste", "diocese": "Splitsko-makarska Nadbiskupija", "diocese_source": "derivirano-crkve.domovina.ai", "president": "Anđelko Maroš", "president_role": "Dopredsjednik", "founded_at": "2011-08-22", "registered_at": "2011-09-01", "catholic_confidence": "srednja", "catholic_score": 5.5, "source": ["datagovhr:registar-udruga"], "category_label": "Mediji i nakladništvo", "active": 0}}, {"type": "Feature", "geometry": {"type": "Point", "coordinates": [16.319803, 46.315119]}, "properties": {"id": 473, "slug": "zdrug-katolickih-skauta-varazdinske-biskupije-3125", "name": "Zdrug katoličkih skauta Varaždinske biskupije", "display_name": "Zdrug katoličkih skauta Varaždinske biskupije", "short_name": "Zdrug", "registry": "registar-udruga", "oib": "77285363125", "status": "AKTIVAN", "category": "pokret", "address": "Vladimira Gortana 38, Varaždin", "city": "Varaždin", "settlement": "Varaždin", "municipality": "Varaždin", "county": "Varaždinska", "postal_code": "42000", "geo_source": "dgu-adresa", "diocese": "Varaždinska Biskupija", "diocese_source": "derivirano-crkve.domovina.ai", "email": "marko.kolarek@kb-marko.hr", "phone_e164": "+385989393601", "president": "Dominik Klemenčić", "president_role": "Predsjednik", "founded_at": "2014-03-22", "registered_at": "2014-04-25", "catholic_confidence": "visoka", "catholic_score": 11.5, "source": ["datagovhr:registar-udruga"], "category_label": "Pokreti i laičke zajednice", "active": 1}}, {"type": "Feature", "geometry": {"type": "Point", "coordinates": [17.98781, 45.191856]}, "properties": {"id": 474, "slug": "dom-molitve-slavonski-brod-7461", "name": "Dom molitve", "display_name": "Dom molitve", "registry": "registar-udruga", "oib": "69377677461", "status": "AKTIVAN", "category": "molitvena", "address": "Brlićev put 96, Slavonski Brod", "city": "Slavonski Brod", "settlement": "Slavonski Brod", "municipality": "Slavonski Brod", "county": "Brodsko-posavska", "postal_code": "35000", "geo_source": "dgu-adresa", "diocese": "Đakovačko-osječka Nadbiskupija", "diocese_source": "derivirano-crkve.domovina.ai", "email": "megi.princip@gmail.com", "phone_e164": "+385989592631", "president": "Bartol Pešorda", "president_role": "Predsjednik", "founded_at": "2013-02-10", "registered_at": "2013-02-15", "catholic_confidence": "srednja", "catholic_score": 6.0, "source": ["datagovhr:registar-udruga"], "category_label": "Molitvene zajednice", "active": 1}}, {"type": "Feature", "geometry": {"type": "Point", "coordinates": [16.649095, 43.188579]}, "properties": {"id": 475, "slug": "udruga-zupljana-zupe-svetog-duha-vrbanj-4403", "name": "Udruga župljana župe Svetog Duha-Vrbanj", "display_name": "Udruga župljana župe Svetog Duha-Vrbanj", "short_name": "UŽŽSDV", "registry": "registar-udruga", "oib": "55068304403", "status": "AKTIVAN", "category": "zupna", "address": "Vrbanj b.b., Vrbanj", "city": "Vrbanj", "settlement": "Vrbanj", "municipality": "Stari Grad", "county": "Splitsko-dalmatinska", "geo_source": "naselje-teziste", "diocese": "Hvarska Biskupija", "diocese_source": "derivirano-crkve.domovina.ai", "president": "Ivica Babić", "president_role": "Predsjednik Udruge", "founded_at": "2011-02-25", "registered_at": "2011-03-01", "catholic_confidence": "srednja", "catholic_score": 5.0, "source": ["datagovhr:registar-udruga"], "category_label": "Župne udruge", "active": 1}}, {"type": "Feature", "geometry": {"type": "Point", "coordinates": [15.946722, 45.788564]}, "properties": {"id": 476, "slug": "dorucak-za-zene-hrvatska-zagreb-7844", "name": "DORUČAK ZA ŽENE - HRVATSKA", "display_name": "Doručak za Žene - Hrvatska", "short_name": "DZŽ - HR", "registry": "registar-udruga", "oib": "06228937844", "status": "AKTIVAN", "category": "molitvena", "address": "Ulica Rudolfa Bićanića 30, Zagreb", "city": "Zagreb", "settlement": "Zagreb", "municipality": "Grad Zagreb", "county": "Grad Zagreb", "postal_code": "10110", "geo_source": "dgu-adresa", "diocese": "Zagrebačka Nadbiskupija", "diocese_source": "derivirano-crkve.domovina.ai", "phone_e164": "+38513435420", "president": "Angelika Rosa Bosch", "president_role": "Predsjednica", "founded_at": "2011-02-17", "registered_at": "2011-09-14", "catholic_confidence": "srednja", "catholic_score": 5.5, "source": ["datagovhr:registar-udruga"], "category_label": "Molitvene zajednice", "active": 1}}, {"type": "Feature", "geometry": {"type": "Point", "coordinates": [16.360772, 45.499413]}, "properties": {"id": 477, "slug": "udruga-betlehem-sisak-9400", "name": "UDRUGA BETLEHEM SISAK", "display_name": "Udruga Betlehem Sisak", "registry": "registar-udruga", "oib": "45444249400", "status": "AKTIVAN", "category": "pokret", "address": "Ulica Mije Dobranića  1, Sisak", "city": "Sisak", "settlement": "Sisak", "municipality": "Sisak", "county": "Sisačko-moslavačka", "postal_code": "44000", "geo_source": "dgu-adresa", "diocese": "Sisačka Biskupija", "diocese_source": "derivirano-crkve.domovina.ai", "email": "udrugabetlehem.sisak@gmail.com", "website": "https://www.betlehem-sisak.hr", "phone_e164": "+385955832351", "president": "Melita Udovičić", "president_role": "Predsjednica", "founded_at": "2013-02-27", "registered_at": "2013-03-15", "catholic_confidence": "srednja", "catholic_score": 4.5, "source": ["datagovhr:registar-udruga"], "category_label": "Pokreti i laičke zajednice", "active": 1}}, {"type": "Feature", "geometry": {"type": "Point", "coordinates": [16.085814, 45.820946]}, "properties": {"id": 478, "slug": "zajednica-r-u-k-e-duhovne-pomoci-covjeku-i-socijalne-inkluzije-zagreb-5227", "name": "ZAJEDNICA R_U_K_E_ DUHOVNE POMOĆI ČOVJEKU I SOCIJALNE INKLUZIJE", "display_name": "Zajednica R_u_k_e_ Duhovne Pomoći Čovjeku i Socijalne Inkluzije", "short_name": "ZAJEDNICA R_U_K_E_", "registry": "registar-udruga", "oib": "64517735227", "status": "AKTIVAN", "category": "molitvena", "address": "Delenšice 11, Zagreb", "city": "Zagreb", "settlement": "Zagreb", "municipality": "Grad Zagreb", "county": "Grad Zagreb", "postal_code": "10040", "geo_source": "dgu-adresa", "diocese": "Zagrebačka Nadbiskupija", "diocese_source": "derivirano-crkve.domovina.ai", "email": "michaelgolubicic@gmail.com", "phone_e164": "+385958389419", "president": "Michael Golubičić", "president_role": "Predsjednik Izvršnog Vijeća", "founded_at": "2012-04-22", "registered_at": "2012-06-04", "catholic_confidence": "srednja", "catholic_score": 4.0, "source": ["datagovhr:registar-udruga"], "category_label": "Molitvene zajednice", "active": 1}}, {"type": "Feature", "geometry": {"type": "Point", "coordinates": [15.495166, 45.450823]}, "properties": {"id": 479, "slug": "zavicajno-drustvo-sv-juraj-i-sv-mijalj-zupe-mreznicki-brest-duga-resa-8992", "name": "ZAVIČAJNO DRUŠTVO \"Sv. JURAJ I Sv. MIJALJ\" ŽUPE MREŽNIČKI BREST", "display_name": "ZAVIČAJNO DRUŠTVO \"Sv. JURAJ I Sv. MIJALJ\" ŽUPE MREŽNIČKI BREST", "registry": "registar-udruga", "oib": "24383378992", "status": "BRISAN", "category": "zupna", "address": "Mrežnički Brest bb, Duga Resa", "city": "Duga Resa", "settlement": "Duga Resa", "municipality": "Duga Resa", "county": "Karlovačka", "geo_source": "naselje-teziste", "diocese": "Zagrebačka Nadbiskupija", "diocese_source": "derivirano-crkve.domovina.ai", "president": "Mirko Luketić", "president_role": "Predsjednik", "founded_at": "2002-12-26", "registered_at": "2003-03-25", "catholic_confidence": "srednja", "catholic_score": 5.0, "source": ["datagovhr:registar-udruga"], "category_label": "Župne udruge", "active": 0}}, {"type": "Feature", "geometry": {"type": "Point", "coordinates": [16.312845, 43.790165]}, "properties": {"id": 480, "slug": "kulturno-umjetnicko-drustvo-sveti-ilija-zupa-kljaci-kljake-7795", "name": "KULTURNO UMJETNIČKO DRUŠTVO \"SVETI ILIJA ŽUPA KLJACI\"", "display_name": "Kulturno Umjetničko Društvo \"Sveti Ilija Župa Kljaci\"", "short_name": "KUD \"SVETI ILIJA ŽUPA KLJACI\"", "registry": "registar-udruga", "oib": "72593757795", "status": "AKTIVAN", "category": "kultura", "address": "Kod Doma 4, Kljake", "city": "Kljake", "settlement": "Kljake", "municipality": "Ružić", "county": "Šibensko-kninska", "postal_code": "22322", "geo_source": "dgu-adresa", "diocese": "Šibenska Biskupija", "diocese_source": "derivirano-crkve.domovina.ai", "email": "zoranajukica17@gmail.com", "phone_e164": "+385994248400", "president": "Josip Višić", "president_role": "Predsjednik Društva", "founded_at": "2011-01-23", "registered_at": "2011-02-21", "catholic_confidence": "visoka", "catholic_score": 7.0, "source": ["datagovhr:registar-udruga"], "category_label": "Kultura i baština", "active": 1}}, {"type": "Feature", "geometry": {"type": "Point", "coordinates": [15.617518, 44.031598]}, "properties": {"id": 481, "slug": "udruga-za-promicanje-hagioterapije-benkovac-1246", "name": "UDRUGA ZA PROMICANJE HAGIOTERAPIJE BENKOVAC", "display_name": "Udruga za Promicanje Hagioterapije Benkovac", "short_name": "HAGIOTERAPIJA BENKOVAC", "registry": "registar-udruga", "oib": "23666211246", "status": "BRISAN", "category": "pokret", "address": "Poljana Zrinskih i Frankopana  9, Benkovac", "city": "Benkovac", "settlement": "Benkovac", "municipality": "Benkovac", "county": "Zadarska", "postal_code": "23420", "geo_source": "dgu-ulica-fuzzy", "diocese": "Zadarska Nadbiskupija", "diocese_source": "derivirano-crkve.domovina.ai", "president": "Lucija Vuksan Ćusa", "president_role": "Predsjednica Udruge", "founded_at": "2013-07-18", "registered_at": "2013-09-06", "catholic_confidence": "visoka", "catholic_score": 7.0, "source": ["datagovhr:registar-udruga"], "category_label": "Pokreti i laičke zajednice", "active": 0}}, {"type": "Feature", "geometry": {"type": "Point", "coordinates": [16.170815, 46.058757]}, "properties": {"id": 482, "slug": "zbor-sveti-dominik-konjscina-donja-konjscina-5983", "name": "ZBOR SVETI DOMINIK, KONJŠČINA", "display_name": "Zbor Sveti Dominik, Konjščina", "short_name": "ZBOR SVETI DOMINIK", "registry": "registar-udruga", "oib": "27392225983", "status": "AKTIVAN", "category": "glazba", "address": "Donja Konjščina 28, Donja Konjščina", "city": "Donja Konjščina", "settlement": "Donja Konjščina", "municipality": "Konjščina", "county": "Krapinsko-zagorska", "postal_code": "49282", "geo_source": "dgu-adresa", "diocese": "Zagrebačka Nadbiskupija", "diocese_source": "derivirano-crkve.domovina.ai", "phone_e164": "+38598575077", "president": "Ivana Ivančan", "president_role": "Dopredsjednica", "founded_at": "2010-08-06", "registered_at": "2010-09-15", "catholic_confidence": "srednja", "catholic_score": 5.0, "source": ["datagovhr:registar-udruga"], "category_label": "Zborovi i crkvena glazba", "active": 1}}, {"type": "Feature", "geometry": {"type": "Point", "coordinates": [18.636566, 45.486087]}, "properties": {"id": 483, "slug": "katolicko-glazbeno-drustvo-svete-cecilije-ivanovac-8717", "name": "KATOLIČKO GLAZBENO DRUŠTVO SVETE CECILIJE IVANOVAC", "display_name": "Katoličko Glazbeno Društvo Svete Cecilije Ivanovac", "short_name": "KGD SV. CECILIJE", "registry": "registar-udruga", "oib": "65038018717", "status": "AKTIVAN", "category": "glazba", "address": "Duga ulica 31, Ivanovac", "city": "Ivanovac", "settlement": "Ivanovac", "municipality": "Antunovac", "county": "Osječko-baranjska", "postal_code": "31216", "geo_source": "dgu-adresa", "diocese": "Đakovačko-osječka Nadbiskupija", "diocese_source": "derivirano-crkve.domovina.ai", "email": "zupa.ivanovac1@gmail.com", "phone_e164": "+38531396044", "president": "Andrija Vrbanić", "president_role": "Predsjednik", "founded_at": "2012-11-22", "registered_at": "2013-01-22", "catholic_confidence": "visoka", "catholic_score": 9.0, "source": ["datagovhr:registar-udruga"], "category_label": "Zborovi i crkvena glazba", "active": 1}}, {"type": "Feature", "geometry": {"type": "Point", "coordinates": [13.951177, 44.828722]}, "properties": {"id": 484, "slug": "zvona-i-nari-udruga-za-proizvodnju-kulture-liznjan-0946", "name": "\"ZVONA I NARI\" UDRUGA ZA PROIZVODNJU KULTURE", "display_name": "\"Zvona i Nari\" Udruga za Proizvodnju Kulture", "short_name": "ZVONA I NARI", "registry": "registar-udruga", "oib": "73342230946", "status": "AKTIVAN", "category": "kultura", "address": "Vrčevan 32, Ližnjan", "city": "Ližnjan", "settlement": "Ližnjan", "municipality": "Ližnjan - Lisignano", "county": "Istarska", "postal_code": "52204", "geo_source": "dgu-adresa", "diocese": "Biskupija Porečka i Pulska", "diocese_source": "derivirano-crkve.domovina.ai", "email": "zvonainari@gmail.com", "website": "https://www.zvonainari.hr", "phone_e164": "+38552540642", "president": "Natalija Grgorinić", "president_role": "Predsjednica", "founded_at": "2010-09-22", "registered_at": "2010-10-01", "catholic_confidence": "srednja", "catholic_score": 4.0, "source": ["datagovhr:registar-udruga"], "category_label": "Kultura i baština", "active": 1}}, {"type": "Feature", "geometry": {"type": "Point", "coordinates": [18.84231, 45.257689]}, "properties": {"id": 485, "slug": "kulturno-umjetnicko-drustvo-alojzije-stepinac-mirkovci-8748", "name": "KULTURNO UMJETNIČKO DRUŠTVO \"ALOJZIJE STEPINAC\"", "display_name": "Kulturno Umjetničko Društvo \"Alojzije Stepinac\"", "short_name": "KUD \"ALOJZIJE STEPINAC\"", "registry": "registar-udruga", "oib": "61989118748", "status": "BRISAN", "category": "kultura", "address": "Zmaj Jovina 1, Mirkovci", "city": "Mirkovci", "settlement": "Mirkovci", "municipality": "Vinkovci", "county": "Vukovarsko-srijemska", "geo_source": "naselje-teziste", "diocese": "Đakovačko-osječka Nadbiskupija", "diocese_source": "derivirano-crkve.domovina.ai", "president": "Anto Jakovljević", "president_role": "Predsjednik", "founded_at": "2010-09-09", "registered_at": "2010-10-25", "catholic_confidence": "srednja", "catholic_score": 4.0, "source": ["datagovhr:registar-udruga"], "category_label": "Kultura i baština", "active": 0}}, {"type": "Feature", "geometry": {"type": "Point", "coordinates": [15.276565, 45.226186]}, "properties": {"id": 486, "slug": "dobrotvorno-podupirajuce-drustvo-sveti-ivan-pavao-ii-ostarije-7556", "name": "DOBROTVORNO PODUPIRAJUĆE DRUŠTVO \"SVETI IVAN PAVAO II.\" OŠTARIJE", "display_name": "Dobrotvorno Podupirajuće Društvo \"Sveti Ivan Pavao II.\" Oštarije", "short_name": "DPD \"SV. IVAN PAVAO II.\" OŠTARIJE", "registry": "registar-udruga", "oib": "21595477556", "status": "AKTIVAN", "category": "karitativna", "address": "Gospa od Čudesa 7, Oštarije", "city": "Oštarije", "settlement": "Oštarije", "municipality": "Josipdol", "county": "Karlovačka", "postal_code": "47303", "geo_source": "dgu-adresa", "diocese": "Gospićko-senjska Biskupija", "diocese_source": "derivirano-crkve.domovina.ai", "email": "tajnistvo.ostsog@gmail.com", "phone_e164": "+38598887023", "president": "Irena Juričić", "president_role": "Predsjednica Društva", "founded_at": "2012-01-14", "registered_at": "2012-02-29", "catholic_confidence": "srednja", "catholic_score": 6.0, "source": ["datagovhr:registar-udruga"], "category_label": "Karitativne i humanitarne", "active": 1}}, {"type": "Feature", "geometry": {"type": "Point", "coordinates": [16.340228, 43.550555]}, "properties": {"id": 487, "slug": "udruga-betlehem-split-kastel-novi-6379", "name": "UDRUGA BETLEHEM SPLIT", "display_name": "Udruga Betlehem Split", "short_name": "\"CENTAR ZA NEROĐENI ŽIVOT - BETLEHEM - SPLIT\"", "registry": "registar-udruga", "oib": "56332726379", "status": "AKTIVAN", "category": "pokret", "address": "Polinovac 30, Kaštel Novi", "city": "Kaštel Novi", "settlement": "Kaštel Novi", "municipality": "Kaštela", "county": "Splitsko-dalmatinska", "postal_code": "21216", "geo_source": "dgu-adresa", "diocese": "Splitsko-makarska Nadbiskupija", "diocese_source": "derivirano-crkve.domovina.ai", "email": "betlehemsplit@gmail.com", "phone_e164": "+385955833710", "president": "Ivanka Franceska Dabro", "president_role": "Predsjednica Udruge", "founded_at": "2012-01-16", "registered_at": "2012-02-29", "catholic_confidence": "srednja", "catholic_score": 5.0, "source": ["datagovhr:registar-udruga"], "category_label": "Pokreti i laičke zajednice", "active": 1}}, {"type": "Feature", "geometry": {"type": "Point", "coordinates": [16.315129, 46.472418]}, "properties": {"id": 488, "slug": "bratovstina-vitezova-hortus-vinorum-croatiae-u-likvidaciji-zelezna-gora-2327", "name": "\"BRATOVŠTINA VITEZOVA HORTUS VINORUM CROATIAE\" U LIKVIDACIJI", "display_name": "\"Bratovština Vitezova Hortus Vinorum Croatiae\" u Likvidaciji", "short_name": "\"BVHVC\"", "registry": "registar-udruga", "oib": "90698072327", "status": "BRISAN", "category": "bratovstina", "address": "Železna Gora 113, Železna Gora", "city": "Železna Gora", "settlement": "Železna Gora", "municipality": "Štrigova", "county": "Međimurska", "postal_code": "40312", "geo_source": "dgu-adresa", "diocese": "Varaždinska Biskupija", "diocese_source": "derivirano-crkve.domovina.ai", "president": "Boris Novak", "president_role": "Dopredsjednik Udruge", "founded_at": "2011-12-28", "registered_at": "2012-03-06", "catholic_confidence": "srednja", "catholic_score": 5.5, "source": ["datagovhr:registar-udruga"], "category_label": "Bratovštine", "active": 0}}, {"type": "Feature", "geometry": {"type": "Point", "coordinates": [15.548898, 45.47351]}, "properties": {"id": 489, "slug": "krscanska-udruga-derek-prince-karlovac-5791", "name": "KRŠĆANSKA UDRUGA \"DEREK PRINCE\"", "display_name": "Kršćanska Udruga \"Derek Prince\"", "short_name": "\"KUDP\"", "registry": "registar-udruga", "oib": "07885125791", "status": "BRISAN", "category": "karitativna", "address": "Bašćinska 39, Karlovac", "city": "Karlovac", "settlement": "Karlovac", "municipality": "Karlovac", "county": "Karlovačka", "postal_code": "47000", "geo_source": "dgu-adresa", "diocese": "Zagrebačka Nadbiskupija", "diocese_source": "derivirano-crkve.domovina.ai", "email": "damirblazic@hotmail.com", "website": "https://www.derekprince.hr", "phone_e164": "+38547432188", "president": "Damir Blažić", "president_role": "Predsjednik", "founded_at": "2010-04-19", "registered_at": "2010-06-24", "catholic_confidence": "srednja", "catholic_score": 6.5, "source": ["datagovhr:registar-udruga"], "category_label": "Karitativne i humanitarne", "active": 0}}, {"type": "Feature", "geometry": {"type": "Point", "coordinates": [15.711388, 45.798672]}, "properties": {"id": 491, "slug": "centar-za-hagioterapiju-samobor-5095", "name": "CENTAR ZA HAGIOTERAPIJU - SAMOBOR", "display_name": "Centar za Hagioterapiju - Samobor", "short_name": "CHTS", "registry": "registar-udruga", "oib": "45594785095", "status": "AKTIVAN", "category": "pokret", "address": "Ulica Franza Liszta 7, Samobor", "city": "Samobor", "settlement": "Samobor", "municipality": "Samobor", "county": "Zagrebačka", "postal_code": "10430", "geo_source": "dgu-adresa", "diocese": "Zagrebačka Nadbiskupija", "diocese_source": "derivirano-crkve.domovina.ai", "email": "hagioterapija.samobor@gmail.com", "website": "https://www.hagioterapija-samobor.hr", "phone_e164": "+38598418003", "president": "Zrinka Šarić-Marinović", "president_role": "Predsjednica", "founded_at": "2012-11-26", "registered_at": "2013-02-08", "catholic_confidence": "visoka", "catholic_score": 7.0, "source": ["datagovhr:registar-udruga"], "category_label": "Pokreti i laičke zajednice", "active": 1}}, {"type": "Feature", "geometry": {"type": "Point", "coordinates": [15.490518, 45.531041]}, "properties": {"id": 492, "slug": "udruga-kraljeve-kceri-zadobarje-2761", "name": "UDRUGA \"KRALJEVE KĆERI\"", "display_name": "Udruga \"Kraljeve Kćeri\"", "short_name": "Udruga KK", "registry": "registar-udruga", "oib": "08595232761", "status": "AKTIVAN", "category": "molitvena", "address": "Zadobarje 52, Zadobarje", "city": "Zadobarje", "settlement": "Zadobarje", "municipality": "Karlovac", "county": "Karlovačka", "postal_code": "47000", "geo_source": "dgu-adresa", "diocese": "Zagrebačka Nadbiskupija", "diocese_source": "derivirano-crkve.domovina.ai", "email": "klarena@zg.t-com.hr", "phone_e164": "+38598246578", "president": "Irena Kovačić", "president_role": "Predsjednica Udruge", "founded_at": "2013-02-19", "registered_at": "2013-05-02", "catholic_confidence": "srednja", "catholic_score": 6.0, "source": ["datagovhr:registar-udruga"], "category_label": "Molitvene zajednice", "active": 1}}, {"type": "Feature", "geometry": {"type": "Point", "coordinates": [16.064263, 45.823558]}, "properties": {"id": 493, "slug": "kristov-stol-misijska-europska-inicijativa-zagreb-5228", "name": "\"KRISTOV STOL\" MISIJSKA EUROPSKA INICIJATIVA", "display_name": "\"Kristov Stol\" Misijska Europska Inicijativa", "short_name": "\"KRISTOV STOL\"", "registry": "registar-udruga", "oib": "27169865228", "status": "AKTIVAN", "category": "hodocasnicka", "address": "Čulinečka cesta 31, Zagreb", "city": "Zagreb", "settlement": "Zagreb", "municipality": "Grad Zagreb", "county": "Grad Zagreb", "postal_code": "10040", "geo_source": "dgu-adresa", "diocese": "Zagrebačka Nadbiskupija", "diocese_source": "derivirano-crkve.domovina.ai", "email": "kristov.stol@gmail.com", "website": "https://www.kristov-stol-hr", "phone_e164": "+385915708604", "president": "Drina Ćavar Brajković", "president_role": "Predsjednica", "founded_at": "2010-04-23", "registered_at": "2010-05-17", "catholic_confidence": "visoka", "catholic_score": 10.0, "source": ["datagovhr:registar-udruga"], "category_label": "Hodočašća", "active": 1}}, {"type": "Feature", "geometry": {"type": "Point", "coordinates": [16.140048, 45.550125]}, "properties": {"id": 494, "slug": "zavicajno-drustvo-sveti-josip-cerje-letovanicko-5566", "name": "ZAVIČAJNO DRUŠTVO \"SVETI JOSIP\" CERJE LETOVANIĆKO", "display_name": "Zavičajno Društvo \"Sveti Josip\" Cerje Letovanićko", "short_name": "ZD SV. JOSIP CERJE LETOVANIĆKO", "registry": "registar-udruga", "oib": "25728825566", "status": "AKTIVAN", "category": "molitvena", "address": "Cerje Letovanićko 57, Cerje Letovanićko", "city": "Cerje Letovanićko", "settlement": "Cerje Letovanićko", "municipality": "Lekenik", "county": "Sisačko-moslavačka", "postal_code": "44272", "geo_source": "dgu-adresa", "diocese": "Sisačka Biskupija", "diocese_source": "derivirano-crkve.domovina.ai", "email": "zeljko.smudj@gmail.com", "phone_e164": "+38544713249", "president": "Kata Kranjčević", "president_role": "Zamjenica Predsjednika", "founded_at": "2011-04-30", "registered_at": "2011-06-09", "catholic_confidence": "srednja", "catholic_score": 6.5, "source": ["datagovhr:registar-udruga"], "category_label": "Molitvene zajednice", "active": 1}}, {"type": "Feature", "geometry": {"type": "Point", "coordinates": [16.691229, 43.444091]}, "properties": {"id": 495, "slug": "centar-za-hagioterapiju-omis-4600", "name": "CENTAR ZA HAGIOTERAPIJU - OMIŠ", "display_name": "Centar za Hagioterapiju - Omiš", "short_name": "CHTOM", "registry": "registar-udruga", "oib": "44108284600", "status": "AKTIVAN", "category": "pokret", "address": "Vladimira Nazora  7, Omiš", "city": "Omiš", "settlement": "Omiš", "municipality": "Omiš", "county": "Splitsko-dalmatinska", "postal_code": "21310", "geo_source": "dgu-adresa", "diocese": "Splitsko-makarska Nadbiskupija", "diocese_source": "derivirano-crkve.domovina.ai", "email": "aperisic1@gmail.com", "phone_e164": "+385917387453", "president": "Ana Perišić", "president_role": "Dopredsjednica Centra", "founded_at": "2013-04-22", "registered_at": "2013-05-24", "catholic_confidence": "visoka", "catholic_score": 6.5, "source": ["datagovhr:registar-udruga"], "category_label": "Pokreti i laičke zajednice", "active": 1}}, {"type": "Feature", "geometry": {"type": "Point", "coordinates": [16.77486, 45.488951]}, "properties": {"id": 496, "slug": "centar-za-hagioterapiju-kutina-9104", "name": "CENTAR ZA HAGIOTERAPIJU - KUTINA", "display_name": "Centar za Hagioterapiju - Kutina", "short_name": "CHTKT", "registry": "registar-udruga", "oib": "24265339104", "status": "AKTIVAN", "category": "pokret", "address": "Miroslava Kraljevića 4, Kutina", "city": "Kutina", "settlement": "Kutina", "municipality": "Kutina", "county": "Sisačko-moslavačka", "postal_code": "44320", "geo_source": "dgu-adresa", "diocese": "Sisačka Biskupija", "diocese_source": "derivirano-crkve.domovina.ai", "email": "anasalopekpavlic@gmail.com", "phone_e164": "+385916310700", "president": "Ana Pavlić", "president_role": "Predsjednica", "founded_at": "2012-06-18", "registered_at": "2012-07-31", "catholic_confidence": "visoka", "catholic_score": 7.0, "source": ["datagovhr:registar-udruga"], "category_label": "Pokreti i laičke zajednice", "active": 1}}, {"type": "Feature", "geometry": {"type": "Point", "coordinates": [15.944806, 45.795137]}, "properties": {"id": 497, "slug": "bog-te-blagoslovio-zagreb-5047", "name": "BOG TE BLAGOSLOVIO", "display_name": "Bog te Blagoslovio", "short_name": "BTB", "registry": "registar-udruga", "oib": "31526635047", "status": "BRISAN", "category": "karitativna", "address": "Blagajska ulica 34, Zagreb", "city": "Zagreb", "settlement": "Zagreb", "municipality": "Grad Zagreb", "county": "Grad Zagreb", "postal_code": "10110", "geo_source": "dgu-adresa", "diocese": "Zagrebačka Nadbiskupija", "diocese_source": "derivirano-crkve.domovina.ai", "email": "yvonne.kos@strabag.com", "phone_e164": "+385992562104", "president": "Yvonne Kos", "president_role": "Predsjednica", "founded_at": "2012-07-05", "registered_at": "2012-08-28", "catholic_confidence": "srednja", "catholic_score": 4.0, "source": ["datagovhr:registar-udruga"], "category_label": "Karitativne i humanitarne", "active": 0}}, {"type": "Feature", "geometry": {"type": "Point", "coordinates": [16.038848, 45.824358]}, "properties": {"id": 498, "slug": "isusovacka-sluzba-za-izbjeglice-zagreb-9846", "name": "ISUSOVAČKA SLUŽBA ZA IZBJEGLICE", "display_name": "Isusovačka Služba za Izbjeglice", "registry": "registar-udruga", "oib": "56924649846", "status": "AKTIVAN", "category": "glazba", "address": "Maksimirska cesta 286, Zagreb", "city": "Zagreb", "settlement": "Zagreb", "municipality": "Grad Zagreb", "county": "Grad Zagreb", "postal_code": "10040", "geo_source": "dgu-adresa", "diocese": "Zagrebačka Nadbiskupija", "diocese_source": "derivirano-crkve.domovina.ai", "email": "info@jrs.hr", "website": "https://www.jrs.hr", "phone_e164": "+385989792298", "president": "Ana Marčinko", "president_role": "Voditeljica Ureda", "founded_at": "2010-12-13", "registered_at": "2011-01-04", "catholic_confidence": "visoka", "catholic_score": 6.5, "source": ["datagovhr:registar-udruga"], "category_label": "Zborovi i crkvena glazba", "active": 1}}, {"type": "Feature", "geometry": {"type": "Point", "coordinates": [15.97831, 45.816864]}, "properties": {"id": 499, "slug": "hagiohr-udruga-za-promicanje-hagioterapije-u-likvidaciji-zagreb-7387", "name": "HAGIOHR - UDRUGA ZA PROMICANJE HAGIOTERAPIJE U LIKVIDACIJI", "display_name": "Hagiohr - Udruga za Promicanje Hagioterapije u Likvidaciji", "short_name": "HAGIOHR", "registry": "registar-udruga", "oib": "89314847387", "status": "BRISAN", "category": "pokret", "address": "Kaptol 23, Zagreb", "city": "Zagreb", "settlement": "Zagreb", "municipality": "Grad Zagreb", "county": "Grad Zagreb", "postal_code": "10000", "geo_source": "dgu-adresa", "diocese": "Zagrebačka Nadbiskupija", "diocese_source": "derivirano-crkve.domovina.ai", "email": "info@hagio.hr", "website": "https://www.hagio.hr", "phone_e164": "+38514845394", "founded_at": "2012-05-31", "registered_at": "2012-09-06", "catholic_confidence": "visoka", "catholic_score": 6.5, "source": ["datagovhr:registar-udruga"], "category_label": "Pokreti i laičke zajednice", "active": 0}}, {"type": "Feature", "geometry": {"type": "Point", "coordinates": [16.212467, 43.764314]}, "properties": {"id": 500, "slug": "udruga-gospe-ljubavi-gornje-planjane-2267", "name": "UDRUGA GOSPE LJUBAVI", "display_name": "Udruga Gospe Ljubavi", "registry": "registar-udruga", "oib": "27444722267", "status": "BRISAN", "category": "pokret", "address": "Jurići 4, Gornje Planjane", "city": "Gornje Planjane", "settlement": "Gornje Planjane", "municipality": "Unešić", "county": "Šibensko-kninska", "geo_source": "naselje-teziste", "diocese": "Šibenska Biskupija", "diocese_source": "derivirano-crkve.domovina.ai", "email": "jokojurić@hotmail.com", "phone_e164": "+385913504777", "president": "Josip Jurić", "president_role": "Predsjednik Udruge", "founded_at": "2011-04-23", "registered_at": "2011-07-06", "catholic_confidence": "visoka", "catholic_score": 7.0, "source": ["datagovhr:registar-udruga"], "category_label": "Pokreti i laičke zajednice", "active": 0}}, {"type": "Feature", "geometry": {"type": "Point", "coordinates": [16.50923, 43.507548]}, "properties": {"id": 502, "slug": "katolicka-udruga-za-promicanje-zivota-po-evandelju-sol-zemlji-u-likvidaciji-split-7278", "name": "Katolička udruga za promicanje života po evanđelju \"SOL ZEMLJI\" U LIKVIDACIJI", "display_name": "Katolička udruga za promicanje života po evanđelju \"SOL ZEMLJI\" U LIKVIDACIJI", "short_name": "\"SOL ZEMLJI\"", "registry": "registar-udruga", "oib": "95101317278", "status": "BRISAN", "category": "karitativna", "address": "Markov put 1, Split", "city": "Split", "settlement": "Split", "municipality": "Split", "county": "Splitsko-dalmatinska", "postal_code": "21000", "geo_source": "dgu-adresa", "diocese": "Splitsko-makarska Nadbiskupija", "diocese_source": "derivirano-crkve.domovina.ai", "president": "Mario Lovrinčević", "president_role": "Predsjednik", "founded_at": "2011-05-07", "registered_at": "2011-06-13", "catholic_confidence": "visoka", "catholic_score": 7.5, "source": ["datagovhr:registar-udruga"], "category_label": "Karitativne i humanitarne", "active": 0}}, {"type": "Feature", "geometry": {"type": "Point", "coordinates": [15.680189, 45.802509]}, "properties": {"id": 503, "slug": "bratovstina-svetog-filipa-i-jakoba-samobor-8955", "name": "BRATOVŠTINA SVETOG FILIPA I JAKOBA", "display_name": "Bratovština Svetog Filipa i Jakoba", "short_name": "BRATOVŠTINA SV. FILIPA I JAKOBA", "registry": "registar-udruga", "oib": "43372728955", "status": "AKTIVAN", "category": "bratovstina", "address": "Gradišće 1, Samobor", "city": "Samobor", "settlement": "Samobor", "municipality": "Samobor", "county": "Zagrebačka", "postal_code": "10430", "geo_source": "dgu-adresa", "diocese": "Zagrebačka Nadbiskupija", "diocese_source": "derivirano-crkve.domovina.ai", "email": "drazen.bradac@gmail.com", "phone_e164": "+385915689262", "president": "Josip Mahović", "president_role": "Predsjednik", "founded_at": "2011-03-07", "registered_at": "2011-06-20", "catholic_confidence": "visoka", "catholic_score": 7.0, "source": ["datagovhr:registar-udruga"], "category_label": "Bratovštine", "active": 1}}, {"type": "Feature", "geometry": {"type": "Point", "coordinates": [16.825843, 43.553913]}, "properties": {"id": 504, "slug": "kulturna-udruga-sveti-jure-biorine-9700", "name": "Kulturna udruga Sveti Jure Biorine", "display_name": "Kulturna udruga Sveti Jure Biorine", "short_name": "K.U. \"SVETI JURE\"", "registry": "registar-udruga", "oib": "01694329700", "status": "AKTIVAN", "category": "kultura", "address": "Šuškov Brijeg 6, Biorine", "city": "Biorine", "settlement": "Biorine", "municipality": "Cista Provo", "county": "Splitsko-dalmatinska", "postal_code": "21244", "geo_source": "dgu-adresa", "diocese": "Splitsko-makarska Nadbiskupija", "diocese_source": "derivirano-crkve.domovina.ai", "email": "abramovicc.maky@gmail.com", "website": "https://www.svetijure.hr", "phone_e164": "+38521842213", "president": "Marijan Abramović", "president_role": "Predsjednik Udruge", "founded_at": "2013-05-04", "registered_at": "2013-05-14", "catholic_confidence": "srednja", "catholic_score": 4.0, "source": ["datagovhr:registar-udruga"], "category_label": "Kultura i baština", "active": 1}}, {"type": "Feature", "geometry": {"type": "Point", "coordinates": [16.326257, 43.549666]}, "properties": {"id": 506, "slug": "udruga-za-ocuvanje-i-promicanje-kulturne-nematerijalne-i-prirodne-bastine-garguj-kastel-novi-0433", "name": "UDRUGA ZA OČUVANJE I PROMICANJE KULTURNE, NEMATERIJALNE I PRIRODNE BAŠTINE GARGUJ", "display_name": "Udruga za Očuvanje i Promicanje Kulturne, Nematerijalne i Prirodne Baštine Garguj", "short_name": "UDRUGA \"GARGUJ\"", "registry": "registar-udruga", "oib": "67242300433", "status": "AKTIVAN", "category": "kultura", "address": "Put Zagoraca 1, Kaštel Novi", "city": "Kaštel Novi", "settlement": "Kaštel Novi", "municipality": "Kaštela", "county": "Splitsko-dalmatinska", "postal_code": "21216", "geo_source": "dgu-adresa", "diocese": "Splitsko-makarska Nadbiskupija", "diocese_source": "derivirano-crkve.domovina.ai", "email": "gluicdoo@gmail.com", "president": "Ante Kuzmanić", "president_role": "Dopredsjednik Udruge", "founded_at": "2012-03-01", "registered_at": "2012-03-28", "catholic_confidence": "srednja", "catholic_score": 6.0, "source": ["datagovhr:registar-udruga"], "category_label": "Kultura i baština", "active": 1}}, {"type": "Feature", "geometry": {"type": "Point", "coordinates": [17.978272, 45.14101]}, "properties": {"id": 507, "slug": "romsko-krscansko-zajednistvo-slavonski-brod-7814", "name": "Romsko kršćansko zajedništvo", "display_name": "Romsko kršćansko zajedništvo", "short_name": "RKZ", "registry": "registar-udruga", "oib": "78371317814", "status": "AKTIVAN", "category": "molitvena", "address": "Mrsunjska ulica 1, Slavonski Brod", "city": "Slavonski Brod", "settlement": "Slavonski Brod", "municipality": "Slavonski Brod", "county": "Brodsko-posavska", "postal_code": "35000", "geo_source": "dgu-adresa", "diocese": "Đakovačko-osječka Nadbiskupija", "diocese_source": "derivirano-crkve.domovina.ai", "email": "info@romachristianfellowship.org", "website": "https://romachristianfellowship.org/hr", "phone_e164": "+385989583396", "president": "Andrew Carll Warner", "president_role": "Predsjednik", "founded_at": "2010-11-24", "registered_at": "2010-12-06", "catholic_confidence": "srednja", "catholic_score": 7.5, "source": ["datagovhr:registar-udruga"], "category_label": "Molitvene zajednice", "active": 1}}, {"type": "Feature", "geometry": {"type": "Point", "coordinates": [14.646755, 45.237418]}, "properties": {"id": 508, "slug": "katolicka-udruga-blazeni-ivan-merz-u-likvidaciji-drivenik-4255", "name": "KATOLIČKA UDRUGA BLAŽENI IVAN MERZ U LIKVIDACIJI", "display_name": "Katolička Udruga Blaženi Ivan Merz u Likvidaciji", "short_name": "KUBIM", "registry": "registar-udruga", "oib": "31868244255", "status": "BRISAN", "category": "karitativna", "address": "Drivenik 1, Drivenik", "city": "Drivenik", "settlement": "Drivenik", "municipality": "Vinodolska Općina", "county": "Primorsko-goranska", "postal_code": "51242", "geo_source": "dgu-adresa", "diocese": "Riječka Nadbiskupija", "diocese_source": "derivirano-crkve.domovina.ai", "president": "Ivan Lesinger", "president_role": "Predsjednik Udruge", "founded_at": "2007-05-07", "registered_at": "2007-06-20", "catholic_confidence": "visoka", "catholic_score": 10.5, "source": ["datagovhr:registar-udruga"], "category_label": "Karitativne i humanitarne", "active": 0}}, {"type": "Feature", "geometry": {"type": "Point", "coordinates": [15.891743, 43.734295]}, "properties": {"id": 509, "slug": "izvidacka-udruga-djecjigrad-klub-isusovi-skauti-sibenik-2090", "name": "IZVIĐAČKA UDRUGA DJEČJIGRAD - KLUB \"ISUSOVI SKAUTI\"", "display_name": "Izviđačka Udruga Dječjigrad - Klub \"Isusovi Skauti\"", "short_name": "DJEČJIGRAD", "registry": "registar-udruga", "oib": "03331062090", "status": "AKTIVAN", "category": "mladi", "address": "Nikole Tavelića 13, Šibenik", "city": "Šibenik", "settlement": "Šibenik", "municipality": "Šibenik", "county": "Šibensko-kninska", "postal_code": "22000", "geo_source": "dgu-adresa", "diocese": "Šibenska Biskupija", "diocese_source": "derivirano-crkve.domovina.ai", "email": "snjezana.felzerpuljiz@gmail.com", "phone_e164": "+385958158119", "president": "Jasmin Avdagić", "president_role": "Predsjednik Udruge", "founded_at": "2012-04-01", "registered_at": "2012-05-09", "catholic_confidence": "visoka", "catholic_score": 8.5, "source": ["datagovhr:registar-udruga"], "category_label": "Mladi i studenti", "active": 1}}, {"type": "Feature", "geometry": {"type": "Point", "coordinates": [16.330625, 46.314633]}, "properties": {"id": 511, "slug": "glazbeno-scenska-udruga-acordis-varazdin-8632", "name": "Glazbeno-scenska udruga Acordis Varaždin", "display_name": "Glazbeno-scenska udruga Acordis Varaždin", "short_name": "Acordis", "registry": "registar-udruga", "oib": "23970788632", "status": "AKTIVAN", "category": "glazba", "address": "Ulica Eugena Kvaternika 12, Varaždin", "city": "Varaždin", "settlement": "Varaždin", "municipality": "Varaždin", "county": "Varaždinska", "postal_code": "42000", "geo_source": "dgu-adresa", "diocese": "Varaždinska Biskupija", "diocese_source": "derivirano-crkve.domovina.ai", "email": "udruga.acordis@gmail.com", "phone_e164": "+385981821664", "president": "Agneza Levanić", "president_role": "Dopredsjednica", "founded_at": "2008-08-25", "registered_at": "2008-09-03", "catholic_confidence": "srednja", "catholic_score": 7.0, "source": ["datagovhr:registar-udruga"], "category_label": "Zborovi i crkvena glazba", "active": 1}}, {"type": "Feature", "geometry": {"type": "Point", "coordinates": [15.192395, 44.168075]}, "properties": {"id": 512, "slug": "apologetska-udruga-blazeni-ivan-merz-kozino-4950", "name": "APOLOGETSKA UDRUGA BLAŽENI IVAN MERZ", "display_name": "Apologetska Udruga Blaženi Ivan Merz", "short_name": "UDRUGA BL. IVAN MERZ", "registry": "registar-udruga", "oib": "42752234950", "status": "AKTIVAN", "category": "pokret", "address": "Put Lokve 8, Kožino", "city": "Kožino", "settlement": "Kožino", "municipality": "Zadar", "county": "Zadarska", "postal_code": "23231", "geo_source": "dgu-adresa", "diocese": "Zadarska Nadbiskupija", "diocese_source": "derivirano-crkve.domovina.ai", "email": "ivan.poljakovic@zd.t-com.hr", "website": "http://katolik.hr", "phone_e164": "+38598629125", "president": "Ivan Zelić", "president_role": "Predsjednik Udruge", "founded_at": "2009-01-02", "registered_at": "2009-02-13", "catholic_confidence": "srednja", "catholic_score": 9.0, "source": ["datagovhr:registar-udruga"], "category_label": "Pokreti i laičke zajednice", "active": 1}}, {"type": "Feature", "geometry": {"type": "Point", "coordinates": [15.971247, 45.812891]}, "properties": {"id": 513, "slug": "marijini-obroci-zagreb-9902", "name": "\"MARIJINI OBROCI\"", "display_name": "\"Marijini Obroci\"", "registry": "registar-udruga", "oib": "09795909902", "status": "AKTIVAN", "category": "karitativna", "address": "Ilica 29, Zagreb", "city": "Zagreb", "settlement": "Zagreb", "municipality": "Grad Zagreb", "county": "Grad Zagreb", "postal_code": "10000", "geo_source": "dgu-adresa", "diocese": "Zagrebačka Nadbiskupija", "diocese_source": "derivirano-crkve.domovina.ai", "email": "info@marysmeals.hr", "website": "https://www.marysmeals.hr", "phone_e164": "+38515509241", "president": "Katarina Zarinkijević", "president_role": "Predsjednica", "founded_at": "2009-05-22", "registered_at": "2009-07-02", "catholic_confidence": "srednja", "catholic_score": 4.0, "source": ["datagovhr:registar-udruga"], "category_label": "Karitativne i humanitarne", "active": 1}}, {"type": "Feature", "geometry": {"type": "Point", "coordinates": [16.343681, 43.551341]}, "properties": {"id": 514, "slug": "udruga-put-radosti-za-zastitu-i-promicanje-krscanskih-vrednota-u-likvidaciji-kastel-stari-0464", "name": "UDRUGA \"PUT RADOSTI ZA ZAŠTITU I PROMICANJE KRŠĆANSKIH VREDNOTA\" U LIKVIDACIJI", "display_name": "Udruga \"Put Radosti za Zaštitu i Promicanje Kršćanskih Vrednota\" u Likvidaciji", "short_name": "PUT RADOSTI", "registry": "registar-udruga", "oib": "69878380464", "status": "BRISAN", "category": "glazba", "address": "Ivana Danila 32, Kaštel Stari", "city": "Kaštel Stari", "settlement": "Kaštel Stari", "municipality": "Kaštela", "county": "Splitsko-dalmatinska", "postal_code": "21216", "geo_source": "dgu-adresa", "diocese": "Splitsko-makarska Nadbiskupija", "diocese_source": "derivirano-crkve.domovina.ai", "phone_e164": "+385912641640", "president": "Ivan Tošić", "president_role": "Predsjednik Udruge", "founded_at": "2010-03-24", "registered_at": "2010-04-27", "catholic_confidence": "srednja", "catholic_score": 6.0, "source": ["datagovhr:registar-udruga"], "category_label": "Zborovi i crkvena glazba", "active": 0}}, {"type": "Feature", "geometry": {"type": "Point", "coordinates": [16.602023, 45.74801]}, "properties": {"id": 517, "slug": "udruga-za-promicanje-krscanskih-vrednota-u-gradanskom-drustvu-ave-maria-cazma-0900", "name": "UDRUGA ZA PROMICANJE KRŠĆANSKIH VREDNOTA U GRAĐANSKOM DRUŠTVU \"AVE MARIA\"", "display_name": "Udruga za Promicanje Kršćanskih Vrednota u Građanskom Društvu \"Ave Maria\"", "short_name": "\"AVE MARIA\"", "registry": "registar-udruga", "oib": "31131830900", "status": "AKTIVAN", "category": "kultura", "address": "Franje Vidovića 57C, Čazma", "city": "Čazma", "settlement": "Čazma", "municipality": "Čazma", "county": "Bjelovarsko-bilogorska", "postal_code": "43240", "geo_source": "dgu-adresa", "diocese": "Bjelovarsko-križevačka Biskupija", "diocese_source": "derivirano-crkve.domovina.ai", "email": "pezonada@hotmail.com", "phone_e164": "+385981847952", "president": "Nada Pezo", "president_role": "Predsjednica", "founded_at": "2012-01-08", "registered_at": "2012-01-26", "catholic_confidence": "srednja", "catholic_score": 6.0, "source": ["datagovhr:registar-udruga"], "category_label": "Kultura i baština", "active": 1}}, {"type": "Feature", "geometry": {"type": "Point", "coordinates": [17.388374, 45.831754]}, "properties": {"id": 518, "slug": "udruga-za-promicanje-biblijske-rijeci-u-svakodnevnom-zivotu-knjiga-nad-knjigama-u-likvidaciji-virovitica-3910", "name": "UDRUGA ZA PROMICANJE BIBLIJSKE RIJEČI U SVAKODNEVNOM ŽIVOTU \"KNJIGA NAD KNJIGAMA\" U LIKVIDACIJI", "display_name": "Udruga za Promicanje Biblijske Riječi u Svakodnevnom Životu \"Knjiga Nad Knjigama\" u Likvidaciji", "short_name": "UDRUGA \"KNJIGA NAD KNJIGAMA\"", "registry": "registar-udruga", "oib": "26268323910", "status": "BRISAN", "category": "mediji", "address": "Ulica Antuna Mihanovića 1, Virovitica", "city": "Virovitica", "settlement": "Virovitica", "municipality": "Virovitica", "county": "Virovitičko-podravska", "postal_code": "33000", "geo_source": "dgu-adresa", "diocese": "Požeška Biskupija", "diocese_source": "derivirano-crkve.domovina.ai", "email": "knjiga.nadknjigama@yahoo.com", "phone_e164": "+385997687874", "president": "Miroslav Jelić", "president_role": "Predsjednik Udruge", "founded_at": "2011-01-09", "registered_at": "2011-01-12", "catholic_confidence": "srednja", "catholic_score": 7.5, "source": ["datagovhr:registar-udruga"], "category_label": "Mediji i nakladništvo", "active": 0}}, {"type": "Feature", "geometry": {"type": "Point", "coordinates": [16.020879, 45.807307]}, "properties": {"id": 519, "slug": "katolicka-udruga-molitva-zagreb-3843", "name": "KATOLIČKA UDRUGA \"MOLITVA\"", "display_name": "Katolička Udruga \"Molitva\"", "short_name": "\"MOLITVA\"", "registry": "registar-udruga", "oib": "63581263843", "status": "AKTIVAN", "category": "molitvena", "address": "Prilaz svetog Josipa Radnika 6, Zagreb", "city": "Zagreb", "settlement": "Zagreb", "municipality": "Grad Zagreb", "county": "Grad Zagreb", "postal_code": "10135", "geo_source": "dgu-adresa", "diocese": "Zagrebačka Nadbiskupija", "diocese_source": "derivirano-crkve.domovina.ai", "president": "Ana Vlček", "president_role": "Predsjednica Udruge", "founded_at": "2009-07-13", "registered_at": "2009-10-16", "catholic_confidence": "visoka", "catholic_score": 6.0, "source": ["datagovhr:registar-udruga"], "category_label": "Molitvene zajednice", "active": 1}}, {"type": "Feature", "geometry": {"type": "Point", "coordinates": [15.907947, 45.716917]}, "properties": {"id": 521, "slug": "krscanska-humanitarna-udruga-marijina-djecica-zadvorsko-8471", "name": "KRŠĆANSKA HUMANITARNA UDRUGA \"MARIJINA DJEČICA\"", "display_name": "Kršćanska Humanitarna Udruga \"Marijina Dječica\"", "short_name": "UDRUGA \"MARIJINA DJEČICA\"", "registry": "registar-udruga", "oib": "88717868471", "status": "AKTIVAN", "category": "karitativna", "address": "Kostenjaki 8, Zadvorsko", "city": "Zadvorsko", "settlement": "Zadvorsko", "municipality": "Grad Zagreb", "county": "Grad Zagreb", "postal_code": "10257", "geo_source": "dgu-adresa", "diocese": "Zagrebačka Nadbiskupija", "diocese_source": "derivirano-crkve.domovina.ai", "email": "marijinadjecica@gmail.com", "phone_e164": "+385914501362", "president": "Dijana Anđelica Bauman", "president_role": "Predsjednica", "founded_at": "2011-02-02", "registered_at": "2011-03-29", "catholic_confidence": "visoka", "catholic_score": 10.5, "source": ["datagovhr:registar-udruga"], "category_label": "Karitativne i humanitarne", "active": 1}}, {"type": "Feature", "geometry": {"type": "Point", "coordinates": [18.687547, 45.543346]}, "properties": {"id": 522, "slug": "drustvo-za-nerodeni-zivot-andeo-gabrijel-osijek-4612", "name": "DRUŠTVO ZA NEROĐENI ŽIVOT \"ANĐEO GABRIJEL\"", "display_name": "Društvo za Nerođeni Život \"Anđeo Gabrijel\"", "short_name": "DZNŽ \"ANĐEO GABRIJEL\"", "registry": "registar-udruga", "oib": "11764214612", "status": "BRISAN", "category": "obitelj", "address": "Ribarska 11, Osijek", "city": "Osijek", "settlement": "Osijek", "municipality": "Osijek", "county": "Osječko-baranjska", "geo_source": "naselje-teziste", "diocese": "Đakovačko-osječka Nadbiskupija", "diocese_source": "derivirano-crkve.domovina.ai", "email": "andjeo.gabrijel.os@gmail.com", "phone_e164": "+385913031199", "president": "Maja Marković", "president_role": "Predsjednik", "founded_at": "2012-03-02", "registered_at": "2012-03-08", "catholic_confidence": "srednja", "catholic_score": 5.0, "source": ["datagovhr:registar-udruga"], "category_label": "Obitelj i život", "active": 0}}, {"type": "Feature", "geometry": {"type": "Point", "coordinates": [15.998168, 45.823234]}, "properties": {"id": 524, "slug": "drustvo-za-promicanje-tradicionalne-mise-benedictus-zagreb-8211", "name": "DRUŠTVO ZA PROMICANJE TRADICIONALNE MISE \"BENEDICTUS\"", "display_name": "Društvo za Promicanje Tradicionalne Mise \"Benedictus\"", "short_name": "BENEDICTUS", "registry": "registar-udruga", "oib": "03191188211", "status": "AKTIVAN", "category": "glazba", "address": "Lašćinska cesta 42, Zagreb", "city": "Zagreb", "settlement": "Zagreb", "municipality": "Grad Zagreb", "county": "Grad Zagreb", "postal_code": "10123", "geo_source": "dgu-adresa", "diocese": "Zagrebačka Nadbiskupija", "diocese_source": "derivirano-crkve.domovina.ai", "email": "drustvobenedictus@gmail.com", "phone_e164": "+385989512205", "president": "Igor Jurić", "president_role": "Predsjednik", "founded_at": "2011-01-16", "registered_at": "2011-02-14", "catholic_confidence": "visoka", "catholic_score": 8.0, "source": ["datagovhr:registar-udruga"], "category_label": "Zborovi i crkvena glazba", "active": 1}}, {"type": "Feature", "geometry": {"type": "Point", "coordinates": [18.165963, 42.629111]}, "properties": {"id": 526, "slug": "udruga-bratstvo-svetog-luke-cibaca-1737", "name": "Udruga Bratstvo Svetog Luke - Čibača", "display_name": "Udruga Bratstvo Svetog Luke - Čibača", "short_name": "Bratstvo Svetog Luke", "registry": "registar-udruga", "oib": "05550481737", "status": "AKTIVAN", "category": "bratovstina", "address": "Put Sv.Luke 1, Čibača", "city": "Čibača", "settlement": "Čibača", "municipality": "Župa Dubrovačka", "county": "Dubrovačko-neretvanska", "geo_source": "naselje-teziste", "diocese": "Dubrovačka Biskupija - Dioecesis Ragusina", "diocese_source": "derivirano-crkve.domovina.ai", "email": "subrenum@subrenum.hr", "phone_e164": "+38598867456", "president": "Šime Lukšić", "president_role": "Predsjednik", "founded_at": "2009-10-25", "registered_at": "2010-01-07", "catholic_confidence": "visoka", "catholic_score": 9.0, "source": ["datagovhr:registar-udruga"], "category_label": "Bratovštine", "active": 1}}, {"type": "Feature", "geometry": {"type": "Point", "coordinates": [15.538893, 45.470747]}, "properties": {"id": 527, "slug": "hrvatska-katolicka-mladez-karlovac-5537", "name": "HRVATSKA KATOLIČKA MLADEŽ KARLOVAC", "display_name": "Hrvatska Katolička Mladež Karlovac", "short_name": "HKM Karlovac", "registry": "registar-udruga", "oib": "97902815537", "status": "BRISAN", "category": "mladi", "address": "Gornja Švarča 31, Karlovac", "city": "Karlovac", "settlement": "Karlovac", "municipality": "Karlovac", "county": "Karlovačka", "postal_code": "47000", "geo_source": "dgu-adresa", "diocese": "Zagrebačka Nadbiskupija", "diocese_source": "derivirano-crkve.domovina.ai", "president": "Matija Milošić", "president_role": "Predsjednik", "founded_at": "2009-09-27", "registered_at": "2010-01-08", "catholic_confidence": "visoka", "catholic_score": 7.5, "source": ["datagovhr:registar-udruga"], "category_label": "Mladi i studenti", "active": 0}}, {"type": "Feature", "geometry": {"type": "Point", "coordinates": [15.997485, 45.801598]}, "properties": {"id": 528, "slug": "udruga-hodocasnika-za-promicanje-krscanskih-vrednota-anno-domini-zagreb-9000", "name": "UDRUGA HODOČASNIKA ZA PROMICANJE KRŠĆANSKIH VREDNOTA \"ANNO DOMINI\"", "display_name": "Udruga Hodočasnika za Promicanje Kršćanskih Vrednota \"Anno Domini\"", "short_name": "\"ANNO DOMINI\"", "registry": "registar-udruga", "oib": "74202189000", "status": "AKTIVAN", "category": "hodocasnicka", "address": "Ulica grada  Vukovara 255, Zagreb", "city": "Zagreb", "settlement": "Zagreb", "municipality": "Grad Zagreb", "county": "Grad Zagreb", "postal_code": "10000", "geo_source": "dgu-adresa", "diocese": "Zagrebačka Nadbiskupija", "diocese_source": "derivirano-crkve.domovina.ai", "email": "info@knjigovodstvo-royal.hr", "president": "Mihailo Mateljan", "president_role": "Predsjednik", "founded_at": "2011-01-13", "registered_at": "2011-02-14", "catholic_confidence": "visoka", "catholic_score": 10.0, "source": ["datagovhr:registar-udruga"], "category_label": "Hodočašća", "active": 1}}, {"type": "Feature", "geometry": {"type": "Point", "coordinates": [17.689866, 42.858017]}, "properties": {"id": 529, "slug": "bratstvo-svetog-ivana-krstitelja-hodilje-1543", "name": "Bratstvo svetog Ivana Krstitelja - Hodilje", "display_name": "Bratstvo svetog Ivana Krstitelja - Hodilje", "short_name": "Bratstvo svetog Ivana", "registry": "registar-udruga", "oib": "46915501543", "status": "BRISAN", "category": "bratovstina", "address": "Hodilje 33, Hodilje", "city": "Hodilje", "settlement": "Hodilje", "municipality": "Ston", "county": "Dubrovačko-neretvanska", "postal_code": "20230", "geo_source": "dgu-adresa", "diocese": "Dubrovačka Biskupija - Dioecesis Ragusina", "diocese_source": "derivirano-crkve.domovina.ai", "president": "Nikola Dropulić", "president_role": "Dopredsjednik", "founded_at": "2010-12-15", "registered_at": "2011-02-17", "catholic_confidence": "visoka", "catholic_score": 8.0, "source": ["datagovhr:registar-udruga"], "category_label": "Bratovštine", "active": 0}}, {"type": "Feature", "geometry": {"type": "Point", "coordinates": [17.162279, 42.951413]}, "properties": {"id": 530, "slug": "udruga-za-obnovu-i-ocuvanje-kulturno-povijesne-bastine-otoka-badija-korcula-0191", "name": "Udruga za obnovu i očuvanje kulturno povijesne baštine otoka Badija", "display_name": "Udruga za obnovu i očuvanje kulturno povijesne baštine otoka Badija", "short_name": "Udruga Badija", "registry": "registar-udruga", "oib": "80071410191", "status": "AKTIVAN", "category": "kultura", "address": "Badija 1, Korčula", "city": "Korčula", "settlement": "Korčula", "municipality": "Korčula", "county": "Dubrovačko-neretvanska", "postal_code": "20260", "geo_source": "dgu-adresa", "diocese": "Dubrovačka Biskupija - Dioecesis Ragusina", "diocese_source": "derivirano-crkve.domovina.ai", "email": "vesna@kumstvo.ba", "president": "Tomislav Puljić", "president_role": "Predsjednik", "founded_at": "2010-12-15", "registered_at": "2011-02-18", "catholic_confidence": "srednja", "catholic_score": 6.0, "source": ["datagovhr:registar-udruga"], "category_label": "Kultura i baština", "active": 1}}, {"type": "Feature", "geometry": {"type": "Point", "coordinates": [16.523957, 43.532977]}, "properties": {"id": 531, "slug": "udruga-za-promicanje-krscanskog-nacina-zivljenja-sve-ti-cvitalo-mravince-1507", "name": "Udruga za promicanje kršćanskog načina življenja - \"SVE TI CVITALO\"", "display_name": "Udruga za promicanje kršćanskog načina življenja - \"SVE TI CVITALO\"", "short_name": "\"SVE TI CVITALO\"", "registry": "registar-udruga", "oib": "34854081507", "status": "BRISAN", "category": "molitvena", "address": "Marka Marulića 66, Mravince", "city": "Mravince", "settlement": "Mravince", "municipality": "Solin", "county": "Splitsko-dalmatinska", "postal_code": "21210", "geo_source": "dgu-adresa", "diocese": "Splitsko-makarska Nadbiskupija", "diocese_source": "derivirano-crkve.domovina.ai", "email": "bozen.cvitanovic@gmail.com", "website": "https://www.sveticvitalo.hr", "phone_e164": "+385918859823", "president": "Ivan Mrčela", "president_role": "Predsjednik Udruge", "founded_at": "2010-11-27", "registered_at": "2010-12-30", "catholic_confidence": "srednja", "catholic_score": 6.0, "source": ["datagovhr:registar-udruga"], "category_label": "Molitvene zajednice", "active": 0}}, {"type": "Feature", "geometry": {"type": "Point", "coordinates": [15.592338, 43.815744]}, "properties": {"id": 532, "slug": "udruga-katolickih-volontera-sonja-mudronja-murter-0989", "name": "UDRUGA KATOLIČKIH VOLONTERA SONJA MUDRONJA MURTER", "display_name": "Udruga Katoličkih Volontera Sonja Mudronja Murter", "registry": "registar-udruga", "oib": "73788300989", "status": "BRISAN", "category": "karitativna", "address": "Podvrtaje 3, Murter", "city": "Murter", "settlement": "Murter", "municipality": "Murter - Kornati", "county": "Šibensko-kninska", "postal_code": "22243", "geo_source": "dgu-adresa", "diocese": "Šibenska Biskupija", "diocese_source": "derivirano-crkve.domovina.ai", "president": "Blaženka Kordić", "president_role": "Dopredsjednica Udruge", "founded_at": "2011-09-04", "registered_at": "2011-10-04", "catholic_confidence": "visoka", "catholic_score": 8.0, "source": ["datagovhr:registar-udruga"], "category_label": "Karitativne i humanitarne", "active": 0}}, {"type": "Feature", "geometry": {"type": "Point", "coordinates": [16.414558, 43.505933]}, "properties": {"id": 533, "slug": "centar-za-cjeloviti-razvoj-split-0892", "name": "\"CENTAR ZA CJELOVITI RAZVOJ\"", "display_name": "\"Centar za Cjeloviti Razvoj\"", "short_name": "CCR", "registry": "registar-udruga", "oib": "91474470892", "status": "AKTIVAN", "category": "pokret", "address": "Supilova 50, Split", "city": "Split", "settlement": "Split", "municipality": "Split", "county": "Splitsko-dalmatinska", "postal_code": "21000", "geo_source": "dgu-adresa", "diocese": "Splitsko-makarska Nadbiskupija", "diocese_source": "derivirano-crkve.domovina.ai", "email": "ana.balta@bitno.net", "phone_e164": "+38521358708", "president": "Petar Balta", "president_role": "Predsjednik Udruge", "founded_at": "2011-03-20", "registered_at": "2011-06-03", "catholic_confidence": "srednja", "catholic_score": 4.5, "source": ["datagovhr:registar-udruga"], "category_label": "Pokreti i laičke zajednice", "active": 1}}, {"type": "Feature", "geometry": {"type": "Point", "coordinates": [15.977893, 45.831873]}, "properties": {"id": 534, "slug": "hrvatsko-katolicko-drustvo-emanuel-bog-s-nama-u-likvidaciji-zagreb-1993", "name": "HRVATSKO KATOLIČKO DRUŠTVO EMANUEL, BOG S NAMA U LIKVIDACIJI", "display_name": "Hrvatsko Katoličko Društvo Emanuel, Bog s Nama u Likvidaciji", "short_name": "HKD EMANUEL", "registry": "registar-udruga", "oib": "41253471993", "status": "BRISAN", "category": "hodocasnicka", "address": "III MALEŠNICA 11, Zagreb", "city": "Zagreb", "settlement": "Zagreb", "municipality": "Grad Zagreb", "county": "Grad Zagreb", "geo_source": "naselje-teziste", "diocese": "Zagrebačka Nadbiskupija", "diocese_source": "derivirano-crkve.domovina.ai", "email": "hkd.emanuel@gmail.com", "phone_e164": "+38598591250", "president": "Ana Bašić", "president_role": "Potpredsjednica", "founded_at": "2011-03-13", "registered_at": "2011-04-07", "catholic_confidence": "visoka", "catholic_score": 9.0, "source": ["datagovhr:registar-udruga"], "category_label": "Hodočašća", "active": 0}}, {"type": "Feature", "geometry": {"type": "Point", "coordinates": [15.910203, 45.79667]}, "properties": {"id": 535, "slug": "hrvatska-krscanska-koalicija-u-likvidaciji-zagreb-6257", "name": "HRVATSKA KRŠĆANSKA KOALICIJA U LIKVIDACIJI", "display_name": "Hrvatska Kršćanska Koalicija u Likvidaciji", "short_name": "HKK", "registry": "registar-udruga", "oib": "66703766257", "status": "BRISAN", "category": "molitvena", "address": "ZAGREBAČKA CESTA 227, Zagreb", "city": "Zagreb", "settlement": "Zagreb", "municipality": "Grad Zagreb", "county": "Grad Zagreb", "postal_code": "10147", "geo_source": "dgu-adresa", "diocese": "Zagrebačka Nadbiskupija", "diocese_source": "derivirano-crkve.domovina.ai", "email": "hkk@hkk.hr", "website": "https://WWW.HKK.HR", "phone_e164": "+38514920726", "president": "Mario Dučić", "president_role": "Predsjednik", "founded_at": "2008-07-02", "registered_at": "2008-10-23", "catholic_confidence": "srednja", "catholic_score": 6.0, "source": ["datagovhr:registar-udruga"], "category_label": "Molitvene zajednice", "active": 0}}, {"type": "Feature", "geometry": {"type": "Point", "coordinates": [16.034837, 45.842002]}, "properties": {"id": 536, "slug": "gospel-on-the-go-hrvatska-zagreb-7393", "name": "GOSPEL ON THE GO — HRVATSKA", "display_name": "Gospel On The Go — Hrvatska", "short_name": "GOG", "registry": "registar-udruga", "oib": "08458397393", "status": "AKTIVAN", "category": "molitvena", "address": "Gornja ulica 6H, Zagreb", "city": "Zagreb", "settlement": "Zagreb", "municipality": "Grad Zagreb", "county": "Grad Zagreb", "postal_code": "10040", "geo_source": "dgu-adresa", "diocese": "Zagrebačka Nadbiskupija", "diocese_source": "derivirano-crkve.domovina.ai", "email": "goranka.vodopivec@zg.t-com.hr", "phone_e164": "+38516184113", "president": "Andrew Anthony Vuksic", "president_role": "Predsjednik", "founded_at": "2010-02-21", "registered_at": "2010-03-05", "catholic_confidence": "srednja", "catholic_score": 8.0, "source": ["datagovhr:registar-udruga"], "category_label": "Molitvene zajednice", "active": 1}}, {"type": "Feature", "geometry": {"type": "Point", "coordinates": [15.987125, 45.800061]}, "properties": {"id": 537, "slug": "udruga-za-razvoj-krscanske-kulture-novi-val-zagreb-0796", "name": "UDRUGA ZA RAZVOJ KRŠĆANSKE KULTURE NOVI VAL", "display_name": "Udruga za Razvoj Kršćanske Kulture Novi Val", "short_name": "KRŠĆANSKI NOVI VAL", "registry": "registar-udruga", "oib": "32532490796", "status": "AKTIVAN", "category": "kultura", "address": "Ulica grada Vukovara 222, Zagreb", "city": "Zagreb", "settlement": "Zagreb", "municipality": "Grad Zagreb", "county": "Grad Zagreb", "postal_code": "10000", "geo_source": "dgu-adresa", "diocese": "Zagrebačka Nadbiskupija", "diocese_source": "derivirano-crkve.domovina.ai", "president": "Bruno Lincender", "president_role": "Član Odbora", "founded_at": "2011-12-15", "registered_at": "2012-01-16", "catholic_confidence": "srednja", "catholic_score": 4.0, "source": ["datagovhr:registar-udruga"], "category_label": "Kultura i baština", "active": 1}}, {"type": "Feature", "geometry": {"type": "Point", "coordinates": [17.842657, 42.859991]}, "properties": {"id": 538, "slug": "bratstvo-svetog-martina-cepikuce-2816", "name": "BRATSTVO SVETOG MARTINA ČEPIKUĆE", "display_name": "Bratstvo Svetog Martina Čepikuće", "short_name": "BRASTVO SVETOG MARTINA", "registry": "registar-udruga", "oib": "31741142816", "status": "BRISAN", "category": "bratovstina", "address": "Čepikuće 51, Čepikuće", "city": "Čepikuće", "settlement": "Čepikuće", "municipality": "Dubrovačko Primorje", "county": "Dubrovačko-neretvanska", "geo_source": "naselje-teziste", "diocese": "Dubrovačka Biskupija - Dioecesis Ragusina", "diocese_source": "derivirano-crkve.domovina.ai", "email": "ivo.hrdalo@du.t-com.hr", "phone_e164": "+38520411143", "president": "Niko Vrtiprah", "president_role": "Predsjednik", "founded_at": "2011-11-04", "registered_at": "2012-01-19", "catholic_confidence": "visoka", "catholic_score": 7.5, "source": ["datagovhr:registar-udruga"], "category_label": "Bratovštine", "active": 0}}, {"type": "Feature", "geometry": {"type": "Point", "coordinates": [16.065214, 46.15028]}, "properties": {"id": 539, "slug": "udruga-za-obnovu-i-zastitu-sakralnih-i-kulturnih-objekata-opcine-i-zupe-lobor-6218", "name": "UDRUGA ZA OBNOVU I ZAŠTITU SAKRALNIH I KULTURNIH OBJEKATA OPĆINE I ŽUPE LOBOR", "display_name": "Udruga za Obnovu i Zaštitu Sakralnih i Kulturnih Objekata Općine i Župe Lobor", "registry": "registar-udruga", "status": "BRISAN", "category": "kultura", "address": "Trg Svete Ane 26, Lobor", "city": "Lobor", "settlement": "Lobor", "municipality": "Lobor", "county": "Krapinsko-zagorska", "postal_code": "49253", "geo_source": "dgu-adresa", "diocese": "Zagrebačka Nadbiskupija", "diocese_source": "derivirano-crkve.domovina.ai", "president": "Dr Franjo Gregurić", "president_role": "Predsjednik Udruge", "founded_at": "1997-12-22", "registered_at": "1998-03-05", "catholic_confidence": "srednja", "catholic_score": 4.0, "source": ["datagovhr:registar-udruga"], "category_label": "Kultura i baština", "active": 0}}, {"type": "Feature", "geometry": {"type": "Point", "coordinates": [16.147696, 45.694063]}, "properties": {"id": 541, "slug": "klub-duhovnosti-ruke-dore-duhovne-donje-podotocje-7800", "name": "Klub duhovnosti Ruke Dore duhovne", "display_name": "Klub duhovnosti Ruke Dore duhovne", "short_name": "Klub RDD", "registry": "registar-udruga", "oib": "57730427800", "status": "AKTIVAN", "category": "sport", "address": "Davutovići 94, Donje Podotočje", "city": "Donje Podotočje", "settlement": "Donje Podotočje", "municipality": "Velika Gorica", "county": "Zagrebačka", "postal_code": "10415", "geo_source": "dgu-adresa", "diocese": "Zagrebačka Nadbiskupija", "diocese_source": "derivirano-crkve.domovina.ai", "email": "klubduhovnosti@gmail.com", "phone_e164": "+385959015282", "president": "Ivana Petrović", "president_role": "Predsjednica", "founded_at": "2011-08-27", "registered_at": "2011-11-15", "catholic_confidence": "srednja", "catholic_score": 5.5, "source": ["datagovhr:registar-udruga"], "category_label": "Sport i rekreacija", "active": 1}}, {"type": "Feature", "geometry": {"type": "Point", "coordinates": [17.401592, 45.838832]}, "properties": {"id": 542, "slug": "centar-za-hagioterapiju-virovitica-8273", "name": "CENTAR ZA HAGIOTERAPIJU VIROVITICA", "display_name": "Centar za Hagioterapiju Virovitica", "short_name": "CHVT", "registry": "registar-udruga", "oib": "46472348273", "status": "BRISAN", "category": "pokret", "address": "Gajeva 21, Virovitica", "city": "Virovitica", "settlement": "Virovitica", "municipality": "Virovitica", "county": "Virovitičko-podravska", "geo_source": "naselje-teziste", "diocese": "Požeška Biskupija", "diocese_source": "derivirano-crkve.domovina.ai", "president": "Sanea Mihaljević", "president_role": "Dopredsjednik Udruge", "founded_at": "2008-11-17", "registered_at": "2009-01-12", "catholic_confidence": "visoka", "catholic_score": 6.0, "source": ["datagovhr:registar-udruga"], "category_label": "Pokreti i laičke zajednice", "active": 0}}, {"type": "Feature", "geometry": {"type": "Point", "coordinates": [14.431011, 45.332114]}, "properties": {"id": 543, "slug": "hrvatska-bratovstina-bokeljska-mornarica-809-rijeka-4456", "name": "HRVATSKA BRATOVŠTINA \"BOKELJSKA MORNARICA 809\" RIJEKA", "display_name": "Hrvatska Bratovština \"Bokeljska Mornarica 809\" Rijeka", "short_name": "\"BOKELJSKA MORNARICA\"", "registry": "registar-udruga", "oib": "26286824456", "status": "AKTIVAN", "category": "bratovstina", "address": "Nikole Tesle 9, Rijeka", "city": "Rijeka", "settlement": "Rijeka", "municipality": "Rijeka", "county": "Primorsko-goranska", "postal_code": "51000", "geo_source": "dgu-adresa", "diocese": "Riječka Nadbiskupija", "diocese_source": "derivirano-crkve.domovina.ai", "email": "tomislav.brguljan@ri.t-com.hr", "website": "https://www.bokeljska-mornarica.hr", "phone_e164": "+38551313130", "president": "Mladen Schubert", "president_role": "Predsjednik", "founded_at": "2011-01-15", "registered_at": "2012-01-24", "catholic_confidence": "visoka", "catholic_score": 8.0, "source": ["datagovhr:registar-udruga"], "category_label": "Bratovštine", "active": 1}}, {"type": "Feature", "geometry": {"type": "Point", "coordinates": [16.026571, 45.81051]}, "properties": {"id": 544, "slug": "pravi-zivot-u-bogu-zagreb-3269", "name": "PRAVI ŽIVOT U BOGU", "display_name": "Pravi Život u Bogu", "short_name": "PŽUB", "registry": "registar-udruga", "oib": "06705443269", "status": "AKTIVAN", "category": "molitvena", "address": "Borongaj aero 9b, Zagreb", "city": "Zagreb", "settlement": "Zagreb", "municipality": "Grad Zagreb", "county": "Grad Zagreb", "postal_code": "10135", "geo_source": "dgu-adresa", "diocese": "Zagrebačka Nadbiskupija", "diocese_source": "derivirano-crkve.domovina.ai", "email": "m-d.cro@inet.hr", "website": "https://www.tlig-hr.net", "phone_e164": "+38548714138", "president": "Marija-Dragica Vukić", "president_role": "Predsjednica", "founded_at": "2010-03-01", "registered_at": "2010-04-30", "catholic_confidence": "srednja", "catholic_score": 5.0, "source": ["datagovhr:registar-udruga"], "category_label": "Molitvene zajednice", "active": 1}}, {"type": "Feature", "geometry": {"type": "Point", "coordinates": [16.823503, 46.162355]}, "properties": {"id": 545, "slug": "svjetiljka-udruga-za-promicanje-kulturne-svijesti-i-pozitivnih-zivotnih-vrijednosti-koprivnica-7610", "name": "Svjetiljka, udruga za promicanje kulturne svijesti i pozitivnih životnih vrijednosti", "display_name": "Svjetiljka, udruga za promicanje kulturne svijesti i pozitivnih životnih vrijednosti", "short_name": "Svjetiljka", "registry": "registar-udruga", "oib": "60904297610", "status": "AKTIVAN", "category": "kultura", "address": "Ulica Đure Basaričeka 24, Koprivnica", "city": "Koprivnica", "settlement": "Koprivnica", "municipality": "Koprivnica", "county": "Koprivničko-križevačka", "postal_code": "48000", "geo_source": "dgu-adresa", "diocese": "Varaždinska Biskupija", "diocese_source": "derivirano-crkve.domovina.ai", "email": "mario.colic@gmail.com", "website": "https://www.svjetiljka.hr", "phone_e164": "+385989571774", "president": "Mario Colić", "president_role": "Dopredsjednik", "founded_at": "2011-10-26", "registered_at": "2011-11-22", "catholic_confidence": "srednja", "catholic_score": 6.0, "source": ["datagovhr:registar-udruga"], "category_label": "Kultura i baština", "active": 1}}, {"type": "Feature", "geometry": {"type": "Point", "coordinates": [15.240789, 44.102506]}, "properties": {"id": 546, "slug": "malonogometni-klub-arbanasi-don-bosco-zadar-1481", "name": "MALONOGOMETNI KLUB ARBANASI DON BOSCO", "display_name": "Malonogometni Klub Arbanasi Don Bosco", "short_name": "MNK ARBANASI DON BOSCO", "registry": "registar-udruga", "oib": "80339741481", "status": "AKTIVAN", "category": "sport", "address": "Trg gospe Loretske 4, Zadar", "city": "Zadar", "settlement": "Zadar", "municipality": "Zadar", "county": "Zadarska", "postal_code": "23000", "geo_source": "dgu-adresa", "diocese": "Zadarska Nadbiskupija", "diocese_source": "derivirano-crkve.domovina.ai", "president": "Tomislav Dadić", "president_role": "Predsjednik Kluba", "founded_at": "2009-01-15", "registered_at": "2009-03-10", "catholic_confidence": "visoka", "catholic_score": 6.0, "source": ["datagovhr:registar-udruga"], "category_label": "Sport i rekreacija", "active": 1}}, {"type": "Feature", "geometry": {"type": "Point", "coordinates": [17.430911, 43.178841]}, "properties": {"id": 547, "slug": "pucki-pjevaci-zupe-dusina-veliki-prolog-2881", "name": "\"PUČKI PJEVAČI ŽUPE DUSINA\"", "display_name": "\"Pučki Pjevači Župe Dusina\"", "registry": "registar-udruga", "oib": "04443912881", "status": "AKTIVAN", "category": "glazba", "address": "Veliki Prolog 1, Veliki Prolog", "city": "Veliki Prolog", "settlement": "Veliki Prolog", "municipality": "Vrgorac", "county": "Splitsko-dalmatinska", "postal_code": "21277", "geo_source": "dgu-adresa", "diocese": "Splitsko-makarska Nadbiskupija", "diocese_source": "derivirano-crkve.domovina.ai", "phone_e164": "+385992531843", "president": "Mate Kalajžić", "president_role": "Dopredsjednik Udruge", "founded_at": "2012-01-05", "registered_at": "2012-02-17", "catholic_confidence": "srednja", "catholic_score": 4.5, "source": ["datagovhr:registar-udruga"], "category_label": "Zborovi i crkvena glazba", "active": 1}}, {"type": "Feature", "geometry": {"type": "Point", "coordinates": [15.719632, 45.80567]}, "properties": {"id": 548, "slug": "bratstvo-knez-radul-daja-vukovic-samobor-0029", "name": "Bratstvo \"Knez Radul Daja Vuković\" Samobor", "display_name": "Bratstvo \"Knez Radul Daja Vuković\" Samobor", "short_name": "BKRDVS", "registry": "registar-udruga", "oib": "66738510029", "status": "AKTIVAN", "category": "bratovstina", "address": "Uskočka 7, Samobor", "city": "Samobor", "settlement": "Samobor", "municipality": "Samobor", "county": "Zagrebačka", "postal_code": "10430", "geo_source": "dgu-adresa", "diocese": "Zagrebačka Nadbiskupija", "diocese_source": "derivirano-crkve.domovina.ai", "president": "Duško Bastašić", "president_role": "Predsjednik", "founded_at": "2010-05-06", "registered_at": "2010-06-08", "catholic_confidence": "srednja", "catholic_score": 5.5, "source": ["datagovhr:registar-udruga"], "category_label": "Bratovštine", "active": 1}}, {"type": "Feature", "geometry": {"type": "Point", "coordinates": [16.19369, 45.753349]}, "properties": {"id": 549, "slug": "crkveni-zbor-zupe-uznesenja-blazene-djevice-marije-savski-nart-u-likvidaciji-nart-savski-4367", "name": "Crkveni zbor župe Uznesenja Blažene Djevice Marije - Savski Nart U LIKVIDACIJI", "display_name": "Crkveni zbor župe Uznesenja Blažene Djevice Marije - Savski Nart U LIKVIDACIJI", "short_name": "Zbor župe Savski Nart", "registry": "registar-udruga", "oib": "94096824367", "status": "BRISAN", "category": "glazba", "address": "Dugoselska 1, Nart Savski", "city": "Nart Savski", "settlement": "Nart Savski", "municipality": "Rugvica", "county": "Zagrebačka", "geo_source": "naselje-teziste", "diocese": "Zagrebačka Nadbiskupija", "diocese_source": "derivirano-crkve.domovina.ai", "phone_e164": "+38512764031", "president": "Krešo Bešlić", "president_role": "Predsjednik Upravnog Odbora", "founded_at": "2010-04-15", "registered_at": "2010-06-09", "catholic_confidence": "visoka", "catholic_score": 8.0, "source": ["datagovhr:registar-udruga"], "category_label": "Zborovi i crkvena glazba", "active": 0}}, {"type": "Feature", "geometry": {"type": "Point", "coordinates": [18.669433, 45.564463]}, "properties": {"id": 551, "slug": "udruga-duhovnost-osjeckih-studenata-duhos-osijek-3177", "name": "UDRUGA DUHOVNOST OSJEČKIH STUDENATA DUHOS", "display_name": "Udruga Duhovnost Osječkih Studenata Duhos", "short_name": "DUHOS", "registry": "registar-udruga", "oib": "89442743177", "status": "AKTIVAN", "category": "mladi", "address": "Josipa Jurja Strossmayera 58, Osijek", "city": "Osijek", "settlement": "Osijek", "municipality": "Osijek", "county": "Osječko-baranjska", "postal_code": "31000", "geo_source": "dgu-adresa", "diocese": "Đakovačko-osječka Nadbiskupija", "diocese_source": "derivirano-crkve.domovina.ai", "email": "kresimirtomic1@gmail.com", "phone_e164": "+385995269332", "president": "Marija Šeremet", "president_role": "Predsjednica", "founded_at": "2011-06-15", "registered_at": "2011-07-05", "catholic_confidence": "srednja", "catholic_score": 6.5, "source": ["datagovhr:registar-udruga"], "category_label": "Mladi i studenti", "active": 1}}, {"type": "Feature", "geometry": {"type": "Point", "coordinates": [16.033403, 45.856102]}, "properties": {"id": 552, "slug": "udruga-svetog-josipa-zagreb-3646", "name": "UDRUGA SVETOG JOSIPA", "display_name": "Udruga Svetog Josipa", "short_name": "FSSPX", "registry": "registar-udruga", "oib": "62889573646", "status": "AKTIVAN", "category": "hodocasnicka", "address": "Novačka ulica 317, Zagreb", "city": "Zagreb", "settlement": "Zagreb", "municipality": "Grad Zagreb", "county": "Grad Zagreb", "postal_code": "10040", "geo_source": "dgu-adresa", "diocese": "Zagrebačka Nadbiskupija", "diocese_source": "derivirano-crkve.domovina.ai", "email": "marko.tilosanec@gmail.com", "phone_e164": "+38540682398", "president": "Marko Tilošanec", "president_role": "Predsjednik", "founded_at": "2014-11-01", "registered_at": "2015-02-23", "catholic_confidence": "srednja", "catholic_score": 9.0, "source": ["datagovhr:registar-udruga"], "category_label": "Hodočašća", "active": 1}}, {"type": "Feature", "geometry": {"type": "Point", "coordinates": [15.647511, 45.673297]}, "properties": {"id": 553, "slug": "udruga-jaslicara-jaska-jastrebarsko-9497", "name": "\"Udruga jasličara Jaska\" Jastrebarsko", "display_name": "\"Udruga jasličara Jaska\" Jastrebarsko", "short_name": "U-J-J-J", "registry": "registar-udruga", "oib": "50032439497", "status": "AKTIVAN", "category": "karitativna", "address": "Zrinski-Frankopanska 25, Jastrebarsko", "city": "Jastrebarsko", "settlement": "Jastrebarsko", "municipality": "Jastrebarsko", "county": "Zagrebačka", "postal_code": "10450", "geo_source": "dgu-adresa", "diocese": "Zagrebačka Nadbiskupija", "diocese_source": "derivirano-crkve.domovina.ai", "email": "marija@gvg-it.com", "phone_e164": "+385915128938", "president": "Cvetanka Jeftimova", "president_role": "Predsjednica", "founded_at": "2009-12-11", "registered_at": "2010-01-04", "catholic_confidence": "srednja", "catholic_score": 4.5, "source": ["datagovhr:registar-udruga"], "category_label": "Karitativne i humanitarne", "active": 1}}, {"type": "Feature", "geometry": {"type": "Point", "coordinates": [18.147474, 42.649696]}, "properties": {"id": 554, "slug": "bratstvo-svetog-trojstva-iz-sumeta-4844", "name": "Bratstvo svetog Trojstva iz Šumeta", "display_name": "Bratstvo svetog Trojstva iz Šumeta", "short_name": "Bratstvo sv. Trojstva", "registry": "registar-udruga", "oib": "32605954844", "status": "AKTIVAN", "category": "bratovstina", "address": "Šumet 17, Šumet", "city": "Šumet", "settlement": "Šumet", "municipality": "Dubrovnik", "county": "Dubrovačko-neretvanska", "geo_source": "naselje-teziste", "diocese": "Dubrovačka Biskupija - Dioecesis Ragusina", "diocese_source": "derivirano-crkve.domovina.ai", "phone_e164": "+385994860899", "president": "Mario Glegj", "president_role": "Predsjednik", "founded_at": "2009-01-29", "registered_at": "2009-02-25", "catholic_confidence": "visoka", "catholic_score": 7.5, "source": ["datagovhr:registar-udruga"], "category_label": "Bratovštine", "active": 1}}, {"type": "Feature", "geometry": {"type": "Point", "coordinates": [17.649473, 43.053996]}, "properties": {"id": 556, "slug": "udruga-narenta-metkovic-5590", "name": "Udruga Narenta", "display_name": "Udruga Narenta", "registry": "registar-udruga", "oib": "19927925590", "status": "BRISAN", "category": "kultura", "address": "Ivana Gundulića 4, Metković", "city": "Metković", "settlement": "Metković", "municipality": "Metković", "county": "Dubrovačko-neretvanska", "postal_code": "20350", "geo_source": "dgu-adresa", "diocese": "Splitsko-makarska Nadbiskupija", "diocese_source": "derivirano-crkve.domovina.ai", "email": "markokravar@gmail.com", "phone_e164": "+385995553330", "president": "Marko Kravar", "president_role": "Predsjednik Udruge", "founded_at": "2010-05-14", "registered_at": "2010-05-21", "catholic_confidence": "srednja", "catholic_score": 4.0, "source": ["datagovhr:registar-udruga"], "category_label": "Kultura i baština", "active": 0}}, {"type": "Feature", "geometry": {"type": "Point", "coordinates": [15.870182, 45.819475]}, "properties": {"id": 557, "slug": "marjan-udruga-za-ocuvanje-i-promicanje-hrvatske-kulturne-bastine-zagreb-7200", "name": "MARJAN - UDRUGA ZA OČUVANJE I PROMICANJE HRVATSKE KULTURNE BAŠTINE", "display_name": "Marjan - Udruga za Očuvanje i Promicanje Hrvatske Kulturne Baštine", "short_name": "UDRUGA MARJAN", "registry": "registar-udruga", "oib": "32178337200", "status": "AKTIVAN", "category": "kultura", "address": "Dubravica 27a, Zagreb", "city": "Zagreb", "settlement": "Zagreb", "municipality": "Grad Zagreb", "county": "Grad Zagreb", "postal_code": "10172", "geo_source": "dgu-adresa", "diocese": "Zagrebačka Nadbiskupija", "diocese_source": "derivirano-crkve.domovina.ai", "email": "branimir.karacic@gmail.com", "website": "https://www.udruga-marjan.hr", "president": "Antun-Zvonimir Bule", "president_role": "Predsjednik", "founded_at": "2007-12-08", "registered_at": "2008-02-07", "catholic_confidence": "srednja", "catholic_score": 6.0, "source": ["datagovhr:registar-udruga"], "category_label": "Kultura i baština", "active": 1}}, {"type": "Feature", "geometry": {"type": "Point", "coordinates": [15.556452, 45.492926]}, "properties": {"id": 558, "slug": "kulturno-umjetnicko-drustvo-zupe-sveti-rok-skakavac-karlovac-2866", "name": "KULTURNO-UMJETNIČKO DRUŠTVO ŽUPE \"SVETI ROK\" SKAKAVAC", "display_name": "Kulturno-umjetničko Društvo Župe \"Sveti Rok\" Skakavac", "short_name": "KUD župe \"Sv. Rok\" Skakavac", "registry": "registar-udruga", "oib": "56878222866", "status": "AKTIVAN", "category": "kultura", "address": "Skakavac 42A, Karlovac", "city": "Karlovac", "settlement": "Karlovac", "municipality": "Karlovac", "county": "Karlovačka", "geo_source": "naselje-teziste", "diocese": "Zagrebačka Nadbiskupija", "diocese_source": "derivirano-crkve.domovina.ai", "email": "irenaprpic@net.hr", "phone_e164": "+385916460022", "president": "Ivona Bedeniković", "president_role": "Dopredsjednica Društva", "founded_at": "2012-01-21", "registered_at": "2012-02-02", "catholic_confidence": "srednja", "catholic_score": 4.0, "source": ["datagovhr:registar-udruga"], "category_label": "Kultura i baština", "active": 1}}, {"type": "Feature", "geometry": {"type": "Point", "coordinates": [16.117616, 46.010174]}, "properties": {"id": 559, "slug": "klub-lijecenih-alkoholicara-bistrina-marija-bistrica-8875", "name": "KLUB LIJEČENIH ALKOHOLIČARA \"BISTRINA\" MARIJA BISTRICA", "display_name": "Klub Liječenih Alkoholičara \"Bistrina\" Marija Bistrica", "short_name": "KLA \"BISTRINA\"", "registry": "registar-udruga", "oib": "03647878875", "status": "AKTIVAN", "category": "sport", "address": "Kralja Tomislava 27, Marija Bistrica", "city": "Marija Bistrica", "settlement": "Marija Bistrica", "municipality": "Marija Bistrica", "county": "Krapinsko-zagorska", "geo_source": "naselje-teziste", "diocese": "Zagrebačka Nadbiskupija", "diocese_source": "derivirano-crkve.domovina.ai", "president": "Damir Dragšić", "president_role": "Dopredsjednik", "founded_at": "2009-10-24", "registered_at": "2009-11-25", "catholic_confidence": "srednja", "catholic_score": 4.0, "source": ["datagovhr:registar-udruga"], "category_label": "Sport i rekreacija", "active": 1}}, {"type": "Feature", "geometry": {"type": "Point", "coordinates": [15.375628, 44.545692]}, "properties": {"id": 560, "slug": "odred-katolickih-skauta-sv-franjo-asiski-vukovi-gospic-2829", "name": "ODRED KATOLIČKIH SKAUTA \"SV. FRANJO ASIŠKI VUKOVI\" GOSPIĆ", "display_name": "Odred Katoličkih Skauta \"Sv. Franjo Asiški Vukovi\" Gospić", "short_name": "ODRED \"VUKOVI\" GOSPIĆ", "registry": "registar-udruga", "oib": "96966882829", "status": "BRISAN", "category": "hodocasnicka", "address": "Kaniška 1, Gospić", "city": "Gospić", "settlement": "Gospić", "municipality": "Gospić", "county": "Ličko-senjska", "postal_code": "53000", "geo_source": "dgu-adresa", "diocese": "Gospićko-senjska Biskupija", "diocese_source": "derivirano-crkve.domovina.ai", "president": "Ivica Radošević", "president_role": "Dopredsjednik", "founded_at": "2010-04-05", "registered_at": "2010-05-03", "catholic_confidence": "visoka", "catholic_score": 6.5, "source": ["datagovhr:registar-udruga"], "category_label": "Hodočašća", "active": 0}}, {"type": "Feature", "geometry": {"type": "Point", "coordinates": [16.341487, 43.354296]}, "properties": {"id": 561, "slug": "bratovstina-svetog-ivana-krstitelja-gornje-selo-7173", "name": "\"BRATOVŠTINA SVETOG IVANA KRSTITELJA - GORNJE SELO\"", "display_name": "\"Bratovština Svetog Ivana Krstitelja - Gornje Selo\"", "short_name": "BRATOVŠTINA Sv. IVANA KRSTITELJA", "registry": "registar-udruga", "oib": "00936617173", "status": "BRISAN", "category": "bratovstina", "address": "Put Grohota 2, Gornje Selo", "city": "Gornje Selo", "settlement": "Gornje Selo", "municipality": "Šolta", "county": "Splitsko-dalmatinska", "postal_code": "21430", "geo_source": "dgu-adresa", "diocese": "Splitsko-makarska Nadbiskupija", "diocese_source": "derivirano-crkve.domovina.ai", "phone_e164": "+385959006335", "president": "Srđan Elezović", "president_role": "Predsjednik", "founded_at": "2007-11-16", "registered_at": "2008-01-30", "catholic_confidence": "visoka", "catholic_score": 12.5, "source": ["datagovhr:registar-udruga"], "category_label": "Bratovštine", "active": 0}}, {"type": "Feature", "geometry": {"type": "Point", "coordinates": [16.239095, 45.811052]}, "properties": {"id": 562, "slug": "zdenac-dugo-selo-3353", "name": "ZDENAC", "display_name": "Zdenac", "registry": "registar-udruga", "oib": "18396643353", "status": "AKTIVAN", "category": "molitvena", "address": "Ulica Ivana Gorana Kovačića 39, Dugo Selo", "city": "Dugo Selo", "settlement": "Dugo Selo", "municipality": "Dugo Selo", "county": "Zagrebačka", "postal_code": "10370", "geo_source": "dgu-adresa", "diocese": "Zagrebačka Nadbiskupija", "diocese_source": "derivirano-crkve.domovina.ai", "email": "udruga.zdenac@gmail.com", "website": "https://www.zdenac.org", "phone_e164": "+38521377572", "president": "Ljilja Lončar", "president_role": "Predsjednik", "founded_at": "2003-02-10", "registered_at": "2003-03-04", "catholic_confidence": "srednja", "catholic_score": 5.5, "source": ["datagovhr:registar-udruga"], "category_label": "Molitvene zajednice", "active": 1}}, {"type": "Feature", "geometry": {"type": "Point", "coordinates": [16.117616, 46.010174]}, "properties": {"id": 563, "slug": "udruga-kuburasa-marija-bistrica-4558", "name": "UDRUGA KUBURAŠA  MARIJA BISTRICA", "display_name": "Udruga Kuburaša Marija Bistrica", "registry": "registar-udruga", "oib": "97847204558", "status": "AKTIVAN", "category": "ostalo", "address": "Marija Bistrica", "city": "Marija Bistrica", "settlement": "Marija Bistrica", "municipality": "Marija Bistrica", "county": "Krapinsko-zagorska", "geo_source": "naselje-teziste", "diocese": "Zagrebačka Nadbiskupija", "diocese_source": "derivirano-crkve.domovina.ai", "email": "zeljko.milicki@gmail.com", "phone_e164": "+385995089058", "president": "Dragutin Šimunec", "president_role": "Dopredsjednik Udruge", "founded_at": "2003-04-26", "registered_at": "2003-07-10", "catholic_confidence": "srednja", "catholic_score": 4.0, "source": ["datagovhr:registar-udruga"], "category_label": "Ostalo", "active": 1}}, {"type": "Feature", "geometry": {"type": "Point", "coordinates": [16.06759, 45.82804]}, "properties": {"id": 565, "slug": "zajednica-dobri-pastir-zagreb-7946", "name": "ZAJEDNICA DOBRI PASTIR", "display_name": "Zajednica Dobri Pastir", "short_name": "ZDP", "registry": "registar-udruga", "oib": "88703337946", "status": "AKTIVAN", "category": "molitvena", "address": "Dubrava 238, Zagreb", "city": "Zagreb", "settlement": "Zagreb", "municipality": "Grad Zagreb", "county": "Grad Zagreb", "postal_code": "10040", "geo_source": "dgu-adresa", "diocese": "Zagrebačka Nadbiskupija", "diocese_source": "derivirano-crkve.domovina.ai", "email": "zagreb@dobripastir.com", "website": "https://www.dobripastir.com", "phone_e164": "+38535441441", "president": "Dražen Radigović", "president_role": "Predsjednik", "founded_at": "2002-02-02", "registered_at": "2002-03-08", "catholic_confidence": "srednja", "catholic_score": 6.0, "source": ["datagovhr:registar-udruga"], "category_label": "Molitvene zajednice", "active": 1}}, {"type": "Feature", "geometry": {"type": "Point", "coordinates": [18.696692, 45.483078]}, "properties": {"id": 566, "slug": "katolicka-udruga-svetog-antuna-antunovac-9734", "name": "KATOLIČKA UDRUGA SVETOG ANTUNA ANTUNOVAC", "display_name": "Katolička Udruga Svetog Antuna Antunovac", "short_name": "UDRUGA SV. ANTUNA ANTUNOVAC", "registry": "registar-udruga", "oib": "97839809734", "status": "BRISAN", "category": "glazba", "address": "KRALJA ZVONIMIRA 7A, Antunovac", "city": "Antunovac", "settlement": "Antunovac", "municipality": "Antunovac", "county": "Osječko-baranjska", "geo_source": "naselje-teziste", "diocese": "Đakovačko-osječka Nadbiskupija", "diocese_source": "derivirano-crkve.domovina.ai", "email": "zvonko.duk@hops.hr", "phone_e164": "+38531200568", "president": "Mandica Vučemilović-Grgić", "president_role": "Dopredsjednica", "founded_at": "2004-03-20", "registered_at": "2004-04-07", "catholic_confidence": "visoka", "catholic_score": 12.0, "source": ["datagovhr:registar-udruga"], "category_label": "Zborovi i crkvena glazba", "active": 0}}, {"type": "Feature", "geometry": {"type": "Point", "coordinates": [18.425249, 42.546006]}, "properties": {"id": 567, "slug": "bratstvo-sveti-kriz-picete-dubravka-7915", "name": "Bratstvo Sveti Križ - Pičete", "display_name": "Bratstvo Sveti Križ - Pičete", "short_name": "BSK - P", "registry": "registar-udruga", "oib": "52593307915", "status": "BRISAN", "category": "bratovstina", "address": "Pičete 00, Dubravka", "city": "Dubravka", "settlement": "Dubravka", "municipality": "Konavle", "county": "Dubrovačko-neretvanska", "geo_source": "naselje-teziste", "diocese": "Dubrovačka Biskupija - Dioecesis Ragusina", "diocese_source": "derivirano-crkve.domovina.ai", "president": "Pavo Miloglav", "president_role": "Predsjednik Udruge", "founded_at": "2003-08-31", "registered_at": "2004-06-24", "catholic_confidence": "visoka", "catholic_score": 6.5, "source": ["datagovhr:registar-udruga"], "category_label": "Bratovštine", "active": 0}}, {"type": "Feature", "geometry": {"type": "Point", "coordinates": [17.401592, 45.838832]}, "properties": {"id": 568, "slug": "hrvatska-katolicka-udruga-medicinskih-sestara-i-tehnicara-u-pozeskoj-biskupiji-ogranak-virovitica-u-likvidaciji-35314", "name": "HRVATSKA KATOLIČKA UDRUGA MEDICINSKIH SESTARA I TEHNIČARA U POŽEŠKOJ BISKUPIJI, OGRANAK VIROVITICA U LIKVIDACIJI", "display_name": "Hrvatska Katolička Udruga Medicinskih Sestara i Tehničara u Požeškoj Biskupiji, Ogranak Virovitica u Likvidaciji", "short_name": "HKUMST (PB) OGRANAK VIROVITICA", "registry": "registar-udruga", "status": "BRISAN", "category": "strukovna", "address": "Gajeva 21, Virovitica", "city": "Virovitica", "settlement": "Virovitica", "municipality": "Virovitica", "county": "Virovitičko-podravska", "geo_source": "naselje-teziste", "diocese": "Požeška Biskupija", "diocese_source": "derivirano-crkve.domovina.ai", "president": "Ana Pavoković", "president_role": "Dopredsjednik Udruge", "founded_at": "2004-06-07", "registered_at": "2004-09-15", "catholic_confidence": "visoka", "catholic_score": 10.0, "source": ["datagovhr:registar-udruga"], "category_label": "Strukovne (liječnici, učitelji…)", "active": 0}}, {"type": "Feature", "geometry": {"type": "Point", "coordinates": [16.119468, 46.004927]}, "properties": {"id": 570, "slug": "udruga-umirovljenika-marija-bistrica-8814", "name": "UDRUGA UMIROVLJENIKA MARIJA BISTRICA", "display_name": "Udruga Umirovljenika Marija Bistrica", "registry": "registar-udruga", "oib": "13392278814", "status": "AKTIVAN", "category": "karitativna", "address": "Trg Pape Ivana Pavla II 31, Marija Bistrica", "city": "Marija Bistrica", "settlement": "Marija Bistrica", "municipality": "Marija Bistrica", "county": "Krapinsko-zagorska", "postal_code": "49246", "geo_source": "dgu-adresa", "diocese": "Zagrebačka Nadbiskupija", "diocese_source": "derivirano-crkve.domovina.ai", "email": "udrugaumirovljenikamb@gmail.com", "phone_e164": "+385996800777", "president": "Željko Šćuric", "president_role": "Predsjednik", "founded_at": "2003-02-09", "registered_at": "2003-02-17", "catholic_confidence": "srednja", "catholic_score": 4.0, "source": ["datagovhr:registar-udruga"], "category_label": "Karitativne i humanitarne", "active": 1}}, {"type": "Feature", "geometry": {"type": "Point", "coordinates": [15.710425, 45.770008]}, "properties": {"id": 572, "slug": "bratovstina-svetog-vinka-slavagora-9669", "name": "Bratovština Svetog Vinka", "display_name": "Bratovština Svetog Vinka", "registry": "registar-udruga", "oib": "55403779669", "status": "AKTIVAN", "category": "bratovstina", "address": "Vincekov put 17b, Slavagora", "city": "Slavagora", "settlement": "Slavagora", "municipality": "Samobor", "county": "Zagrebačka", "geo_source": "naselje-teziste", "diocese": "Zagrebačka Nadbiskupija", "diocese_source": "derivirano-crkve.domovina.ai", "president": "Stjepan Šančić", "president_role": "Zamjenik Predsjednika", "founded_at": "2003-01-22", "registered_at": "2003-04-10", "catholic_confidence": "visoka", "catholic_score": 9.0, "source": ["datagovhr:registar-udruga"], "category_label": "Bratovštine", "active": 1}}, {"type": "Feature", "geometry": {"type": "Point", "coordinates": [16.117616, 46.010174]}, "properties": {"id": 573, "slug": "lovacka-udruga-vepar-marija-bistrica-0297", "name": "LOVAČKA UDRUGA \"VEPAR\" MARIJA BISTRICA", "display_name": "Lovačka Udruga \"Vepar\" Marija Bistrica", "short_name": "LU \"VEPAR\"", "registry": "registar-udruga", "oib": "92500880297", "status": "AKTIVAN", "category": "obrazovanje", "address": "Šopčev prolaz 0, Marija Bistrica", "city": "Marija Bistrica", "settlement": "Marija Bistrica", "municipality": "Marija Bistrica", "county": "Krapinsko-zagorska", "geo_source": "naselje-teziste", "diocese": "Zagrebačka Nadbiskupija", "diocese_source": "derivirano-crkve.domovina.ai", "president": "Mladen Platužić", "president_role": "Predsjednik Udruge", "founded_at": "2003-04-05", "registered_at": "2003-04-10", "catholic_confidence": "srednja", "catholic_score": 4.0, "source": ["datagovhr:registar-udruga"], "category_label": "Obrazovanje i kateheza", "active": 1}}, {"type": "Feature", "geometry": {"type": "Point", "coordinates": [15.978991, 45.760466]}, "properties": {"id": 575, "slug": "udruga-za-promicanje-vrijednosti-i-postivanje-dara-zivota-gabrijel-zagreb-3516", "name": "UDRUGA ZA PROMICANJE VRIJEDNOSTI I POŠTIVANJE DARA ŽIVOTA \"GABRIJEL\"", "display_name": "Udruga za Promicanje Vrijednosti i Poštivanje Dara Života \"Gabrijel\"", "short_name": "\"GABRIJEL\"", "registry": "registar-udruga", "oib": "14766843516", "status": "AKTIVAN", "category": "pokret", "address": "Sveta Klara, Horvatova 8c, Zagreb", "city": "Zagreb", "settlement": "Zagreb", "municipality": "Grad Zagreb", "county": "Grad Zagreb", "postal_code": "10010", "geo_source": "dgu-adresa", "diocese": "Zagrebačka Nadbiskupija", "diocese_source": "derivirano-crkve.domovina.ai", "president": "Filip Carević", "president_role": "Predsjednik", "founded_at": "2006-01-28", "registered_at": "2006-03-13", "catholic_confidence": "srednja", "catholic_score": 4.0, "source": ["datagovhr:registar-udruga"], "category_label": "Pokreti i laičke zajednice", "active": 1}}, {"type": "Feature", "geometry": {"type": "Point", "coordinates": [17.383867, 45.250635]}, "properties": {"id": 576, "slug": "hrvatska-katolicka-udruga-medicinskih-sestara-i-tehnicara-u-pozeskoj-biskupiji-ogranak-nova-gradiska-6686", "name": "Hrvatska katolička udruga medicinskih sestara i tehničara u Požeškoj biskupiji   Ogranak Nova Gradiška", "display_name": "Hrvatska katolička udruga medicinskih sestara i tehničara u Požeškoj biskupiji Ogranak Nova Gradiška", "short_name": "HKUMST (PB)", "registry": "registar-udruga", "oib": "76655986686", "status": "BRISAN", "category": "strukovna", "address": "J. J. Sttrossmayera 17, Nova Gradiška", "city": "Nova Gradiška", "settlement": "Nova Gradiška", "municipality": "Nova Gradiška", "county": "Brodsko-posavska", "geo_source": "naselje-teziste", "diocese": "Požeška Biskupija", "diocese_source": "derivirano-crkve.domovina.ai", "email": "nadavalentic55@gmail.com", "phone_e164": "+385919261173", "president": "Jasna Križić", "president_role": "Dopredsjednica Udruge", "founded_at": "2003-08-14", "registered_at": "2003-10-30", "catholic_confidence": "visoka", "catholic_score": 10.0, "source": ["datagovhr:registar-udruga"], "category_label": "Strukovne (liječnici, učitelji…)", "active": 0}}, {"type": "Feature", "geometry": {"type": "Point", "coordinates": [16.118668, 46.005135]}, "properties": {"id": 577, "slug": "planinarsko-drustvo-grohot-marija-bistrica-2332", "name": "PLANINARSKO DRUŠTVO \"GROHOT\" MARIJA BISTRICA", "display_name": "Planinarsko Društvo \"Grohot\" Marija Bistrica", "short_name": "PD \"GROHOT\" MARIJA BISTRICA", "registry": "registar-udruga", "oib": "39294092332", "status": "AKTIVAN", "category": "sport", "address": "Trg Pape Ivana Pavla II 34, Marija Bistrica", "city": "Marija Bistrica", "settlement": "Marija Bistrica", "municipality": "Marija Bistrica", "county": "Krapinsko-zagorska", "postal_code": "49246", "geo_source": "dgu-adresa", "diocese": "Zagrebačka Nadbiskupija", "diocese_source": "derivirano-crkve.domovina.ai", "email": "pdgrohot@gmail.com", "website": "https://www.pd-grohot.hr", "phone_e164": "+385989340258", "president": "Iva Muhek", "president_role": "Predsjednica", "founded_at": "2002-12-11", "registered_at": "2003-01-30", "catholic_confidence": "srednja", "catholic_score": 4.0, "source": ["datagovhr:registar-udruga"], "category_label": "Sport i rekreacija", "active": 1}}, {"type": "Feature", "geometry": {"type": "Point", "coordinates": [14.431219, 45.336524]}, "properties": {"id": 578, "slug": "krscanska-udruga-krist-nasa-nada-rijeka-9924", "name": "KRŠĆANSKA UDRUGA \"KRIST NAŠA NADA\" RIJEKA", "display_name": "Kršćanska Udruga \"Krist Naša Nada\" Rijeka", "short_name": "\"KRIST NAŠA NADA\"", "registry": "registar-udruga", "oib": "65926039924", "status": "BRISAN", "category": "karitativna", "address": "Frana Kresnika 31, Rijeka", "city": "Rijeka", "settlement": "Rijeka", "municipality": "Rijeka", "county": "Primorsko-goranska", "postal_code": "51000", "geo_source": "dgu-adresa", "diocese": "Riječka Nadbiskupija", "diocese_source": "derivirano-crkve.domovina.ai", "president": "Branko Knežević", "president_role": "Predsjednik", "founded_at": "2004-02-19", "registered_at": "2004-05-04", "catholic_confidence": "srednja", "catholic_score": 6.5, "source": ["datagovhr:registar-udruga"], "category_label": "Karitativne i humanitarne", "active": 0}}, {"type": "Feature", "geometry": {"type": "Point", "coordinates": [15.954064, 45.814844]}, "properties": {"id": 579, "slug": "centar-za-prirodno-planiranje-obitelji-zagreb-3607", "name": "CENTAR ZA PRIRODNO PLANIRANJE OBITELJI", "display_name": "Centar za Prirodno Planiranje Obitelji", "short_name": "CPPO", "registry": "registar-udruga", "oib": "85271663607", "status": "AKTIVAN", "category": "obitelj", "address": "Vinogradska cesta 27, Zagreb", "city": "Zagreb", "settlement": "Zagreb", "municipality": "Grad Zagreb", "county": "Grad Zagreb", "postal_code": "10109", "geo_source": "dgu-adresa", "diocese": "Zagrebačka Nadbiskupija", "diocese_source": "derivirano-crkve.domovina.ai", "email": "marijacurlin@yahoo.com", "website": "https://www.ppo.hr", "phone_e164": "+385913768143", "president": "Marija Ćurlin", "president_role": "Predsjednica", "founded_at": "2003-11-13", "registered_at": "2004-02-16", "catholic_confidence": "srednja", "catholic_score": 4.0, "source": ["datagovhr:registar-udruga"], "category_label": "Obitelj i život", "active": 1}}, {"type": "Feature", "geometry": {"type": "Point", "coordinates": [15.945371, 45.758551]}, "properties": {"id": 580, "slug": "zavicajna-udruga-zupe-svete-marije-gradac-zagreb-0017", "name": "ZAVIČAJNA UDRUGA ŽUPE SVETE MARIJE GRADAC", "display_name": "Zavičajna Udruga Župe Svete Marije Gradac", "short_name": "ZAVIČAJNA UDRUGA ŽUPE GRADAC", "registry": "registar-udruga", "oib": "18634250017", "status": "BRISAN", "category": "zupna", "address": "dr. Luje Naletilića 26a, Zagreb", "city": "Zagreb", "settlement": "Zagreb", "municipality": "Grad Zagreb", "county": "Grad Zagreb", "postal_code": "10020", "geo_source": "dgu-adresa", "diocese": "Zagrebačka Nadbiskupija", "diocese_source": "derivirano-crkve.domovina.ai", "president": "Ante Čajić", "president_role": "Predsjednik Udruge", "founded_at": "2003-10-29", "registered_at": "2004-02-17", "catholic_confidence": "visoka", "catholic_score": 7.0, "source": ["datagovhr:registar-udruga"], "category_label": "Župne udruge", "active": 0}}, {"type": "Feature", "geometry": {"type": "Point", "coordinates": [17.113877, 46.024859]}, "properties": {"id": 581, "slug": "drustvo-svetog-luke-kalinovac-0666", "name": "DRUŠTVO SVETOG LUKE KALINOVAC", "display_name": "Društvo Svetog Luke Kalinovac", "registry": "registar-udruga", "oib": "00283370666", "status": "AKTIVAN", "category": "glazba", "address": "Kolodvorska 1, Kalinovac", "city": "Kalinovac", "settlement": "Kalinovac", "municipality": "Kalinovac", "county": "Koprivničko-križevačka", "postal_code": "48361", "geo_source": "dgu-adresa", "diocese": "Varaždinska Biskupija", "diocese_source": "derivirano-crkve.domovina.ai", "email": "ana.rabadija@gmail.com", "phone_e164": "+38548883011", "president": "Jasnica Kovačev", "president_role": "Predsjednica", "founded_at": "2003-07-02", "registered_at": "2003-08-20", "catholic_confidence": "srednja", "catholic_score": 9.0, "source": ["datagovhr:registar-udruga"], "category_label": "Zborovi i crkvena glazba", "active": 1}}, {"type": "Feature", "geometry": {"type": "Point", "coordinates": [16.873178, 43.488804]}, "properties": {"id": 582, "slug": "udruga-pjevaca-gangasa-zupe-katuni-kresevo-radobilja-u-likvidaciji-5405", "name": "UDRUGA PJEVAČA GANGAŠA ŽUPE KATUNI-KREŠEVO \"RADOBILJA\" U LIKVIDACIJI", "display_name": "Udruga Pjevača Gangaša Župe Katuni-kreševo \"Radobilja\" u Likvidaciji", "short_name": "UDRUGA \"RADOBILJA\"", "registry": "registar-udruga", "oib": "16633915405", "status": "BRISAN", "category": "glazba", "address": "Kreševo 99, Kreševo", "city": "Kreševo", "settlement": "Kreševo", "municipality": "Šestanovac", "county": "Splitsko-dalmatinska", "geo_source": "naselje-teziste", "diocese": "Splitsko-makarska Nadbiskupija", "diocese_source": "derivirano-crkve.domovina.ai", "phone_e164": "+385921492427", "president": "Jozo Laušić", "president_role": "Predsjednik Udruge", "founded_at": "2003-10-20", "registered_at": "2003-10-23", "catholic_confidence": "srednja", "catholic_score": 4.0, "source": ["datagovhr:registar-udruga"], "category_label": "Zborovi i crkvena glazba", "active": 0}}, {"type": "Feature", "geometry": {"type": "Point", "coordinates": [15.592176, 43.82199]}, "properties": {"id": 584, "slug": "udruga-za-promicanje-vrijednosti-drvenog-broda-i-tradicionalnih-nacina-plovidbe-latinsko-idro-murter-0587", "name": "UDRUGA ZA PROMICANJE VRIJEDNOSTI DRVENOG BRODA I TRADICIONALNIH NAČINA PLOVIDBE \"LATINSKO IDRO\"", "display_name": "Udruga za Promicanje Vrijednosti Drvenog Broda i Tradicionalnih Načina Plovidbe \"Latinsko Idro\"", "short_name": "UDRUGA \"LATINSKO IDRO\"", "registry": "registar-udruga", "oib": "02914030587", "status": "AKTIVAN", "category": "pokret", "address": "Butina 2, Murter", "city": "Murter", "settlement": "Murter", "municipality": "Murter - Kornati", "county": "Šibensko-kninska", "postal_code": "22243", "geo_source": "dgu-adresa", "diocese": "Šibenska Biskupija", "diocese_source": "derivirano-crkve.domovina.ai", "email": "konter1@si.t-com.hr", "phone_e164": "+38522434084", "president": "Ante Turčinov", "president_role": "Dopredsjednik Udruge", "founded_at": "2005-09-15", "registered_at": "2005-12-20", "catholic_confidence": "srednja", "catholic_score": 4.0, "source": ["datagovhr:registar-udruga"], "category_label": "Pokreti i laičke zajednice", "active": 1}}, {"type": "Feature", "geometry": {"type": "Point", "coordinates": [17.352572, 45.89621]}, "properties": {"id": 585, "slug": "udruga-hrvatska-zena-busetina-u-likvidaciji-0224", "name": "UDRUGA \"HRVATSKA ŽENA\" BUŠETINA U LIKVIDACIJI", "display_name": "Udruga \"Hrvatska Žena\" Bušetina u Likvidaciji", "registry": "registar-udruga", "oib": "33211590224", "status": "BRISAN", "category": "karitativna", "address": "Matije Gupca 47-, Bušetina", "city": "Bušetina", "settlement": "Bušetina", "municipality": "Špišić Bukovica", "county": "Virovitičko-podravska", "geo_source": "naselje-teziste", "diocese": "Požeška Biskupija", "diocese_source": "derivirano-crkve.domovina.ai", "president": "Božica Poldrugač", "president_role": "Predsjednik Udruge", "founded_at": "1998-01-11", "registered_at": "1998-01-15", "catholic_confidence": "srednja", "catholic_score": 4.0, "source": ["datagovhr:registar-udruga"], "category_label": "Karitativne i humanitarne", "active": 0}}, {"type": "Feature", "geometry": {"type": "Point", "coordinates": [18.252312, 42.562383]}, "properties": {"id": 586, "slug": "bratstvo-sela-mocici-6024", "name": "Bratstvo sela Močići", "display_name": "Bratstvo sela Močići", "short_name": "BSM", "registry": "registar-udruga", "oib": "31228636024", "status": "AKTIVAN", "category": "bratovstina", "address": "Močići 21, Močići", "city": "Močići", "settlement": "Močići", "municipality": "Konavle", "county": "Dubrovačko-neretvanska", "postal_code": "20213", "geo_source": "dgu-adresa", "diocese": "Dubrovačka Biskupija - Dioecesis Ragusina", "diocese_source": "derivirano-crkve.domovina.ai", "email": "ivo.stanovic@gmail.com", "phone_e164": "+38598285878", "president": "Ilija Pendo", "president_role": "Dopredsjednik", "founded_at": "2003-03-01", "registered_at": "2003-04-16", "catholic_confidence": "visoka", "catholic_score": 11.0, "source": ["datagovhr:registar-udruga"], "category_label": "Bratovštine", "active": 1}}, {"type": "Feature", "geometry": {"type": "Point", "coordinates": [15.99449, 45.818022]}, "properties": {"id": 587, "slug": "udruga-jedan-zagreb-8774", "name": "UDRUGA JEDAN", "display_name": "Udruga Jedan", "registry": "registar-udruga", "oib": "13499888774", "status": "AKTIVAN", "category": "molitvena", "address": "Horvatova 10, Zagreb", "city": "Zagreb", "settlement": "Zagreb", "municipality": "Grad Zagreb", "county": "Grad Zagreb", "postal_code": "10123", "geo_source": "dgu-ulica-fuzzy", "diocese": "Zagrebačka Nadbiskupija", "diocese_source": "derivirano-crkve.domovina.ai", "email": "bdamjanovic@gmail.com", "phone_e164": "+385916522288", "president": "Janet Ann Tuškan", "president_role": "Potpredsjednica", "founded_at": "2006-01-16", "registered_at": "2006-03-17", "catholic_confidence": "srednja", "catholic_score": 5.5, "source": ["datagovhr:registar-udruga"], "category_label": "Molitvene zajednice", "active": 1}}, {"type": "Feature", "geometry": {"type": "Point", "coordinates": [18.695759, 45.561979]}, "properties": {"id": 588, "slug": "udruga-bivsih-ucenika-isusovacke-klasicne-gimnazije-u-osijeku-amici-8258", "name": "UDRUGA BIVŠIH UČENIKA ISUSOVAČKE KLASIČNE GIMNAZIJE U OSIJEKU \"AMICI\"", "display_name": "Udruga Bivših Učenika Isusovačke Klasične Gimnazije u Osijeku \"Amici\"", "short_name": "\"AMICI\"", "registry": "registar-udruga", "oib": "39577618258", "status": "BRISAN", "category": "obrazovanje", "address": "TRG VATROSLAVA LISINSKOG 1, Osijek", "city": "Osijek", "settlement": "Osijek", "municipality": "Osijek", "county": "Osječko-baranjska", "postal_code": "31000", "geo_source": "dgu-adresa", "diocese": "Đakovačko-osječka Nadbiskupija", "diocese_source": "derivirano-crkve.domovina.ai", "president": "Berislav Bulat", "president_role": "Predsjednik", "founded_at": "2003-11-19", "registered_at": "2004-01-28", "catholic_confidence": "visoka", "catholic_score": 8.5, "source": ["datagovhr:registar-udruga"], "category_label": "Obrazovanje i kateheza", "active": 0}}, {"type": "Feature", "geometry": {"type": "Point", "coordinates": [15.963333, 45.771968]}, "properties": {"id": 589, "slug": "udruga-milosrdnog-isusa-zagreb-6196", "name": "UDRUGA MILOSRDNOG ISUSA", "display_name": "Udruga Milosrdnog Isusa", "registry": "registar-udruga", "oib": "64971746196", "status": "AKTIVAN", "category": "karitativna", "address": "Trnsko 32A, Zagreb", "city": "Zagreb", "settlement": "Zagreb", "municipality": "Grad Zagreb", "county": "Grad Zagreb", "postal_code": "10020", "geo_source": "dgu-adresa", "diocese": "Zagrebačka Nadbiskupija", "diocese_source": "derivirano-crkve.domovina.ai", "phone_e164": "+385989213186", "president": "Lirija Turtula", "president_role": "Predsjednica", "founded_at": "2001-10-15", "registered_at": "2002-02-21", "catholic_confidence": "srednja", "catholic_score": 10.0, "source": ["datagovhr:registar-udruga"], "category_label": "Karitativne i humanitarne", "active": 1}}, {"type": "Feature", "geometry": {"type": "Point", "coordinates": [13.940314, 45.238132]}, "properties": {"id": 590, "slug": "katolicko-drustvo-prosvjetnih-djelatnika-istre-mons-antuna-heka-pazin-8881", "name": "KATOLIČKO DRUŠTVO PROSVJETNIH DJELATNIKA ISTRE MONS. ANTUNA HEKA", "display_name": "Katoličko Društvo Prosvjetnih Djelatnika Istre Mons. Antuna Heka", "short_name": "KDPDI", "registry": "registar-udruga", "oib": "26595138881", "status": "AKTIVAN", "category": "strukovna", "address": "Dobrilina 6, Pazin", "city": "Pazin", "settlement": "Pazin", "municipality": "Pazin", "county": "Istarska", "postal_code": "52000", "geo_source": "dgu-adresa", "diocese": "Biskupija Porečka i Pulska", "diocese_source": "derivirano-crkve.domovina.ai", "email": "kdpdi.mons.a.heka@gmail.com", "website": "https://www.kdpdi.hr", "phone_e164": "+38552624505", "president": "Daniel Bogešić", "president_role": "Predsjednik", "founded_at": "2005-01-08", "registered_at": "2006-01-19", "catholic_confidence": "visoka", "catholic_score": 12.0, "source": ["datagovhr:registar-udruga"], "category_label": "Strukovne (liječnici, učitelji…)", "active": 1}}, {"type": "Feature", "geometry": {"type": "Point", "coordinates": [18.687547, 45.543346]}, "properties": {"id": 591, "slug": "udruga-mir-vama-osijek-u-likvidaciji-5149", "name": "UDRUGA \"MIR VAMA\" OSIJEK U LIKVIDACIJI", "display_name": "Udruga \"Mir Vama\" Osijek u Likvidaciji", "registry": "registar-udruga", "oib": "96424675149", "status": "BRISAN", "category": "hodocasnicka", "address": "SJENJAK 41-2, Osijek", "city": "Osijek", "settlement": "Osijek", "municipality": "Osijek", "county": "Osječko-baranjska", "geo_source": "naselje-teziste", "diocese": "Đakovačko-osječka Nadbiskupija", "diocese_source": "derivirano-crkve.domovina.ai", "president": "Anica Trutin", "president_role": "Predsjednica", "founded_at": "2002-09-10", "registered_at": "2002-09-17", "catholic_confidence": "srednja", "catholic_score": 7.5, "source": ["datagovhr:registar-udruga"], "category_label": "Hodočašća", "active": 0}}, {"type": "Feature", "geometry": {"type": "Point", "coordinates": [18.729488, 45.318967]}, "properties": {"id": 592, "slug": "udruga-katolickih-izvidaca-jarmina-7992", "name": "Udruga katoličkih izviđača Jarmina", "display_name": "Udruga katoličkih izviđača Jarmina", "short_name": "UKIJ", "registry": "registar-udruga", "oib": "62677247992", "status": "AKTIVAN", "category": "pokret", "address": "Vladimira Nazora 2, Jarmina", "city": "Jarmina", "settlement": "Jarmina", "municipality": "Jarmina", "county": "Vukovarsko-srijemska", "postal_code": "32280", "geo_source": "dgu-adresa", "diocese": "Đakovačko-osječka Nadbiskupija", "diocese_source": "derivirano-crkve.domovina.ai", "email": "ukij@ukij.hr", "website": "https://www.ukij.hr", "phone_e164": "+38532215542", "president": "Filip Pasarić", "president_role": "Predsjednik", "founded_at": "1998-01-13", "registered_at": "1998-01-16", "catholic_confidence": "visoka", "catholic_score": 5.5, "source": ["datagovhr:registar-udruga"], "category_label": "Pokreti i laičke zajednice", "active": 1}}, {"type": "Feature", "geometry": {"type": "Point", "coordinates": [16.424325, 46.12066]}, "properties": {"id": 594, "slug": "udruga-ziva-prisutnost-krista-privatna-molitvena-kontemplativna-zajednica-vojnovec-kalnicki-3847", "name": "UDRUGA \"ŽIVA PRISUTNOST KRISTA\" - PRIVATNA MOLITVENA KONTEMPLATIVNA ZAJEDNICA", "display_name": "Udruga \"Živa Prisutnost Krista\" - Privatna Molitvena Kontemplativna Zajednica", "short_name": "UDRUGA \"ŽIVA PRISUTNOST KRISTA\"", "registry": "registar-udruga", "oib": "90107733847", "status": "AKTIVAN", "category": "molitvena", "address": "Vojnovec Kalnički 82, Vojnovec Kalnički", "city": "Vojnovec Kalnički", "settlement": "Vojnovec Kalnički", "municipality": "Kalnik", "county": "Koprivničko-križevačka", "postal_code": "48260", "geo_source": "dgu-adresa", "diocese": "Bjelovarsko-križevačka Biskupija", "diocese_source": "derivirano-crkve.domovina.ai", "email": "predrag@sevok.hr", "phone_e164": "+38512445549", "president": "Emil Kušec", "president_role": "Voditelj Udruge", "founded_at": "2005-02-04", "registered_at": "2005-04-04", "catholic_confidence": "visoka", "catholic_score": 10.5, "source": ["datagovhr:registar-udruga"], "category_label": "Molitvene zajednice", "active": 1}}, {"type": "Feature", "geometry": {"type": "Point", "coordinates": [17.447544, 43.055703]}, "properties": {"id": 595, "slug": "udruga-ladara-zupa-plina-plina-u-likvidaciji-ploce-3342", "name": "Udruga lađara \"Župa Plina\"  Plina U LIKVIDACIJI", "display_name": "Udruga lađara \"Župa Plina\" Plina U LIKVIDACIJI", "registry": "registar-udruga", "oib": "22411183342", "status": "BRISAN", "category": "zupna", "address": "Plina Jezero-Plina Zapadna 6a, Ploče", "city": "Ploče", "settlement": "Ploče", "municipality": "Ploče", "county": "Dubrovačko-neretvanska", "geo_source": "naselje-teziste", "diocese": "Splitsko-makarska Nadbiskupija", "diocese_source": "derivirano-crkve.domovina.ai", "president": "Srećko Zmijarević", "president_role": "Predsjednik Udruge", "founded_at": "2002-02-17", "registered_at": "2002-03-19", "catholic_confidence": "srednja", "catholic_score": 4.0, "source": ["datagovhr:registar-udruga"], "category_label": "Župne udruge", "active": 0}}, {"type": "Feature", "geometry": {"type": "Point", "coordinates": [15.252312, 44.110283]}, "properties": {"id": 596, "slug": "katolicko-sportsko-drustvo-zadar-8276", "name": "KATOLIČKO SPORTSKO DRUŠTVO", "display_name": "Katoličko Sportsko Društvo", "short_name": "KIS", "registry": "registar-udruga", "oib": "52989148276", "status": "AKTIVAN", "category": "sport", "address": "Antuna Barca 1, Zadar", "city": "Zadar", "settlement": "Zadar", "municipality": "Zadar", "county": "Zadarska", "postal_code": "23000", "geo_source": "dgu-adresa", "diocese": "Zadarska Nadbiskupija", "diocese_source": "derivirano-crkve.domovina.ai", "president": "Mladen Kačan", "president_role": "Predsjednik Društva", "founded_at": "2004-12-14", "registered_at": "2005-03-18", "catholic_confidence": "visoka", "catholic_score": 7.0, "source": ["datagovhr:registar-udruga"], "category_label": "Sport i rekreacija", "active": 1}}, {"type": "Feature", "geometry": {"type": "Point", "coordinates": [18.023599, 45.190101]}, "properties": {"id": 598, "slug": "zajednica-novo-srce-podvinje-4669", "name": "Zajednica \" Novo srce \"", "display_name": "Zajednica \" Novo srce \"", "short_name": "ZNS", "registry": "registar-udruga", "oib": "17805124669", "status": "AKTIVAN", "category": "molitvena", "address": "Ulica Kerdeni 25, Podvinje", "city": "Podvinje", "settlement": "Podvinje", "municipality": "Slavonski Brod", "county": "Brodsko-posavska", "postal_code": "35107", "geo_source": "dgu-adresa", "diocese": "Đakovačko-osječka Nadbiskupija", "diocese_source": "derivirano-crkve.domovina.ai", "email": "zdravko0711@gmail.com", "website": "https://www.novosrce.hr", "phone_e164": "+385989487813", "president": "Ante Krajnović", "president_role": "Predsjednik", "founded_at": "2004-02-14", "registered_at": "2004-03-11", "catholic_confidence": "srednja", "catholic_score": 6.0, "source": ["datagovhr:registar-udruga"], "category_label": "Molitvene zajednice", "active": 1}}, {"type": "Feature", "geometry": {"type": "Point", "coordinates": [19.005963, 45.137195]}, "properties": {"id": 599, "slug": "udruga-katolickih-izvidaca-opcine-nijemci-donje-novo-selo-7923", "name": "UDRUGA KATOLIČKIH IZVIĐAČA OPĆINE NIJEMCI", "display_name": "Udruga Katoličkih Izviđača Općine Nijemci", "registry": "registar-udruga", "oib": "08509747923", "status": "BRISAN", "category": "molitvena", "address": "Reljkovićeva 11, Donje Novo Selo", "city": "Donje Novo Selo", "settlement": "Donje Novo Selo", "municipality": "Nijemci", "county": "Vukovarsko-srijemska", "postal_code": "32245", "geo_source": "dgu-adresa", "diocese": "Đakovačko-osječka Nadbiskupija", "diocese_source": "derivirano-crkve.domovina.ai", "president": "Dražen Marcikić", "president_role": "Predsjednik Skupštine", "founded_at": "2003-10-10", "registered_at": "2003-12-17", "catholic_confidence": "visoka", "catholic_score": 4.0, "source": ["datagovhr:registar-udruga"], "category_label": "Molitvene zajednice", "active": 0}}, {"type": "Feature", "geometry": {"type": "Point", "coordinates": [16.329589, 43.498953]}, "properties": {"id": 600, "slug": "udruga-svetista-gospe-od-prizidnica-slatine-6898", "name": "UDRUGA SVETIŠTA GOSPE OD PRIZIDNICA", "display_name": "Udruga Svetišta Gospe od Prizidnica", "registry": "registar-udruga", "oib": "63505586898", "status": "BRISAN", "category": "zupna", "address": "Slatinska 9, Slatine", "city": "Slatine", "settlement": "Slatine", "municipality": "Split", "county": "Splitsko-dalmatinska", "postal_code": "21224", "geo_source": "dgu-adresa", "diocese": "Splitsko-makarska Nadbiskupija", "diocese_source": "derivirano-crkve.domovina.ai", "president": "Ivan Nakir", "president_role": "Predsjednik Udruge", "founded_at": "2004-11-07", "registered_at": "2005-02-02", "catholic_confidence": "visoka", "catholic_score": 8.5, "source": ["datagovhr:registar-udruga"], "category_label": "Župne udruge", "active": 0}}, {"type": "Feature", "geometry": {"type": "Point", "coordinates": [18.636566, 45.486087]}, "properties": {"id": 601, "slug": "katolicka-udruga-sveta-rozalija-ivanovac-6413", "name": "KATOLIČKA UDRUGA SVETA ROZALIJA IVANOVAC", "display_name": "Katolička Udruga Sveta Rozalija Ivanovac", "short_name": "UDRUGA SVETA ROZALIJA IVANOVAC", "registry": "registar-udruga", "oib": "56168356413", "status": "AKTIVAN", "category": "glazba", "address": "DUGA ULICA 31, Ivanovac", "city": "Ivanovac", "settlement": "Ivanovac", "municipality": "Antunovac", "county": "Osječko-baranjska", "postal_code": "31216", "geo_source": "dgu-adresa", "diocese": "Đakovačko-osječka Nadbiskupija", "diocese_source": "derivirano-crkve.domovina.ai", "president": "Brankica Juranić", "president_role": "Predsjednica", "founded_at": "2005-05-17", "registered_at": "2005-06-01", "catholic_confidence": "visoka", "catholic_score": 8.0, "source": ["datagovhr:registar-udruga"], "category_label": "Zborovi i crkvena glazba", "active": 1}}, {"type": "Feature", "geometry": {"type": "Point", "coordinates": [15.953639, 45.81534]}, "properties": {"id": 603, "slug": "udruga-za-unapredenje-rada-zavoda-za-nefrologiju-i-dijalizu-klinicke-bolnice-sestre-milosrdnice-u-likvidaciji-zagreb-1319", "name": "UDRUGA ZA UNAPREĐENJE RADA ZAVODA ZA NEFROLOGIJU I DIJALIZU KLINIČKE BOLNICE SESTRE MILOSRDNICE U LIKVIDACIJI", "display_name": "Udruga za Unapređenje Rada Zavoda za Nefrologiju i Dijalizu Kliničke Bolnice Sestre Milosrdnice u Likvidaciji", "short_name": "UDRUGA ZA VODA ZA NEFROLOGIJU I DIJALIZI KBSM", "registry": "registar-udruga", "oib": "87999431319", "status": "PRESTANAK DJELOVANJA", "category": "karitativna", "address": "Vinogradska cesta 29, Zagreb", "city": "Zagreb", "settlement": "Zagreb", "municipality": "Grad Zagreb", "county": "Grad Zagreb", "postal_code": "10109", "geo_source": "dgu-adresa", "diocese": "Zagrebačka Nadbiskupija", "diocese_source": "derivirano-crkve.domovina.ai", "email": "karmela.altabas@gmail.com", "phone_e164": "+38513787291", "president": "Svjetlana Čala", "president_role": "Predsjednica Upravnog Odbora", "founded_at": "2008-11-07", "registered_at": "2008-12-10", "catholic_confidence": "srednja", "catholic_score": 4.0, "source": ["datagovhr:registar-udruga"], "category_label": "Karitativne i humanitarne", "active": 0}}, {"type": "Feature", "geometry": {"type": "Point", "coordinates": [16.842479, 45.900991]}, "properties": {"id": 604, "slug": "centar-za-hagioterapiju-bjelovar-8906", "name": "CENTAR ZA HAGIOTERAPIJU BJELOVAR", "display_name": "Centar za Hagioterapiju Bjelovar", "short_name": "Centar", "registry": "registar-udruga", "oib": "47361988906", "status": "BRISAN", "category": "pokret", "address": "P. Zrinskog 1d, Bjelovar", "city": "Bjelovar", "settlement": "Bjelovar", "municipality": "Bjelovar", "county": "Bjelovarsko-bilogorska", "postal_code": "43000", "geo_source": "dgu-adresa", "diocese": "Bjelovarsko-križevačka Biskupija", "diocese_source": "derivirano-crkve.domovina.ai", "email": "lela.crnek@gmail.com", "phone_e164": "+385915379013", "president": "Lela Crnek", "president_role": "Predsjednik", "founded_at": "2008-10-24", "registered_at": "2008-12-04", "catholic_confidence": "srednja", "catholic_score": 5.5, "source": ["datagovhr:registar-udruga"], "category_label": "Pokreti i laičke zajednice", "active": 0}}, {"type": "Feature", "geometry": {"type": "Point", "coordinates": [15.97766, 45.817479]}, "properties": {"id": 606, "slug": "hrvatska-katolicka-mladez-zagreb-1717", "name": "HRVATSKA KATOLIČKA MLADEŽ", "display_name": "Hrvatska Katolička Mladež", "short_name": "HKM", "registry": "registar-udruga", "oib": "14538241717", "status": "AKTIVAN", "category": "mladi", "address": "Kaptol 12, Zagreb", "city": "Zagreb", "settlement": "Zagreb", "municipality": "Grad Zagreb", "county": "Grad Zagreb", "postal_code": "10000", "geo_source": "dgu-adresa", "diocese": "Zagrebačka Nadbiskupija", "diocese_source": "derivirano-crkve.domovina.ai", "president": "Ante Roso", "president_role": "Predsjednik", "founded_at": "2009-06-09", "registered_at": "2009-09-28", "catholic_confidence": "visoka", "catholic_score": 4.0, "source": ["datagovhr:registar-udruga"], "category_label": "Mladi i studenti", "active": 1}}, {"type": "Feature", "geometry": {"type": "Point", "coordinates": [15.897287, 45.982258]}, "properties": {"id": 607, "slug": "petroze-krusljevo-selo-3601", "name": "PETROŽE - KRUŠLJEVO SELO", "display_name": "Petrože - Krušljevo Selo", "short_name": "PETROŽE", "registry": "registar-udruga", "oib": "99091033601", "status": "AKTIVAN", "category": "pokret", "address": "Krušljevo Selo 72, Krušljevo Selo", "city": "Krušljevo Selo", "settlement": "Krušljevo Selo", "municipality": "Oroslavje", "county": "Krapinsko-zagorska", "postal_code": "49243", "geo_source": "dgu-adresa", "diocese": "Zagrebačka Nadbiskupija", "diocese_source": "derivirano-crkve.domovina.ai", "email": "darko.kruselj@kr.t-com.hr", "website": "https://www.Petroze-Krusljevo.yolasite.com", "phone_e164": "+38549285237", "president": "Darko Krušelj", "president_role": "Predsjednik", "founded_at": "2008-02-07", "registered_at": "2008-02-19", "catholic_confidence": "srednja", "catholic_score": 4.5, "source": ["datagovhr:registar-udruga"], "category_label": "Pokreti i laičke zajednice", "active": 1}}, {"type": "Feature", "geometry": {"type": "Point", "coordinates": [15.410253, 43.968511]}, "properties": {"id": 609, "slug": "zenska-klapa-karmel-turanj-2612", "name": "ŽENSKA KLAPA KARMEL - TURANJ", "display_name": "Ženska Klapa Karmel - Turanj", "short_name": "KLAPA KARMEL", "registry": "registar-udruga", "oib": "94082112612", "status": "AKTIVAN", "category": "glazba", "address": "Jadranska cesta 58, Turanj", "city": "Turanj", "settlement": "Turanj", "municipality": "Sveti Filip i Jakov", "county": "Zadarska", "postal_code": "23207", "geo_source": "dgu-adresa", "diocese": "Zadarska Nadbiskupija", "diocese_source": "derivirano-crkve.domovina.ai", "email": "slavica.santini@gmail.com", "phone_e164": "+385981606155", "president": "Slavica Santini", "president_role": "Predsjednica Udruge", "founded_at": "2008-03-02", "registered_at": "2008-05-29", "catholic_confidence": "srednja", "catholic_score": 4.0, "source": ["datagovhr:registar-udruga"], "category_label": "Zborovi i crkvena glazba", "active": 1}}, {"type": "Feature", "geometry": {"type": "Point", "coordinates": [19.001824, 45.335334]}, "properties": {"id": 612, "slug": "klub-hrvatskih-katolickih-izvidaca-vukovar-4611", "name": "KLUB HRVATSKIH KATOLIČKIH IZVIĐAČA VUKOVAR", "display_name": "Klub Hrvatskih Katoličkih Izviđača Vukovar", "short_name": "KLUB \"HKI\" VUKOVAR", "registry": "registar-udruga", "oib": "88853484611", "status": "BRISAN", "category": "sport", "address": "Zrinska 51, Vukovar", "city": "Vukovar", "settlement": "Vukovar", "municipality": "Vukovar", "county": "Vukovarsko-srijemska", "postal_code": "32000", "geo_source": "dgu-adresa", "diocese": "Đakovačko-osječka Nadbiskupija", "diocese_source": "derivirano-crkve.domovina.ai", "president": "Pavle Čikanović", "president_role": "Predsjednik", "founded_at": "2008-04-23", "registered_at": "2008-05-26", "catholic_confidence": "visoka", "catholic_score": 4.5, "source": ["datagovhr:registar-udruga"], "category_label": "Sport i rekreacija", "active": 0}}, {"type": "Feature", "geometry": {"type": "Point", "coordinates": [18.002706, 45.157304]}, "properties": {"id": 615, "slug": "sion-udruga-za-promicanje-krscanskih-vrijednosti-slavonski-brod-2515", "name": "Sion, udruga za promicanje kršćanskih vrijednosti", "display_name": "Sion, udruga za promicanje kršćanskih vrijednosti", "short_name": "Sion", "registry": "registar-udruga", "oib": "02747952515", "status": "AKTIVAN", "category": "ostalo", "address": "Pavleka Miškina 2, Slavonski Brod", "city": "Slavonski Brod", "settlement": "Slavonski Brod", "municipality": "Slavonski Brod", "county": "Brodsko-posavska", "geo_source": "naselje-teziste", "diocese": "Đakovačko-osječka Nadbiskupija", "diocese_source": "derivirano-crkve.domovina.ai", "president": "Dejan Maričić", "president_role": "Predsjednik", "founded_at": "2009-11-01", "registered_at": "2009-12-02", "catholic_confidence": "srednja", "catholic_score": 4.5, "source": ["datagovhr:registar-udruga"], "category_label": "Ostalo", "active": 1}}, {"type": "Feature", "geometry": {"type": "Point", "coordinates": [16.045866, 45.825965]}, "properties": {"id": 616, "slug": "korablja-zagreb-0288", "name": "KORABLJA", "display_name": "Korablja", "registry": "registar-udruga", "oib": "70861330288", "status": "AKTIVAN", "category": "hodocasnicka", "address": "Kanarinska ulica 4, Zagreb", "city": "Zagreb", "settlement": "Zagreb", "municipality": "Grad Zagreb", "county": "Grad Zagreb", "postal_code": "10040", "geo_source": "dgu-adresa", "diocese": "Zagrebačka Nadbiskupija", "diocese_source": "derivirano-crkve.domovina.ai", "email": "udruga.korablja@gmail.com", "website": "https://korablja-arka.hr", "phone_e164": "+385998061136", "president": "Berislav Paić", "president_role": "Predsjednik", "founded_at": "2007-03-03", "registered_at": "2007-06-28", "catholic_confidence": "srednja", "catholic_score": 4.5, "source": ["datagovhr:registar-udruga"], "category_label": "Hodočašća", "active": 1}}, {"type": "Feature", "geometry": {"type": "Point", "coordinates": [15.691249, 45.808773]}, "properties": {"id": 618, "slug": "bratovstina-svetoga-vida-vrhovcak-0923", "name": "Bratovština Svetoga Vida - Vrhovčak", "display_name": "Bratovština Svetoga Vida - Vrhovčak", "registry": "registar-udruga", "oib": "82901110923", "status": "AKTIVAN", "category": "bratovstina", "address": "Vrhovčak 27, Vrhovčak", "city": "Vrhovčak", "settlement": "Vrhovčak", "municipality": "Samobor", "county": "Zagrebačka", "postal_code": "10430", "geo_source": "dgu-adresa", "diocese": "Zagrebačka Nadbiskupija", "diocese_source": "derivirano-crkve.domovina.ai", "president": "Krešo Mahović", "president_role": "Predsjednik Udruge", "founded_at": "2008-01-12", "registered_at": "2008-03-03", "catholic_confidence": "srednja", "catholic_score": 5.5, "source": ["datagovhr:registar-udruga"], "category_label": "Bratovštine", "active": 1}}, {"type": "Feature", "geometry": {"type": "Point", "coordinates": [16.928212, 45.930856]}, "properties": {"id": 619, "slug": "udruga-vjernika-za-izgradnju-crkve-veliko-trojstvo-9240", "name": "\"UDRUGA VJERNIKA ZA IZGRADNJU CRKVE\"", "display_name": "\"Udruga Vjernika za Izgradnju Crkve\"", "registry": "registar-udruga", "oib": "00655269240", "status": "BRISAN", "category": "zupna", "address": "Braće Radića 26, Veliko Trojstvo", "city": "Veliko Trojstvo", "settlement": "Veliko Trojstvo", "municipality": "Veliko Trojstvo", "county": "Bjelovarsko-bilogorska", "postal_code": "43226", "geo_source": "dgu-adresa", "diocese": "Bjelovarsko-križevačka Biskupija", "diocese_source": "derivirano-crkve.domovina.ai", "website": "https://www.crkva-paulovac.hr", "phone_e164": "+38543885077", "president": "Stjepan Šarkanj", "president_role": "Predsjednik", "founded_at": "2009-06-14", "registered_at": "2009-07-02", "catholic_confidence": "visoka", "catholic_score": 8.0, "source": ["datagovhr:registar-udruga"], "category_label": "Župne udruge", "active": 0}}, {"type": "Feature", "geometry": {"type": "Point", "coordinates": [16.47447, 43.523663]}, "properties": {"id": 620, "slug": "gospodin-moj-i-bog-moj-split-5908", "name": "\"GOSPODIN MOJ I BOG MOJ\"", "display_name": "\"Gospodin Moj i Bog Moj\"", "registry": "registar-udruga", "oib": "84679805908", "status": "BRISAN", "category": "hodocasnicka", "address": "Sarajevska 46, Split", "city": "Split", "settlement": "Split", "municipality": "Split", "county": "Splitsko-dalmatinska", "postal_code": "21000", "geo_source": "dgu-adresa", "diocese": "Splitsko-makarska Nadbiskupija", "diocese_source": "derivirano-crkve.domovina.ai", "email": "darkaklein@gmail.com", "phone_e164": "+38598688451", "president": "Renato Bosančić", "president_role": "Predsjednik Udruge", "founded_at": "2009-04-01", "registered_at": "2009-04-14", "catholic_confidence": "srednja", "catholic_score": 4.5, "source": ["datagovhr:registar-udruga"], "category_label": "Hodočašća", "active": 0}}, {"type": "Feature", "geometry": {"type": "Point", "coordinates": [15.943253, 45.794713]}, "properties": {"id": 621, "slug": "molitveni-vijenac-kraljice-obitelji-zagreb-8229", "name": "MOLITVENI VIJENAC KRALJICE OBITELJI", "display_name": "Molitveni Vijenac Kraljice Obitelji", "short_name": "MVKO", "registry": "registar-udruga", "oib": "13580538229", "status": "AKTIVAN", "category": "molitvena", "address": "Mošćenička ulica 3, Zagreb", "city": "Zagreb", "settlement": "Zagreb", "municipality": "Grad Zagreb", "county": "Grad Zagreb", "postal_code": "10110", "geo_source": "dgu-adresa", "diocese": "Zagrebačka Nadbiskupija", "diocese_source": "derivirano-crkve.domovina.ai", "email": "biva72@gmail.com", "website": "https://mvko.blog.hr", "phone_e164": "+385995069989", "president": "Marina Šturlić", "president_role": "Predsjednica", "founded_at": "2008-09-06", "registered_at": "2009-06-08", "catholic_confidence": "visoka", "catholic_score": 9.5, "source": ["datagovhr:registar-udruga"], "category_label": "Molitvene zajednice", "active": 1}}, {"type": "Feature", "geometry": {"type": "Point", "coordinates": [18.456896, 45.591849]}, "properties": {"id": 622, "slug": "matheus-udruga-za-promicanje-krscanskih-vrednota-bizovac-2758", "name": "\"MATHEUS\" - UDRUGA ZA PROMICANJE KRŠĆANSKIH VREDNOTA", "display_name": "\"Matheus\" - Udruga za Promicanje Kršćanskih Vrednota", "registry": "registar-udruga", "oib": "51351932758", "status": "BRISAN", "category": "glazba", "address": "Kralja Tomislava 150, Bizovac", "city": "Bizovac", "settlement": "Bizovac", "municipality": "Bizovac", "county": "Osječko-baranjska", "postal_code": "31222", "geo_source": "dgu-adresa", "diocese": "Đakovačko-osječka Nadbiskupija", "diocese_source": "derivirano-crkve.domovina.ai", "email": "sunce.zrinka@gmail.com", "phone_e164": "+385917603124", "president": "Sandra Lovrinčević", "president_role": "Predsjednik", "founded_at": "2009-09-11", "registered_at": "2009-10-15", "catholic_confidence": "srednja", "catholic_score": 5.5, "source": ["datagovhr:registar-udruga"], "category_label": "Zborovi i crkvena glazba", "active": 0}}, {"type": "Feature", "geometry": {"type": "Point", "coordinates": [16.457562, 43.505702]}, "properties": {"id": 623, "slug": "centar-za-hagioterapiju-split-8431", "name": "CENTAR ZA HAGIOTERAPIJU - SPLIT", "display_name": "Centar za Hagioterapiju - Split", "short_name": "CHTS", "registry": "registar-udruga", "oib": "04674978431", "status": "AKTIVAN", "category": "pokret", "address": "Poljička cesta 13, Split", "city": "Split", "settlement": "Split", "municipality": "Split", "county": "Splitsko-dalmatinska", "postal_code": "21000", "geo_source": "dgu-adresa", "diocese": "Splitsko-makarska Nadbiskupija", "diocese_source": "derivirano-crkve.domovina.ai", "email": "hagioterapijasplit@gmail.com", "website": "https://www.hagioterapija-split.hr", "phone_e164": "+38521348648", "president": "Ana Perišić", "president_role": "Dopredsjednica Udruge", "founded_at": "2008-11-10", "registered_at": "2008-12-04", "catholic_confidence": "visoka", "catholic_score": 6.5, "source": ["datagovhr:registar-udruga"], "category_label": "Pokreti i laičke zajednice", "active": 1}}, {"type": "Feature", "geometry": {"type": "Point", "coordinates": [16.207069, 43.398456]}, "properties": {"id": 625, "slug": "bratovstina-sv-nikole-maslinica-solta-2108", "name": "BRATOVŠTINA SV. NIKOLE - MASLINICA - ŠOLTA", "display_name": "Bratovština sv. Nikole - Maslinica - Šolta", "short_name": "BRATOVŠTINA SV. NIKOLE", "registry": "registar-udruga", "oib": "18228412108", "status": "AKTIVAN", "category": "bratovstina", "address": "Obala braće Marchi 16, Maslinica", "city": "Maslinica", "settlement": "Maslinica", "municipality": "Šolta", "county": "Splitsko-dalmatinska", "postal_code": "21430", "geo_source": "dgu-adresa", "diocese": "Splitsko-makarska Nadbiskupija", "diocese_source": "derivirano-crkve.domovina.ai", "email": "tihomir.solta@gmail.com", "phone_e164": "+38521659018", "president": "Tihomir Glavurtić", "president_role": "Predsjednik", "founded_at": "2008-03-12", "registered_at": "2008-04-24", "catholic_confidence": "visoka", "catholic_score": 13.0, "source": ["datagovhr:registar-udruga"], "category_label": "Bratovštine", "active": 1}}, {"type": "Feature", "geometry": {"type": "Point", "coordinates": [16.735911, 43.538234]}, "properties": {"id": 626, "slug": "bratovstina-svetog-nikole-srijane-8811", "name": "BRATOVŠTINA SVETOG NIKOLE", "display_name": "Bratovština Svetog Nikole", "short_name": "BRATOVŠTINA SV. NIKOLE", "registry": "registar-udruga", "oib": "40958818811", "status": "AKTIVAN", "category": "bratovstina", "address": "Srijane 156a, Srijane", "city": "Srijane", "settlement": "Srijane", "municipality": "Omiš", "county": "Splitsko-dalmatinska", "postal_code": "21204", "geo_source": "dgu-adresa", "diocese": "Splitsko-makarska Nadbiskupija", "diocese_source": "derivirano-crkve.domovina.ai", "email": "paviciv@gmail.com", "phone_e164": "+385915387594", "president": "Marinko Mikas", "president_role": "Predsjednik Udruge", "founded_at": "2009-09-06", "registered_at": "2009-10-12", "catholic_confidence": "visoka", "catholic_score": 6.5, "source": ["datagovhr:registar-udruga"], "category_label": "Bratovštine", "active": 1}}, {"type": "Feature", "geometry": {"type": "Point", "coordinates": [15.500243, 45.449159]}, "properties": {"id": 627, "slug": "udruga-bastinika-kapela-sv-duha-i-sv-jelene-duga-resa-5660", "name": "UDRUGA BAŠTINIKA KAPELA SV. DUHA I SV. JELENE", "display_name": "Udruga Baštinika Kapela sv. Duha i sv. Jelene", "short_name": "UDRUGA BAŠTINIKA KAPELA SV. DUHA I SV. JELENE", "registry": "registar-udruga", "oib": "91858505660", "status": "AKTIVAN", "category": "kultura", "address": "Jozefinska cesta 8, Duga Resa", "city": "Duga Resa", "settlement": "Duga Resa", "municipality": "Duga Resa", "county": "Karlovačka", "postal_code": "47250", "geo_source": "dgu-adresa", "diocese": "Zagrebačka Nadbiskupija", "diocese_source": "derivirano-crkve.domovina.ai", "email": "racunovodstvo@mreznica.hr", "phone_e164": "+38547844261", "president": "Ljubomir Sviben", "president_role": "Predsjednik Udruge", "founded_at": "2010-01-18", "registered_at": "2010-01-29", "catholic_confidence": "visoka", "catholic_score": 8.5, "source": ["datagovhr:registar-udruga"], "category_label": "Kultura i baština", "active": 1}}, {"type": "Feature", "geometry": {"type": "Point", "coordinates": [15.985952, 45.823349]}, "properties": {"id": 628, "slug": "drustvo-bivsih-ucenika-i-djelatnika-nadbiskupske-klasicne-gimnazije-s-pravom-javnosti-u-zagrebu-9198", "name": "DRUŠTVO BIVŠIH UČENIKA I DJELATNIKA NADBISKUPSKE KLASIČNE GIMNAZIJE S PRAVOM JAVNOSTI U ZAGREBU", "display_name": "Društvo Bivših Učenika i Djelatnika Nadbiskupske Klasične Gimnazije s Pravom Javnosti u Zagrebu", "short_name": "DRUŠTVO NKG-A", "registry": "registar-udruga", "oib": "17778399198", "status": "AKTIVAN", "category": "obrazovanje", "address": "Voćarska 106, Zagreb", "city": "Zagreb", "settlement": "Zagreb", "municipality": "Grad Zagreb", "county": "Grad Zagreb", "postal_code": "10123", "geo_source": "dgu-adresa", "diocese": "Zagrebačka Nadbiskupija", "diocese_source": "derivirano-crkve.domovina.ai", "email": "ured.nkg.zagreb@gmail.com", "website": "https://www.nkg-zagreb.hr", "phone_e164": "+38514680516", "president": "Marijan Franjčić", "president_role": "Predsjednik Upravnog Odbora", "founded_at": "2009-04-21", "registered_at": "2009-06-24", "catholic_confidence": "visoka", "catholic_score": 7.0, "source": ["datagovhr:registar-udruga"], "category_label": "Obrazovanje i kateheza", "active": 1}}, {"type": "Feature", "geometry": {"type": "Point", "coordinates": [16.338093, 46.304877]}, "properties": {"id": 629, "slug": "katolicka-malonogometna-liga-varazdinske-biskupije-7411", "name": "Katolička malonogometna liga Varaždinske biskupije", "display_name": "Katolička malonogometna liga Varaždinske biskupije", "short_name": "KMNL Varaždinske biskupije", "registry": "registar-udruga", "oib": "65821427411", "status": "BRISAN", "category": "sport", "address": "Zagrebačka 3, Varaždin", "city": "Varaždin", "settlement": "Varaždin", "municipality": "Varaždin", "county": "Varaždinska", "postal_code": "42000", "geo_source": "dgu-adresa", "diocese": "Varaždinska Biskupija", "diocese_source": "derivirano-crkve.domovina.ai", "president": "Saša Špoljarić", "president_role": "Predsjednik", "founded_at": "2007-10-28", "registered_at": "2007-11-19", "catholic_confidence": "visoka", "catholic_score": 6.5, "source": ["datagovhr:registar-udruga"], "category_label": "Sport i rekreacija", "active": 0}}, {"type": "Feature", "geometry": {"type": "Point", "coordinates": [15.716353, 45.793349]}, "properties": {"id": 631, "slug": "bratovstina-svetog-martina-palacnik-samobor-9948", "name": "Bratovština Svetog Martina - Palačnik", "display_name": "Bratovština Svetog Martina - Palačnik", "registry": "registar-udruga", "oib": "63767829948", "status": "AKTIVAN", "category": "bratovstina", "address": "Rendićeva 22, Samobor", "city": "Samobor", "settlement": "Samobor", "municipality": "Samobor", "county": "Zagrebačka", "postal_code": "10430", "geo_source": "dgu-adresa", "diocese": "Zagrebačka Nadbiskupija", "diocese_source": "derivirano-crkve.domovina.ai", "president": "Hrvoje Bišćan", "president_role": "Dopredsjednik", "founded_at": "2007-01-18", "registered_at": "2007-03-26", "catholic_confidence": "visoka", "catholic_score": 6.5, "source": ["datagovhr:registar-udruga"], "category_label": "Bratovštine", "active": 1}}, {"type": "Feature", "geometry": {"type": "Point", "coordinates": [16.848985, 46.294102]}, "properties": {"id": 632, "slug": "udruga-krscana-duhovni-impulsi-u-likvidaciji-legrad-3932", "name": "Udruga kršćana - DUHOVNI IMPULSI U LIKVIDACIJI", "display_name": "Udruga kršćana - DUHOVNI IMPULSI U LIKVIDACIJI", "short_name": "\"IMPULSI\"", "registry": "registar-udruga", "oib": "79606343932", "status": "BRISAN", "category": "mediji", "address": "Ulica kralja Tomislava 156, Legrad", "city": "Legrad", "settlement": "Legrad", "municipality": "Legrad", "county": "Koprivničko-križevačka", "postal_code": "48317", "geo_source": "dgu-adresa", "diocese": "Varaždinska Biskupija", "diocese_source": "derivirano-crkve.domovina.ai", "phone_e164": "+38548624342", "president": "Ružica Šporčić", "president_role": "Predsjednica", "founded_at": "2010-01-03", "registered_at": "2010-01-27", "catholic_confidence": "visoka", "catholic_score": 7.5, "source": ["datagovhr:registar-udruga"], "category_label": "Mediji i nakladništvo", "active": 0}}, {"type": "Feature", "geometry": {"type": "Point", "coordinates": [15.719632, 45.80567]}, "properties": {"id": 635, "slug": "kor-presvete-bogorodice-samobor-4249", "name": "Kor Presvete Bogorodice Samobor", "display_name": "Kor Presvete Bogorodice Samobor", "short_name": "Kor Presv. Bogorodice", "registry": "registar-udruga", "oib": "20103734249", "status": "AKTIVAN", "category": "glazba", "address": "Uskočka 7, Samobor", "city": "Samobor", "settlement": "Samobor", "municipality": "Samobor", "county": "Zagrebačka", "postal_code": "10430", "geo_source": "dgu-adresa", "diocese": "Zagrebačka Nadbiskupija", "diocese_source": "derivirano-crkve.domovina.ai", "president": "Daniel Vranešić", "president_role": "Predsjednik", "founded_at": "2007-01-27", "registered_at": "2007-03-15", "catholic_confidence": "visoka", "catholic_score": 9.5, "source": ["datagovhr:registar-udruga"], "category_label": "Zborovi i crkvena glazba", "active": 1}}, {"type": "Feature", "geometry": {"type": "Point", "coordinates": [18.188266, 42.622444]}, "properties": {"id": 636, "slug": "udruga-bratstvo-svetog-stjepana-kupari-4518", "name": "Udruga Bratstvo Svetog Stjepana - Kupari", "display_name": "Udruga Bratstvo Svetog Stjepana - Kupari", "registry": "registar-udruga", "oib": "95854604518", "status": "AKTIVAN", "category": "bratovstina", "address": "Kupari 2, Kupari", "city": "Kupari", "settlement": "Kupari", "municipality": "Župa Dubrovačka", "county": "Dubrovačko-neretvanska", "postal_code": "20207", "geo_source": "dgu-adresa", "diocese": "Dubrovačka Biskupija - Dioecesis Ragusina", "diocese_source": "derivirano-crkve.domovina.ai", "email": "bratstvo.svetog.stjepana.kupari@gmail.com", "phone_e164": "+385914372948", "president": "Marko Herco", "president_role": "Predsjednik", "founded_at": "2008-02-24", "registered_at": "2008-04-21", "catholic_confidence": "visoka", "catholic_score": 10.0, "source": ["datagovhr:registar-udruga"], "category_label": "Bratovštine", "active": 1}}, {"type": "Feature", "geometry": {"type": "Point", "coordinates": [15.816585, 45.808742]}, "properties": {"id": 637, "slug": "pjevacko-glazbeno-drustvo-djece-i-mladih-alojzije-stepinac-u-likvidaciji-bestovje-5365", "name": "\"Pjevačko-glazbeno društvo djece i mladih Alojzije Stepinac\" U LIKVIDACIJI", "display_name": "\"Pjevačko-glazbeno društvo djece i mladih Alojzije Stepinac\" U LIKVIDACIJI", "short_name": "PGD DiMAS", "registry": "registar-udruga", "oib": "66569345365", "status": "BRISAN", "category": "glazba", "address": "Trg kardinala Stepinca 1, Bestovje", "city": "Bestovje", "settlement": "Bestovje", "municipality": "Sveta Nedelja", "county": "Zagrebačka", "geo_source": "naselje-teziste", "diocese": "Zagrebačka Nadbiskupija", "diocese_source": "derivirano-crkve.domovina.ai", "president": "Božidar Cindori", "president_role": "Predsjednik", "founded_at": "2007-05-03", "registered_at": "2007-08-06", "catholic_confidence": "srednja", "catholic_score": 4.0, "source": ["datagovhr:registar-udruga"], "category_label": "Zborovi i crkvena glazba", "active": 0}}, {"type": "Feature", "geometry": {"type": "Point", "coordinates": [13.663364, 45.216096]}, "properties": {"id": 638, "slug": "udruga-bratstva-naselja-buici-2432", "name": "UDRUGA BRATSTVA NASELJA BUIĆI", "display_name": "Udruga Bratstva Naselja Buići", "short_name": "BRATSTVO BUIĆI", "registry": "registar-udruga", "oib": "55818342432", "status": "AKTIVAN", "category": "bratovstina", "address": "Buići 24, Buići", "city": "Buići", "settlement": "Buići", "municipality": "Poreč - Parenzo", "county": "Dubrovačko-neretvanska", "postal_code": "52440", "geo_source": "dgu-adresa", "diocese": "Biskupija Porečka i Pulska", "diocese_source": "derivirano-crkve.domovina.ai", "email": "buici978@gmail.com", "phone_e164": "+38598525360", "president": "Niko Miloslavić", "president_role": "Predsjednik", "founded_at": "2007-01-17", "registered_at": "2007-04-03", "catholic_confidence": "visoka", "catholic_score": 8.5, "source": ["datagovhr:registar-udruga"], "category_label": "Bratovštine", "active": 1}}, {"type": "Feature", "geometry": {"type": "Point", "coordinates": [16.260853, 43.399608]}, "properties": {"id": 640, "slug": "bratovstina-sv-martina-donje-selo-solta-2461", "name": "\"BRATOVŠTINA SV. MARTINA - DONJE SELO ŠOLTA\"", "display_name": "\"Bratovština sv. Martina - Donje Selo Šolta\"", "registry": "registar-udruga", "oib": "41087292461", "status": "AKTIVAN", "category": "bratovstina", "address": "Trg gornji put 1, Donje Selo", "city": "Donje Selo", "settlement": "Donje Selo", "municipality": "Šolta", "county": "Splitsko-dalmatinska", "postal_code": "21430", "geo_source": "dgu-adresa", "diocese": "Splitsko-makarska Nadbiskupija", "diocese_source": "derivirano-crkve.domovina.ai", "email": "tdobrosevic@gmail.com", "website": "https://bratovstina-sv-martina-solta.hr", "phone_e164": "+385989127970", "president": "Toni Dobrošević", "president_role": "Predsjednik", "founded_at": "2008-03-01", "registered_at": "2008-04-18", "catholic_confidence": "visoka", "catholic_score": 12.0, "source": ["datagovhr:registar-udruga"], "category_label": "Bratovštine", "active": 1}}, {"type": "Feature", "geometry": {"type": "Point", "coordinates": [15.871937, 45.814494]}, "properties": {"id": 641, "slug": "europsko-drustvo-zena-u-teoloskom-istrazivanju-hrvatska-sekcija-zagreb-2785", "name": "EUROPSKO DRUŠTVO ŽENA U TEOLOŠKOM ISTRAŽIVANJU - HRVATSKA SEKCIJA", "display_name": "Europsko Društvo Žena u Teološkom Istraživanju - Hrvatska Sekcija", "registry": "registar-udruga", "oib": "69750832785", "status": "AKTIVAN", "category": "molitvena", "address": "Kredarička ulica 1a, Zagreb", "city": "Zagreb", "settlement": "Zagreb", "municipality": "Grad Zagreb", "county": "Grad Zagreb", "postal_code": "10090", "geo_source": "dgu-adresa", "diocese": "Zagrebačka Nadbiskupija", "diocese_source": "derivirano-crkve.domovina.ai", "email": "puntavl.lidija.vrkic@gmail.com", "phone_e164": "+38521384037", "president": "Bruna Velčić", "president_role": "Predsjednica", "founded_at": "2009-01-27", "registered_at": "2009-03-26", "catholic_confidence": "srednja", "catholic_score": 8.0, "source": ["datagovhr:registar-udruga"], "category_label": "Molitvene zajednice", "active": 1}}, {"type": "Feature", "geometry": {"type": "Point", "coordinates": [16.353209, 43.371236]}, "properties": {"id": 642, "slug": "bratovstina-svetog-nikole-stomorska-7558", "name": "\"BRATOVŠTINA SVETOG NIKOLE STOMORSKA\"", "display_name": "\"Bratovština Svetog Nikole Stomorska\"", "short_name": "\"BRATOVŠTINA SV. NIKOLE STOMORSKA\"", "registry": "registar-udruga", "oib": "11151017558", "status": "AKTIVAN", "category": "bratovstina", "address": "Riva-Pelegrin 26, Stomorska", "city": "Stomorska", "settlement": "Stomorska", "municipality": "Šolta", "county": "Splitsko-dalmatinska", "postal_code": "21430", "geo_source": "dgu-adresa", "diocese": "Splitsko-makarska Nadbiskupija", "diocese_source": "derivirano-crkve.domovina.ai", "phone_e164": "+385915713423", "president": "Ante Novaković", "president_role": "Zamjenik Predsjednika", "founded_at": "2005-04-16", "registered_at": "2005-05-10", "catholic_confidence": "visoka", "catholic_score": 13.0, "source": ["datagovhr:registar-udruga"], "category_label": "Bratovštine", "active": 1}}, {"type": "Feature", "geometry": {"type": "Point", "coordinates": [15.952996, 45.793319]}, "properties": {"id": 643, "slug": "salezijanska-sportska-mladez-salom-zagreb-6033", "name": "SALEZIJANSKA ŠPORTSKA MLADEŽ SALOM", "display_name": "Salezijanska Športska Mladež Salom", "short_name": "SALOM", "registry": "registar-udruga", "oib": "49918506033", "status": "AKTIVAN", "category": "mladi", "address": "Omiška 8, Zagreb", "city": "Zagreb", "settlement": "Zagreb", "municipality": "Grad Zagreb", "county": "Grad Zagreb", "postal_code": "10110", "geo_source": "dgu-adresa", "diocese": "Zagrebačka Nadbiskupija", "diocese_source": "derivirano-crkve.domovina.ai", "president": "Ivan Marijanović", "president_role": "Predsjednik", "founded_at": "2002-10-18", "registered_at": "2002-10-28", "catholic_confidence": "srednja", "catholic_score": 4.0, "source": ["datagovhr:registar-udruga"], "category_label": "Mladi i studenti", "active": 1}}, {"type": "Feature", "geometry": {"type": "Point", "coordinates": [16.837857, 46.166721]}, "properties": {"id": 644, "slug": "udruga-hrvatskih-katolickih-roma-lovara-koprivnica-34133", "name": "UDRUGA HRVATSKIH KATOLIČKIH ROMA LOVARA KOPRIVNICA", "display_name": "Udruga Hrvatskih Katoličkih Roma Lovara Koprivnica", "registry": "registar-udruga", "status": "BRISAN", "category": "kultura", "address": "Ledinska 18, Koprivnica", "city": "Koprivnica", "settlement": "Koprivnica", "municipality": "Koprivnica", "county": "Koprivničko-križevačka", "postal_code": "48000", "geo_source": "dgu-adresa", "diocese": "Varaždinska Biskupija", "diocese_source": "derivirano-crkve.domovina.ai", "president": "Dragutin Đurđević", "president_role": "Predsjednik", "founded_at": "2003-09-16", "registered_at": "2003-12-12", "catholic_confidence": "visoka", "catholic_score": 4.0, "source": ["datagovhr:registar-udruga"], "category_label": "Kultura i baština", "active": 0}}, {"type": "Feature", "geometry": {"type": "Point", "coordinates": [18.011689, 45.154044]}, "properties": {"id": 646, "slug": "hrvatsko-drustvo-prijatelja-puta-svetog-jakova-slavonski-brod-41827", "name": "HRVATSKO DRUŠTVO PRIJATELJA PUTA SVETOG JAKOVA", "display_name": "Hrvatsko Društvo Prijatelja Puta Svetog Jakova", "registry": "registar-udruga", "status": "BRISAN", "category": "hodocasnicka", "address": "Trg Ivane Brlić - Mažuranić 14/1, Slavonski Brod", "city": "Slavonski Brod", "settlement": "Slavonski Brod", "municipality": "Slavonski Brod", "county": "Brodsko-posavska", "postal_code": "35000", "geo_source": "dgu-adresa", "diocese": "Đakovačko-osječka Nadbiskupija", "diocese_source": "derivirano-crkve.domovina.ai", "president": "Tihomir Katančić", "president_role": "Predsjednik", "founded_at": "2007-01-07", "registered_at": "2007-03-23", "catholic_confidence": "srednja", "catholic_score": 5.5, "source": ["datagovhr:registar-udruga"], "category_label": "Hodočašća", "active": 0}}, {"type": "Feature", "geometry": {"type": "Point", "coordinates": [15.466101, 45.574813]}, "properties": {"id": 647, "slug": "udruga-dom-molitve-za-sve-narode-sion-vuksani-9738", "name": "UDRUGA DOM MOLITVE ZA SVE NARODE - SION", "display_name": "Udruga Dom Molitve za Sve Narode - Sion", "short_name": "\"SION\"", "registry": "registar-udruga", "oib": "46697369738", "status": "BRISAN", "category": "molitvena", "address": "Vuksani 4, Vuksani", "city": "Vuksani", "settlement": "Vuksani", "municipality": "Ozalj", "county": "Karlovačka", "postal_code": "47280", "geo_source": "dgu-adresa", "diocese": "Zagrebačka Nadbiskupija", "diocese_source": "derivirano-crkve.domovina.ai", "president": "Dragutin Šunjka", "president_role": "Predsjednik", "founded_at": "2008-09-06", "registered_at": "2008-11-12", "catholic_confidence": "srednja", "catholic_score": 4.5, "source": ["datagovhr:registar-udruga"], "category_label": "Molitvene zajednice", "active": 0}}, {"type": "Feature", "geometry": {"type": "Point", "coordinates": [18.713805, 45.548658]}, "properties": {"id": 649, "slug": "udruga-medugorskih-hodocasnika-slavonije-i-baranje-osijek-4631", "name": "UDRUGA MEĐUGORSKIH HODOČASNIKA SLAVONIJE I BARANJE", "display_name": "Udruga Međugorskih Hodočasnika Slavonije i Baranje", "registry": "registar-udruga", "oib": "15740774631", "status": "BRISAN", "category": "hodocasnicka", "address": "SRIJEMSKA 61, Osijek", "city": "Osijek", "settlement": "Osijek", "municipality": "Osijek", "county": "Osječko-baranjska", "postal_code": "31000", "geo_source": "dgu-adresa", "diocese": "Đakovačko-osječka Nadbiskupija", "diocese_source": "derivirano-crkve.domovina.ai", "president": "Evica Briški", "president_role": "Dopredsjednik", "founded_at": "2009-07-05", "registered_at": "2009-07-14", "catholic_confidence": "visoka", "catholic_score": 8.5, "source": ["datagovhr:registar-udruga"], "category_label": "Hodočašća", "active": 0}}, {"type": "Feature", "geometry": {"type": "Point", "coordinates": [14.805428, 45.402207]}, "properties": {"id": 652, "slug": "udruga-za-promicanje-katolicke-vjere-i-duhovnih-vrijednosti-mladih-ivan-krstitelj-delnice-0680", "name": "UDRUGA ZA PROMICANJE KATOLIČKE VJERE I DUHOVNIH VRIJEDNOSTI MLADIH \"IVAN KRSTITELJ\"", "display_name": "Udruga za Promicanje Katoličke Vjere i Duhovnih Vrijednosti Mladih \"Ivan Krstitelj\"", "short_name": "UDRUGA \"IVAN KRSTITELJ\"", "registry": "registar-udruga", "oib": "17600590680", "status": "BRISAN", "category": "mladi", "address": "Supilova 219, Delnice", "city": "Delnice", "settlement": "Delnice", "municipality": "Delnice", "county": "Primorsko-goranska", "postal_code": "51300", "geo_source": "dgu-adresa", "diocese": "Riječka Nadbiskupija", "diocese_source": "derivirano-crkve.domovina.ai", "president": "Ivan Milardović", "president_role": "Dopredsjednik", "founded_at": "2009-08-17", "registered_at": "2009-09-08", "catholic_confidence": "visoka", "catholic_score": 9.5, "source": ["datagovhr:registar-udruga"], "category_label": "Mladi i studenti", "active": 0}}, {"type": "Feature", "geometry": {"type": "Point", "coordinates": [16.789127, 46.149538]}, "properties": {"id": 654, "slug": "drustvo-za-promicanje-krscanskih-vrednota-kristofori-koprivnica-5923", "name": "Društvo za promicanje kršćanskih vrednota KRISTOFORI", "display_name": "Društvo za promicanje kršćanskih vrednota KRISTOFORI", "short_name": "Društvo Kristofori", "registry": "registar-udruga", "oib": "18438885923", "status": "AKTIVAN", "category": "molitvena", "address": "Rečko polje 153, Koprivnica", "city": "Koprivnica", "settlement": "Koprivnica", "municipality": "Koprivnica", "county": "Koprivničko-križevačka", "postal_code": "48000", "geo_source": "dgu-adresa", "diocese": "Varaždinska Biskupija", "diocese_source": "derivirano-crkve.domovina.ai", "email": "crown@kristofori.hr", "website": "https://www.kristofori.hr", "phone_e164": "+385992164789", "president": "Danijel Katanović", "president_role": "Predsjednik", "founded_at": "2009-11-15", "registered_at": "2009-12-23", "catholic_confidence": "srednja", "catholic_score": 8.5, "source": ["datagovhr:registar-udruga"], "category_label": "Molitvene zajednice", "active": 1}}, {"type": "Feature", "geometry": {"type": "Point", "coordinates": [16.102511, 45.830692]}, "properties": {"id": 655, "slug": "hrvatska-katolicka-udruga-za-zastitu-prava-djece-i-mladezi-stopa-sesvete-5736", "name": "HRVATSKA KATOLIČKA UDRUGA ZA ZAŠTITU PRAVA DJECE I MLADEŽI STOPA", "display_name": "Hrvatska Katolička Udruga za Zaštitu Prava Djece i Mladeži Stopa", "short_name": "HKU STOPA", "registry": "registar-udruga", "oib": "67596875736", "status": "AKTIVAN", "category": "mladi", "address": "Rebro 32, Sesvete", "city": "Sesvete", "settlement": "Sesvete", "municipality": "Grad Zagreb", "county": "Grad Zagreb", "postal_code": "10360", "geo_source": "dgu-adresa", "diocese": "Zagrebačka Nadbiskupija", "diocese_source": "derivirano-crkve.domovina.ai", "email": "hkustopa@gmail.com", "phone_e164": "+38598727040", "president": "Mihajlo Skenderović", "president_role": "Predsjednik", "founded_at": "2009-01-17", "registered_at": "2009-01-21", "catholic_confidence": "visoka", "catholic_score": 5.0, "source": ["datagovhr:registar-udruga"], "category_label": "Mladi i studenti", "active": 1}}, {"type": "Feature", "geometry": {"type": "Point", "coordinates": [19.007332, 45.347122]}, "properties": {"id": 656, "slug": "udruga-sveti-bono-vukovar-5681", "name": "UDRUGA  SVETI BONO", "display_name": "Udruga Sveti Bono", "registry": "registar-udruga", "oib": "82931065681", "status": "AKTIVAN", "category": "glazba", "address": "Samostanska 5, Vukovar", "city": "Vukovar", "settlement": "Vukovar", "municipality": "Vukovar", "county": "Vukovarsko-srijemska", "postal_code": "32000", "geo_source": "dgu-adresa", "diocese": "Đakovačko-osječka Nadbiskupija", "diocese_source": "derivirano-crkve.domovina.ai", "email": "sividoo@gmail.com", "phone_e164": "+38532410641", "president": "Vilma Vidović", "president_role": "Predsjednica", "founded_at": "2006-03-21", "registered_at": "2006-04-26", "catholic_confidence": "srednja", "catholic_score": 5.0, "source": ["datagovhr:registar-udruga"], "category_label": "Zborovi i crkvena glazba", "active": 1}}, {"type": "Feature", "geometry": {"type": "Point", "coordinates": [18.381928, 42.531319]}, "properties": {"id": 657, "slug": "bratstvo-sv-ivana-ljuta-7564", "name": "Bratstvo Sv. Ivana - Ljuta", "display_name": "Bratstvo Sv. Ivana - Ljuta", "short_name": "Bratstvo Sv. Ivana", "registry": "registar-udruga", "oib": "07932347564", "status": "AKTIVAN", "category": "bratovstina", "address": "Donja Ljuta 31, Ljuta", "city": "Ljuta", "settlement": "Ljuta", "municipality": "Konavle", "county": "Dubrovačko-neretvanska", "postal_code": "20215", "geo_source": "dgu-adresa", "diocese": "Dubrovačka Biskupija - Dioecesis Ragusina", "diocese_source": "derivirano-crkve.domovina.ai", "president": "Ivo Dobrašin", "president_role": "Predsjednik Upravnog Odbora", "founded_at": "2008-04-13", "registered_at": "2008-05-12", "catholic_confidence": "visoka", "catholic_score": 10.0, "source": ["datagovhr:registar-udruga"], "category_label": "Bratovštine", "active": 1}}, {"type": "Feature", "geometry": {"type": "Point", "coordinates": [18.10247, 45.490536]}, "properties": {"id": 658, "slug": "ogranak-katolickog-drustva-prosvjetnih-djelatnika-u-pozeskoj-biskupiji-nasice-43850", "name": "OGRANAK KATOLIČKOG DRUŠTVA PROSVJETNIH DJELATNIKA U POŽEŠKOJ BISKUPIJI NAŠICE", "display_name": "Ogranak Katoličkog Društva Prosvjetnih Djelatnika u Požeškoj Biskupiji Našice", "short_name": "OKDPD", "registry": "registar-udruga", "status": "BRISAN", "category": "strukovna", "address": "AUGUSTA CESARCA 20, Našice", "city": "Našice", "settlement": "Našice", "municipality": "Našice", "county": "Osječko-baranjska", "postal_code": "31500", "geo_source": "dgu-adresa", "diocese": "Požeška Biskupija", "diocese_source": "derivirano-crkve.domovina.ai", "president": "Ivica Gerendaj", "president_role": "Predsjednik", "founded_at": "2007-10-12", "registered_at": "2007-12-18", "catholic_confidence": "visoka", "catholic_score": 9.0, "source": ["datagovhr:registar-udruga"], "category_label": "Strukovne (liječnici, učitelji…)", "active": 0}}, {"type": "Feature", "geometry": {"type": "Point", "coordinates": [17.214292, 45.594602]}, "properties": {"id": 661, "slug": "udruga-zdralice-daruvar-4307", "name": "UDRUGA ŽDRALICE DARUVAR", "display_name": "Udruga Ždralice Daruvar", "short_name": "ŽDRALICE", "registry": "registar-udruga", "oib": "31407464307", "status": "AKTIVAN", "category": "hodocasnicka", "address": "T. G. Masaryka 46, Daruvar", "city": "Daruvar", "settlement": "Daruvar", "municipality": "Daruvar", "county": "Bjelovarsko-bilogorska", "postal_code": "43500", "geo_source": "dgu-adresa", "diocese": "Požeška Biskupija", "diocese_source": "derivirano-crkve.domovina.ai", "email": "zdralice@gmail.com", "phone_e164": "+38598366395", "president": "Mateja Župić", "president_role": "Dopredsjednica", "founded_at": "2013-09-11", "registered_at": "2013-09-16", "catholic_confidence": "srednja", "catholic_score": 6.0, "source": ["datagovhr:registar-udruga"], "category_label": "Hodočašća", "active": 1}}, {"type": "Feature", "geometry": {"type": "Point", "coordinates": [17.70671, 45.333793]}, "properties": {"id": 662, "slug": "zajednica-benediktinaca-osb-u-hrvatskoj-i-iseljenistvu-pozega-3045", "name": "Zajednica Benediktinaca-OSB u Hrvatskoj i iseljeništvu", "display_name": "Zajednica Benediktinaca-OSB u Hrvatskoj i iseljeništvu", "short_name": "Zajednica Benediktinaca-OSB", "registry": "registar-udruga", "oib": "95709913045", "status": "BRISAN", "category": "molitvena", "address": "Dubrovačka 159, Požega", "city": "Požega", "settlement": "Požega", "municipality": "Požega", "county": "Požeško-slavonska", "postal_code": "34000", "geo_source": "dgu-adresa", "diocese": "Požeška Biskupija", "diocese_source": "derivirano-crkve.domovina.ai", "president": "Andrija Škulić", "president_role": "Predsjednik Udruge", "founded_at": "2013-05-28", "registered_at": "2013-06-04", "catholic_confidence": "srednja", "catholic_score": 4.0, "source": ["datagovhr:registar-udruga"], "category_label": "Molitvene zajednice", "active": 0}}, {"type": "Feature", "geometry": {"type": "Point", "coordinates": [16.056576, 46.210429]}, "properties": {"id": 663, "slug": "oaza-svetosti-obitelji-u-likvidaciji-lepoglava-8132", "name": ",,Oaza Svetosti Obitelji\" U LIKVIDACIJI", "display_name": ",,Oaza Svetosti Obitelji\" U LIKVIDACIJI", "short_name": "Udruga OSO", "registry": "registar-udruga", "oib": "35489948132", "status": "BRISAN", "category": "obitelj", "address": "Hrvatskih pavlina 73, Lepoglava", "city": "Lepoglava", "settlement": "Lepoglava", "municipality": "Lepoglava", "county": "Varaždinska", "postal_code": "42250", "geo_source": "dgu-adresa", "diocese": "Varaždinska Biskupija", "diocese_source": "derivirano-crkve.domovina.ai", "email": "traubergs@wp.pl", "phone_e164": "+38542561674", "president": "Dragutin Huten", "president_role": "Podpredsjednik", "founded_at": "2014-09-29", "registered_at": "2014-10-01", "catholic_confidence": "srednja", "catholic_score": 5.0, "source": ["datagovhr:registar-udruga"], "category_label": "Obitelj i život", "active": 0}}, {"type": "Feature", "geometry": {"type": "Point", "coordinates": [16.050655, 45.831482]}, "properties": {"id": 664, "slug": "udruga-za-promicanje-krscanskih-vrijednosti-sjedinjeni-u-kristu-zagreb-6317", "name": "UDRUGA ZA PROMICANJE KRŠĆANSKIH VRIJEDNOSTI - SJEDINJENI U KRISTU", "display_name": "Udruga za Promicanje Kršćanskih Vrijednosti - Sjedinjeni u Kristu", "short_name": "SJEDINJENI U KRISTU", "registry": "registar-udruga", "oib": "68428046317", "status": "AKTIVAN", "category": "karitativna", "address": "Grižanska 19, Zagreb", "city": "Zagreb", "settlement": "Zagreb", "municipality": "Grad Zagreb", "county": "Grad Zagreb", "postal_code": "10040", "geo_source": "dgu-adresa", "diocese": "Zagrebačka Nadbiskupija", "diocese_source": "derivirano-crkve.domovina.ai", "email": "sinisa.martinkovic@yahoo.com", "phone_e164": "+385921838600", "president": "Siniša Martinković", "president_role": "Predsjednik", "founded_at": "2013-02-12", "registered_at": "2013-04-26", "catholic_confidence": "srednja", "catholic_score": 4.0, "source": ["datagovhr:registar-udruga"], "category_label": "Karitativne i humanitarne", "active": 1}}, {"type": "Feature", "geometry": {"type": "Point", "coordinates": [16.436832, 43.508505]}, "properties": {"id": 665, "slug": "studentski-katolicki-centar-split-5141", "name": "STUDENTSKI KATOLIČKI CENTAR SPLIT", "display_name": "Studentski Katolički Centar Split", "short_name": "SKAC_ST", "registry": "registar-udruga", "oib": "06191895141", "status": "AKTIVAN", "category": "mladi", "address": "Obala hrv. preporoda 5, Split", "city": "Split", "settlement": "Split", "municipality": "Split", "county": "Splitsko-dalmatinska", "postal_code": "21000", "geo_source": "dgu-adresa", "diocese": "Splitsko-makarska Nadbiskupija", "diocese_source": "derivirano-crkve.domovina.ai", "email": "skac@skac.st", "website": "https://www.skac.st", "phone_e164": "+385954400551", "president": "Ivan Jukić", "president_role": "Dopredsjednik Udruge", "founded_at": "2012-10-25", "registered_at": "2012-11-15", "catholic_confidence": "visoka", "catholic_score": 12.0, "source": ["datagovhr:registar-udruga"], "category_label": "Mladi i studenti", "active": 1}}, {"type": "Feature", "geometry": {"type": "Point", "coordinates": [15.934258, 45.821794]}, "properties": {"id": 666, "slug": "udruga-asistencija-u-zivotu-zagreb-8569", "name": "UDRUGA ASISTENCIJA U ŽIVOTU", "display_name": "Udruga Asistencija u Životu", "short_name": "ASISTENCIJA U ŽIVOTU", "registry": "registar-udruga", "oib": "02927018569", "status": "BRISAN", "category": "karitativna", "address": "ČRNOMEREC 105, Zagreb", "city": "Zagreb", "settlement": "Zagreb", "municipality": "Grad Zagreb", "county": "Grad Zagreb", "postal_code": "10109", "geo_source": "dgu-adresa", "diocese": "Zagrebačka Nadbiskupija", "diocese_source": "derivirano-crkve.domovina.ai", "email": "josip@uauz.hr", "website": "https://www.uauz.hr", "phone_e164": "+385912122234", "president": "Josip Ainrih Matić", "president_role": "Predsjednik", "founded_at": "2015-07-21", "registered_at": "2015-09-14", "catholic_confidence": "srednja", "catholic_score": 4.0, "source": ["datagovhr:registar-udruga"], "category_label": "Karitativne i humanitarne", "active": 0}}, {"type": "Feature", "geometry": {"type": "Point", "coordinates": [18.422682, 42.514634]}, "properties": {"id": 667, "slug": "udruga-sveti-vid-vodovada-7864", "name": "Udruga  \"Sveti Vid Vodovađa\"", "display_name": "Udruga \"Sveti Vid Vodovađa\"", "short_name": "\"Sveti Vid\"", "registry": "registar-udruga", "oib": "36062257864", "status": "AKTIVAN", "category": "bratovstina", "address": "Vodovađa 17b, Vodovađa", "city": "Vodovađa", "settlement": "Vodovađa", "municipality": "Konavle", "county": "Dubrovačko-neretvanska", "postal_code": "20216", "geo_source": "dgu-adresa", "diocese": "Dubrovačka Biskupija - Dioecesis Ragusina", "diocese_source": "derivirano-crkve.domovina.ai", "president": "Ivica Fiorović", "president_role": "Predsjednik", "founded_at": "2015-08-13", "registered_at": "2015-09-22", "catholic_confidence": "srednja", "catholic_score": 5.0, "source": ["datagovhr:registar-udruga"], "category_label": "Bratovštine", "active": 1}}, {"type": "Feature", "geometry": {"type": "Point", "coordinates": [17.383867, 45.250635]}, "properties": {"id": 668, "slug": "centar-za-hagioterapiju-u-novoj-gradiski-nova-gradiska-9413", "name": "Centar za hagioterapiju u Novoj Gradiški", "display_name": "Centar za hagioterapiju u Novoj Gradiški", "short_name": "CHTNG", "registry": "registar-udruga", "oib": "96949169413", "status": "AKTIVAN", "category": "pokret", "address": "J.J.Strossmayera 17, Nova Gradiška", "city": "Nova Gradiška", "settlement": "Nova Gradiška", "municipality": "Nova Gradiška", "county": "Brodsko-posavska", "geo_source": "naselje-teziste", "diocese": "Požeška Biskupija", "diocese_source": "derivirano-crkve.domovina.ai", "phone_e164": "+385996388555", "president": "Zrinka Ferenčina", "president_role": "Predsjednica", "founded_at": "2012-10-01", "registered_at": "2012-10-22", "catholic_confidence": "visoka", "catholic_score": 6.0, "source": ["datagovhr:registar-udruga"], "category_label": "Pokreti i laičke zajednice", "active": 1}}, {"type": "Feature", "geometry": {"type": "Point", "coordinates": [16.637761, 43.701871]}, "properties": {"id": 669, "slug": "udruga-klape-gospi-sinjskoj-4441", "name": "UDRUGA \"KLAPE GOSPI SINJSKOJ\"", "display_name": "Udruga \"Klape Gospi Sinjskoj\"", "registry": "registar-udruga", "oib": "21483374441", "status": "AKTIVAN", "category": "glazba", "address": "Fratarski prolaz 4, Sinj", "city": "Sinj", "settlement": "Sinj", "municipality": "Sinj", "county": "Splitsko-dalmatinska", "postal_code": "21230", "geo_source": "dgu-adresa", "diocese": "Splitsko-makarska Nadbiskupija", "diocese_source": "derivirano-crkve.domovina.ai", "email": "klape.gospi@gmail.com", "phone_e164": "+385981328717", "president": "Mojimir Čačija", "president_role": "Predsjednik Udruge", "founded_at": "2013-06-12", "registered_at": "2013-07-10", "catholic_confidence": "visoka", "catholic_score": 6.5, "source": ["datagovhr:registar-udruga"], "category_label": "Zborovi i crkvena glazba", "active": 1}}, {"type": "Feature", "geometry": {"type": "Point", "coordinates": [15.958594, 45.847594]}, "properties": {"id": 670, "slug": "hrvatska-za-zivot-zagreb-0110", "name": "HRVATSKA ZA ŽIVOT", "display_name": "Hrvatska za Život", "short_name": "HZŽ", "registry": "registar-udruga", "oib": "43502680110", "status": "AKTIVAN", "category": "obitelj", "address": "Lovćenska ulica 98, Zagreb", "city": "Zagreb", "settlement": "Zagreb", "municipality": "Grad Zagreb", "county": "Grad Zagreb", "postal_code": "10163", "geo_source": "dgu-adresa", "diocese": "Zagrebačka Nadbiskupija", "diocese_source": "derivirano-crkve.domovina.ai", "email": "aantezg@gmail.com", "phone_e164": "+385998832760", "president": "Ante Čaljkušić", "president_role": "Predsjednik", "founded_at": "2014-11-21", "registered_at": "2015-01-12", "catholic_confidence": "srednja", "catholic_score": 4.0, "source": ["datagovhr:registar-udruga"], "category_label": "Obitelj i život", "active": 1}}, {"type": "Feature", "geometry": {"type": "Point", "coordinates": [16.808164, 43.565184]}, "properties": {"id": 672, "slug": "gospa-od-ruzarija-budimir-budimiri-7248", "name": "\"GOSPA OD RUŽARIJA BUDIMIR\"", "display_name": "\"Gospa od Ružarija Budimir\"", "registry": "registar-udruga", "oib": "09825587248", "status": "AKTIVAN", "category": "pokret", "address": "Budimiri 43D, Budimiri", "city": "Budimiri", "settlement": "Budimiri", "municipality": "Trilj", "county": "Splitsko-dalmatinska", "postal_code": "21243", "geo_source": "dgu-adresa", "diocese": "Splitsko-makarska Nadbiskupija", "diocese_source": "derivirano-crkve.domovina.ai", "phone_e164": "+385958650963", "president": "Damir Ivančević", "president_role": "Predsjednik Udruge", "founded_at": "2014-07-04", "registered_at": "2014-08-18", "catholic_confidence": "srednja", "catholic_score": 4.5, "source": ["datagovhr:registar-udruga"], "category_label": "Pokreti i laičke zajednice", "active": 1}}, {"type": "Feature", "geometry": {"type": "Point", "coordinates": [16.057684, 45.722635]}, "properties": {"id": 673, "slug": "centar-za-hagioterapiju-velika-gorica-8671", "name": "CENTAR ZA HAGIOTERAPIJU VELIKA GORICA", "display_name": "Centar za Hagioterapiju Velika Gorica", "short_name": "CHTVG", "registry": "registar-udruga", "oib": "35396938671", "status": "BRISAN", "category": "pokret", "address": "Vinkovačka 2, Velika Gorica", "city": "Velika Gorica", "settlement": "Velika Gorica", "municipality": "Velika Gorica", "county": "Zagrebačka", "postal_code": "10410", "geo_source": "dgu-adresa", "diocese": "Zagrebačka Nadbiskupija", "diocese_source": "derivirano-crkve.domovina.ai", "email": "franjo.djuran@gmail.com", "phone_e164": "+385917698221", "president": "Franjo Đuran", "president_role": "Predsjednik", "founded_at": "2012-10-18", "registered_at": "2012-12-06", "catholic_confidence": "visoka", "catholic_score": 6.0, "source": ["datagovhr:registar-udruga"], "category_label": "Pokreti i laičke zajednice", "active": 0}}, {"type": "Feature", "geometry": {"type": "Point", "coordinates": [17.213682, 45.595991]}, "properties": {"id": 674, "slug": "udruga-izaberi-zivot-daruvar-9716", "name": "UDRUGA \"IZABERI ŽIVOT\"", "display_name": "Udruga \"Izaberi Život\"", "short_name": "UDRUGA IŽ", "registry": "registar-udruga", "oib": "27598469716", "status": "AKTIVAN", "category": "molitvena", "address": "Ivana Gundulića 49, Daruvar", "city": "Daruvar", "settlement": "Daruvar", "municipality": "Daruvar", "county": "Bjelovarsko-bilogorska", "postal_code": "43500", "geo_source": "dgu-adresa", "diocese": "Požeška Biskupija", "diocese_source": "derivirano-crkve.domovina.ai", "email": "izaberizivot.hrvatska@gmail.com", "website": "https://izaberizivot.hr", "phone_e164": "+38598480944", "president": "Anita Jovanović", "president_role": "Predsjednik", "founded_at": "2013-06-19", "registered_at": "2013-07-30", "catholic_confidence": "srednja", "catholic_score": 4.5, "source": ["datagovhr:registar-udruga"], "category_label": "Molitvene zajednice", "active": 1}}, {"type": "Feature", "geometry": {"type": "Point", "coordinates": [16.090021, 45.799979]}, "properties": {"id": 675, "slug": "udruga-sveti-padre-pio-u-likvidaciji-zagreb-5624", "name": "UDRUGA \"SVETI PADRE PIO\" U LIKVIDACIJI", "display_name": "Udruga \"Sveti Padre Pio\" u Likvidaciji", "registry": "registar-udruga", "oib": "68593245624", "status": "PRESTANAK DJELOVANJA", "category": "hodocasnicka", "address": "I. Resnik 72I, Zagreb", "city": "Zagreb", "settlement": "Zagreb", "municipality": "Grad Zagreb", "county": "Grad Zagreb", "postal_code": "10040", "geo_source": "dgu-adresa", "diocese": "Zagrebačka Nadbiskupija", "diocese_source": "derivirano-crkve.domovina.ai", "email": "zeljko.misic111@gmail.com", "phone_e164": "+385997979575", "president": "Nadica Mišić", "president_role": "Dopredsjednica", "founded_at": "2013-06-25", "registered_at": "2013-08-01", "catholic_confidence": "visoka", "catholic_score": 6.5, "source": ["datagovhr:registar-udruga"], "category_label": "Hodočašća", "active": 0}}, {"type": "Feature", "geometry": {"type": "Point", "coordinates": [16.402004, 45.701497]}, "properties": {"id": 677, "slug": "udruga-nadbiskup-josip-juraj-posilovic-ivanic-grad-8849", "name": "UDRUGA NADBISKUP JOSIP JURAJ POSILOVIĆ", "display_name": "Udruga Nadbiskup Josip Juraj Posilović", "registry": "registar-udruga", "oib": "87049608849", "status": "AKTIVAN", "category": "karitativna", "address": "Šiftarova ulica 48, Ivanić-Grad", "city": "Ivanić-Grad", "settlement": "Ivanić-Grad", "municipality": "Ivanić-Grad", "county": "Zagrebačka", "postal_code": "10310", "geo_source": "dgu-adresa", "diocese": "Sisačka Biskupija", "diocese_source": "derivirano-crkve.domovina.ai", "email": "josipahlevnjak@yahoo.com", "phone_e164": "+385997566571", "president": "Krešimir Golubić", "president_role": "Predsjednik Udruge", "founded_at": "2014-07-10", "registered_at": "2014-08-14", "catholic_confidence": "visoka", "catholic_score": 9.0, "source": ["datagovhr:registar-udruga"], "category_label": "Karitativne i humanitarne", "active": 1}}, {"type": "Feature", "geometry": {"type": "Point", "coordinates": [17.70671, 45.333793]}, "properties": {"id": 678, "slug": "krist-katolicki-generalni-priorat-grgur-ninski-pozega-7274", "name": "KRIST-KATOLIČKI GENERALNI PRIORAT GRGUR NINSKI", "display_name": "Krist-katolički Generalni Priorat Grgur Ninski", "registry": "registar-udruga", "oib": "17355977274", "status": "BRISAN", "category": "karitativna", "address": "Dubrovačka 159, Požega", "city": "Požega", "settlement": "Požega", "municipality": "Požega", "county": "Požeško-slavonska", "postal_code": "34000", "geo_source": "dgu-adresa", "diocese": "Požeška Biskupija", "diocese_source": "derivirano-crkve.domovina.ai", "president": "Andrija Škulić", "president_role": "Predsjednik Udruge", "founded_at": "2012-06-08", "registered_at": "2012-07-05", "catholic_confidence": "visoka", "catholic_score": 10.5, "source": ["datagovhr:registar-udruga"], "category_label": "Karitativne i humanitarne", "active": 0}}, {"type": "Feature", "geometry": {"type": "Point", "coordinates": [15.982017, 45.809143]}, "properties": {"id": 680, "slug": "bratovstina-marijanski-zavjet-za-domovinu-zagreb-6248", "name": "BRATOVŠTINA MARIJANSKI ZAVJET ZA DOMOVINU", "display_name": "Bratovština Marijanski Zavjet za Domovinu", "short_name": "MARIJANSKI ZAVJET", "registry": "registar-udruga", "oib": "41385366248", "status": "AKTIVAN", "category": "bratovstina", "address": "Palmotićeva ulica 31, Zagreb", "city": "Zagreb", "settlement": "Zagreb", "municipality": "Grad Zagreb", "county": "Grad Zagreb", "postal_code": "10000", "geo_source": "dgu-adresa", "diocese": "Zagrebačka Nadbiskupija", "diocese_source": "derivirano-crkve.domovina.ai", "email": "info@marijanskizavjet.hr", "website": "https://www.marijanskizavjet.hr", "phone_e164": "+385957413334", "president": "Ivan Mandurić", "president_role": "Predsjednik", "founded_at": "2015-10-04", "registered_at": "2016-02-26", "catholic_confidence": "visoka", "catholic_score": 12.0, "source": ["datagovhr:registar-udruga"], "category_label": "Bratovštine", "active": 1}}, {"type": "Feature", "geometry": {"type": "Point", "coordinates": [15.98415, 45.806522]}, "properties": {"id": 681, "slug": "molitvena-zajednica-srce-isusovo-zagreb-7172", "name": "MOLITVENA ZAJEDNICA SRCE ISUSOVO", "display_name": "Molitvena Zajednica Srce Isusovo", "short_name": "MZ SRCE ISUSOVO", "registry": "registar-udruga", "oib": "91183147172", "status": "AKTIVAN", "category": "molitvena", "address": "Draškovićeva ulica 49, Zagreb", "city": "Zagreb", "settlement": "Zagreb", "municipality": "Grad Zagreb", "county": "Grad Zagreb", "postal_code": "10000", "geo_source": "dgu-adresa", "diocese": "Zagrebačka Nadbiskupija", "diocese_source": "derivirano-crkve.domovina.ai", "email": "ana.udiljak@ps-law.hr", "phone_e164": "+385989333548", "president": "Alan Hržica", "president_role": "Predsjednik", "founded_at": "2015-12-24", "registered_at": "2016-02-26", "catholic_confidence": "visoka", "catholic_score": 18.0, "source": ["datagovhr:registar-udruga"], "category_label": "Molitvene zajednice", "active": 1}}, {"type": "Feature", "geometry": {"type": "Point", "coordinates": [16.339941, 46.311623]}, "properties": {"id": 683, "slug": "korak-nade-udruga-za-promicanje-zivotnih-i-duhovnih-vrednota-varazdin-4360", "name": "KORAK NADE - Udruga za promicanje životnih i duhovnih vrednota", "display_name": "KORAK NADE - Udruga za promicanje životnih i duhovnih vrednota", "short_name": "KORAK NADE", "registry": "registar-udruga", "oib": "54186584360", "status": "AKTIVAN", "category": "karitativna", "address": "Trenkova ulica 30, Varaždin", "city": "Varaždin", "settlement": "Varaždin", "municipality": "Varaždin", "county": "Varaždinska", "postal_code": "42000", "geo_source": "dgu-adresa", "diocese": "Varaždinska Biskupija", "diocese_source": "derivirano-crkve.domovina.ai", "email": "korak.nade@yahoo.com", "phone_e164": "+38598573674", "president": "Daniel Presečan", "president_role": "Predsjednik", "founded_at": "2013-03-21", "registered_at": "2013-04-09", "catholic_confidence": "srednja", "catholic_score": 6.5, "source": ["datagovhr:registar-udruga"], "category_label": "Karitativne i humanitarne", "active": 1}}, {"type": "Feature", "geometry": {"type": "Point", "coordinates": [15.722247, 45.910413]}, "properties": {"id": 684, "slug": "marija-od-pohoda-marija-gorica-1930", "name": "MARIJA OD POHODA", "display_name": "Marija od Pohoda", "registry": "registar-udruga", "oib": "77803791930", "status": "AKTIVAN", "category": "glazba", "address": "Gorička 22, Marija Gorica", "city": "Marija Gorica", "settlement": "Marija Gorica", "municipality": "Marija Gorica", "county": "Zagrebačka", "geo_source": "naselje-teziste", "diocese": "Zagrebačka Nadbiskupija", "diocese_source": "derivirano-crkve.domovina.ai", "email": "zeljkica.novak@gmail.com", "phone_e164": "+385912214958", "president": "Lucija Novak", "president_role": "Predsjednica", "founded_at": "2012-07-13", "registered_at": "2012-10-19", "catholic_confidence": "srednja", "catholic_score": 6.0, "source": ["datagovhr:registar-udruga"], "category_label": "Zborovi i crkvena glazba", "active": 1}}, {"type": "Feature", "geometry": {"type": "Point", "coordinates": [15.725158, 45.79892]}, "properties": {"id": 686, "slug": "bratovstina-svetog-antuna-padovanskog-samobor-2504", "name": "BRATOVŠTINA SVETOG ANTUNA PADOVANSKOG", "display_name": "Bratovština Svetog Antuna Padovanskog", "registry": "registar-udruga", "oib": "79670842504", "status": "AKTIVAN", "category": "bratovstina", "address": "Svete Ane 2, Samobor", "city": "Samobor", "settlement": "Samobor", "municipality": "Samobor", "county": "Zagrebačka", "postal_code": "10430", "geo_source": "dgu-adresa", "diocese": "Zagrebačka Nadbiskupija", "diocese_source": "derivirano-crkve.domovina.ai", "phone_e164": "+38598474227", "president": "Antonio Horvat", "president_role": "Predsjednik", "founded_at": "2013-03-20", "registered_at": "2013-06-12", "catholic_confidence": "srednja", "catholic_score": 5.5, "source": ["datagovhr:registar-udruga"], "category_label": "Bratovštine", "active": 1}}, {"type": "Feature", "geometry": {"type": "Point", "coordinates": [16.540798, 45.268004]}, "properties": {"id": 688, "slug": "pogrebno-drustvo-sv-ivan-u-stublju-stubalj-3442", "name": "POGREBNO DRUŠTVO SV. IVAN U STUBLJU", "display_name": "Pogrebno Društvo sv. Ivan u Stublju", "registry": "registar-udruga", "oib": "85475133442", "status": "AKTIVAN", "category": "karitativna", "address": "Stubalj 45a, Stubalj", "city": "Stubalj", "settlement": "Stubalj", "municipality": "Majur", "county": "Sisačko-moslavačka", "postal_code": "44430", "geo_source": "dgu-adresa", "diocese": "Sisačka Biskupija", "diocese_source": "derivirano-crkve.domovina.ai", "phone_e164": "+38544859107", "president": "Darko Brnad", "president_role": "Predsjednik", "founded_at": "2013-03-10", "registered_at": "2013-05-08", "catholic_confidence": "srednja", "catholic_score": 4.0, "source": ["datagovhr:registar-udruga"], "category_label": "Karitativne i humanitarne", "active": 1}}, {"type": "Feature", "geometry": {"type": "Point", "coordinates": [16.334008, 46.304925]}, "properties": {"id": 689, "slug": "udruga-za-promicanje-dostojanstva-ljudskog-zivota-zastitu-ljudskih-prava-nerodene-djece-i-edukaciju-betlehem-varazdin-1610", "name": "Udruga za promicanje dostojanstva ljudskog života, zaštitu ljudskih prava nerođene djece i edukaciju Betlehem - Varaždin", "display_name": "Udruga za promicanje dostojanstva ljudskog života, zaštitu ljudskih prava nerođene djece i edukaciju Betlehem - Varaždin", "short_name": "Udruga Betlehem Varaždin", "registry": "registar-udruga", "oib": "73675331610", "status": "AKTIVAN", "category": "obitelj", "address": "Kapucinski trg 7, Varaždin", "city": "Varaždin", "settlement": "Varaždin", "municipality": "Varaždin", "county": "Varaždinska", "postal_code": "42000", "geo_source": "dgu-adresa", "diocese": "Varaždinska Biskupija", "diocese_source": "derivirano-crkve.domovina.ai", "email": "odvjetnik.kovac@gmail.com", "phone_e164": "+385952058000", "president": "Vjeran Grabant", "president_role": "Predsjednik", "founded_at": "2014-06-23", "registered_at": "2014-08-07", "catholic_confidence": "srednja", "catholic_score": 4.0, "source": ["datagovhr:registar-udruga"], "category_label": "Obitelj i život", "active": 1}}, {"type": "Feature", "geometry": {"type": "Point", "coordinates": [16.10416, 45.812542]}, "properties": {"id": 690, "slug": "udruga-dom-brisevo-dobri-sesvete-9674", "name": "UDRUGA \"DOM BRIŠEVO - DOBRI\"", "display_name": "Udruga \"Dom Briševo - Dobri\"", "short_name": "\"DOBRI\"", "registry": "registar-udruga", "oib": "68841569674", "status": "AKTIVAN", "category": "karitativna", "address": "Ulica Brune Bjelinskog 3, Sesvete", "city": "Sesvete", "settlement": "Sesvete", "municipality": "Grad Zagreb", "county": "Grad Zagreb", "postal_code": "10360", "geo_source": "dgu-adresa", "diocese": "Zagrebačka Nadbiskupija", "diocese_source": "derivirano-crkve.domovina.ai", "email": "udruga.brisevo@gmail.com", "phone_e164": "+385951995869", "president": "Blaženko Marijan", "president_role": "Predsjednik", "founded_at": "2014-07-04", "registered_at": "2014-08-07", "catholic_confidence": "srednja", "catholic_score": 4.0, "source": ["datagovhr:registar-udruga"], "category_label": "Karitativne i humanitarne", "active": 1}}, {"type": "Feature", "geometry": {"type": "Point", "coordinates": [15.949619, 45.764747]}, "properties": {"id": 692, "slug": "udruga-stanici-zupa-plehan-zagreb-8946", "name": "UDRUGA STANIĆI ŽUPA PLEHAN", "display_name": "Udruga Stanići Župa Plehan", "short_name": "UDR STANIĆI ŽP", "registry": "registar-udruga", "oib": "33311878946", "status": "AKTIVAN", "category": "zupna", "address": "ULICA DR. LUJE NALETILIĆA ODVOJAK 11, Zagreb", "city": "Zagreb", "settlement": "Zagreb", "municipality": "Grad Zagreb", "county": "Grad Zagreb", "postal_code": "10020", "geo_source": "dgu-ulica-fuzzy", "diocese": "Zagrebačka Nadbiskupija", "diocese_source": "derivirano-crkve.domovina.ai", "email": "udrugastanici.zupaplehan@gmail.com", "phone_e164": "+385917628777", "president": "Ilija Oroz", "president_role": "Predsjednik", "founded_at": "2013-03-10", "registered_at": "2013-04-16", "catholic_confidence": "srednja", "catholic_score": 5.5, "source": ["datagovhr:registar-udruga"], "category_label": "Župne udruge", "active": 1}}, {"type": "Feature", "geometry": {"type": "Point", "coordinates": [17.722633, 45.429505]}, "properties": {"id": 694, "slug": "hodocasnicki-korak-nade-u-likvidaciji-kaptol-9693", "name": "\"Hodočasnički korak nade\" U LIKVIDACIJI", "display_name": "\"Hodočasnički korak nade\" U LIKVIDACIJI", "registry": "registar-udruga", "oib": "51676539693", "status": "BRISAN", "category": "hodocasnicka", "address": "Požeška 17, Kaptol", "city": "Kaptol", "settlement": "Kaptol", "municipality": "Kaptol", "county": "Požeško-slavonska", "postal_code": "34334", "geo_source": "dgu-adresa", "diocese": "Požeška Biskupija", "diocese_source": "derivirano-crkve.domovina.ai", "email": "liber@po.t-com.hr", "phone_e164": "+385981732209", "president": "Marko Kljajić", "president_role": "Predsjednik Udruge", "founded_at": "2013-12-28", "registered_at": "2014-01-10", "catholic_confidence": "visoka", "catholic_score": 6.5, "source": ["datagovhr:registar-udruga"], "category_label": "Hodočašća", "active": 0}}, {"type": "Feature", "geometry": {"type": "Point", "coordinates": [16.435539, 43.513989]}, "properties": {"id": 696, "slug": "klub-ucenika-i-prijatelja-nadbiskupijske-klasicne-gimnazije-don-frane-bulic-split-1602", "name": "Klub učenika i prijatelja Nadbiskupijske klasične gimnazije \"Don Frane Bulić\" - Split", "display_name": "Klub učenika i prijatelja Nadbiskupijske klasične gimnazije \"Don Frane Bulić\" - Split", "short_name": "KUP NKG", "registry": "registar-udruga", "oib": "86735461602", "status": "AKTIVAN", "category": "obrazovanje", "address": "Zrinjsko-frankopanska 19, Split", "city": "Split", "settlement": "Split", "municipality": "Split", "county": "Splitsko-dalmatinska", "postal_code": "21000", "geo_source": "dgu-adresa", "diocese": "Splitsko-makarska Nadbiskupija", "diocese_source": "derivirano-crkve.domovina.ai", "email": "kup.nkg@.mail.com", "phone_e164": "+385921338834", "president": "Ivan Čulić", "president_role": "Predsjednik", "founded_at": "2013-04-13", "registered_at": "2013-05-21", "catholic_confidence": "visoka", "catholic_score": 14.0, "source": ["datagovhr:registar-udruga"], "category_label": "Obrazovanje i kateheza", "active": 1}}, {"type": "Feature", "geometry": {"type": "Point", "coordinates": [15.772565, 43.756033]}, "properties": {"id": 697, "slug": "centar-za-hagioterapiju-vodice-0899", "name": "CENTAR ZA HAGIOTERAPIJU VODICE", "display_name": "Centar za Hagioterapiju Vodice", "short_name": "CHTVD", "registry": "registar-udruga", "oib": "82548590899", "status": "BRISAN", "category": "pokret", "address": "Prvomajska 3, Vodice", "city": "Vodice", "settlement": "Vodice", "municipality": "Vodice", "county": "Šibensko-kninska", "postal_code": "22211", "geo_source": "dgu-adresa", "diocese": "Šibenska Biskupija", "diocese_source": "derivirano-crkve.domovina.ai", "email": "hagioterapija-vodice@gmail.com", "phone_e164": "+385995948504", "president": "Žanet Roca", "president_role": "Predsjednica Udruge", "founded_at": "2013-09-29", "registered_at": "2013-10-18", "catholic_confidence": "visoka", "catholic_score": 6.5, "source": ["datagovhr:registar-udruga"], "category_label": "Pokreti i laičke zajednice", "active": 0}}, {"type": "Feature", "geometry": {"type": "Point", "coordinates": [18.677097, 45.556194]}, "properties": {"id": 698, "slug": "rccg-krscanska-udruga-dom-nade-osijek-0669", "name": "RCCG KRŠĆANSKA UDRUGA DOM NADE", "display_name": "Rccg Kršćanska Udruga Dom Nade", "short_name": "RCCG DOM NADE", "registry": "registar-udruga", "oib": "37086210669", "status": "BRISAN", "category": "molitvena", "address": "Gundulićeva 60, Osijek", "city": "Osijek", "settlement": "Osijek", "municipality": "Osijek", "county": "Osječko-baranjska", "postal_code": "31000", "geo_source": "dgu-adresa", "diocese": "Đakovačko-osječka Nadbiskupija", "diocese_source": "derivirano-crkve.domovina.ai", "email": "vuckovski@yahoo.com", "phone_e164": "+385995079613", "president": "Dalibor Vučkovski", "president_role": "Predsjednik", "founded_at": "2014-06-14", "registered_at": "2014-07-02", "catholic_confidence": "srednja", "catholic_score": 6.5, "source": ["datagovhr:registar-udruga"], "category_label": "Molitvene zajednice", "active": 0}}, {"type": "Feature", "geometry": {"type": "Point", "coordinates": [17.474785, 43.045139]}, "properties": {"id": 699, "slug": "udruga-za-ocuvanje-crkvenog-i-puckog-pivanja-zupe-presvetog-trojstva-rogotin-0855", "name": "UDRUGA ZA OČUVANJE CRKVENOG I PUČKOG PIVANJA ŽUPE PRESVETOG TROJSTVA ROGOTIN", "display_name": "Udruga za Očuvanje Crkvenog i Pučkog Pivanja Župe Presvetog Trojstva Rogotin", "short_name": "CRKVENI PUČKI PIVAČI", "registry": "registar-udruga", "oib": "21389780855", "status": "AKTIVAN", "category": "zupna", "address": "Antuna Gustava Matoša 9, Rogotin", "city": "Rogotin", "settlement": "Rogotin", "municipality": "Ploče", "county": "Dubrovačko-neretvanska", "postal_code": "20343", "geo_source": "dgu-adresa", "diocese": "Splitsko-makarska Nadbiskupija", "diocese_source": "derivirano-crkve.domovina.ai", "email": "rpeivan88@gmail.com", "phone_e164": "+385915250942", "president": "Ivan Šunjić", "president_role": "Predsjednik", "founded_at": "2014-06-27", "registered_at": "2014-08-22", "catholic_confidence": "visoka", "catholic_score": 9.0, "source": ["datagovhr:registar-udruga"], "category_label": "Župne udruge", "active": 1}}, {"type": "Feature", "geometry": {"type": "Point", "coordinates": [18.110454, 42.641591]}, "properties": {"id": 702, "slug": "studentski-katolicki-centar-dubrovnik-9474", "name": "Studentski katolički centar Dubrovnik", "display_name": "Studentski katolički centar Dubrovnik", "short_name": "SKAC_DU", "registry": "registar-udruga", "oib": "10158569474", "status": "AKTIVAN", "category": "mladi", "address": "Kovačka 8, Dubrovnik", "city": "Dubrovnik", "settlement": "Dubrovnik", "municipality": "Dubrovnik", "county": "Dubrovačko-neretvanska", "postal_code": "20000", "geo_source": "dgu-adresa", "diocese": "Dubrovačka Biskupija - Dioecesis Ragusina", "diocese_source": "derivirano-crkve.domovina.ai", "email": "skac.du@gmail.com", "phone_e164": "+385989175777", "president": "Krešimir Marić", "president_role": "Dopredsjednik", "founded_at": "2014-06-17", "registered_at": "2014-07-14", "catholic_confidence": "visoka", "catholic_score": 11.0, "source": ["datagovhr:registar-udruga"], "category_label": "Mladi i studenti", "active": 1}}, {"type": "Feature", "geometry": {"type": "Point", "coordinates": [17.193864, 45.436157]}, "properties": {"id": 704, "slug": "palijativni-tim-lipa-pakrac-8929", "name": "Palijativni tim LiPa", "display_name": "Palijativni tim LiPa", "short_name": "PT LiPa", "registry": "registar-udruga", "oib": "52746338929", "status": "AKTIVAN", "category": "glazba", "address": "Ulica hrvatskih velikana 3, Pakrac", "city": "Pakrac", "settlement": "Pakrac", "municipality": "Pakrac", "county": "Požeško-slavonska", "postal_code": "34550", "geo_source": "dgu-adresa", "diocese": "Požeška Biskupija", "diocese_source": "derivirano-crkve.domovina.ai", "email": "ljerka.pavkovic@bolnica-lipik.hr", "phone_e164": "+385989831213", "president": "Ljerka Pavković", "president_role": "Predsjednica", "founded_at": "2014-07-01", "registered_at": "2014-07-17", "catholic_confidence": "srednja", "catholic_score": 4.0, "source": ["datagovhr:registar-udruga"], "category_label": "Zborovi i crkvena glazba", "active": 1}}, {"type": "Feature", "geometry": {"type": "Point", "coordinates": [15.953898, 45.800652]}, "properties": {"id": 706, "slug": "misionari-milosrdnog-isusa-zagreb-2781", "name": "MISIONARI MILOSRDNOG ISUSA", "display_name": "Misionari Milosrdnog Isusa", "short_name": "MMI", "registry": "registar-udruga", "oib": "22074652781", "status": "AKTIVAN", "category": "karitativna", "address": "Trakošćanska 47, Zagreb", "city": "Zagreb", "settlement": "Zagreb", "municipality": "Grad Zagreb", "county": "Grad Zagreb", "postal_code": "10110", "geo_source": "dgu-adresa", "diocese": "Zagrebačka Nadbiskupija", "diocese_source": "derivirano-crkve.domovina.ai", "email": "kelic1969@gmail.com", "phone_e164": "+38513311400", "president": "Lidija Frgić", "president_role": "Zamjenica Predsjednice", "founded_at": "2012-06-15", "registered_at": "2012-08-21", "catholic_confidence": "visoka", "catholic_score": 13.0, "source": ["datagovhr:registar-udruga"], "category_label": "Karitativne i humanitarne", "active": 1}}, {"type": "Feature", "geometry": {"type": "Point", "coordinates": [17.134345, 42.959347]}, "properties": {"id": 707, "slug": "centar-za-hagioterapiju-korcula-1858", "name": "Centar za hagioterapiju - Korčula", "display_name": "Centar za hagioterapiju - Korčula", "short_name": "CHTK", "registry": "registar-udruga", "oib": "52581841858", "status": "AKTIVAN", "category": "pokret", "address": "Pelavin mir 12, Korčula", "city": "Korčula", "settlement": "Korčula", "municipality": "Korčula", "county": "Dubrovačko-neretvanska", "postal_code": "20260", "geo_source": "dgu-adresa", "diocese": "Dubrovačka Biskupija - Dioecesis Ragusina", "diocese_source": "derivirano-crkve.domovina.ai", "email": "apartmentsam@yahoo.com", "phone_e164": "+38598347308", "president": "Marija Slavić", "president_role": "Predsjednik", "founded_at": "2013-11-04", "registered_at": "2013-11-12", "catholic_confidence": "visoka", "catholic_score": 11.0, "source": ["datagovhr:registar-udruga"], "category_label": "Pokreti i laičke zajednice", "active": 1}}, {"type": "Feature", "geometry": {"type": "Point", "coordinates": [16.243069, 45.804289]}, "properties": {"id": 708, "slug": "centar-za-hagioterapiju-dugo-selo-0278", "name": "CENTAR ZA HAGIOTERAPIJU DUGO SELO", "display_name": "Centar za Hagioterapiju Dugo Selo", "short_name": "CHDS", "registry": "registar-udruga", "oib": "85864640278", "status": "AKTIVAN", "category": "pokret", "address": "Josipa Zorića 84, Dugo Selo", "city": "Dugo Selo", "settlement": "Dugo Selo", "municipality": "Dugo Selo", "county": "Zagrebačka", "postal_code": "10370", "geo_source": "dgu-adresa", "diocese": "Zagrebačka Nadbiskupija", "diocese_source": "derivirano-crkve.domovina.ai", "phone_e164": "+385915009066", "president": "Anđelka Knezović Svetec", "president_role": "Predsjednica", "founded_at": "2012-08-02", "registered_at": "2012-08-24", "catholic_confidence": "visoka", "catholic_score": 7.0, "source": ["datagovhr:registar-udruga"], "category_label": "Pokreti i laičke zajednice", "active": 1}}, {"type": "Feature", "geometry": {"type": "Point", "coordinates": [15.978953, 45.814327]}, "properties": {"id": 709, "slug": "sportsko-drustvo-katolici-na-djelu-zagreb-6129", "name": "ŠPORTSKO DRUŠTVO KATOLICI NA DJELU", "display_name": "Športsko Društvo Katolici na Djelu", "short_name": "ŠD KND", "registry": "registar-udruga", "oib": "91849456129", "status": "BRISAN", "category": "sport", "address": "Kaptol 31, Zagreb", "city": "Zagreb", "settlement": "Zagreb", "municipality": "Grad Zagreb", "county": "Grad Zagreb", "postal_code": "10000", "geo_source": "dgu-adresa", "diocese": "Zagrebačka Nadbiskupija", "diocese_source": "derivirano-crkve.domovina.ai", "email": "info@knd.hr", "website": "https://WWW.KND.HR", "phone_e164": "+385981888393", "president": "Tomislav Buntak", "president_role": "Predsjednik", "founded_at": "2004-07-04", "registered_at": "2005-01-26", "catholic_confidence": "visoka", "catholic_score": 4.0, "source": ["datagovhr:registar-udruga"], "category_label": "Sport i rekreacija", "active": 0}}, {"type": "Feature", "geometry": {"type": "Point", "coordinates": [15.971146, 45.808084]}, "properties": {"id": 710, "slug": "malteser-hrvatska-zagreb-6084", "name": "MALTESER HRVATSKA", "display_name": "Malteser Hrvatska", "registry": "registar-udruga", "oib": "93132076084", "status": "AKTIVAN", "category": "karitativna", "address": "Trg Ivana, Antuna i Vladimira Mažuranića 5, Zagreb", "city": "Zagreb", "settlement": "Zagreb", "municipality": "Grad Zagreb", "county": "Grad Zagreb", "postal_code": "10000", "geo_source": "dgu-adresa", "diocese": "Zagrebačka Nadbiskupija", "diocese_source": "derivirano-crkve.domovina.ai", "email": "mirela.schreiber@valamar.com", "phone_e164": "+385912011779", "president": "Georg Eltz", "president_role": "Predsjednik, Skupno s Glavnom Tajnicom", "founded_at": "2004-06-18", "registered_at": "2005-01-31", "catholic_confidence": "visoka", "catholic_score": 8.0, "source": ["datagovhr:registar-udruga"], "category_label": "Karitativne i humanitarne", "active": 1}}, {"type": "Feature", "geometry": {"type": "Point", "coordinates": [16.736848, 43.624522]}, "properties": {"id": 711, "slug": "kulturno-umjetnicko-drustvo-zupa-grab-vedrine-8225", "name": "KULTURNO UMJETNIČKO DRUŠTVO \"ŽUPA GRAB\"", "display_name": "Kulturno Umjetničko Društvo \"Župa Grab\"", "short_name": "KUD \"ŽUPA GRAB\"", "registry": "registar-udruga", "oib": "29721348225", "status": "AKTIVAN", "category": "kultura", "address": "Ulica Domovinskog rata 37, Vedrine", "city": "Vedrine", "settlement": "Vedrine", "municipality": "Trilj", "county": "Splitsko-dalmatinska", "postal_code": "21240", "geo_source": "dgu-adresa", "diocese": "Splitsko-makarska Nadbiskupija", "diocese_source": "derivirano-crkve.domovina.ai", "phone_e164": "+385917685345", "president": "Martina Koprčina", "president_role": "Predsjednica Društva", "founded_at": "2005-11-23", "registered_at": "2005-12-31", "catholic_confidence": "srednja", "catholic_score": 4.0, "source": ["datagovhr:registar-udruga"], "category_label": "Kultura i baština", "active": 1}}, {"type": "Feature", "geometry": {"type": "Point", "coordinates": [15.709814, 45.801421]}, "properties": {"id": 712, "slug": "crkveni-pjevacki-zbor-zupe-svete-anastazije-samobor-6745", "name": "Crkveni pjevački zbor Župe svete Anastazije", "display_name": "Crkveni pjevački zbor Župe svete Anastazije", "short_name": "Zbor svete Anastazije", "registry": "registar-udruga", "oib": "21396126745", "status": "AKTIVAN", "category": "glazba", "address": "Ulica sv. Ane 2, Samobor", "city": "Samobor", "settlement": "Samobor", "municipality": "Samobor", "county": "Zagrebačka", "postal_code": "10430", "geo_source": "dgu-ulica-fuzzy", "diocese": "Zagrebačka Nadbiskupija", "diocese_source": "derivirano-crkve.domovina.ai", "email": "gretatrnar@hotmail.com", "phone_e164": "+385917539376", "president": "Margareta Trnar", "president_role": "Predsjednica Udruge", "founded_at": "2007-03-28", "registered_at": "2007-06-27", "catholic_confidence": "visoka", "catholic_score": 11.0, "source": ["datagovhr:registar-udruga"], "category_label": "Zborovi i crkvena glazba", "active": 1}}, {"type": "Feature", "geometry": {"type": "Point", "coordinates": [15.805291, 45.860289]}, "properties": {"id": 713, "slug": "mjesoviti-crkveni-zbor-sv-cecilija-zupe-sv-petra-apostola-zapresic-0027", "name": "Mješoviti crkveni zbor \"Sv. Cecilija\" Župe Sv. Petra apostola, Zaprešić", "display_name": "Mješoviti crkveni zbor \"Sv. Cecilija\" Župe Sv. Petra apostola, Zaprešić", "short_name": "Crkveni zbor \"Sv. Cecilija\", Zaprešić", "registry": "registar-udruga", "oib": "40354520027", "status": "AKTIVAN", "category": "glazba", "address": "Ulica Maršala Tita 74, Zaprešić", "city": "Zaprešić", "settlement": "Zaprešić", "municipality": "Zaprešić", "county": "Zagrebačka", "geo_source": "naselje-teziste", "diocese": "Zagrebačka Nadbiskupija", "diocese_source": "derivirano-crkve.domovina.ai", "email": "katica.bezuh@mzoip.hr", "president": "Kristina Žarko", "president_role": "Predsjednica", "founded_at": "2005-09-07", "registered_at": "2005-09-20", "catholic_confidence": "visoka", "catholic_score": 11.5, "source": ["datagovhr:registar-udruga"], "category_label": "Zborovi i crkvena glazba", "active": 1}}, {"type": "Feature", "geometry": {"type": "Point", "coordinates": [15.952686, 45.793039]}, "properties": {"id": 714, "slug": "odbojkaski-klub-don-bosco-zagreb-6726", "name": "ODBOJKAŠKI KLUB \"DON BOSCO\"", "display_name": "Odbojkaški Klub \"Don Bosco\"", "short_name": "OK \"DON BOSCO\"", "registry": "registar-udruga", "oib": "58063126726", "status": "AKTIVAN", "category": "sport", "address": "Omiška ulica 10, Zagreb", "city": "Zagreb", "settlement": "Zagreb", "municipality": "Grad Zagreb", "county": "Grad Zagreb", "postal_code": "10110", "geo_source": "dgu-adresa", "diocese": "Zagrebačka Nadbiskupija", "diocese_source": "derivirano-crkve.domovina.ai", "email": "donbosco.zg@gmail.com", "website": "http://okdonbosco.hr", "phone_e164": "+38598665009", "president": "Luka Hudinčec", "president_role": "Predsjednik", "founded_at": "2006-01-28", "registered_at": "2006-02-16", "catholic_confidence": "srednja", "catholic_score": 5.0, "source": ["datagovhr:registar-udruga"], "category_label": "Sport i rekreacija", "active": 1}}, {"type": "Feature", "geometry": {"type": "Point", "coordinates": [15.702186, 45.816221]}, "properties": {"id": 715, "slug": "svjetionik-samobor-2071", "name": "SVJETIONIK", "display_name": "Svjetionik", "registry": "registar-udruga", "oib": "80178802071", "status": "AKTIVAN", "category": "molitvena", "address": "Staničićeva odvojak 1, Samobor", "city": "Samobor", "settlement": "Samobor", "municipality": "Samobor", "county": "Zagrebačka", "postal_code": "10430", "geo_source": "dgu-adresa", "diocese": "Zagrebačka Nadbiskupija", "diocese_source": "derivirano-crkve.domovina.ai", "email": "scasni@gmail.com", "phone_e164": "+385958141145", "president": "Mario Časni", "president_role": "Predsjednik", "founded_at": "2004-11-29", "registered_at": "2005-01-05", "catholic_confidence": "srednja", "catholic_score": 4.5, "source": ["datagovhr:registar-udruga"], "category_label": "Molitvene zajednice", "active": 1}}, {"type": "Feature", "geometry": {"type": "Point", "coordinates": [15.982312, 45.813733]}, "properties": {"id": 716, "slug": "europsko-drustvo-za-katolicku-teologiju-hrvatska-sekcija-zagreb-7776", "name": "EUROPSKO DRUŠTVO ZA KATOLIČKU TEOLOGIJU - HRVATSKA SEKCIJA", "display_name": "Europsko Društvo za Katoličku Teologiju - Hrvatska Sekcija", "short_name": "ET - HS.", "registry": "registar-udruga", "oib": "72290987776", "status": "AKTIVAN", "category": "strukovna", "address": "Vlaška ulica 38, Zagreb", "city": "Zagreb", "settlement": "Zagreb", "municipality": "Grad Zagreb", "county": "Grad Zagreb", "postal_code": "10000", "geo_source": "dgu-adresa", "diocese": "Zagrebačka Nadbiskupija", "diocese_source": "derivirano-crkve.domovina.ai", "email": "maly.angelo@gmail.com", "phone_e164": "+385998206067", "president": "Ana Filipović", "president_role": "Predsjednica", "founded_at": "2004-11-06", "registered_at": "2005-01-24", "catholic_confidence": "visoka", "catholic_score": 8.0, "source": ["datagovhr:registar-udruga"], "category_label": "Strukovne (liječnici, učitelji…)", "active": 1}}, {"type": "Feature", "geometry": {"type": "Point", "coordinates": [15.952996, 45.793319]}, "properties": {"id": 718, "slug": "udruzenje-salezijanaca-suradnika-zagreb-4509", "name": "UDRUŽENJE SALEZIJANACA SURADNIKA", "display_name": "Udruženje Salezijanaca Suradnika", "short_name": "USS", "registry": "registar-udruga", "oib": "03801574509", "status": "AKTIVAN", "category": "pokret", "address": "Omiška ulica 8, Zagreb", "city": "Zagreb", "settlement": "Zagreb", "municipality": "Grad Zagreb", "county": "Grad Zagreb", "postal_code": "10110", "geo_source": "dgu-adresa", "diocese": "Zagrebačka Nadbiskupija", "diocese_source": "derivirano-crkve.domovina.ai", "email": "martinija.bekavac@b1media.hr", "website": "https://www.uss.hr", "phone_e164": "+385989702334", "president": "Martinija Bekavac", "president_role": "Pokrajinska Koordinatorica", "founded_at": "2003-04-04", "registered_at": "2004-03-16", "catholic_confidence": "srednja", "catholic_score": 5.5, "source": ["datagovhr:registar-udruga"], "category_label": "Pokreti i laičke zajednice", "active": 1}}, {"type": "Feature", "geometry": {"type": "Point", "coordinates": [17.961525, 42.729494]}, "properties": {"id": 719, "slug": "udruga-prijatelja-brsecina-brsecine-8163", "name": "Udruga prijatelja Brsečina", "display_name": "Udruga prijatelja Brsečina", "registry": "registar-udruga", "oib": "78297608163", "status": "AKTIVAN", "category": "molitvena", "address": "Morter 7, Brsečine", "city": "Brsečine", "settlement": "Brsečine", "municipality": "Dubrovnik", "county": "Dubrovačko-neretvanska", "postal_code": "20232", "geo_source": "dgu-adresa", "diocese": "Dubrovačka Biskupija - Dioecesis Ragusina", "diocese_source": "derivirano-crkve.domovina.ai", "president": "Antun Vuletić-Vukasović", "president_role": "Predsjednik", "founded_at": "2003-07-12", "registered_at": "2003-07-25", "catholic_confidence": "srednja", "catholic_score": 4.0, "source": ["datagovhr:registar-udruga"], "category_label": "Molitvene zajednice", "active": 1}}, {"type": "Feature", "geometry": {"type": "Point", "coordinates": [15.870447, 46.163739]}, "properties": {"id": 720, "slug": "marijanska-udruga-sv-marija-jeruzalemska-krapina-6423", "name": "MARIJANSKA UDRUGA SV. MARIJA JERUZALEMSKA", "display_name": "Marijanska Udruga sv. Marija Jeruzalemska", "registry": "registar-udruga", "oib": "83865456423", "status": "BRISAN", "category": "hodocasnicka", "address": "Trški Vrh 10, Krapina", "city": "Krapina", "settlement": "Krapina", "municipality": "Krapina", "county": "Krapinsko-zagorska", "geo_source": "naselje-teziste", "diocese": "Zagrebačka Nadbiskupija", "diocese_source": "derivirano-crkve.domovina.ai", "president": "Marijan Cerovečki", "president_role": "Dopredsjednik Udruge", "founded_at": "2003-07-18", "registered_at": "2003-07-25", "catholic_confidence": "visoka", "catholic_score": 9.0, "source": ["datagovhr:registar-udruga"], "category_label": "Hodočašća", "active": 0}}, {"type": "Feature", "geometry": {"type": "Point", "coordinates": [16.244302, 45.959289]}, "properties": {"id": 721, "slug": "bratovstina-svetog-ladislava-sveti-ivan-zelina-9372", "name": "Bratovština Svetog Ladislava", "display_name": "Bratovština Svetog Ladislava", "registry": "registar-udruga", "oib": "85337599372", "status": "AKTIVAN", "category": "bratovstina", "address": "Vatrogasna 3, Sveti Ivan Zelina", "city": "Sveti Ivan Zelina", "settlement": "Sveti Ivan Zelina", "municipality": "Sveti Ivan Zelina", "county": "Zagrebačka", "postal_code": "10380", "geo_source": "dgu-adresa", "diocese": "Bjelovarsko-križevačka Biskupija", "diocese_source": "derivirano-crkve.domovina.ai", "phone_e164": "+38512061544", "president": "Mario Dananić", "president_role": "Zamjenik", "founded_at": "2004-12-02", "registered_at": "2004-12-21", "catholic_confidence": "visoka", "catholic_score": 6.5, "source": ["datagovhr:registar-udruga"], "category_label": "Bratovštine", "active": 1}}, {"type": "Feature", "geometry": {"type": "Point", "coordinates": [18.040195, 42.699456]}, "properties": {"id": 724, "slug": "udruga-bratstvo-bunica-zaton-9956", "name": "Udruga Bratstvo Bunica Zaton", "display_name": "Udruga Bratstvo Bunica Zaton", "short_name": "UBBZATON", "registry": "registar-udruga", "oib": "89012989956", "status": "AKTIVAN", "category": "bratovstina", "address": "Obala Stjepana  Radića 65, Zaton", "city": "Zaton", "settlement": "Zaton", "municipality": "Dubrovnik", "county": "Dubrovačko-neretvanska", "postal_code": "20235", "geo_source": "dgu-adresa", "diocese": "Dubrovačka Biskupija - Dioecesis Ragusina", "diocese_source": "derivirano-crkve.domovina.ai", "phone_e164": "+38520891564", "president": "Emilio Puljizević", "president_role": "Dopredsjednik", "founded_at": "2005-06-05", "registered_at": "2005-06-30", "catholic_confidence": "visoka", "catholic_score": 8.0, "source": ["datagovhr:registar-udruga"], "category_label": "Bratovštine", "active": 1}}, {"type": "Feature", "geometry": {"type": "Point", "coordinates": [16.617198, 46.249429]}, "properties": {"id": 726, "slug": "pjevacki-zbor-zupe-presvetog-trojstva-u-ludbregu-1455", "name": "Pjevački zbor župe Presvetog Trojstva u Ludbregu", "display_name": "Pjevački zbor župe Presvetog Trojstva u Ludbregu", "short_name": "Župni zbor", "registry": "registar-udruga", "oib": "00344051455", "status": "AKTIVAN", "category": "glazba", "address": "Trg Svetoga Trojstva 1, Ludbreg", "city": "Ludbreg", "settlement": "Ludbreg", "municipality": "Ludbreg", "county": "Varaždinska", "postal_code": "42230", "geo_source": "dgu-adresa", "diocese": "Varaždinska Biskupija", "diocese_source": "derivirano-crkve.domovina.ai", "email": "tatjana.busija12@gmail.com", "phone_e164": "+385989786577", "president": "Brankica Kovaček", "president_role": "Predsjednica", "founded_at": "2005-06-09", "registered_at": "2005-09-16", "catholic_confidence": "visoka", "catholic_score": 7.0, "source": ["datagovhr:registar-udruga"], "category_label": "Zborovi i crkvena glazba", "active": 1}}, {"type": "Feature", "geometry": {"type": "Point", "coordinates": [15.548772, 45.481041]}, "properties": {"id": 728, "slug": "bratstvo-svetog-mihovila-u-likvidaciji-karlovac-3678", "name": "BRATSTVO SVETOG MIHOVILA U LIKVIDACIJI", "display_name": "Bratstvo Svetog Mihovila u Likvidaciji", "registry": "registar-udruga", "oib": "86681293678", "status": "BRISAN", "category": "bratovstina", "address": "Maksimilijana Vrhovca 13, Karlovac", "city": "Karlovac", "settlement": "Karlovac", "municipality": "Karlovac", "county": "Karlovačka", "postal_code": "47000", "geo_source": "dgu-adresa", "diocese": "Zagrebačka Nadbiskupija", "diocese_source": "derivirano-crkve.domovina.ai", "website": "https://www.dubovac.info", "phone_e164": "+38547422347", "president": "Pavel Butolen", "president_role": "Predsjednik Udruge", "founded_at": "2005-08-29", "registered_at": "2005-09-12", "catholic_confidence": "srednja", "catholic_score": 5.0, "source": ["datagovhr:registar-udruga"], "category_label": "Bratovštine", "active": 0}}, {"type": "Feature", "geometry": {"type": "Point", "coordinates": [15.944627, 45.79525]}, "properties": {"id": 730, "slug": "udruga-agnus-dei-zagreb-6722", "name": "UDRUGA \"AGNUS DEI\"", "display_name": "Udruga \"Agnus Dei\"", "short_name": "\"AGNUS DEI\"", "registry": "registar-udruga", "oib": "37236466722", "status": "BRISAN", "category": "molitvena", "address": "Bribirska 39, Zagreb", "city": "Zagreb", "settlement": "Zagreb", "municipality": "Grad Zagreb", "county": "Grad Zagreb", "postal_code": "10110", "geo_source": "dgu-adresa", "diocese": "Zagrebačka Nadbiskupija", "diocese_source": "derivirano-crkve.domovina.ai", "president": "Jan Šipoš", "president_role": "Predsjednik Udruge", "founded_at": "2007-06-03", "registered_at": "2007-06-18", "catholic_confidence": "srednja", "catholic_score": 4.5, "source": ["datagovhr:registar-udruga"], "category_label": "Molitvene zajednice", "active": 0}}, {"type": "Feature", "geometry": {"type": "Point", "coordinates": [16.13261, 45.816579]}, "properties": {"id": 732, "slug": "regionalna-adresa-za-nenasilno-djelovanje-sesvete-9632", "name": "REGIONALNA ADRESA ZA NENASILNO DJELOVANJE", "display_name": "Regionalna Adresa za Nenasilno Djelovanje", "short_name": "RAND", "registry": "registar-udruga", "oib": "67829839632", "status": "AKTIVAN", "category": "molitvena", "address": "Plehanska ulica 2, Sesvete", "city": "Sesvete", "settlement": "Sesvete", "municipality": "Grad Zagreb", "county": "Grad Zagreb", "postal_code": "10360", "geo_source": "dgu-adresa", "diocese": "Zagrebačka Nadbiskupija", "diocese_source": "derivirano-crkve.domovina.ai", "email": "rand@rand.hr", "website": "https://WWW.RAND.HR", "phone_e164": "+38512058696", "president": "Otto Raffai", "president_role": "Predsjednik", "founded_at": "2003-09-30", "registered_at": "2003-11-18", "catholic_confidence": "srednja", "catholic_score": 4.5, "source": ["datagovhr:registar-udruga"], "category_label": "Molitvene zajednice", "active": 1}}, {"type": "Feature", "geometry": {"type": "Point", "coordinates": [17.585199, 43.025283]}, "properties": {"id": 733, "slug": "malonogometni-klub-zupa-bagalovic-vukovi-u-likvidaciji-krvavac-2956", "name": "Malonogometni klub \"Župa Bagalović - Vukovi\" U LIKVIDACIJI", "display_name": "Malonogometni klub \"Župa Bagalović - Vukovi\" U LIKVIDACIJI", "short_name": "MNK \"Vukovi\"", "registry": "registar-udruga", "oib": "20357532956", "status": "BRISAN", "category": "sport", "address": "Športska 3, Krvavac", "city": "Krvavac", "settlement": "Krvavac", "municipality": "Kula Norinska", "county": "Dubrovačko-neretvanska", "postal_code": "20341", "geo_source": "dgu-adresa", "diocese": "Splitsko-makarska Nadbiskupija", "diocese_source": "derivirano-crkve.domovina.ai", "president": "Nikola Krstičević", "president_role": "Predsjednik Kluba", "founded_at": "2005-09-29", "registered_at": "2005-10-05", "catholic_confidence": "srednja", "catholic_score": 4.0, "source": ["datagovhr:registar-udruga"], "category_label": "Sport i rekreacija", "active": 0}}, {"type": "Feature", "geometry": {"type": "Point", "coordinates": [17.509005, 43.011563]}, "properties": {"id": 734, "slug": "udruga-ladara-gospe-od-zdravlja-buk-vlaka-0971", "name": "Udruga lađara \"Gospe od zdravlja\"", "display_name": "Udruga lađara \"Gospe od zdravlja\"", "registry": "registar-udruga", "oib": "65990050971", "status": "BRISAN", "category": "mladi", "address": "Bana Jelačića 1361, Buk-Vlaka", "city": "Buk-Vlaka", "settlement": "Buk Vlaka", "municipality": "Opuzen", "county": "Dubrovačko-neretvanska", "geo_source": "naselje-teziste", "diocese": "Splitsko-makarska Nadbiskupija", "diocese_source": "derivirano-crkve.domovina.ai", "president": "Matko Babić", "president_role": "Predsjednik Udruge", "founded_at": "2005-09-01", "registered_at": "2005-09-26", "catholic_confidence": "srednja", "catholic_score": 4.0, "source": ["datagovhr:registar-udruga"], "category_label": "Mladi i studenti", "active": 0}}, {"type": "Feature", "geometry": {"type": "Point", "coordinates": [16.364301, 43.550786]}, "properties": {"id": 735, "slug": "udruga-sveti-lovre-od-ostroga-kastela-kastel-luksic-1806", "name": "UDRUGA SVETI LOVRE OD OSTROGA - KAŠTELA", "display_name": "Udruga Sveti Lovre od Ostroga - Kaštela", "short_name": "UDRUGA SV. LOVRE", "registry": "registar-udruga", "oib": "87431681806", "status": "AKTIVAN", "category": "molitvena", "address": "Brce 4, Kaštel Lukšić", "city": "Kaštel Lukšić", "settlement": "Kaštel Lukšić", "municipality": "Kaštela", "county": "Splitsko-dalmatinska", "postal_code": "21215", "geo_source": "dgu-adresa", "diocese": "Splitsko-makarska Nadbiskupija", "diocese_source": "derivirano-crkve.domovina.ai", "phone_e164": "+385913588777", "president": "Tomislav Šuljak", "president_role": "Dopredsjednik Udruge", "founded_at": "2006-03-20", "registered_at": "2006-04-03", "catholic_confidence": "srednja", "catholic_score": 5.0, "source": ["datagovhr:registar-udruga"], "category_label": "Molitvene zajednice", "active": 1}}, {"type": "Feature", "geometry": {"type": "Point", "coordinates": [17.649746, 45.343435]}, "properties": {"id": 736, "slug": "udrugatebe-trazim-pozega-0013", "name": "UdrugaTebe tražim", "display_name": "UdrugaTebe tražim", "short_name": "Udruga TT", "registry": "registar-udruga", "oib": "74875290013", "status": "BRISAN", "category": "molitvena", "address": "Ervine Dragman 9, Požega", "city": "Požega", "settlement": "Požega", "municipality": "Požega", "county": "Požeško-slavonska", "postal_code": "34000", "geo_source": "dgu-adresa", "diocese": "Požeška Biskupija", "diocese_source": "derivirano-crkve.domovina.ai", "president": "Vjekoslav Raguž", "president_role": "Predsjednik Udruge", "founded_at": "2006-10-01", "registered_at": "2006-10-27", "catholic_confidence": "srednja", "catholic_score": 4.5, "source": ["datagovhr:registar-udruga"], "category_label": "Molitvene zajednice", "active": 0}}, {"type": "Feature", "geometry": {"type": "Point", "coordinates": [16.36252, 45.441487]}, "properties": {"id": 737, "slug": "udruga-zelena-dolina-moscenica-7984", "name": "UDRUGA \"ZELENA DOLINA\"", "display_name": "Udruga \"Zelena Dolina\"", "registry": "registar-udruga", "oib": "56232577984", "status": "AKTIVAN", "category": "karitativna", "address": "Ante Starčevića 162, Mošćenica", "city": "Mošćenica", "settlement": "Mošćenica", "municipality": "Petrinja", "county": "Sisačko-moslavačka", "postal_code": "44253", "geo_source": "dgu-adresa", "diocese": "Sisačka Biskupija", "diocese_source": "derivirano-crkve.domovina.ai", "email": "adrewpeter.spicak@optinet.hr", "phone_e164": "+38544813397", "president": "Andrew Peter Špičak", "president_role": "Predsjednik", "founded_at": "2005-04-06", "registered_at": "2005-07-06", "catholic_confidence": "srednja", "catholic_score": 7.0, "source": ["datagovhr:registar-udruga"], "category_label": "Karitativne i humanitarne", "active": 1}}, {"type": "Feature", "geometry": {"type": "Point", "coordinates": [16.143114, 45.818927]}, "properties": {"id": 738, "slug": "zavicajna-zajednica-zupe-zovik-sesvete-7375", "name": "ZAVIČAJNA ZAJEDNICA ŽUPE ZOVIK", "display_name": "Zavičajna Zajednica Župe Zovik", "registry": "registar-udruga", "oib": "49820217375", "status": "BRISAN", "category": "molitvena", "address": "Šopa 5a, Sesvete", "city": "Sesvete", "settlement": "Sesvete", "municipality": "Grad Zagreb", "county": "Grad Zagreb", "geo_source": "naselje-teziste", "diocese": "Zagrebačka Nadbiskupija", "diocese_source": "derivirano-crkve.domovina.ai", "president": "Ilija Filipović", "president_role": "Dopredsjednik", "founded_at": "2005-06-26", "registered_at": "2006-04-19", "catholic_confidence": "srednja", "catholic_score": 4.0, "source": ["datagovhr:registar-udruga"], "category_label": "Molitvene zajednice", "active": 0}}, {"type": "Feature", "geometry": {"type": "Point", "coordinates": [15.97029, 45.773075]}, "properties": {"id": 739, "slug": "marijansko-karizmatska-molitvena-zajednica-magnificat-zagreb-8232", "name": "MARIJANSKO-KARIZMATSKA MOLITVENA ZAJEDNICA MAGNIFICAT", "display_name": "Marijansko-karizmatska Molitvena Zajednica Magnificat", "short_name": "MOLITVENA ZAJEDNICA MAGNIFICAT", "registry": "registar-udruga", "oib": "17534358232", "status": "AKTIVAN", "category": "pokret", "address": "Siget 22e, Zagreb", "city": "Zagreb", "settlement": "Zagreb", "municipality": "Grad Zagreb", "county": "Grad Zagreb", "postal_code": "10020", "geo_source": "dgu-adresa", "diocese": "Zagrebačka Nadbiskupija", "diocese_source": "derivirano-crkve.domovina.ai", "president": "Davor Mikšec", "president_role": "Predsjednik", "founded_at": "2007-02-21", "registered_at": "2007-03-16", "catholic_confidence": "visoka", "catholic_score": 12.5, "source": ["datagovhr:registar-udruga"], "category_label": "Pokreti i laičke zajednice", "active": 1}}, {"type": "Feature", "geometry": {"type": "Point", "coordinates": [16.011943, 45.978254]}, "properties": {"id": 740, "slug": "udruga-zena-hum-stubicki-gornja-stubica-1983", "name": "UDRUGA ŽENA HUM STUBIČKI", "display_name": "Udruga Žena Hum Stubički", "registry": "registar-udruga", "oib": "69806251983", "status": "AKTIVAN", "category": "karitativna", "address": "Hum Stubički 47, Gornja Stubica", "city": "Gornja Stubica", "settlement": "Gornja Stubica", "municipality": "Gornja Stubica", "county": "Krapinsko-zagorska", "geo_source": "naselje-teziste", "diocese": "Zagrebačka Nadbiskupija", "diocese_source": "derivirano-crkve.domovina.ai", "phone_e164": "+385917915188", "president": "Marija Čehko", "president_role": "Dopredsjednica", "founded_at": "2003-08-09", "registered_at": "2003-10-16", "catholic_confidence": "srednja", "catholic_score": 5.0, "source": ["datagovhr:registar-udruga"], "category_label": "Karitativne i humanitarne", "active": 1}}, {"type": "Feature", "geometry": {"type": "Point", "coordinates": [15.985988, 45.825113]}, "properties": {"id": 742, "slug": "krscanski-akademski-krug-zagreb-8873", "name": "KRŠĆANSKI AKADEMSKI KRUG", "display_name": "Kršćanski Akademski Krug", "registry": "registar-udruga", "oib": "70386368873", "status": "AKTIVAN", "category": "mladi", "address": "Jagodnjak 17, Zagreb", "city": "Zagreb", "settlement": "Zagreb", "municipality": "Grad Zagreb", "county": "Grad Zagreb", "postal_code": "10123", "geo_source": "dgu-adresa", "diocese": "Zagrebačka Nadbiskupija", "diocese_source": "derivirano-crkve.domovina.ai", "email": "petar.barun@ibervest.hr", "website": "https://www.krak.hr", "phone_e164": "+38514623515", "president": "Petar Barun", "president_role": "Predsjednik", "founded_at": "2003-01-17", "registered_at": "2003-05-08", "catholic_confidence": "srednja", "catholic_score": 5.5, "source": ["datagovhr:registar-udruga"], "category_label": "Mladi i studenti", "active": 1}}, {"type": "Feature", "geometry": {"type": "Point", "coordinates": [15.977893, 45.831873]}, "properties": {"id": 743, "slug": "hrvatski-krizni-put-srediste-za-istrazivanje-komunistickog-totalitarizma-i-njegova-naslijeda-zagreb-8935", "name": "HRVATSKI KRIŽNI PUT - SREDIŠTE ZA ISTRAŽIVANJE KOMUNISTIČKOG TOTALITARIZMA I NJEGOVA NASLIJEĐA", "display_name": "Hrvatski Križni Put - Središte za Istraživanje Komunističkog Totalitarizma i Njegova Naslijeđa", "short_name": "HKP - SREDIŠTE ZA ISTRAŽIVANJE KOMUNISTIČKOG TOTALITARIZMA I NJEGOVA NASLIJEĐA", "registry": "registar-udruga", "oib": "73761078935", "status": "AKTIVAN", "category": "molitvena", "address": "Praška ulica 2, Zagreb", "city": "Zagreb", "settlement": "Zagreb", "municipality": "Grad Zagreb", "county": "Grad Zagreb", "geo_source": "naselje-teziste", "diocese": "Zagrebačka Nadbiskupija", "diocese_source": "derivirano-crkve.domovina.ai", "email": "renata.muhek@ergonet.hr", "phone_e164": "+38513689402", "president": "Milan Kovač", "president_role": "Zamjenik Predsjednika", "founded_at": "2004-10-15", "registered_at": "2004-10-29", "catholic_confidence": "srednja", "catholic_score": 4.5, "source": ["datagovhr:registar-udruga"], "category_label": "Molitvene zajednice", "active": 1}}, {"type": "Feature", "geometry": {"type": "Point", "coordinates": [16.248512, 43.516357]}, "properties": {"id": 744, "slug": "gospe-od-karmela-trogir-9209", "name": "GOSPE OD KARMELA", "display_name": "Gospe od Karmela", "registry": "registar-udruga", "oib": "01894409209", "status": "AKTIVAN", "category": "strukovna", "address": "Matice hrvatske 35, Trogir", "city": "Trogir", "settlement": "Trogir", "municipality": "Trogir", "county": "Splitsko-dalmatinska", "postal_code": "21220", "geo_source": "dgu-adresa", "diocese": "Splitsko-makarska Nadbiskupija", "diocese_source": "derivirano-crkve.domovina.ai", "phone_e164": "+385915665436", "president": "Kuzma Buble", "president_role": "Predsjednik Udruge", "founded_at": "2004-05-20", "registered_at": "2004-06-03", "catholic_confidence": "visoka", "catholic_score": 12.0, "source": ["datagovhr:registar-udruga"], "category_label": "Strukovne (liječnici, učitelji…)", "active": 1}}, {"type": "Feature", "geometry": {"type": "Point", "coordinates": [16.450451, 43.504348]}, "properties": {"id": 745, "slug": "hrvatsko-katolicko-drustvo-medicinskih-sestara-i-tehnicara-zagreb-ogranak-split-u-likvidaciji-3565", "name": "HRVATSKO KATOLIČKO DRUŠTVO MEDICINSKIH SESTARA I TEHNIČARA - ZAGREB, Ogranak Split U LIKVIDACIJI", "display_name": "HRVATSKO KATOLIČKO DRUŠTVO MEDICINSKIH SESTARA I TEHNIČARA - ZAGREB, Ogranak Split U LIKVIDACIJI", "short_name": "HKDMST", "registry": "registar-udruga", "oib": "50749803565", "status": "BRISAN", "category": "strukovna", "address": "Kapucinska poljana 1, Split", "city": "Split", "settlement": "Split", "municipality": "Split", "county": "Splitsko-dalmatinska", "postal_code": "21000", "geo_source": "dgu-adresa", "diocese": "Splitsko-makarska Nadbiskupija", "diocese_source": "derivirano-crkve.domovina.ai", "president": "Ana Dorić", "president_role": "Predsjednica Društva", "founded_at": "2004-12-04", "registered_at": "2005-01-31", "catholic_confidence": "visoka", "catholic_score": 8.0, "source": ["datagovhr:registar-udruga"], "category_label": "Strukovne (liječnici, učitelji…)", "active": 0}}, {"type": "Feature", "geometry": {"type": "Point", "coordinates": [15.859641, 45.587687]}, "properties": {"id": 746, "slug": "crkveni-pjevacki-zbor-sveti-martin-pisarovina-3476", "name": "\"Crkveni pjevački zbor Sveti Martin\"", "display_name": "\"Crkveni pjevački zbor Sveti Martin\"", "registry": "registar-udruga", "oib": "61686193476", "status": "AKTIVAN", "category": "glazba", "address": "Ivana Gorana Kovačića 2, Pisarovina", "city": "Pisarovina", "settlement": "Pisarovina", "municipality": "Pisarovina", "county": "Zagrebačka", "postal_code": "10451", "geo_source": "dgu-adresa", "diocese": "Sisačka Biskupija", "diocese_source": "derivirano-crkve.domovina.ai", "president": "Marijana Pavek", "president_role": "Dopredsjednik Udruge", "founded_at": "2004-10-10", "registered_at": "2004-11-24", "catholic_confidence": "srednja", "catholic_score": 4.5, "source": ["datagovhr:registar-udruga"], "category_label": "Zborovi i crkvena glazba", "active": 1}}, {"type": "Feature", "geometry": {"type": "Point", "coordinates": [16.83246, 45.904294]}, "properties": {"id": 747, "slug": "udruga-za-pomoc-ucenicima-u-nabavljanju-udzbenika-hodocasce-knjige-bjelovar-3591", "name": "UDRUGA ZA POMOĆ UČENICIMA U NABAVLJANJU UDŽBENIKA \"HODOČAŠĆE KNJIGE\"", "display_name": "Udruga za Pomoć Učenicima u Nabavljanju Udžbenika \"Hodočašće Knjige\"", "short_name": "Udruga \"hodočašće knjige\"", "registry": "registar-udruga", "oib": "24488233591", "status": "AKTIVAN", "category": "hodocasnicka", "address": "Stipe Javora 9, Bjelovar", "city": "Bjelovar", "settlement": "Bjelovar", "municipality": "Bjelovar", "county": "Bjelovarsko-bilogorska", "geo_source": "naselje-teziste", "diocese": "Bjelovarsko-križevačka Biskupija", "diocese_source": "derivirano-crkve.domovina.ai", "president": "Spasoje Mitrović", "president_role": "Predsjednik", "founded_at": "2004-02-21", "registered_at": "2004-05-07", "catholic_confidence": "srednja", "catholic_score": 4.0, "source": ["datagovhr:registar-udruga"], "category_label": "Hodočašća", "active": 1}}, {"type": "Feature", "geometry": {"type": "Point", "coordinates": [15.977893, 45.831873]}, "properties": {"id": 748, "slug": "krizarska-organizacija-zagreb-7499", "name": "KRIŽARSKA   ORGANIZACIJA", "display_name": "Križarska Organizacija", "registry": "registar-udruga", "oib": "29440177499", "status": "AKTIVAN", "category": "glazba", "address": "Kaptol 27a, Zagreb", "city": "Zagreb", "settlement": "Zagreb", "municipality": "Grad Zagreb", "county": "Grad Zagreb", "geo_source": "naselje-teziste", "diocese": "Zagrebačka Nadbiskupija", "diocese_source": "derivirano-crkve.domovina.ai", "email": "krizarska.organizacija@gmail.com", "website": "https://www.krizari.hr", "phone_e164": "+38598812192", "president": "Darijo Burjan", "president_role": "Dopredsjednik", "founded_at": "2003-09-30", "registered_at": "2003-11-21", "catholic_confidence": "srednja", "catholic_score": 7.0, "source": ["datagovhr:registar-udruga"], "category_label": "Zborovi i crkvena glazba", "active": 1}}, {"type": "Feature", "geometry": {"type": "Point", "coordinates": [16.001529, 45.819026]}, "properties": {"id": 751, "slug": "malonogometni-klub-selekcija-katolicke-malonogometne-lige-u-likvidaciji-zagreb-7757", "name": "MALONOGOMETNI KLUB  \"SELEKCIJA KATOLIČKE MALONOGOMETNE LIGE\" U LIKVIDACIJI", "display_name": "Malonogometni Klub \"Selekcija Katoličke Malonogometne Lige\" u Likvidaciji", "short_name": "MNK \"SELEKCIJA KMNL\"", "registry": "registar-udruga", "oib": "62831507757", "status": "PRESTANAK DJELOVANJA", "category": "sport", "address": "Petrova 63, Zagreb", "city": "Zagreb", "settlement": "Zagreb", "municipality": "Grad Zagreb", "county": "Grad Zagreb", "postal_code": "10123", "geo_source": "dgu-adresa", "diocese": "Zagrebačka Nadbiskupija", "diocese_source": "derivirano-crkve.domovina.ai", "email": "info@knd.hr", "website": "https://WWW.KND.HR", "phone_e164": "+385981888393", "president": "Josip Košutić", "president_role": "Dopredsjednik", "founded_at": "2005-06-29", "registered_at": "2005-07-28", "catholic_confidence": "visoka", "catholic_score": 4.0, "source": ["datagovhr:registar-udruga"], "category_label": "Sport i rekreacija", "active": 0}}, {"type": "Feature", "geometry": {"type": "Point", "coordinates": [19.151601, 45.163535]}, "properties": {"id": 752, "slug": "katolicka-udruga-mladih-vukovar-katolicka-malonogometna-liga-tovarnik-2538", "name": "KATOLIČKA UDRUGA MLADIH VUKOVAR - KATOLIČKA MALONOGOMETNA LIGA", "display_name": "Katolička Udruga Mladih Vukovar - Katolička Malonogometna Liga", "short_name": "KMNL-VUKOVAR", "registry": "registar-udruga", "oib": "07127912538", "status": "BRISAN", "category": "mladi", "address": "Vlč. Ivana Burika 7, Tovarnik", "city": "Tovarnik", "settlement": "Tovarnik", "municipality": "Tovarnik", "county": "Vukovarsko-srijemska", "postal_code": "32249", "geo_source": "dgu-adresa", "diocese": "Đakovačko-osječka Nadbiskupija", "diocese_source": "derivirano-crkve.domovina.ai", "president": "Domagoj Šišić", "president_role": "Predsjednik Udruge", "founded_at": "2005-12-02", "registered_at": "2006-02-02", "catholic_confidence": "visoka", "catholic_score": 4.5, "source": ["datagovhr:registar-udruga"], "category_label": "Mladi i studenti", "active": 0}}, {"type": "Feature", "geometry": {"type": "Point", "coordinates": [19.051979, 45.028607]}, "properties": {"id": 754, "slug": "odbor-za-uredenje-i-zastitu-crkve-lucice-u-lipovcu-u-likvidaciji-lipovac-9892", "name": "ODBOR ZA UREĐENJE I ZAŠTITU CRKVE LUČICE U LIPOVCU U LIKVIDACIJI", "display_name": "Odbor za Uređenje i Zaštitu Crkve Lučice u Lipovcu u Likvidaciji", "registry": "registar-udruga", "oib": "04101379892", "status": "BRISAN", "category": "zupna", "address": "Cvjetno naselje 0, Lipovac", "city": "Lipovac", "settlement": "Lipovac", "municipality": "Nijemci", "county": "Vukovarsko-srijemska", "geo_source": "naselje-teziste", "diocese": "Đakovačko-osječka Nadbiskupija", "diocese_source": "derivirano-crkve.domovina.ai", "email": "katarina@vers.hr", "phone_e164": "+38532364828", "president": "Ivica Tušek", "president_role": "Dopredsjednik Udruge", "founded_at": "2004-04-12", "registered_at": "2004-04-27", "catholic_confidence": "srednja", "catholic_score": 8.0, "source": ["datagovhr:registar-udruga"], "category_label": "Župne udruge", "active": 0}}, {"type": "Feature", "geometry": {"type": "Point", "coordinates": [15.892386, 43.736765]}, "properties": {"id": 756, "slug": "hrvatsko-katolicko-drustvo-prosvjetnih-djelatnika-biskup-srecko-badurina-sibenik-0446", "name": "HRVATSKO KATOLIČKO DRUŠTVO PROSVJETNIH DJELATNIKA \"BISKUP SREĆKO BADURINA\"", "display_name": "Hrvatsko Katoličko Društvo Prosvjetnih Djelatnika \"Biskup Srećko Badurina\"", "short_name": "HKDPD \"BISKUP SREĆKO BADURINA\"", "registry": "registar-udruga", "oib": "70504600446", "status": "AKTIVAN", "category": "strukovna", "address": "Težačka 106, Šibenik", "city": "Šibenik", "settlement": "Šibenik", "municipality": "Šibenik", "county": "Šibensko-kninska", "postal_code": "22000", "geo_source": "dgu-adresa", "diocese": "Šibenska Biskupija", "diocese_source": "derivirano-crkve.domovina.ai", "email": "igr.friedrich@gmail.com", "phone_e164": "+385958054494", "president": "Emil Matuša", "president_role": "Predsjednik Društva", "founded_at": "2005-12-18", "registered_at": "2006-01-26", "catholic_confidence": "visoka", "catholic_score": 12.0, "source": ["datagovhr:registar-udruga"], "category_label": "Strukovne (liječnici, učitelji…)", "active": 1}}, {"type": "Feature", "geometry": {"type": "Point", "coordinates": [16.277383, 43.396973]}, "properties": {"id": 757, "slug": "bratovstina-blazene-djevice-marije-od-ociscenja-1760-srednje-selo-8450", "name": "BRATOVŠTINA BLAŽENE DJEVICE MARIJE OD OČIŠĆENJA 1760 - SREDNJE SELO", "display_name": "Bratovština Blažene Djevice Marije od Očišćenja 1760 - Srednje Selo", "short_name": "BRATOVŠTINA B.D.M. 1760", "registry": "registar-udruga", "oib": "65046018450", "status": "BRISAN", "category": "bratovstina", "address": "Purtićeva 12, Srednje Selo", "city": "Srednje Selo", "settlement": "Srednje Selo", "municipality": "Šolta", "county": "Splitsko-dalmatinska", "postal_code": "21430", "geo_source": "dgu-adresa", "diocese": "Splitsko-makarska Nadbiskupija", "diocese_source": "derivirano-crkve.domovina.ai", "president": "Marin Klarić", "president_role": "Predsjednik", "founded_at": "2005-11-24", "registered_at": "2006-03-08", "catholic_confidence": "visoka", "catholic_score": 10.5, "source": ["datagovhr:registar-udruga"], "category_label": "Bratovštine", "active": 0}}, {"type": "Feature", "geometry": {"type": "Point", "coordinates": [15.977893, 45.831873]}, "properties": {"id": 758, "slug": "udruga-brojnih-obitelji-alojzije-stepinac-zagreb-9159", "name": "UDRUGA BROJNIH OBITELJI ALOJZIJE STEPINAC", "display_name": "Udruga Brojnih Obitelji Alojzije Stepinac", "short_name": "UBOAS", "registry": "registar-udruga", "oib": "46909199159", "status": "BRISAN", "category": "obitelj", "address": "D.Gervaisa 30, Zagreb", "city": "Zagreb", "settlement": "Zagreb", "municipality": "Grad Zagreb", "county": "Grad Zagreb", "geo_source": "naselje-teziste", "diocese": "Zagrebačka Nadbiskupija", "diocese_source": "derivirano-crkve.domovina.ai", "email": "nedjeljka.golubic@windowslive.com", "phone_e164": "+385992931954", "president": "Nedjeljka Golubić", "president_role": "Predsjednica", "founded_at": "2003-04-24", "registered_at": "2003-06-13", "catholic_confidence": "srednja", "catholic_score": 4.5, "source": ["datagovhr:registar-udruga"], "category_label": "Obitelj i život", "active": 0}}, {"type": "Feature", "geometry": {"type": "Point", "coordinates": [16.610635, 43.189628]}, "properties": {"id": 761, "slug": "zajednica-krscanskih-zena-i-majki-otok-hvar-stari-grad-35883", "name": "ZAJEDNICA KRŠĆANSKIH ŽENA I MAJKI OTOK HVAR", "display_name": "Zajednica Kršćanskih Žena i Majki Otok Hvar", "registry": "registar-udruga", "status": "BRISAN", "category": "molitvena", "address": "Dominikanski samostan, Stari Grad", "city": "Stari Grad", "settlement": "Stari Grad", "municipality": "Stari Grad", "county": "Splitsko-dalmatinska", "geo_source": "naselje-teziste", "diocese": "Hvarska Biskupija", "diocese_source": "derivirano-crkve.domovina.ai", "president": "Dijana Bronzović", "president_role": "Dopredsjednica", "founded_at": "2004-06-07", "registered_at": "2004-10-24", "catholic_confidence": "srednja", "catholic_score": 4.0, "source": ["datagovhr:registar-udruga"], "category_label": "Molitvene zajednice", "active": 0}}, {"type": "Feature", "geometry": {"type": "Point", "coordinates": [16.434923, 43.509998]}, "properties": {"id": 762, "slug": "bratovstina-sv-kriza-veli-varos-split-7643", "name": "\"BRATOVŠTINA SV. KRIŽA - VELI VAROŠ\"", "display_name": "\"Bratovština sv. Križa - Veli Varoš\"", "short_name": "\"Bratovšina Sv. Križa\"", "registry": "registar-udruga", "oib": "91565317643", "status": "AKTIVAN", "category": "bratovstina", "address": "Križeva 28, Split", "city": "Split", "settlement": "Split", "municipality": "Split", "county": "Splitsko-dalmatinska", "postal_code": "21000", "geo_source": "dgu-adresa", "diocese": "Splitsko-makarska Nadbiskupija", "diocese_source": "derivirano-crkve.domovina.ai", "email": "bratovstina.sv.kriza@gmail.com", "phone_e164": "+385994134111", "president": "Frane Peruzović", "president_role": "Predsjednik Udruge", "founded_at": "2007-02-03", "registered_at": "2007-05-14", "catholic_confidence": "visoka", "catholic_score": 11.5, "source": ["datagovhr:registar-udruga"], "category_label": "Bratovštine", "active": 1}}, {"type": "Feature", "geometry": {"type": "Point", "coordinates": [16.418246, 46.407842]}, "properties": {"id": 763, "slug": "totus-tuus-senkovec-9487", "name": "TOTUS TUUS", "display_name": "Totus Tuus", "registry": "registar-udruga", "oib": "05295779487", "status": "AKTIVAN", "category": "hodocasnicka", "address": "Zelengajska 8, Šenkovec", "city": "Šenkovec", "settlement": "Šenkovec", "municipality": "Šenkovec", "county": "Međimurska", "postal_code": "40000", "geo_source": "dgu-adresa", "diocese": "Varaždinska Biskupija", "diocese_source": "derivirano-crkve.domovina.ai", "email": "tonkicaa@gmail.com", "website": "https://www.totustuus.hr", "phone_e164": "+385989956561", "president": "Sara Kočiš", "president_role": "Predsjednica", "founded_at": "2016-07-02", "registered_at": "2016-09-07", "catholic_confidence": "srednja", "catholic_score": 5.0, "source": ["datagovhr:registar-udruga"], "category_label": "Hodočašća", "active": 1}}, {"type": "Feature", "geometry": {"type": "Point", "coordinates": [17.613269, 45.445674]}, "properties": {"id": 766, "slug": "zdrug-katolickih-skauta-pozeske-biskupije-u-likvidaciji-strazeman-4865", "name": "Zdrug katoličkih skauta Požeške biskupije U LIKVIDACIJI", "display_name": "Zdrug katoličkih skauta Požeške biskupije U LIKVIDACIJI", "short_name": "ZDRUG", "registry": "registar-udruga", "oib": "58075524865", "status": "BRISAN", "category": "pokret", "address": "Stražeman 2, Stražeman", "city": "Stražeman", "settlement": "Stražeman", "municipality": "Velika", "county": "Požeško-slavonska", "postal_code": "34330", "geo_source": "dgu-adresa", "diocese": "Požeška Biskupija", "diocese_source": "derivirano-crkve.domovina.ai", "email": "dakovic.ana77@gmail.com", "president": "Ana Đaković", "president_role": "Predsjednica Udruge", "founded_at": "2016-09-27", "registered_at": "2016-11-07", "catholic_confidence": "visoka", "catholic_score": 11.5, "source": ["datagovhr:registar-udruga"], "category_label": "Pokreti i laičke zajednice", "active": 0}}, {"type": "Feature", "geometry": {"type": "Point", "coordinates": [18.097661, 42.652248]}, "properties": {"id": 770, "slug": "udruga-mladih-sv-ivana-pavla-ii-dubrovnik-1707", "name": "Udruga mladih SV. IVANA PAVLA II - DUBROVNIK", "display_name": "Udruga mladih SV. IVANA PAVLA II - DUBROVNIK", "short_name": "UM - SV. IVANA PAVLA II - DUBROVNIK", "registry": "registar-udruga", "oib": "02121551707", "status": "AKTIVAN", "category": "mladi", "address": "Bartola Kašića 8, Dubrovnik", "city": "Dubrovnik", "settlement": "Dubrovnik", "municipality": "Dubrovnik", "county": "Dubrovačko-neretvanska", "geo_source": "naselje-teziste", "diocese": "Dubrovačka Biskupija - Dioecesis Ragusina", "diocese_source": "derivirano-crkve.domovina.ai", "email": "um.svetiivanpavaoii@gmail.com", "phone_e164": "+385951993874", "president": "Mateo Sentić", "president_role": "Predsjednik", "founded_at": "2016-12-22", "registered_at": "2017-04-03", "catholic_confidence": "srednja", "catholic_score": 5.0, "source": ["datagovhr:registar-udruga"], "category_label": "Mladi i studenti", "active": 1}}, {"type": "Feature", "geometry": {"type": "Point", "coordinates": [16.09755, 45.803021]}, "properties": {"id": 771, "slug": "sluzba-boanerges-u-likvidaciji-zagreb-0843", "name": "SLUŽBA BOANERGES U LIKVIDACIJI", "display_name": "Služba Boanerges u Likvidaciji", "registry": "registar-udruga", "oib": "84535920843", "status": "BRISAN", "category": "hodocasnicka", "address": "I.RESNIK 155h, Zagreb", "city": "Zagreb", "settlement": "Zagreb", "municipality": "Grad Zagreb", "county": "Grad Zagreb", "postal_code": "10040", "geo_source": "dgu-ulica-fuzzy", "diocese": "Zagrebačka Nadbiskupija", "diocese_source": "derivirano-crkve.domovina.ai", "email": "sluzbaozdravljenja@gmail.com", "phone_e164": "+385958067895", "president": "Matija Andrijanić", "president_role": "Predsjednik", "founded_at": "2017-01-31", "registered_at": "2017-03-09", "catholic_confidence": "srednja", "catholic_score": 4.5, "source": ["datagovhr:registar-udruga"], "category_label": "Hodočašća", "active": 0}}, {"type": "Feature", "geometry": {"type": "Point", "coordinates": [16.882321, 45.923874]}, "properties": {"id": 772, "slug": "udruga-betlehem-bjelovar-leticani-0450", "name": "UDRUGA BETLEHEM - BJELOVAR", "display_name": "Udruga Betlehem - Bjelovar", "short_name": "UDRUGA BETLEHEM - BJELOVAR", "registry": "registar-udruga", "oib": "08120110450", "status": "BRISAN", "category": "molitvena", "address": "Letičani 2b, Letičani", "city": "Letičani", "settlement": "Letičani", "municipality": "Bjelovar", "county": "Bjelovarsko-bilogorska", "postal_code": "43000", "geo_source": "dgu-adresa", "diocese": "Bjelovarsko-križevačka Biskupija", "diocese_source": "derivirano-crkve.domovina.ai", "email": "betlehem.bjelovar@gmail.com", "phone_e164": "+385989671696", "president": "Danijela Hodalić", "president_role": "Predsjednik", "founded_at": "2017-07-13", "registered_at": "2017-08-21", "catholic_confidence": "srednja", "catholic_score": 5.0, "source": ["datagovhr:registar-udruga"], "category_label": "Molitvene zajednice", "active": 0}}, {"type": "Feature", "geometry": {"type": "Point", "coordinates": [16.450955, 43.507157]}, "properties": {"id": 773, "slug": "hrvatska-bratovstina-bokeljska-mornarica-809-u-splitu-2138", "name": "HRVATSKA BRATOVŠTINA \"BOKELJSKA MORNARICA 809\" U SPLITU", "display_name": "Hrvatska Bratovština \"Bokeljska Mornarica 809\" u Splitu", "registry": "registar-udruga", "oib": "36790882138", "status": "AKTIVAN", "category": "bratovstina", "address": "Barakovićeva 4, Split", "city": "Split", "settlement": "Split", "municipality": "Split", "county": "Splitsko-dalmatinska", "postal_code": "21000", "geo_source": "dgu-adresa", "diocese": "Splitsko-makarska Nadbiskupija", "diocese_source": "derivirano-crkve.domovina.ai", "email": "bokeljskamornaricasplit@gmail.com", "phone_e164": "+385914300117", "president": "Luka Perković", "president_role": "Predsjednik", "founded_at": "2016-12-01", "registered_at": "2017-03-08", "catholic_confidence": "visoka", "catholic_score": 9.0, "source": ["datagovhr:registar-udruga"], "category_label": "Bratovštine", "active": 1}}, {"type": "Feature", "geometry": {"type": "Point", "coordinates": [16.442821, 43.1698]}, "properties": {"id": 775, "slug": "drustvo-kapja-jubavi-hvar-4085", "name": "Društvo Kapja jubavi", "display_name": "Društvo Kapja jubavi", "registry": "registar-udruga", "oib": "15292434085", "status": "AKTIVAN", "category": "glazba", "address": "Jelke Bučuć 6, Hvar", "city": "Hvar", "settlement": "Hvar", "municipality": "Hvar", "county": "Splitsko-dalmatinska", "postal_code": "21450", "geo_source": "dgu-adresa", "diocese": "Hvarska Biskupija", "diocese_source": "derivirano-crkve.domovina.ai", "email": "srednja-skola-hvar@st.htnet.hr", "phone_e164": "+385915352619", "president": "Maja Budrović", "president_role": "Dopredsjednica Udruge", "founded_at": "2017-01-31", "registered_at": "2017-02-10", "catholic_confidence": "srednja", "catholic_score": 4.0, "source": ["datagovhr:registar-udruga"], "category_label": "Zborovi i crkvena glazba", "active": 1}}, {"type": "Feature", "geometry": {"type": "Point", "coordinates": [16.10211, 45.812268]}, "properties": {"id": 780, "slug": "centar-za-potporu-i-inkluziju-u-zajednici-sesvete-7322", "name": "CENTAR ZA POTPORU I INKLUZIJU U ZAJEDNICI", "display_name": "Centar za Potporu i Inkluziju u Zajednici", "short_name": "CPIZ", "registry": "registar-udruga", "oib": "47775057322", "status": "AKTIVAN", "category": "molitvena", "address": "Ulica Ljudevita Posavskog 25, Sesvete", "city": "Sesvete", "settlement": "Sesvete", "municipality": "Grad Zagreb", "county": "Grad Zagreb", "postal_code": "10360", "geo_source": "dgu-adresa", "diocese": "Zagrebačka Nadbiskupija", "diocese_source": "derivirano-crkve.domovina.ai", "email": "gzorica@gmail.com", "website": "https://cpiz.org", "phone_e164": "+385997102284", "president": "Zorica Gregurić", "president_role": "Predsjednica", "founded_at": "2017-01-28", "registered_at": "2017-03-31", "catholic_confidence": "srednja", "catholic_score": 4.5, "source": ["datagovhr:registar-udruga"], "category_label": "Molitvene zajednice", "active": 1}}, {"type": "Feature", "geometry": {"type": "Point", "coordinates": [18.405161, 45.682908]}, "properties": {"id": 781, "slug": "magnificat-belisce-7893", "name": "\" MAGNIFICAT\"", "display_name": "\" Magnificat\"", "registry": "registar-udruga", "oib": "47144387893", "status": "AKTIVAN", "category": "hodocasnicka", "address": "Bana J.Jelačića 28, Belišće", "city": "Belišće", "settlement": "Belišće", "municipality": "Belišće", "county": "Osječko-baranjska", "geo_source": "naselje-teziste", "diocese": "Đakovačko-osječka Nadbiskupija", "diocese_source": "derivirano-crkve.domovina.ai", "phone_e164": "+385953795353", "president": "Brigita Balković", "president_role": "Predsjednik", "founded_at": "2017-03-27", "registered_at": "2017-04-06", "catholic_confidence": "srednja", "catholic_score": 7.5, "source": ["datagovhr:registar-udruga"], "category_label": "Hodočašća", "active": 1}}, {"type": "Feature", "geometry": {"type": "Point", "coordinates": [16.119992, 46.001457]}, "properties": {"id": 782, "slug": "udruga-duha-svetog-milosti-si-puna-majko-bozja-bistricka-marija-bistrica-9748", "name": "UDRUGA DUHA SVETOG MILOSTI SI PUNA MAJKO BOŽJA BISTRIČKA", "display_name": "Udruga Duha Svetog Milosti Si Puna Majko Božja Bistrička", "registry": "registar-udruga", "oib": "64405069748", "status": "BRISAN", "category": "molitvena", "address": "Zagrebačka  17, Marija Bistrica", "city": "Marija Bistrica", "settlement": "Marija Bistrica", "municipality": "Marija Bistrica", "county": "Krapinsko-zagorska", "postal_code": "49246", "geo_source": "dgu-adresa", "diocese": "Zagrebačka Nadbiskupija", "diocese_source": "derivirano-crkve.domovina.ai", "president": "Mario Zubčić", "president_role": "Predsjednik", "founded_at": "2017-04-29", "registered_at": "2017-06-01", "catholic_confidence": "visoka", "catholic_score": 14.0, "source": ["datagovhr:registar-udruga"], "category_label": "Molitvene zajednice", "active": 0}}, {"type": "Feature", "geometry": {"type": "Point", "coordinates": [19.021243, 45.33132]}, "properties": {"id": 783, "slug": "udruga-betlehem-vukovar-1924", "name": "UDRUGA BETLEHEM - VUKOVAR", "display_name": "Udruga Betlehem - Vukovar", "short_name": "UB- VUKOVAR", "registry": "registar-udruga", "oib": "80762581924", "status": "AKTIVAN", "category": "pokret", "address": "Široki put 121B, Vukovar", "city": "Vukovar", "settlement": "Vukovar", "municipality": "Vukovar", "county": "Vukovarsko-srijemska", "postal_code": "32000", "geo_source": "dgu-adresa", "diocese": "Đakovačko-osječka Nadbiskupija", "diocese_source": "derivirano-crkve.domovina.ai", "email": "betlehem.vukovar@gmail.com", "phone_e164": "+385989381437", "president": "Blaženka Đapić", "president_role": "Predsjednica", "founded_at": "2017-02-01", "registered_at": "2017-04-12", "catholic_confidence": "srednja", "catholic_score": 4.0, "source": ["datagovhr:registar-udruga"], "category_label": "Pokreti i laičke zajednice", "active": 1}}, {"type": "Feature", "geometry": {"type": "Point", "coordinates": [15.910242, 46.037346]}, "properties": {"id": 784, "slug": "udruga-za-promicanje-kulture-zivota-obiteljski-klub-zabok-3800", "name": "Udruga za promicanje kulture Života \"Obiteljski klub\"", "display_name": "Udruga za promicanje kulture Života \"Obiteljski klub\"", "short_name": "O-KLUB", "registry": "registar-udruga", "oib": "08974063800", "status": "AKTIVAN", "category": "obitelj", "address": "Ulica Grabrovec 73, Zabok", "city": "Zabok", "settlement": "Zabok", "municipality": "Zabok", "county": "Krapinsko-zagorska", "postal_code": "49210", "geo_source": "dgu-adresa", "diocese": "Zagrebačka Nadbiskupija", "diocese_source": "derivirano-crkve.domovina.ai", "email": "fiket.darko@gmail.com", "phone_e164": "+38549223378", "president": "Darko Fiket", "president_role": "Predsjednik", "founded_at": "2015-07-13", "registered_at": "2015-08-07", "catholic_confidence": "srednja", "catholic_score": 6.0, "source": ["datagovhr:registar-udruga"], "category_label": "Obitelj i život", "active": 1}}, {"type": "Feature", "geometry": {"type": "Point", "coordinates": [15.982312, 45.813733]}, "properties": {"id": 785, "slug": "drustvo-bivsih-studenata-katolickoga-bogoslovnog-fakulteta-sveucilista-u-zagrebu-7717", "name": "DRUŠTVO BIVŠIH STUDENATA KATOLIČKOGA BOGOSLOVNOG FAKULTETA SVEUČILIŠTA U ZAGREBU", "display_name": "Društvo Bivših Studenata Katoličkoga Bogoslovnog Fakulteta Sveučilišta u Zagrebu", "short_name": "DBS-KBF", "registry": "registar-udruga", "oib": "57536957717", "status": "AKTIVAN", "category": "mladi", "address": "Vlaška ulica 38, Zagreb", "city": "Zagreb", "settlement": "Zagreb", "municipality": "Grad Zagreb", "county": "Grad Zagreb", "postal_code": "10000", "geo_source": "dgu-adresa", "diocese": "Zagrebačka Nadbiskupija", "diocese_source": "derivirano-crkve.domovina.ai", "email": "alumni@kbf.hr", "website": "https://www.kbf.unizg.hr", "phone_e164": "+385911712980", "president": "Denis Barić", "president_role": "Predsjednik", "founded_at": "2016-06-09", "registered_at": "2016-10-26", "catholic_confidence": "visoka", "catholic_score": 10.5, "source": ["datagovhr:registar-udruga"], "category_label": "Mladi i studenti", "active": 1}}, {"type": "Feature", "geometry": {"type": "Point", "coordinates": [15.5699, 45.452094]}, "properties": {"id": 786, "slug": "humanitarna-udruga-isusove-i-marijine-ruke-karlovac-2398", "name": "HUMANITARNA UDRUGA \"ISUSOVE I MARIJINE RUKE\"", "display_name": "Humanitarna Udruga \"Isusove i Marijine Ruke\"", "registry": "registar-udruga", "oib": "42998262398", "status": "AKTIVAN", "category": "karitativna", "address": "Šćulac Brdo 7A, Karlovac", "city": "Karlovac", "settlement": "Karlovac", "municipality": "Karlovac", "county": "Karlovačka", "postal_code": "47000", "geo_source": "dgu-adresa", "diocese": "Zagrebačka Nadbiskupija", "diocese_source": "derivirano-crkve.domovina.ai", "email": "jadranka.slavicek@optinet.hr", "phone_e164": "+385919214159", "president": "Jacinda Lučić", "president_role": "Predsjednica Udruge", "founded_at": "2017-02-20", "registered_at": "2017-04-14", "catholic_confidence": "visoka", "catholic_score": 14.0, "source": ["datagovhr:registar-udruga"], "category_label": "Karitativne i humanitarne", "active": 1}}, {"type": "Feature", "geometry": {"type": "Point", "coordinates": [15.949872, 45.799906]}, "properties": {"id": 787, "slug": "emaus-humanitarna-udruga-za-promicanje-duhovnih-kulturnih-terapijskih-i-socijalnih-aktivnosti-te-poticanje-osobnog-3089", "name": "EMAUS - HUMANITARNA UDRUGA ZA PROMICANJE DUHOVNIH, KULTURNIH, TERAPIJSKIH I SOCIJALNIH AKTIVNOSTI TE POTICANJE OSOBNOG RAZVOJA", "display_name": "Emaus - Humanitarna Udruga za Promicanje Duhovnih, Kulturnih, Terapijskih i Socijalnih Aktivnosti te Poticanje Osobnog Razvoja", "short_name": "EMAUS - HUMANITARNA UDRUGA", "registry": "registar-udruga", "oib": "33020213089", "status": "AKTIVAN", "category": "karitativna", "address": "SLAVETIĆKA ULICA 8A, Zagreb", "city": "Zagreb", "settlement": "Zagreb", "municipality": "Grad Zagreb", "county": "Grad Zagreb", "postal_code": "10110", "geo_source": "dgu-adresa", "diocese": "Zagrebačka Nadbiskupija", "diocese_source": "derivirano-crkve.domovina.ai", "email": "stipe.curkovic2@gmail.com", "phone_e164": "+385915987716", "president": "Andrija Vrane", "president_role": "Predsjednik", "founded_at": "2017-09-12", "registered_at": "2017-09-29", "catholic_confidence": "srednja", "catholic_score": 5.0, "source": ["datagovhr:registar-udruga"], "category_label": "Karitativne i humanitarne", "active": 1}}, {"type": "Feature", "geometry": {"type": "Point", "coordinates": [18.79806, 45.288893]}, "properties": {"id": 788, "slug": "samo-pozitivno-udruga-za-promicanje-pozitivnih-vrijednosti-vinkovci-9359", "name": "SAMO POZITIVNO Udruga za promicanje pozitivnih vrijednosti", "display_name": "SAMO POZITIVNO Udruga za promicanje pozitivnih vrijednosti", "short_name": "UDRUGA SAMO POZITIVNO", "registry": "registar-udruga", "oib": "27464749359", "status": "AKTIVAN", "category": "molitvena", "address": "Duga ulica 61, Vinkovci", "city": "Vinkovci", "settlement": "Vinkovci", "municipality": "Vinkovci", "county": "Vukovarsko-srijemska", "postal_code": "32100", "geo_source": "dgu-adresa", "diocese": "Đakovačko-osječka Nadbiskupija", "diocese_source": "derivirano-crkve.domovina.ai", "email": "info@samopozitivno.com", "website": "https://www.samopozitivno.com", "phone_e164": "+38532334443", "president": "Mara Majstorović", "president_role": "Predsjednica", "founded_at": "2017-09-21", "registered_at": "2017-10-02", "catholic_confidence": "srednja", "catholic_score": 4.5, "source": ["datagovhr:registar-udruga"], "category_label": "Molitvene zajednice", "active": 1}}, {"type": "Feature", "geometry": {"type": "Point", "coordinates": [18.711324, 45.54831]}, "properties": {"id": 789, "slug": "molitvena-zajednica-svete-obitelji-osijek-0919", "name": "MOLITVENA ZAJEDNICA SVETE OBITELJI", "display_name": "Molitvena Zajednica Svete Obitelji", "short_name": "MZSO", "registry": "registar-udruga", "oib": "08244090919", "status": "AKTIVAN", "category": "molitvena", "address": "Bračka  177, Osijek", "city": "Osijek", "settlement": "Osijek", "municipality": "Osijek", "county": "Osječko-baranjska", "postal_code": "31000", "geo_source": "dgu-adresa", "diocese": "Đakovačko-osječka Nadbiskupija", "diocese_source": "derivirano-crkve.domovina.ai", "email": "mzsveteobitelji@gmail.com", "website": "https://www.mzso.hr", "phone_e164": "+385989739158", "president": "Ivan Birkić", "president_role": "Potpredsjednik", "founded_at": "2017-05-12", "registered_at": "2017-10-10", "catholic_confidence": "visoka", "catholic_score": 13.0, "source": ["datagovhr:registar-udruga"], "category_label": "Molitvene zajednice", "active": 1}}, {"type": "Feature", "geometry": {"type": "Point", "coordinates": [18.033854, 45.148913]}, "properties": {"id": 792, "slug": "studentski-katolicki-centar-slavonski-brod-0031", "name": "Studentski katolički centar Slavonski Brod", "display_name": "Studentski katolički centar Slavonski Brod", "short_name": "SKAC SB", "registry": "registar-udruga", "oib": "03889100031", "status": "AKTIVAN", "category": "mladi", "address": "Leopolda Mandića  4, Slavonski Brod", "city": "Slavonski Brod", "settlement": "Slavonski Brod", "municipality": "Slavonski Brod", "county": "Brodsko-posavska", "postal_code": "35000", "geo_source": "dgu-adresa", "diocese": "Đakovačko-osječka Nadbiskupija", "diocese_source": "derivirano-crkve.domovina.ai", "email": "stehlik.denis@gmail.com", "phone_e164": "+385919751586", "president": "Denis Stehlik", "president_role": "Predsjednik", "founded_at": "2017-05-29", "registered_at": "2017-07-17", "catholic_confidence": "visoka", "catholic_score": 10.0, "source": ["datagovhr:registar-udruga"], "category_label": "Mladi i studenti", "active": 1}}, {"type": "Feature", "geometry": {"type": "Point", "coordinates": [16.492853, 43.532307]}, "properties": {"id": 794, "slug": "zavicajna-udruga-sveti-mihovil-zupe-odzak-caic-u-likvidaciji-solin-4450", "name": "ZAVIČAJNA UDRUGA \"SVETI MIHOVIL ŽUPE ODŽAK-ĆAIĆ\" U LIKVIDACIJI", "display_name": "Zavičajna Udruga \"Sveti Mihovil Župe Odžak-ćaić\" u Likvidaciji", "registry": "registar-udruga", "oib": "60577664450", "status": "BRISAN", "category": "zupna", "address": "Držićeva  15, Solin", "city": "Solin", "settlement": "Solin", "municipality": "Solin", "county": "Splitsko-dalmatinska", "postal_code": "21210", "geo_source": "dgu-adresa", "diocese": "Splitsko-makarska Nadbiskupija", "diocese_source": "derivirano-crkve.domovina.ai", "email": "nikola.djuran82@gmail.com", "phone_e164": "+385977707701", "president": "Nikola Đuran", "president_role": "Predsjednik Udruge", "founded_at": "2017-06-20", "registered_at": "2017-07-12", "catholic_confidence": "visoka", "catholic_score": 6.5, "source": ["datagovhr:registar-udruga"], "category_label": "Župne udruge", "active": 0}}, {"type": "Feature", "geometry": {"type": "Point", "coordinates": [18.090632, 42.676674]}, "properties": {"id": 795, "slug": "udruga-za-promicanje-dostojanstva-ljudskog-zivota-i-obrane-nerodenog-djeteta-betlehem-dubrovnik-mokosica-3598", "name": "Udruga za promicanje dostojanstva ljudskog života i obrane nerođenog djeteta \"BETLEHEM - DUBROVNIK\"", "display_name": "Udruga za promicanje dostojanstva ljudskog života i obrane nerođenog djeteta \"BETLEHEM - DUBROVNIK\"", "short_name": "Centar za nerođeni život \"BETLEHEM - DUBROVNIK\"", "registry": "registar-udruga", "oib": "10180003598", "status": "BRISAN", "category": "obitelj", "address": "Za Belendinovo 8, Mokošica", "city": "Mokošica", "settlement": "Mokošica", "municipality": "Dubrovnik", "county": "Dubrovačko-neretvanska", "postal_code": "20236", "geo_source": "dgu-adresa", "diocese": "Dubrovačka Biskupija - Dioecesis Ragusina", "diocese_source": "derivirano-crkve.domovina.ai", "phone_e164": "+385989269775", "president": "Nevenka Curić", "president_role": "Predsjednica", "founded_at": "2015-01-30", "registered_at": "2015-03-23", "catholic_confidence": "srednja", "catholic_score": 4.5, "source": ["datagovhr:registar-udruga"], "category_label": "Obitelj i život", "active": 0}}, {"type": "Feature", "geometry": {"type": "Point", "coordinates": [18.376537, 42.516908]}, "properties": {"id": 796, "slug": "hrvatsko-krscansko-dobrotvorno-drustvo-konavle-gruda-8191", "name": "Hrvatsko kršćansko dobrotvorno društvo Konavle", "display_name": "Hrvatsko kršćansko dobrotvorno društvo Konavle", "short_name": "HKDD KONAVLE", "registry": "registar-udruga", "oib": "29670428191", "status": "AKTIVAN", "category": "karitativna", "address": "Gruda 152, Gruda", "city": "Gruda", "settlement": "Gruda", "municipality": "Konavle", "county": "Dubrovačko-neretvanska", "postal_code": "20215", "geo_source": "dgu-adresa", "diocese": "Dubrovačka Biskupija - Dioecesis Ragusina", "diocese_source": "derivirano-crkve.domovina.ai", "email": "hkdd.konavle@gmail.com", "phone_e164": "+385921806585", "president": "Marko Pušak", "president_role": "Predsjednik", "founded_at": "2015-02-06", "registered_at": "2015-04-01", "catholic_confidence": "srednja", "catholic_score": 7.0, "source": ["datagovhr:registar-udruga"], "category_label": "Karitativne i humanitarne", "active": 1}}, {"type": "Feature", "geometry": {"type": "Point", "coordinates": [16.196975, 44.045769]}, "properties": {"id": 797, "slug": "obrazovno-kulturna-udruga-porta-knin-5265", "name": "OBRAZOVNO-KULTURNA UDRUGA \"PORTA\" KNIN", "display_name": "Obrazovno-kulturna Udruga \"Porta\" Knin", "short_name": "\"PORTA\" KNIN", "registry": "registar-udruga", "oib": "31021695265", "status": "AKTIVAN", "category": "obrazovanje", "address": "Domobranska 12, Knin", "city": "Knin", "settlement": "Knin", "municipality": "Knin", "county": "Šibensko-kninska", "postal_code": "22300", "geo_source": "dgu-adresa", "diocese": "Šibenska Biskupija", "diocese_source": "derivirano-crkve.domovina.ai", "email": "udrugaporta@yahoo.com", "website": "https://www.porta-knin.hr", "phone_e164": "+385957540328", "president": "Aleksandra Sinobad", "president_role": "Dopredsjednica Udruge", "founded_at": "2017-06-22", "registered_at": "2017-07-24", "catholic_confidence": "srednja", "catholic_score": 4.0, "source": ["datagovhr:registar-udruga"], "category_label": "Obrazovanje i kateheza", "active": 1}}, {"type": "Feature", "geometry": {"type": "Point", "coordinates": [16.151462, 46.278334]}, "properties": {"id": 800, "slug": "udruga-pastir-dobri-brodarovec-zivljenje-duhovnih-biblijskih-i-opceljudskih-vrijednosti-6968", "name": "Udruga \"Pastir Dobri\" Brodarovec-življenje duhovnih, biblijskih i općeljudskih vrijednosti", "display_name": "Udruga \"Pastir Dobri\" Brodarovec-življenje duhovnih, biblijskih i općeljudskih vrijednosti", "short_name": "\"Pastir Dobri\" Brodarovec", "registry": "registar-udruga", "oib": "83423926968", "status": "AKTIVAN", "category": "molitvena", "address": "Brodarovec 32B, Brodarovec", "city": "Brodarovec", "settlement": "Brodarovec", "municipality": "Maruševec", "county": "Varaždinska", "postal_code": "42243", "geo_source": "dgu-adresa", "diocese": "Varaždinska Biskupija", "diocese_source": "derivirano-crkve.domovina.ai", "email": "pastir.dobri.brodarovec@gmail.com", "phone_e164": "+385992360668", "president": "Saša Zavrtnik", "president_role": "Voditelj", "founded_at": "2017-07-15", "registered_at": "2017-09-20", "catholic_confidence": "visoka", "catholic_score": 7.5, "source": ["datagovhr:registar-udruga"], "category_label": "Molitvene zajednice", "active": 1}}, {"type": "Feature", "geometry": {"type": "Point", "coordinates": [13.841911, 44.86156]}, "properties": {"id": 801, "slug": "udruga-za-promicanje-krscanske-kulture-slijedi-isusa-pula-7189", "name": "UDRUGA ZA PROMICANJE KRŠĆANSKE KULTURE SLIJEDI ISUSA", "display_name": "Udruga za Promicanje Kršćanske Kulture Slijedi Isusa", "registry": "registar-udruga", "oib": "54304547189", "status": "AKTIVAN", "category": "kultura", "address": "Keršovanijeva 23, Pula", "city": "Pula", "settlement": "Pula", "municipality": "Pula - Pola", "county": "Istarska", "postal_code": "52100", "geo_source": "dgu-adresa", "diocese": "Biskupija Porečka i Pulska", "diocese_source": "derivirano-crkve.domovina.ai", "email": "pkfabijanic@gmail.com", "website": "https://www.slijediisusa.com", "phone_e164": "+385919092030", "president": "Petar Fabijanić", "president_role": "Predsjednik", "founded_at": "2017-06-14", "registered_at": "2017-09-12", "catholic_confidence": "srednja", "catholic_score": 6.5, "source": ["datagovhr:registar-udruga"], "category_label": "Kultura i baština", "active": 1}}, {"type": "Feature", "geometry": {"type": "Point", "coordinates": [15.279587, 44.22241]}, "properties": {"id": 802, "slug": "udruga-za-ocuvanje-i-promicanje-obicaja-i-tradicije-poljica-poljica-briga-i-zerave-gospa-lurdska-6036", "name": "UDRUGA ZA OČUVANJE I PROMICANJE OBIČAJA I TRADICIJE POLJICA, POLJICA BRIGA I ŽERAVE \"GOSPA LURDSKA\"", "display_name": "Udruga za Očuvanje i Promicanje Običaja i Tradicije Poljica, Poljica Briga i Žerave \"Gospa Lurdska\"", "short_name": "UDRUGA \"GOSPA LURDSKA\"", "registry": "registar-udruga", "oib": "23107146036", "status": "AKTIVAN", "category": "molitvena", "address": "Poljica 124, Poljica", "city": "Poljica", "settlement": "Poljica", "municipality": "Vrsi", "county": "Zadarska", "geo_source": "naselje-teziste", "diocese": "Zadarska Nadbiskupija", "diocese_source": "derivirano-crkve.domovina.ai", "email": "babacdanijela@gmail.com", "phone_e164": "+38598697839", "president": "Danijela Babac", "president_role": "Predsjednica Udruge", "founded_at": "2015-02-22", "registered_at": "2015-05-15", "catholic_confidence": "srednja", "catholic_score": 4.0, "source": ["datagovhr:registar-udruga"], "category_label": "Molitvene zajednice", "active": 1}}, {"type": "Feature", "geometry": {"type": "Point", "coordinates": [18.688898, 45.555461]}, "properties": {"id": 803, "slug": "dar-zivota-osijek-3648", "name": "„DAR ŽIVOTA“", "display_name": "„Dar Života“", "short_name": "DAŽ", "registry": "registar-udruga", "oib": "10130133648", "status": "AKTIVAN", "category": "glazba", "address": "Zagrebačka 19, Osijek", "city": "Osijek", "settlement": "Osijek", "municipality": "Osijek", "county": "Osječko-baranjska", "postal_code": "31000", "geo_source": "dgu-adresa", "diocese": "Đakovačko-osječka Nadbiskupija", "diocese_source": "derivirano-crkve.domovina.ai", "email": "lili.7025@hotmail.com", "phone_e164": "+385953887823", "president": "Ljiljana Karanović", "president_role": "Dopredsjednica", "founded_at": "2017-05-05", "registered_at": "2017-10-02", "catholic_confidence": "srednja", "catholic_score": 5.5, "source": ["datagovhr:registar-udruga"], "category_label": "Zborovi i crkvena glazba", "active": 1}}, {"type": "Feature", "geometry": {"type": "Point", "coordinates": [18.669433, 45.564463]}, "properties": {"id": 804, "slug": "zdrug-katolickih-skauta-dakovacko-osjecke-nadbiskupije-osijek-8966", "name": "ZDRUG KATOLIČKIH SKAUTA ĐAKOVAČKO-OSJEČKE NADBISKUPIJE", "display_name": "Zdrug Katoličkih Skauta Đakovačko-osječke Nadbiskupije", "short_name": "ZDRUG", "registry": "registar-udruga", "oib": "23100578966", "status": "AKTIVAN", "category": "pokret", "address": "Josipa Jurja Strossmayera  58, Osijek", "city": "Osijek", "settlement": "Osijek", "municipality": "Osijek", "county": "Osječko-baranjska", "postal_code": "31000", "geo_source": "dgu-adresa", "diocese": "Đakovačko-osječka Nadbiskupija", "diocese_source": "derivirano-crkve.domovina.ai", "email": "valentina.kad1@gmail.com", "phone_e164": "+385994237305", "president": "Filip Sertić", "president_role": "Dopredsjednik Udruge", "founded_at": "2016-09-03", "registered_at": "2016-10-17", "catholic_confidence": "visoka", "catholic_score": 12.5, "source": ["datagovhr:registar-udruga"], "category_label": "Pokreti i laičke zajednice", "active": 1}}, {"type": "Feature", "geometry": {"type": "Point", "coordinates": [14.429676, 45.339192]}, "properties": {"id": 808, "slug": "udruga-gradana-staro-skurinje-rijeka-3452", "name": "UDRUGA GRAĐANA STARO ŠKURINJE", "display_name": "Udruga Građana Staro Škurinje", "short_name": "U.G.S.Š.", "registry": "registar-udruga", "oib": "13586063452", "status": "AKTIVAN", "category": "molitvena", "address": "Jelićeva 1, Rijeka", "city": "Rijeka", "settlement": "Rijeka", "municipality": "Rijeka", "county": "Primorsko-goranska", "postal_code": "51000", "geo_source": "dgu-adresa", "diocese": "Riječka Nadbiskupija", "diocese_source": "derivirano-crkve.domovina.ai", "email": "udruga.g@gmail.com", "president": "Miroslav Deković", "president_role": "Predsjednik", "founded_at": "2016-01-31", "registered_at": "2016-04-13", "catholic_confidence": "srednja", "catholic_score": 4.0, "source": ["datagovhr:registar-udruga"], "category_label": "Molitvene zajednice", "active": 1}}, {"type": "Feature", "geometry": {"type": "Point", "coordinates": [14.430759, 45.330884]}, "properties": {"id": 809, "slug": "hrvatsko-vitesko-drustvo-zrinski-i-frankopan-trsat-rijeka-9828", "name": "HRVATSKO VITEŠKO DRUŠTVO \"ZRINSKI I FRANKOPAN\" TRSAT-RIJEKA", "display_name": "Hrvatsko Viteško Društvo \"Zrinski i Frankopan\" Trsat-rijeka", "short_name": "HVD TRSAT-RIJEKA", "registry": "registar-udruga", "oib": "33103699828", "status": "AKTIVAN", "category": "glazba", "address": "Nikole Tesle 4, Rijeka", "city": "Rijeka", "settlement": "Rijeka", "municipality": "Rijeka", "county": "Primorsko-goranska", "postal_code": "51000", "geo_source": "dgu-adresa", "diocese": "Riječka Nadbiskupija", "diocese_source": "derivirano-crkve.domovina.ai", "email": "kauzlaric.marijan@gmail.com", "phone_e164": "+385953504399", "president": "Marijan Kauzlarić", "president_role": "Predsjednik", "founded_at": "2016-05-30", "registered_at": "2016-09-01", "catholic_confidence": "srednja", "catholic_score": 8.0, "source": ["datagovhr:registar-udruga"], "category_label": "Zborovi i crkvena glazba", "active": 1}}, {"type": "Feature", "geometry": {"type": "Point", "coordinates": [15.206855, 45.26964]}, "properties": {"id": 814, "slug": "dobrotvorno-podupirajuce-drustvo-sveti-petar-sveti-petar-puskarici-7525", "name": "DOBROTVORNO PODUPIRAJUĆE DRUŠTVO \"SVETI PETAR\"-SVETI PETAR-PUŠKARIĆI", "display_name": "Dobrotvorno Podupirajuće Društvo \"Sveti Petar\"-sveti Petar-puškarići", "short_name": "DPD \"SVETI PETAR\"", "registry": "registar-udruga", "oib": "49921377525", "status": "AKTIVAN", "category": "karitativna", "address": "Sveti Petar 86, Sveti Petar", "city": "Sveti Petar", "settlement": "Sveti Petar", "municipality": "Ogulin", "county": "Karlovačka", "postal_code": "47300", "geo_source": "dgu-adresa", "diocese": "Gospićko-senjska Biskupija", "diocese_source": "derivirano-crkve.domovina.ai", "email": "liposcak@net.hr", "phone_e164": "+385992829374", "president": "Goran Kirasić", "president_role": "Predsjednik Društva", "founded_at": "2015-06-28", "registered_at": "2016-03-09", "catholic_confidence": "srednja", "catholic_score": 6.0, "source": ["datagovhr:registar-udruga"], "category_label": "Karitativne i humanitarne", "active": 1}}, {"type": "Feature", "geometry": {"type": "Point", "coordinates": [13.936272, 45.238438]}, "properties": {"id": 816, "slug": "udruga-svete-rite-pazin-7365", "name": "UDRUGA SVETE RITE", "display_name": "Udruga Svete Rite", "short_name": "\"SV. RITA\"", "registry": "registar-udruga", "oib": "96808367365", "status": "BRISAN", "category": "kultura", "address": "Družbe svetog Ćirila i Metoda 5, Pazin", "city": "Pazin", "settlement": "Pazin", "municipality": "Pazin", "county": "Istarska", "postal_code": "52000", "geo_source": "dgu-adresa", "diocese": "Biskupija Porečka i Pulska", "diocese_source": "derivirano-crkve.domovina.ai", "president": "Davorka Smoković", "president_role": "Dopredsjednica", "founded_at": "2015-12-30", "registered_at": "2016-03-29", "catholic_confidence": "srednja", "catholic_score": 6.5, "source": ["datagovhr:registar-udruga"], "category_label": "Kultura i baština", "active": 0}}, {"type": "Feature", "geometry": {"type": "Point", "coordinates": [15.977893, 45.831873]}, "properties": {"id": 817, "slug": "udruga-vjernika-crkve-sv-maradone-zagreb-7895", "name": "UDRUGA VJERNIKA CRKVE SV. MARADONE", "display_name": "Udruga Vjernika Crkve sv. Maradone", "registry": "registar-udruga", "oib": "22604427895", "status": "AKTIVAN", "category": "zupna", "address": "Savska cesta 181, Zagreb", "city": "Zagreb", "settlement": "Zagreb", "municipality": "Grad Zagreb", "county": "Grad Zagreb", "geo_source": "naselje-teziste", "diocese": "Zagrebačka Nadbiskupija", "diocese_source": "derivirano-crkve.domovina.ai", "phone_e164": "+38598212370", "president": "Edin Ćehajić", "president_role": "Dopredsjednik", "founded_at": "2015-09-10", "registered_at": "2016-04-08", "catholic_confidence": "visoka", "catholic_score": 12.5, "source": ["datagovhr:registar-udruga"], "category_label": "Župne udruge", "active": 1}}, {"type": "Feature", "geometry": {"type": "Point", "coordinates": [18.67519, 45.555741]}, "properties": {"id": 818, "slug": "udruga-dom-molitve-osijek-2663", "name": "UDRUGA DOM MOLITVE OSIJEK", "display_name": "Udruga Dom Molitve Osijek", "short_name": "DOM MOLITVE OSIJEK", "registry": "registar-udruga", "oib": "20858572663", "status": "BRISAN", "category": "molitvena", "address": "ŽUPANIJSKA 36, Osijek", "city": "Osijek", "settlement": "Osijek", "municipality": "Osijek", "county": "Osječko-baranjska", "postal_code": "31000", "geo_source": "dgu-adresa", "diocese": "Đakovačko-osječka Nadbiskupija", "diocese_source": "derivirano-crkve.domovina.ai", "email": "dom.molitve.osijek@gmail.com", "phone_e164": "+385953507717", "president": "Iva Abičić", "president_role": "Dopredsjednica Udruge", "founded_at": "2016-04-13", "registered_at": "2016-04-28", "catholic_confidence": "srednja", "catholic_score": 8.0, "source": ["datagovhr:registar-udruga"], "category_label": "Molitvene zajednice", "active": 0}}, {"type": "Feature", "geometry": {"type": "Point", "coordinates": [16.009619, 45.819496]}, "properties": {"id": 819, "slug": "krscanski-drustveni-krugovi-udruga-za-duhovnu-obnovu-zagreb-1801", "name": "\"KRŠĆANSKI DRUŠTVENI KRUGOVI\", UDRUGA ZA DUHOVNU OBNOVU", "display_name": "\"Kršćanski Društveni Krugovi\", Udruga za Duhovnu Obnovu", "short_name": "\"KDK\", ZAGREB", "registry": "registar-udruga", "oib": "91378211801", "status": "AKTIVAN", "category": "zupna", "address": "Klovićeva ulica 12, Zagreb", "city": "Zagreb", "settlement": "Zagreb", "municipality": "Grad Zagreb", "county": "Grad Zagreb", "postal_code": "10123", "geo_source": "dgu-adresa", "diocese": "Zagrebačka Nadbiskupija", "diocese_source": "derivirano-crkve.domovina.ai", "email": "zarko.kovacic@hotmail.com", "phone_e164": "+385954870424", "president": "Žarko Kovačić", "president_role": "Predsjednik", "founded_at": "2015-11-17", "registered_at": "2016-01-27", "catholic_confidence": "visoka", "catholic_score": 14.0, "source": ["datagovhr:registar-udruga"], "category_label": "Župne udruge", "active": 1}}, {"type": "Feature", "geometry": {"type": "Point", "coordinates": [15.381832, 44.552656]}, "properties": {"id": 820, "slug": "udruga-betlehem-gospic-4464", "name": "UDRUGA BETLEHEM - GOSPIĆ", "display_name": "Udruga Betlehem - Gospić", "registry": "registar-udruga", "oib": "92461564464", "status": "AKTIVAN", "category": "pokret", "address": "Kralja Zvonimira 34, Gospić", "city": "Gospić", "settlement": "Gospić", "municipality": "Gospić", "county": "Ličko-senjska", "postal_code": "53000", "geo_source": "dgu-adresa", "diocese": "Gospićko-senjska Biskupija", "diocese_source": "derivirano-crkve.domovina.ai", "phone_e164": "+385989392638", "president": "Ana Jelić", "president_role": "Predsjednica", "founded_at": "2016-06-26", "registered_at": "2016-07-08", "catholic_confidence": "srednja", "catholic_score": 4.0, "source": ["datagovhr:registar-udruga"], "category_label": "Pokreti i laičke zajednice", "active": 1}}, {"type": "Feature", "geometry": {"type": "Point", "coordinates": [15.848804, 45.946004]}, "properties": {"id": 821, "slug": "gradski-ogranak-udruge-hrvatskih-dragovoljaca-domovinskog-rata-grada-zapresica-jakovlje-5909", "name": "GRADSKI OGRANAK UDRUGE HRVATSKIH DRAGOVOLJACA DOMOVINSKOG RATA GRADA ZAPREŠIĆA", "display_name": "Gradski Ogranak Udruge Hrvatskih Dragovoljaca Domovinskog Rata Grada Zaprešića", "short_name": "GO UHDDR GRADA ZAPREŠIĆA", "registry": "registar-udruga", "oib": "61734305909", "status": "AKTIVAN", "category": "molitvena", "address": "Ulica Adele Sixta 2, Jakovlje", "city": "Jakovlje", "settlement": "Jakovlje", "municipality": "Jakovlje", "county": "Zagrebačka", "postal_code": "10297", "geo_source": "dgu-adresa", "diocese": "Zagrebačka Nadbiskupija", "diocese_source": "derivirano-crkve.domovina.ai", "email": "uhddr.zapresic@gmail.com", "website": "https://uhddr-zapresic.hr", "phone_e164": "+385981740859", "president": "Dragutin Poturica", "president_role": "Predsjednik Ogranka", "founded_at": "2016-06-16", "registered_at": "2016-07-12", "catholic_confidence": "srednja", "catholic_score": 4.0, "source": ["datagovhr:registar-udruga"], "category_label": "Molitvene zajednice", "active": 1}}, {"type": "Feature", "geometry": {"type": "Point", "coordinates": [15.246041, 44.868755]}, "properties": {"id": 822, "slug": "udruga-hodocasnika-gacke-doline-i-brinjskog-kraja-sv-rok-otocac-4792", "name": "UDRUGA HODOČASNIKA GACKE DOLINE I BRINJSKOG KRAJA SV. ROK", "display_name": "Udruga Hodočasnika Gacke Doline i Brinjskog Kraja sv. Rok", "short_name": "UHGB SV. ROK", "registry": "registar-udruga", "oib": "34077704792", "status": "AKTIVAN", "category": "hodocasnicka", "address": "Ivana Mažuranića 1, Otočac", "city": "Otočac", "settlement": "Otočac", "municipality": "Otočac", "county": "Ličko-senjska", "postal_code": "53220", "geo_source": "dgu-adresa", "diocese": "Gospićko-senjska Biskupija", "diocese_source": "derivirano-crkve.domovina.ai", "president": "Jelena Jergović", "president_role": "Predsjednica", "founded_at": "2016-04-29", "registered_at": "2016-06-15", "catholic_confidence": "visoka", "catholic_score": 12.0, "source": ["datagovhr:registar-udruga"], "category_label": "Hodočašća", "active": 1}}, {"type": "Feature", "geometry": {"type": "Point", "coordinates": [16.357562, 43.555448]}, "properties": {"id": 823, "slug": "udruga-za-humanitarnu-pomoc-i-socijalne-usluge-sveta-obitelj-kastel-luksic-8007", "name": "Udruga za humanitarnu pomoć i socijalne usluge Sveta Obitelj", "display_name": "Udruga za humanitarnu pomoć i socijalne usluge Sveta Obitelj", "short_name": "Udruga Sv. Obitelj", "registry": "registar-udruga", "oib": "23839018007", "status": "AKTIVAN", "category": "karitativna", "address": "Lindlarska 18, Kaštel Lukšić", "city": "Kaštel Lukšić", "settlement": "Kaštel Lukšić", "municipality": "Kaštela", "county": "Splitsko-dalmatinska", "postal_code": "21215", "geo_source": "dgu-adresa", "diocese": "Splitsko-makarska Nadbiskupija", "diocese_source": "derivirano-crkve.domovina.ai", "email": "miroljubic@gmail.com", "phone_e164": "+385981645800", "president": "Miroslav Ljubić", "president_role": "Predsjednik Udruge", "founded_at": "2016-05-08", "registered_at": "2016-06-17", "catholic_confidence": "srednja", "catholic_score": 4.0, "source": ["datagovhr:registar-udruga"], "category_label": "Karitativne i humanitarne", "active": 1}}, {"type": "Feature", "geometry": {"type": "Point", "coordinates": [15.974033, 45.817589]}, "properties": {"id": 825, "slug": "upper-room-gornja-soba-zagreb-1060", "name": "UPPER ROOM - GORNJA SOBA", "display_name": "Upper Room - Gornja Soba", "short_name": "URGS", "registry": "registar-udruga", "oib": "55640101060", "status": "AKTIVAN", "category": "molitvena", "address": "Ulica Đure Basarička 11, Zagreb", "city": "Zagreb", "settlement": "Zagreb", "municipality": "Grad Zagreb", "county": "Grad Zagreb", "postal_code": "10000", "geo_source": "dgu-adresa", "diocese": "Zagrebačka Nadbiskupija", "diocese_source": "derivirano-crkve.domovina.ai", "email": "ivana.radeljak@ou-radeljak.hr", "phone_e164": "+38515582400", "president": "Gary Lee Billups", "president_role": "Predsjednik Upravnog Odbora", "founded_at": "2016-06-03", "registered_at": "2016-07-19", "catholic_confidence": "srednja", "catholic_score": 4.5, "source": ["datagovhr:registar-udruga"], "category_label": "Molitvene zajednice", "active": 1}}, {"type": "Feature", "geometry": {"type": "Point", "coordinates": [15.971978, 45.81121]}, "properties": {"id": 826, "slug": "udruga-eho-zagreb-7281", "name": "UDRUGA EHO", "display_name": "Udruga Eho", "short_name": "EHO", "registry": "registar-udruga", "oib": "98629517281", "status": "AKTIVAN", "category": "molitvena", "address": "Gundulićeva ulica 12, Zagreb", "city": "Zagreb", "settlement": "Zagreb", "municipality": "Grad Zagreb", "county": "Grad Zagreb", "postal_code": "10000", "geo_source": "dgu-adresa", "diocese": "Zagrebačka Nadbiskupija", "diocese_source": "derivirano-crkve.domovina.ai", "email": "marko.sevic@gmail.com", "phone_e164": "+385997568261", "president": "Karlo Rapljan", "president_role": "Dopredsjednik", "founded_at": "2016-08-01", "registered_at": "2016-09-12", "catholic_confidence": "srednja", "catholic_score": 5.5, "source": ["datagovhr:registar-udruga"], "category_label": "Molitvene zajednice", "active": 1}}, {"type": "Feature", "geometry": {"type": "Point", "coordinates": [14.437273, 45.333741]}, "properties": {"id": 827, "slug": "udruga-za-promicanje-vjerskih-i-duhovnih-vrijednosti-dionis-rijeka-1514", "name": "UDRUGA ZA PROMICANJE VJERSKIH I DUHOVNIH VRIJEDNOSTI \"DIONIS\"", "display_name": "Udruga za Promicanje Vjerskih i Duhovnih Vrijednosti \"Dionis\"", "short_name": "UDRUGA \"DIONIS\"", "registry": "registar-udruga", "oib": "81791151514", "status": "AKTIVAN", "category": "molitvena", "address": "Tizianova 5, Rijeka", "city": "Rijeka", "settlement": "Rijeka", "municipality": "Rijeka", "county": "Primorsko-goranska", "postal_code": "51000", "geo_source": "dgu-adresa", "diocese": "Riječka Nadbiskupija", "diocese_source": "derivirano-crkve.domovina.ai", "phone_e164": "+385913833320", "president": "Daniel Antunović", "president_role": "Dopredsjednik", "founded_at": "2017-11-01", "registered_at": "2017-11-15", "catholic_confidence": "srednja", "catholic_score": 6.0, "source": ["datagovhr:registar-udruga"], "category_label": "Molitvene zajednice", "active": 1}}, {"type": "Feature", "geometry": {"type": "Point", "coordinates": [15.992413, 45.809601]}, "properties": {"id": 828, "slug": "udruga-krscanski-socijaldemokrati-u-likvidaciji-zagreb-1900", "name": "UDRUGA \"KRŠĆANSKI SOCIJALDEMOKRATI\" U LIKVIDACIJI", "display_name": "Udruga \"Kršćanski Socijaldemokrati\" u Likvidaciji", "registry": "registar-udruga", "oib": "03781321900", "status": "BRISAN", "category": "pokret", "address": "ŠUBIĆEVA 11, Zagreb", "city": "Zagreb", "settlement": "Zagreb", "municipality": "Grad Zagreb", "county": "Grad Zagreb", "postal_code": "10000", "geo_source": "dgu-adresa", "diocese": "Zagrebačka Nadbiskupija", "diocese_source": "derivirano-crkve.domovina.ai", "email": "krscanski.socijaldemokrati@gmail.com", "phone_e164": "+385921766219", "president": "Ivana Paunović", "president_role": "Predsjednica Upravnog Odbora", "founded_at": "2017-10-24", "registered_at": "2017-11-21", "catholic_confidence": "srednja", "catholic_score": 4.5, "source": ["datagovhr:registar-udruga"], "category_label": "Pokreti i laičke zajednice", "active": 0}}, {"type": "Feature", "geometry": {"type": "Point", "coordinates": [14.430569, 45.344622]}, "properties": {"id": 829, "slug": "udruga-terra-sancti-viti-rijeka-5098", "name": "UDRUGA \"TERRA SANCTI VITI\"", "display_name": "Udruga \"Terra Sancti Viti\"", "registry": "registar-udruga", "oib": "46429355098", "status": "AKTIVAN", "category": "molitvena", "address": "Grivica 3, Rijeka", "city": "Rijeka", "settlement": "Rijeka", "municipality": "Rijeka", "county": "Primorsko-goranska", "geo_source": "naselje-teziste", "diocese": "Riječka Nadbiskupija", "diocese_source": "derivirano-crkve.domovina.ai", "email": "andreja.jakubin@gmail.com", "phone_e164": "+385955402385", "president": "Andreja Jakubin", "president_role": "Predsjednica", "founded_at": "2018-01-02", "registered_at": "2018-01-26", "catholic_confidence": "srednja", "catholic_score": 8.0, "source": ["datagovhr:registar-udruga"], "category_label": "Molitvene zajednice", "active": 1}}, {"type": "Feature", "geometry": {"type": "Point", "coordinates": [15.802707, 45.85969]}, "properties": {"id": 831, "slug": "put-zapresic-2392", "name": "PUT", "display_name": "Put", "registry": "registar-udruga", "oib": "56985332392", "status": "AKTIVAN", "category": "glazba", "address": "Ulica Mihovila Krušlina 16, Zaprešić", "city": "Zaprešić", "settlement": "Zaprešić", "municipality": "Zaprešić", "county": "Zagrebačka", "postal_code": "10290", "geo_source": "dgu-adresa", "diocese": "Zagrebačka Nadbiskupija", "diocese_source": "derivirano-crkve.domovina.ai", "email": "noldadizajn@gmail.com", "phone_e164": "+385959153843", "president": "Daniel Galić", "president_role": "Predsjednik", "founded_at": "2018-02-12", "registered_at": "2018-05-04", "catholic_confidence": "srednja", "catholic_score": 4.5, "source": ["datagovhr:registar-udruga"], "category_label": "Zborovi i crkvena glazba", "active": 1}}, {"type": "Feature", "geometry": {"type": "Point", "coordinates": [16.165212, 43.079328]}, "properties": {"id": 834, "slug": "udruga-jadranskih-radija-vis-5248", "name": "Udruga Jadranskih radija", "display_name": "Udruga Jadranskih radija", "registry": "registar-udruga", "oib": "42541085248", "status": "AKTIVAN", "category": "molitvena", "address": "Šetalište Stare Isse  23-, Vis", "city": "Vis", "settlement": "Rogačić", "municipality": "Vis", "county": "Splitsko-dalmatinska", "geo_source": "naselje-teziste", "diocese": "Hvarska Biskupija", "diocese_source": "derivirano-crkve.domovina.ai", "email": "marcela@tocigl.com", "phone_e164": "+385915291898", "president": "Adrian Černigoj", "president_role": "Dopredsjednik", "founded_at": "2019-04-03", "registered_at": "2019-09-20", "catholic_confidence": "srednja", "catholic_score": 5.0, "source": ["datagovhr:registar-udruga"], "category_label": "Molitvene zajednice", "active": 1}}, {"type": "Feature", "geometry": {"type": "Point", "coordinates": [17.532894, 43.041856]}, "properties": {"id": 835, "slug": "hrvatski-katolicki-zbor-mi-komin-6131", "name": "Hrvatski katolički zbor \"MI\" Komin", "display_name": "Hrvatski katolički zbor \"MI\" Komin", "short_name": "HKZ \"MI\" Komin", "registry": "registar-udruga", "oib": "73523486131", "status": "AKTIVAN", "category": "glazba", "address": "Obala Stjepana Radića 103, Komin", "city": "Komin", "settlement": "Komin", "municipality": "Ploče", "county": "Dubrovačko-neretvanska", "postal_code": "20344", "geo_source": "dgu-adresa", "diocese": "Splitsko-makarska Nadbiskupija", "diocese_source": "derivirano-crkve.domovina.ai", "email": "hkzmi.komin@gmail.com", "website": "https://zupakomin.hr", "phone_e164": "+385915716656", "president": "Drago Aničić", "president_role": "Dopredsjednik", "founded_at": "2019-07-22", "registered_at": "2019-09-05", "catholic_confidence": "visoka", "catholic_score": 10.5, "source": ["datagovhr:registar-udruga"], "category_label": "Zborovi i crkvena glazba", "active": 1}}, {"type": "Feature", "geometry": {"type": "Point", "coordinates": [16.048174, 45.808196]}, "properties": {"id": 836, "slug": "krscanski-poslovni-klub-zagreb-8906", "name": "KRŠĆANSKI POSLOVNI KLUB", "display_name": "Kršćanski Poslovni Klub", "short_name": "KPK", "registry": "registar-udruga", "oib": "91995058906", "status": "AKTIVAN", "category": "sport", "address": "Porečka ulica 2B, Zagreb", "city": "Zagreb", "settlement": "Zagreb", "municipality": "Grad Zagreb", "county": "Grad Zagreb", "postal_code": "10135", "geo_source": "dgu-adresa", "diocese": "Zagrebačka Nadbiskupija", "diocese_source": "derivirano-crkve.domovina.ai", "email": "kresimir.prevendar@gmail.com", "phone_e164": "+385995554411", "president": "Krešimir Prevendar", "president_role": "Predsjednik", "founded_at": "2017-12-13", "registered_at": "2018-03-07", "catholic_confidence": "srednja", "catholic_score": 9.5, "source": ["datagovhr:registar-udruga"], "category_label": "Sport i rekreacija", "active": 1}}, {"type": "Feature", "geometry": {"type": "Point", "coordinates": [15.892187, 45.799109]}, "properties": {"id": 837, "slug": "udruga-blago-nepropadljivo-zagreb-1797", "name": "UDRUGA BLAGO NEPROPADLJIVO", "display_name": "Udruga Blago Nepropadljivo", "registry": "registar-udruga", "oib": "11075891797", "status": "AKTIVAN", "category": "glazba", "address": "MILANA REŠETARA 26, Zagreb", "city": "Zagreb", "settlement": "Zagreb", "municipality": "Grad Zagreb", "county": "Grad Zagreb", "postal_code": "10147", "geo_source": "dgu-adresa", "diocese": "Zagrebačka Nadbiskupija", "diocese_source": "derivirano-crkve.domovina.ai", "email": "lukarojc@yahoo.com", "phone_e164": "+38513385869", "president": "Dubravka Rojc", "president_role": "Dopredsjednica", "founded_at": "2018-02-10", "registered_at": "2018-04-09", "catholic_confidence": "srednja", "catholic_score": 7.0, "source": ["datagovhr:registar-udruga"], "category_label": "Zborovi i crkvena glazba", "active": 1}}, {"type": "Feature", "geometry": {"type": "Point", "coordinates": [15.977893, 45.831873]}, "properties": {"id": 842, "slug": "ekumenski-volonterski-palijativni-tim-zagreb-3822", "name": "EKUMENSKI VOLONTERSKI PALIJATIVNI TIM", "display_name": "Ekumenski Volonterski Palijativni Tim", "short_name": "EVPT", "registry": "registar-udruga", "oib": "06668783822", "status": "BRISAN", "category": "karitativna", "address": "MATETIĆ-RONJGOVLJEVA 22, Zagreb", "city": "Zagreb", "settlement": "Zagreb", "municipality": "Grad Zagreb", "county": "Grad Zagreb", "geo_source": "naselje-teziste", "diocese": "Zagrebačka Nadbiskupija", "diocese_source": "derivirano-crkve.domovina.ai", "email": "anmid.59@gmail.com", "phone_e164": "+385911581210", "president": "Antun Midžić", "president_role": "Predsjednik", "founded_at": "2019-02-13", "registered_at": "2019-03-19", "catholic_confidence": "srednja", "catholic_score": 5.0, "source": ["datagovhr:registar-udruga"], "category_label": "Karitativne i humanitarne", "active": 0}}, {"type": "Feature", "geometry": {"type": "Point", "coordinates": [15.939804, 45.789752]}, "properties": {"id": 843, "slug": "humanitarna-udruga-sveta-tri-kralja-u-likvidaciji-zagreb-5574", "name": "HUMANITARNA UDRUGA \"SVETA TRI KRALJA\" U LIKVIDACIJI", "display_name": "Humanitarna Udruga \"Sveta Tri Kralja\" u Likvidaciji", "short_name": "UDRUGA SVETA TRI KRALJA", "registry": "registar-udruga", "oib": "27469065574", "status": "PRESTANAK DJELOVANJA", "category": "karitativna", "address": "Ulica majstora Radovana 12, Zagreb", "city": "Zagreb", "settlement": "Zagreb", "municipality": "Grad Zagreb", "county": "Grad Zagreb", "postal_code": "10110", "geo_source": "dgu-adresa", "diocese": "Zagrebačka Nadbiskupija", "diocese_source": "derivirano-crkve.domovina.ai", "email": "kresimir.kajin@gmail.com", "phone_e164": "+385958619875", "president": "Krešimir Kajin", "president_role": "Predsjednik", "founded_at": "2019-01-24", "registered_at": "2019-03-26", "catholic_confidence": "srednja", "catholic_score": 4.0, "source": ["datagovhr:registar-udruga"], "category_label": "Karitativne i humanitarne", "active": 0}}, {"type": "Feature", "geometry": {"type": "Point", "coordinates": [15.698687, 46.217433]}, "properties": {"id": 846, "slug": "drustvo-hrvatska-zena-hum-na-sutli-pregrada-desinic-5237", "name": "DRUŠTVO \" HRVATSKA ŽENA \" - HUM NA SUTLI, PREGRADA, DESINIĆ", "display_name": "Društvo \" Hrvatska Žena \" - Hum na Sutli, Pregrada, Desinić", "registry": "registar-udruga", "oib": "27729595237", "status": "BRISAN", "category": "karitativna", "address": "Hum na Sutli 175, Hum Na Sutli", "city": "Hum Na Sutli", "settlement": "Hum na Sutli", "municipality": "Hum na Sutli", "county": "Krapinsko-zagorska", "geo_source": "naselje-teziste", "diocese": "Zagrebačka Nadbiskupija", "diocese_source": "derivirano-crkve.domovina.ai", "phone_e164": "+38549340731", "president": "Sabina Čuček", "president_role": "Predsjednica", "founded_at": "2018-05-13", "registered_at": "2018-06-07", "catholic_confidence": "srednja", "catholic_score": 7.0, "source": ["datagovhr:registar-udruga"], "category_label": "Karitativne i humanitarne", "active": 0}}, {"type": "Feature", "geometry": {"type": "Point", "coordinates": [15.94781, 45.763284]}, "properties": {"id": 847, "slug": "prilika-za-hod-zagreb-8774", "name": "PRILIKA ZA HOD", "display_name": "Prilika za Hod", "registry": "registar-udruga", "oib": "77546898774", "status": "AKTIVAN", "category": "pokret", "address": "Ulica dr. Luje Naletilića 13I, Zagreb", "city": "Zagreb", "settlement": "Zagreb", "municipality": "Grad Zagreb", "county": "Grad Zagreb", "postal_code": "10020", "geo_source": "dgu-adresa", "diocese": "Zagrebačka Nadbiskupija", "diocese_source": "derivirano-crkve.domovina.ai", "email": "chanceforwalk@gmail.com", "phone_e164": "+385959193387", "president": "Marijeta Martić", "president_role": "Predsjednik", "founded_at": "2019-02-19", "registered_at": "2019-04-10", "catholic_confidence": "srednja", "catholic_score": 5.5, "source": ["datagovhr:registar-udruga"], "category_label": "Pokreti i laičke zajednice", "active": 1}}, {"type": "Feature", "geometry": {"type": "Point", "coordinates": [15.967395, 45.827726]}, "properties": {"id": 848, "slug": "sijede-vrijede-zagreb-8474", "name": "SIJEDE VRIJEDE", "display_name": "Sijede Vrijede", "registry": "registar-udruga", "oib": "29990518474", "status": "AKTIVAN", "category": "molitvena", "address": "Kraljevec 3, Zagreb", "city": "Zagreb", "settlement": "Zagreb", "municipality": "Grad Zagreb", "county": "Grad Zagreb", "postal_code": "10163", "geo_source": "dgu-ulica-fuzzy", "diocese": "Zagrebačka Nadbiskupija", "diocese_source": "derivirano-crkve.domovina.ai", "email": "ivobulas51@gmail.com", "phone_e164": "+385913136988", "president": "Ivo Bulaš", "president_role": "Predsjednik", "founded_at": "2019-05-13", "registered_at": "2019-05-27", "catholic_confidence": "srednja", "catholic_score": 4.5, "source": ["datagovhr:registar-udruga"], "category_label": "Molitvene zajednice", "active": 1}}, {"type": "Feature", "geometry": {"type": "Point", "coordinates": [16.312335, 45.444083]}, "properties": {"id": 849, "slug": "zivot-vjere-udruga-za-promicanje-kvalitete-zivota-i-duhovnosti-petrinja-0660", "name": "ŽIVOT VJERE-UDRUGA ZA PROMICANJE KVALITETE ŽIVOTA I DUHOVNOSTI", "display_name": "Život Vjere-udruga za Promicanje Kvalitete Života i Duhovnosti", "short_name": "ŽIVOT VJERE", "registry": "registar-udruga", "oib": "71955650660", "status": "AKTIVAN", "category": "karitativna", "address": "Sisačka ulica 88, Petrinja", "city": "Petrinja", "settlement": "Petrinja", "municipality": "Petrinja", "county": "Sisačko-moslavačka", "postal_code": "44250", "geo_source": "dgu-adresa", "diocese": "Sisačka Biskupija", "diocese_source": "derivirano-crkve.domovina.ai", "email": "zastitar2010@gmail.com", "phone_e164": "+385955152317", "president": "Rado Šimić", "president_role": "Predsjednik Udruge", "founded_at": "2018-06-21", "registered_at": "2018-07-23", "catholic_confidence": "srednja", "catholic_score": 5.5, "source": ["datagovhr:registar-udruga"], "category_label": "Karitativne i humanitarne", "active": 1}}, {"type": "Feature", "geometry": {"type": "Point", "coordinates": [15.913624, 45.78843]}, "properties": {"id": 853, "slug": "etno-nova-zagreb-2238", "name": "ETNO NOVA", "display_name": "Etno Nova", "registry": "registar-udruga", "oib": "41488522238", "status": "AKTIVAN", "category": "molitvena", "address": "Palinovečka ulica 43, Zagreb", "city": "Zagreb", "settlement": "Zagreb", "municipality": "Grad Zagreb", "county": "Grad Zagreb", "postal_code": "10104", "geo_source": "dgu-adresa", "diocese": "Zagrebačka Nadbiskupija", "diocese_source": "derivirano-crkve.domovina.ai", "email": "vanja.bule@cbnbalkan.org", "phone_e164": "+385957421222", "president": "Edina Hajder", "president_role": "Dopredsjednica", "founded_at": "2018-06-07", "registered_at": "2018-09-05", "catholic_confidence": "srednja", "catholic_score": 7.0, "source": ["datagovhr:registar-udruga"], "category_label": "Molitvene zajednice", "active": 1}}, {"type": "Feature", "geometry": {"type": "Point", "coordinates": [16.077312, 43.962255]}, "properties": {"id": 854, "slug": "cuvari-kristova-groba-promina-oklaj-0528", "name": "ČUVARI KRISTOVA GROBA PROMINA", "display_name": "Čuvari Kristova Groba Promina", "short_name": "Č.K.G.P.", "registry": "registar-udruga", "oib": "94517410528", "status": "AKTIVAN", "category": "kultura", "address": "Put kroz Oklaj 129, Oklaj", "city": "Oklaj", "settlement": "Oklaj", "municipality": "Promina", "county": "Šibensko-kninska", "postal_code": "22303", "geo_source": "dgu-adresa", "diocese": "Šibenska Biskupija", "diocese_source": "derivirano-crkve.domovina.ai", "email": "jakovljevic9751@gmail.com", "phone_e164": "+385958063209", "president": "Ante Knežević", "president_role": "Dopredsjednik Udruge", "founded_at": "2018-05-05", "registered_at": "2018-09-27", "catholic_confidence": "srednja", "catholic_score": 5.5, "source": ["datagovhr:registar-udruga"], "category_label": "Kultura i baština", "active": 1}}, {"type": "Feature", "geometry": {"type": "Point", "coordinates": [15.797851, 45.738993]}, "properties": {"id": 855, "slug": "odred-izvidaca-okic-rakov-potok-9017", "name": "ODRED IZVIĐAČA \"OKIĆ\"", "display_name": "Odred Izviđača \"Okić\"", "short_name": "O.I. \"OKIĆ\"", "registry": "registar-udruga", "oib": "84026779017", "status": "AKTIVAN", "category": "molitvena", "address": "Karlovačka cesta 118, Rakov Potok", "city": "Rakov Potok", "settlement": "Rakov Potok", "municipality": "Samobor", "county": "Zagrebačka", "postal_code": "10436", "geo_source": "dgu-adresa", "diocese": "Zagrebačka Nadbiskupija", "diocese_source": "derivirano-crkve.domovina.ai", "email": "info@oiokic.hr", "website": "https://www.oiokic.org", "phone_e164": "+385914049777", "president": "Martina Jaklenec", "president_role": "Predsjednica Odreda", "founded_at": "2018-09-14", "registered_at": "2018-10-04", "catholic_confidence": "srednja", "catholic_score": 4.0, "source": ["datagovhr:registar-udruga"], "category_label": "Molitvene zajednice", "active": 1}}, {"type": "Feature", "geometry": {"type": "Point", "coordinates": [16.548998, 43.601841]}, "properties": {"id": 856, "slug": "hrvatska-udruga-katolickih-skautica-i-skauta-europe-koprivno-6971", "name": "Hrvatska Udruga Katoličkih Skautica i Skauta Europe", "display_name": "Hrvatska Udruga Katoličkih Skautica i Skauta Europe", "short_name": "Skauti Europe", "registry": "registar-udruga", "oib": "45712356971", "status": "AKTIVAN", "category": "molitvena", "address": "Svih Svetih  9, Koprivno", "city": "Koprivno", "settlement": "Koprivno", "municipality": "Dugopolje", "county": "Splitsko-dalmatinska", "postal_code": "21204", "geo_source": "dgu-adresa", "diocese": "Splitsko-makarska Nadbiskupija", "diocese_source": "derivirano-crkve.domovina.ai", "email": "skautieurope@gmail.com", "phone_e164": "+385996651391", "president": "Marko Stipanović", "president_role": "Predsjednik Udruge", "founded_at": "2019-11-01", "registered_at": "2019-12-12", "catholic_confidence": "visoka", "catholic_score": 7.5, "source": ["datagovhr:registar-udruga"], "category_label": "Molitvene zajednice", "active": 1}}, {"type": "Feature", "geometry": {"type": "Point", "coordinates": [15.803153, 45.860317]}, "properties": {"id": 860, "slug": "udruga-kultura-religija-za-humanost-i-mir-zapresic-0536", "name": "UDRUGA \"KULTURA RELIGIJA ZA HUMANOST I MIR\"", "display_name": "Udruga \"Kultura Religija za Humanost i Mir\"", "registry": "registar-udruga", "oib": "82305460536", "status": "AKTIVAN", "category": "kultura", "address": "Pavla Štosa 2, Zaprešić", "city": "Zaprešić", "settlement": "Zaprešić", "municipality": "Zaprešić", "county": "Zagrebačka", "postal_code": "10290", "geo_source": "dgu-adresa", "diocese": "Zagrebačka Nadbiskupija", "diocese_source": "derivirano-crkve.domovina.ai", "email": "info@robertomarchetti.com", "president": "Angelino Rojch", "president_role": "Predsjednik", "founded_at": "2018-12-15", "registered_at": "2019-02-01", "catholic_confidence": "srednja", "catholic_score": 6.0, "source": ["datagovhr:registar-udruga"], "category_label": "Kultura i baština", "active": 1}}, {"type": "Feature", "geometry": {"type": "Point", "coordinates": [18.721774, 45.556676]}, "properties": {"id": 861, "slug": "institut-za-studij-krscanskog-ucenistva-i-svjetonazora-osijek-7320", "name": "INSTITUT ZA STUDIJ KRŠĆANSKOG UČENIŠTVA I SVJETONAZORA", "display_name": "Institut za Studij Kršćanskog Učeništva i Svjetonazora", "short_name": "ISKUS", "registry": "registar-udruga", "oib": "25407297320", "status": "AKTIVAN", "category": "molitvena", "address": "Cvjetkova ulica 32, Osijek", "city": "Osijek", "settlement": "Osijek", "municipality": "Osijek", "county": "Osječko-baranjska", "postal_code": "31000", "geo_source": "dgu-adresa", "diocese": "Đakovačko-osječka Nadbiskupija", "diocese_source": "derivirano-crkve.domovina.ai", "email": "lustigs2@gmail.com", "phone_e164": "+385912241418", "president": "Gregory Scott Thellman", "president_role": "Predsjednik Udruge", "founded_at": "2019-01-26", "registered_at": "2019-03-01", "catholic_confidence": "srednja", "catholic_score": 4.5, "source": ["datagovhr:registar-udruga"], "category_label": "Molitvene zajednice", "active": 1}}, {"type": "Feature", "geometry": {"type": "Point", "coordinates": [16.435539, 43.513989]}, "properties": {"id": 862, "slug": "udruga-studenata-teologije-stridon-split-7335", "name": "Udruga studenata teologije Stridon", "display_name": "Udruga studenata teologije Stridon", "short_name": "UST Stridon", "registry": "registar-udruga", "oib": "48277357335", "status": "AKTIVAN", "category": "mladi", "address": "Zrinsko-frankopanska 19, Split", "city": "Split", "settlement": "Split", "municipality": "Split", "county": "Splitsko-dalmatinska", "postal_code": "21000", "geo_source": "dgu-ulica-fuzzy", "diocese": "Splitsko-makarska Nadbiskupija", "diocese_source": "derivirano-crkve.domovina.ai", "email": "ust.stridon@gmail.com", "president": "Marko Obradović", "president_role": "Dopredsjednik", "founded_at": "2018-12-14", "registered_at": "2019-04-09", "catholic_confidence": "srednja", "catholic_score": 7.5, "source": ["datagovhr:registar-udruga"], "category_label": "Mladi i studenti", "active": 1}}, {"type": "Feature", "geometry": {"type": "Point", "coordinates": [16.697593, 43.32028]}, "properties": {"id": 864, "slug": "udruzenje-vjernika-zupe-sv-antuna-opata-praznica-9913", "name": "Udruženje vjernika Župe sv. Antuna opata", "display_name": "Udruženje vjernika Župe sv. Antuna opata", "short_name": "Bratimstvo", "registry": "registar-udruga", "oib": "32618369913", "status": "AKTIVAN", "category": "zupna", "address": "Pražnica  45, Pražnica", "city": "Pražnica", "settlement": "Pražnica", "municipality": "Pučišća", "county": "Splitsko-dalmatinska", "postal_code": "21424", "geo_source": "dgu-adresa", "diocese": "Hvarska Biskupija", "diocese_source": "derivirano-crkve.domovina.ai", "president": "Marino Arbunić", "president_role": "Predsjednik", "founded_at": "2017-12-01", "registered_at": "2018-03-21", "catholic_confidence": "visoka", "catholic_score": 16.0, "source": ["datagovhr:registar-udruga"], "category_label": "Župne udruge", "active": 1}}, {"type": "Feature", "geometry": {"type": "Point", "coordinates": [16.118668, 46.005135]}, "properties": {"id": 865, "slug": "udruga-hrvatskih-branitelja-marija-bistrica-3886", "name": "UDRUGA HRVATSKIH BRANITELJA MARIJA BISTRICA", "display_name": "Udruga Hrvatskih Branitelja Marija Bistrica", "short_name": "UHBMB", "registry": "registar-udruga", "oib": "42925613886", "status": "AKTIVAN", "category": "pokret", "address": "Trg Pape Ivana Pavla II 34, Marija Bistrica", "city": "Marija Bistrica", "settlement": "Marija Bistrica", "municipality": "Marija Bistrica", "county": "Krapinsko-zagorska", "postal_code": "49246", "geo_source": "dgu-adresa", "diocese": "Zagrebačka Nadbiskupija", "diocese_source": "derivirano-crkve.domovina.ai", "email": "uhbmn18@gmail.com", "phone_e164": "+385993396388", "president": "Dubravko Bukvić", "president_role": "Predsjednik", "founded_at": "2018-05-26", "registered_at": "2018-07-03", "catholic_confidence": "srednja", "catholic_score": 5.5, "source": ["datagovhr:registar-udruga"], "category_label": "Pokreti i laičke zajednice", "active": 1}}, {"type": "Feature", "geometry": {"type": "Point", "coordinates": [18.110454, 42.641591]}, "properties": {"id": 866, "slug": "zdrug-katolickih-skauta-dubrovacke-biskupije-dubrovnik-8449", "name": "Zdrug katoličkih skauta Dubrovačke biskupije", "display_name": "Zdrug katoličkih skauta Dubrovačke biskupije", "short_name": "Zdrug", "registry": "registar-udruga", "oib": "00550178449", "status": "BRISAN", "category": "hodocasnicka", "address": "Kovačka 8, Dubrovnik", "city": "Dubrovnik", "settlement": "Dubrovnik", "municipality": "Dubrovnik", "county": "Dubrovačko-neretvanska", "postal_code": "20000", "geo_source": "dgu-adresa", "diocese": "Dubrovačka Biskupija - Dioecesis Ragusina", "diocese_source": "derivirano-crkve.domovina.ai", "email": "info@vrbi-interijeri.com", "phone_e164": "+38598680680", "president": "Vanda Kljunak", "president_role": "Predsjednik", "founded_at": "2017-10-02", "registered_at": "2017-11-23", "catholic_confidence": "visoka", "catholic_score": 12.0, "source": ["datagovhr:registar-udruga"], "category_label": "Hodočašća", "active": 0}}, {"type": "Feature", "geometry": {"type": "Point", "coordinates": [16.314703, 43.780259]}, "properties": {"id": 867, "slug": "mjesovita-pjevacka-skupina-zupa-kljaci-kljake-9106", "name": "MJEŠOVITA PJEVAČKA SKUPINA \"ŽUPA KLJACI\"", "display_name": "Mješovita Pjevačka Skupina \"Župa Kljaci\"", "short_name": "MPS \"ŽUPA KLJACI\"", "registry": "registar-udruga", "oib": "09771869106", "status": "AKTIVAN", "category": "glazba", "address": "Brkovići 8, Kljake", "city": "Kljake", "settlement": "Kljake", "municipality": "Ružić", "county": "Šibensko-kninska", "postal_code": "22322", "geo_source": "dgu-adresa", "diocese": "Šibenska Biskupija", "diocese_source": "derivirano-crkve.domovina.ai", "phone_e164": "+385993477719", "president": "Slobodan Brković", "president_role": "Predsjednik Udruge", "founded_at": "2017-10-06", "registered_at": "2017-12-05", "catholic_confidence": "srednja", "catholic_score": 4.0, "source": ["datagovhr:registar-udruga"], "category_label": "Zborovi i crkvena glazba", "active": 1}}, {"type": "Feature", "geometry": {"type": "Point", "coordinates": [15.782092, 44.548253]}, "properties": {"id": 868, "slug": "udruga-svehrvatski-grob-groblje-mira-udbina-4006", "name": "UDRUGA SVEHRVATSKI GROB - GROBLJE MIRA", "display_name": "Udruga Svehrvatski Grob - Groblje Mira", "short_name": "SVEHRVATSKI GROB", "registry": "registar-udruga", "oib": "98973774006", "status": "AKTIVAN", "category": "hodocasnicka", "address": "Trg Sv. Nikole 6, Udbina", "city": "Udbina", "settlement": "Udbina", "municipality": "Udbina", "county": "Ličko-senjska", "geo_source": "naselje-teziste", "diocese": "Gospićko-senjska Biskupija", "diocese_source": "derivirano-crkve.domovina.ai", "president": "Ante Beljo", "president_role": "Predsjednik", "founded_at": "2017-12-16", "registered_at": "2018-01-17", "catholic_confidence": "srednja", "catholic_score": 4.5, "source": ["datagovhr:registar-udruga"], "category_label": "Hodočašća", "active": 1}}, {"type": "Feature", "geometry": {"type": "Point", "coordinates": [18.686049, 45.558477]}, "properties": {"id": 869, "slug": "studentski-katolicki-centar-osijek-3826", "name": "STUDENTSKI KATOLIČKI CENTAR OSIJEK", "display_name": "Studentski Katolički Centar Osijek", "short_name": "SKAC OS", "registry": "registar-udruga", "oib": "26020283826", "status": "AKTIVAN", "category": "mladi", "address": "Ulica Alojzija Stepinca  27, Osijek", "city": "Osijek", "settlement": "Osijek", "municipality": "Osijek", "county": "Osječko-baranjska", "postal_code": "31000", "geo_source": "dgu-adresa", "diocese": "Đakovačko-osječka Nadbiskupija", "diocese_source": "derivirano-crkve.domovina.ai", "email": "skac.osijek@gmail.com", "website": "https://skacos.hr", "phone_e164": "+385995904022", "president": "Domagoj Galić", "president_role": "Dopredsjednik", "founded_at": "2018-01-20", "registered_at": "2018-03-14", "catholic_confidence": "visoka", "catholic_score": 12.0, "source": ["datagovhr:registar-udruga"], "category_label": "Mladi i studenti", "active": 1}}, {"type": "Feature", "geometry": {"type": "Point", "coordinates": [14.309775, 45.339239]}, "properties": {"id": 870, "slug": "ufoneuno-opatija-3756", "name": "UFONEUNO", "display_name": "Ufoneuno", "registry": "registar-udruga", "oib": "04289273756", "status": "AKTIVAN", "category": "glazba", "address": "Maršala Tita 69, Opatija", "city": "Opatija", "settlement": "Opatija", "municipality": "Opatija", "county": "Primorsko-goranska", "postal_code": "51410", "geo_source": "dgu-adresa", "diocese": "Riječka Nadbiskupija", "diocese_source": "derivirano-crkve.domovina.ai", "president": "Anton Brnečić", "president_role": "Podpredsjednik", "founded_at": "2018-01-08", "registered_at": "2018-02-27", "catholic_confidence": "srednja", "catholic_score": 4.5, "source": ["datagovhr:registar-udruga"], "category_label": "Zborovi i crkvena glazba", "active": 1}}, {"type": "Feature", "geometry": {"type": "Point", "coordinates": [17.16827, 43.017715]}, "properties": {"id": 871, "slug": "katolicka-udruga-sv-ante-duba-peljeska-4597", "name": "Katolička udruga Sv. Ante", "display_name": "Katolička udruga Sv. Ante", "registry": "registar-udruga", "oib": "87320104597", "status": "AKTIVAN", "category": "karitativna", "address": "Duba Pelješka 77, Duba Pelješka", "city": "Duba Pelješka", "settlement": "Duba Pelješka", "municipality": "Trpanj", "county": "Dubrovačko-neretvanska", "postal_code": "20250", "geo_source": "dgu-adresa", "diocese": "Dubrovačka Biskupija - Dioecesis Ragusina", "diocese_source": "derivirano-crkve.domovina.ai", "email": "ante@acprojekt.hr", "phone_e164": "+385915262865", "president": "Ivo Žegura", "president_role": "Predsjednik", "founded_at": "2018-03-11", "registered_at": "2018-04-11", "catholic_confidence": "visoka", "catholic_score": 12.5, "source": ["datagovhr:registar-udruga"], "category_label": "Karitativne i humanitarne", "active": 1}}, {"type": "Feature", "geometry": {"type": "Point", "coordinates": [17.647493, 43.049271]}, "properties": {"id": 872, "slug": "zudije-zupe-svetog-ilije-proroka-metkovic-5393", "name": "Žudije Župe Svetog Ilije Proroka Metković", "display_name": "Žudije Župe Svetog Ilije Proroka Metković", "short_name": "Žudije Sv. ILije Metković", "registry": "registar-udruga", "oib": "27624855393", "status": "AKTIVAN", "category": "zupna", "address": "Mobine 7, Metković", "city": "Metković", "settlement": "Metković", "municipality": "Metković", "county": "Dubrovačko-neretvanska", "postal_code": "20350", "geo_source": "dgu-adresa", "diocese": "Splitsko-makarska Nadbiskupija", "diocese_source": "derivirano-crkve.domovina.ai", "email": "luka.mobine@gmail.com", "phone_e164": "+385955381058", "president": "Jere Brozović", "president_role": "Predsjednik", "founded_at": "2018-03-18", "registered_at": "2018-04-12", "catholic_confidence": "visoka", "catholic_score": 10.0, "source": ["datagovhr:registar-udruga"], "category_label": "Župne udruge", "active": 1}}, {"type": "Feature", "geometry": {"type": "Point", "coordinates": [15.992585, 45.831052]}, "properties": {"id": 873, "slug": "u-dobroj-vjeri-zagreb-8974", "name": "\"U DOBROJ VJERI\"", "display_name": "\"U Dobroj Vjeri\"", "registry": "registar-udruga", "oib": "31203268974", "status": "AKTIVAN", "category": "karitativna", "address": "Lašćinska cesta 133A, Zagreb", "city": "Zagreb", "settlement": "Zagreb", "municipality": "Grad Zagreb", "county": "Grad Zagreb", "postal_code": "10123", "geo_source": "dgu-adresa", "diocese": "Zagrebačka Nadbiskupija", "diocese_source": "derivirano-crkve.domovina.ai", "email": "u.dobroj.vjeri@gmail.com", "website": "https://www.inbonafide.org", "phone_e164": "+385995585712", "president": "Andrej Bukovac-Mimica", "president_role": "Zamjenik Izvršne Direktorice", "founded_at": "2018-06-06", "registered_at": "2018-08-22", "catholic_confidence": "srednja", "catholic_score": 5.5, "source": ["datagovhr:registar-udruga"], "category_label": "Karitativne i humanitarne", "active": 1}}, {"type": "Feature", "geometry": {"type": "Point", "coordinates": [13.578856, 45.434994]}, "properties": {"id": 874, "slug": "udruga-zivot-s-biblijom-vilanija-villania-7696", "name": "UDRUGA \"ŽIVOT S BIBLIJOM\"", "display_name": "Udruga \"Život s Biblijom\"", "registry": "registar-udruga", "oib": "01095737696", "status": "AKTIVAN", "category": "glazba", "address": "Jadranska ulica 4, Vilanija - Villania", "city": "Vilanija - Villania", "settlement": "Vilanija - Villania", "municipality": "Umag - Umago", "county": "Istarska", "postal_code": "52470", "geo_source": "dgu-adresa", "diocese": "Biskupija Porečka i Pulska", "diocese_source": "derivirano-crkve.domovina.ai", "phone_e164": "+38598264805", "president": "Ivan Sever", "president_role": "Zamjenik Predsjednika", "founded_at": "2018-09-28", "registered_at": "2018-11-15", "catholic_confidence": "srednja", "catholic_score": 4.5, "source": ["datagovhr:registar-udruga"], "category_label": "Zborovi i crkvena glazba", "active": 1}}, {"type": "Feature", "geometry": {"type": "Point", "coordinates": [14.367981, 45.359963]}, "properties": {"id": 875, "slug": "medunarodno-biblijsko-drustvo-rijeka-8848", "name": "\"MEĐUNARODNO BIBLIJSKO DRUŠTVO\"", "display_name": "\"Međunarodno Biblijsko Društvo\"", "registry": "registar-udruga", "oib": "65634358848", "status": "BRISAN", "category": "glazba", "address": "Kurirski put 25, Rijeka", "city": "Rijeka", "settlement": "Rijeka", "municipality": "Rijeka", "county": "Primorsko-goranska", "postal_code": "51000", "geo_source": "dgu-adresa", "diocese": "Riječka Nadbiskupija", "diocese_source": "derivirano-crkve.domovina.ai", "email": "haliusva@gmail.com", "phone_e164": "+385955430677", "president": "Chanshin Samuel Park", "president_role": "Predsjednik", "founded_at": "2018-02-16", "registered_at": "2018-09-12", "catholic_confidence": "srednja", "catholic_score": 6.0, "source": ["datagovhr:registar-udruga"], "category_label": "Zborovi i crkvena glazba", "active": 0}}, {"type": "Feature", "geometry": {"type": "Point", "coordinates": [16.022126, 45.81276]}, "properties": {"id": 876, "slug": "udruga-neovisnog-krscanskog-i-ratnickog-viteskog-reda-templara-od-samarije-veliki-priorat-zagreb-3463", "name": "UDRUGA NEOVISNOG KRŠĆANSKOG I RATNIČKOG VITEŠKOG REDA TEMPLARA OD SAMARIJE - VELIKI PRIORAT", "display_name": "Udruga Neovisnog Kršćanskog i Ratničkog Viteškog Reda Templara od Samarije - Veliki Priorat", "short_name": "UDRUGA VITEŠKOG REDA TEMPLARA OD SAMARIJE", "registry": "registar-udruga", "oib": "28637313463", "status": "AKTIVAN", "category": "mediji", "address": "ULICA ANTE JAKŠIĆA 8, Zagreb", "city": "Zagreb", "settlement": "Zagreb", "municipality": "Grad Zagreb", "county": "Grad Zagreb", "postal_code": "10135", "geo_source": "dgu-adresa", "diocese": "Zagrebačka Nadbiskupija", "diocese_source": "derivirano-crkve.domovina.ai", "president": "Miran Škerl", "president_role": "Predsjednik", "founded_at": "2019-09-14", "registered_at": "2019-10-25", "catholic_confidence": "srednja", "catholic_score": 7.0, "source": ["datagovhr:registar-udruga"], "category_label": "Mediji i nakladništvo", "active": 1}}, {"type": "Feature", "geometry": {"type": "Point", "coordinates": [16.453918, 43.504557]}, "properties": {"id": 877, "slug": "udruga-za-djecu-s-posebnim-potrebama-sudamja-split-4633", "name": "UDRUGA  ZA DJECU S POSEBNIM POTREBAMA  SUDAMJA", "display_name": "Udruga za Djecu s Posebnim Potrebama Sudamja", "short_name": "SUDAMJA", "registry": "registar-udruga", "oib": "70432554633", "status": "AKTIVAN", "category": "mladi", "address": "POLJIČKA CESTA  2, Split", "city": "Split", "settlement": "Split", "municipality": "Split", "county": "Splitsko-dalmatinska", "postal_code": "21000", "geo_source": "dgu-adresa", "diocese": "Splitsko-makarska Nadbiskupija", "diocese_source": "derivirano-crkve.domovina.ai", "email": "udrugasudamja@gmail.com", "website": "https://www.sudamja.hr", "phone_e164": "+385913889900", "president": "Željan Udovičić", "president_role": "Predsjednik Udruge", "founded_at": "2018-08-25", "registered_at": "2018-10-02", "catholic_confidence": "srednja", "catholic_score": 4.5, "source": ["datagovhr:registar-udruga"], "category_label": "Mladi i studenti", "active": 1}}, {"type": "Feature", "geometry": {"type": "Point", "coordinates": [16.440759, 43.508549]}, "properties": {"id": 878, "slug": "volonteri-filipa-nerija-split-5047", "name": "Volonteri Filipa Nerija", "display_name": "Volonteri Filipa Nerija", "registry": "registar-udruga", "oib": "15705015047", "status": "AKTIVAN", "category": "karitativna", "address": "Poljana Grgura Ninskog 5, Split", "city": "Split", "settlement": "Split", "municipality": "Split", "county": "Splitsko-dalmatinska", "postal_code": "21000", "geo_source": "dgu-adresa", "diocese": "Splitsko-makarska Nadbiskupija", "diocese_source": "derivirano-crkve.domovina.ai", "email": "volonteri.filipa.nerija@gmail.com", "phone_e164": "+38521781122", "president": "Magda Kaliterna", "president_role": "Predsjednica Udruge", "founded_at": "2018-12-15", "registered_at": "2019-01-25", "catholic_confidence": "srednja", "catholic_score": 7.5, "source": ["datagovhr:registar-udruga"], "category_label": "Karitativne i humanitarne", "active": 1}}, {"type": "Feature", "geometry": {"type": "Point", "coordinates": [18.687547, 45.543346]}, "properties": {"id": 879, "slug": "humanitarna-udruga-milost-osijek-9599", "name": "HUMANITARNA UDRUGA MILOST", "display_name": "Humanitarna Udruga Milost", "short_name": "HUM", "registry": "registar-udruga", "oib": "97184309599", "status": "BRISAN", "category": "karitativna", "address": "Čvrsnička 2, Osijek", "city": "Osijek", "settlement": "Osijek", "municipality": "Osijek", "county": "Osječko-baranjska", "geo_source": "naselje-teziste", "diocese": "Đakovačko-osječka Nadbiskupija", "diocese_source": "derivirano-crkve.domovina.ai", "email": "hum.udruga.milost@gmail.com", "phone_e164": "+38531311400", "president": "Ivana Greif", "president_role": "Dopredsjednica", "founded_at": "2018-11-29", "registered_at": "2018-12-17", "catholic_confidence": "srednja", "catholic_score": 4.0, "source": ["datagovhr:registar-udruga"], "category_label": "Karitativne i humanitarne", "active": 0}}, {"type": "Feature", "geometry": {"type": "Point", "coordinates": [15.935862, 45.75647]}, "properties": {"id": 881, "slug": "nanovo-rodeni-zagreb-7318", "name": "NANOVO ROĐENI", "display_name": "Nanovo Rođeni", "short_name": "NR", "registry": "registar-udruga", "oib": "31315767318", "status": "AKTIVAN", "category": "mladi", "address": "Ulica Petrice Kerempuha 1, Zagreb", "city": "Zagreb", "settlement": "Zagreb", "municipality": "Grad Zagreb", "county": "Grad Zagreb", "postal_code": "10020", "geo_source": "dgu-adresa", "diocese": "Zagrebačka Nadbiskupija", "diocese_source": "derivirano-crkve.domovina.ai", "email": "josipbilandzija@hotmail.com", "phone_e164": "+385996990877", "president": "Josip Bilandžija", "president_role": "Zamjenik Predsjednika", "founded_at": "2018-10-20", "registered_at": "2018-12-24", "catholic_confidence": "srednja", "catholic_score": 4.0, "source": ["datagovhr:registar-udruga"], "category_label": "Mladi i studenti", "active": 1}}, {"type": "Feature", "geometry": {"type": "Point", "coordinates": [14.402639, 45.341483]}, "properties": {"id": 882, "slug": "udruga-malaika-rijeka-7584", "name": "UDRUGA MALAIKA", "display_name": "Udruga Malaika", "short_name": "MALAIKA", "registry": "registar-udruga", "oib": "63613287584", "status": "BRISAN", "category": "glazba", "address": "Simonettieva 7, Rijeka", "city": "Rijeka", "settlement": "Rijeka", "municipality": "Rijeka", "county": "Primorsko-goranska", "postal_code": "51000", "geo_source": "dgu-adresa", "diocese": "Riječka Nadbiskupija", "diocese_source": "derivirano-crkve.domovina.ai", "email": "malaika.rijeka@gmail.com", "phone_e164": "+38598505470", "president": "Barbara Brezac-Benigar", "president_role": "Predsjednica", "founded_at": "2019-01-02", "registered_at": "2019-01-25", "catholic_confidence": "srednja", "catholic_score": 7.0, "source": ["datagovhr:registar-udruga"], "category_label": "Zborovi i crkvena glazba", "active": 0}}, {"type": "Feature", "geometry": {"type": "Point", "coordinates": [14.402639, 45.341483]}, "properties": {"id": 883, "slug": "udruga-migdalor-rijeka-4198", "name": "UDRUGA MIGDALOR", "display_name": "Udruga Migdalor", "short_name": "MIGDALOR", "registry": "registar-udruga", "oib": "33690924198", "status": "AKTIVAN", "category": "glazba", "address": "Simonettieva 7, Rijeka", "city": "Rijeka", "settlement": "Rijeka", "municipality": "Rijeka", "county": "Primorsko-goranska", "postal_code": "51000", "geo_source": "dgu-adresa", "diocese": "Riječka Nadbiskupija", "diocese_source": "derivirano-crkve.domovina.ai", "email": "migdalor.rijeka@gmail.com", "phone_e164": "+38598505470", "president": "Barbara Brezac-Benigar", "president_role": "Predsjednica", "founded_at": "2019-01-03", "registered_at": "2019-01-29", "catholic_confidence": "srednja", "catholic_score": 7.0, "source": ["datagovhr:registar-udruga"], "category_label": "Zborovi i crkvena glazba", "active": 1}}, {"type": "Feature", "geometry": {"type": "Point", "coordinates": [15.894088, 43.746044]}, "properties": {"id": 884, "slug": "kulturna-udruga-danicanova-sibenik-0469", "name": "KULTURNA UDRUGA \"DANICANOVA\"", "display_name": "Kulturna Udruga \"Danicanova\"", "short_name": "\"DANICANOVA\"", "registry": "registar-udruga", "oib": "85517140469", "status": "AKTIVAN", "category": "kultura", "address": "Bana Josipa Jelačića 23, Šibenik", "city": "Šibenik", "settlement": "Šibenik", "municipality": "Šibenik", "county": "Šibensko-kninska", "postal_code": "22000", "geo_source": "dgu-adresa", "diocese": "Šibenska Biskupija", "diocese_source": "derivirano-crkve.domovina.ai", "email": "ivranjic28@gmail.com", "phone_e164": "+385998494871", "president": "Ivana Vranjić", "president_role": "Predsjednica Udruge", "founded_at": "2019-01-17", "registered_at": "2019-02-06", "catholic_confidence": "srednja", "catholic_score": 4.5, "source": ["datagovhr:registar-udruga"], "category_label": "Kultura i baština", "active": 1}}, {"type": "Feature", "geometry": {"type": "Point", "coordinates": [14.3918, 45.350296]}, "properties": {"id": 885, "slug": "udruga-marijina-farma-rijeka-6995", "name": "UDRUGA \"MARIJINA FARMA\"", "display_name": "Udruga \"Marijina Farma\"", "short_name": "\"MARIJINA FARMA\"", "registry": "registar-udruga", "oib": "39991336995", "status": "BRISAN", "category": "karitativna", "address": "Vladivoja i Milivoja Lenca 48, Rijeka", "city": "Rijeka", "settlement": "Rijeka", "municipality": "Rijeka", "county": "Primorsko-goranska", "postal_code": "51000", "geo_source": "dgu-adresa", "diocese": "Riječka Nadbiskupija", "diocese_source": "derivirano-crkve.domovina.ai", "email": "stipe_stavlic@hotmail.com", "phone_e164": "+38598239320", "president": "Hela Liverić", "president_role": "Dopredsjednica", "founded_at": "2018-11-18", "registered_at": "2019-01-18", "catholic_confidence": "srednja", "catholic_score": 4.0, "source": ["datagovhr:registar-udruga"], "category_label": "Karitativne i humanitarne", "active": 0}}, {"type": "Feature", "geometry": {"type": "Point", "coordinates": [16.463696, 43.503539]}, "properties": {"id": 886, "slug": "hrvatska-udruga-ikonopisaca-josip-ruzic-split-6494", "name": "HRVATSKA UDRUGA IKONOPISACA \"JOSIP RUŽIĆ\"", "display_name": "Hrvatska Udruga Ikonopisaca \"Josip Ružić\"", "short_name": "HUI JOSIP RUŽIĆ", "registry": "registar-udruga", "oib": "82831606494", "status": "AKTIVAN", "category": "karitativna", "address": "Put iza nove bolnice 10C, Split", "city": "Split", "settlement": "Split", "municipality": "Split", "county": "Splitsko-dalmatinska", "postal_code": "21000", "geo_source": "dgu-adresa", "diocese": "Splitsko-makarska Nadbiskupija", "diocese_source": "derivirano-crkve.domovina.ai", "email": "tecajikonopisanja@gmail.com", "phone_e164": "+385992023277", "president": "Bruna Periš", "president_role": "Dopredsjednica Udruge", "founded_at": "2019-01-28", "registered_at": "2019-02-19", "catholic_confidence": "srednja", "catholic_score": 6.5, "source": ["datagovhr:registar-udruga"], "category_label": "Karitativne i humanitarne", "active": 1}}, {"type": "Feature", "geometry": {"type": "Point", "coordinates": [15.996116, 45.793509]}, "properties": {"id": 887, "slug": "stepinceva-savica-zagreb-0123", "name": "STEPINČEVA SAVICA", "display_name": "Stepinčeva Savica", "registry": "registar-udruga", "oib": "86434760123", "status": "AKTIVAN", "category": "karitativna", "address": "Ulica Ljerke Šram 6, Zagreb", "city": "Zagreb", "settlement": "Zagreb", "municipality": "Grad Zagreb", "county": "Grad Zagreb", "postal_code": "10000", "geo_source": "dgu-adresa", "diocese": "Zagrebačka Nadbiskupija", "diocese_source": "derivirano-crkve.domovina.ai", "email": "udruga@stepincevasavica.org", "website": "https://www.stepincevasavica.org", "phone_e164": "+385955693920", "president": "Ivana Bandov", "president_role": "Predsjednica", "founded_at": "2018-11-25", "registered_at": "2019-04-04", "catholic_confidence": "srednja", "catholic_score": 8.0, "source": ["datagovhr:registar-udruga"], "category_label": "Karitativne i humanitarne", "active": 1}}, {"type": "Feature", "geometry": {"type": "Point", "coordinates": [17.244801, 45.580074]}, "properties": {"id": 888, "slug": "udruga-za-promicanje-eticnog-odnosa-ljudi-prema-zivotinjama-i-prirodi-renova-arka-vrbovac-4311", "name": "Udruga za promicanje etičnog odnosa ljudi prema životinjama i prirodi ReNova arka", "display_name": "Udruga za promicanje etičnog odnosa ljudi prema životinjama i prirodi ReNova arka", "short_name": "ReNova arka", "registry": "registar-udruga", "oib": "52013394311", "status": "AKTIVAN", "category": "karitativna", "address": "Ulica Dolac 7, Vrbovac", "city": "Vrbovac", "settlement": "Vrbovac", "municipality": "Daruvar", "county": "Bjelovarsko-bilogorska", "postal_code": "43500", "geo_source": "dgu-adresa", "diocese": "Požeška Biskupija", "diocese_source": "derivirano-crkve.domovina.ai", "email": "renovaarka@gmail.com", "phone_e164": "+385916008783", "president": "Željka Biščan", "president_role": "Predsjednica", "founded_at": "2019-04-07", "registered_at": "2019-06-11", "catholic_confidence": "srednja", "catholic_score": 6.0, "source": ["datagovhr:registar-udruga"], "category_label": "Karitativne i humanitarne", "active": 1}}, {"type": "Feature", "geometry": {"type": "Point", "coordinates": [16.433547, 45.482794]}, "properties": {"id": 889, "slug": "udruga-his-print-misija-hrvatska-novo-selo-palanjecko-8161", "name": "UDRUGA HiS PRINT MISIJA HRVATSKA", "display_name": "UDRUGA HiS PRINT MISIJA HRVATSKA", "registry": "registar-udruga", "oib": "80325298161", "status": "AKTIVAN", "category": "karitativna", "address": "Kutinska 15, Novo Selo Palanječko", "city": "Novo Selo Palanječko", "settlement": "Novo Selo Palanječko", "municipality": "Sisak", "county": "Sisačko-moslavačka", "postal_code": "44202", "geo_source": "dgu-adresa", "diocese": "Sisačka Biskupija", "diocese_source": "derivirano-crkve.domovina.ai", "email": "jputric@gmail.com", "phone_e164": "+38598437900", "president": "David Keith Moss", "president_role": "Predsjednik", "founded_at": "2019-05-30", "registered_at": "2019-06-11", "catholic_confidence": "srednja", "catholic_score": 5.0, "source": ["datagovhr:registar-udruga"], "category_label": "Karitativne i humanitarne", "active": 1}}, {"type": "Feature", "geometry": {"type": "Point", "coordinates": [16.003018, 45.820331]}, "properties": {"id": 891, "slug": "euangelion-sluzba-nove-evangelizacije-zagreb-1481", "name": "EUANGELION, SLUŽBA NOVE EVANGELIZACIJE", "display_name": "Euangelion, Služba Nove Evangelizacije", "short_name": "EUANGELION", "registry": "registar-udruga", "oib": "56879951481", "status": "AKTIVAN", "category": "glazba", "address": "Ulica Ferde Kovačevića 8, Zagreb", "city": "Zagreb", "settlement": "Zagreb", "municipality": "Grad Zagreb", "county": "Grad Zagreb", "postal_code": "10123", "geo_source": "dgu-adresa", "diocese": "Zagrebačka Nadbiskupija", "diocese_source": "derivirano-crkve.domovina.ai", "email": "marojeburum@gmail.com", "phone_e164": "+385913715480", "president": "Maroje Burum", "president_role": "Predsjednik", "founded_at": "2019-03-31", "registered_at": "2019-05-06", "catholic_confidence": "srednja", "catholic_score": 9.0, "source": ["datagovhr:registar-udruga"], "category_label": "Zborovi i crkvena glazba", "active": 1}}, {"type": "Feature", "geometry": {"type": "Point", "coordinates": [16.734702, 43.618714]}, "properties": {"id": 892, "slug": "prijatelji-obitelji-trilj-1092", "name": "Prijatelji obitelji", "display_name": "Prijatelji obitelji", "short_name": "UPO", "registry": "registar-udruga", "oib": "84249231092", "status": "AKTIVAN", "category": "obitelj", "address": "Dubrovačka 20, Trilj", "city": "Trilj", "settlement": "Trilj", "municipality": "Trilj", "county": "Splitsko-dalmatinska", "postal_code": "21240", "geo_source": "dgu-adresa", "diocese": "Splitsko-makarska Nadbiskupija", "diocese_source": "derivirano-crkve.domovina.ai", "email": "mzeko0011@gmail.com", "phone_e164": "+385996706081", "president": "Lucija Vukas", "president_role": "Dopredsjednica Udruge", "founded_at": "2019-03-03", "registered_at": "2019-05-06", "catholic_confidence": "srednja", "catholic_score": 5.0, "source": ["datagovhr:registar-udruga"], "category_label": "Obitelj i život", "active": 1}}, {"type": "Feature", "geometry": {"type": "Point", "coordinates": [13.861135, 45.18518]}, "properties": {"id": 893, "slug": "pod-smokvom-sveti-petar-u-sumi-9789", "name": "POD SMOKVOM", "display_name": "Pod Smokvom", "registry": "registar-udruga", "oib": "71318089789", "status": "AKTIVAN", "category": "hodocasnicka", "address": "Sv. Petar u Šumi 2, Sveti Petar U Šumi", "city": "Sveti Petar U Šumi", "settlement": "Sveti Petar u Šumi", "municipality": "Sveti Petar u Šumi", "county": "Istarska", "geo_source": "naselje-teziste", "diocese": "Biskupija Porečka i Pulska", "diocese_source": "derivirano-crkve.domovina.ai", "email": "blazevic.mislav@gmail.com", "website": "https://www.podsmokvom.com", "phone_e164": "+385923703997", "president": "Marko Blažević", "president_role": "Dopredsjednik", "founded_at": "2019-02-23", "registered_at": "2019-07-02", "catholic_confidence": "srednja", "catholic_score": 4.0, "source": ["datagovhr:registar-udruga"], "category_label": "Hodočašća", "active": 1}}, {"type": "Feature", "geometry": {"type": "Point", "coordinates": [16.462125, 43.514023]}, "properties": {"id": 894, "slug": "forum-plus-medunarodni-institut-split-8696", "name": "FORUM PLUS MEĐUNARODNI INSTITUT", "display_name": "Forum Plus Međunarodni Institut", "short_name": "F+MI", "registry": "registar-udruga", "oib": "09605178696", "status": "BRISAN", "category": "karitativna", "address": "Kmanski prilaz  2/1, Split", "city": "Split", "settlement": "Split", "municipality": "Split", "county": "Splitsko-dalmatinska", "geo_source": "naselje-teziste", "diocese": "Splitsko-makarska Nadbiskupija", "diocese_source": "derivirano-crkve.domovina.ai", "email": "forum.plus.international@gmail.com", "website": "https://www.forum-plus.net", "president": "Lovro Sučić", "president_role": "Dopredsjednik", "founded_at": "2019-05-06", "registered_at": "2019-05-31", "catholic_confidence": "srednja", "catholic_score": 4.5, "source": ["datagovhr:registar-udruga"], "category_label": "Karitativne i humanitarne", "active": 0}}, {"type": "Feature", "geometry": {"type": "Point", "coordinates": [16.463696, 43.503539]}, "properties": {"id": 895, "slug": "drustvo-integrativne-gestalt-pedagogije-split-6985", "name": "DRUŠTVO INTEGRATIVNE  GEŠTALT PEDAGOGIJE", "display_name": "Društvo Integrativne Geštalt Pedagogije", "short_name": "DIGP", "registry": "registar-udruga", "oib": "22498036985", "status": "AKTIVAN", "category": "karitativna", "address": "Put iza nove bolnice 10c, Split", "city": "Split", "settlement": "Split", "municipality": "Split", "county": "Splitsko-dalmatinska", "postal_code": "21000", "geo_source": "dgu-adresa", "diocese": "Splitsko-makarska Nadbiskupija", "diocese_source": "derivirano-crkve.domovina.ai", "email": "digp.hr@gmail.com", "phone_e164": "+38598284716", "president": "Ivana Zelić", "president_role": "Dopredsjednica", "founded_at": "2019-05-06", "registered_at": "2019-07-12", "catholic_confidence": "srednja", "catholic_score": 6.5, "source": ["datagovhr:registar-udruga"], "category_label": "Karitativne i humanitarne", "active": 1}}, {"type": "Feature", "geometry": {"type": "Point", "coordinates": [15.942868, 45.790888]}, "properties": {"id": 896, "slug": "udruga-kap-zivota-zagreb-5631", "name": "UDRUGA KAP ŽIVOTA", "display_name": "Udruga Kap Života", "short_name": "KAP ŽIVOTA", "registry": "registar-udruga", "oib": "51988195631", "status": "AKTIVAN", "category": "molitvena", "address": "KIKIĆEVA ULICA 9, Zagreb", "city": "Zagreb", "settlement": "Zagreb", "municipality": "Grad Zagreb", "county": "Grad Zagreb", "postal_code": "10110", "geo_source": "dgu-adresa", "diocese": "Zagrebačka Nadbiskupija", "diocese_source": "derivirano-crkve.domovina.ai", "phone_e164": "+385993055876", "president": "Jovan Brajović", "president_role": "Predsjednik", "founded_at": "2019-03-23", "registered_at": "2019-05-13", "catholic_confidence": "srednja", "catholic_score": 4.5, "source": ["datagovhr:registar-udruga"], "category_label": "Molitvene zajednice", "active": 1}}, {"type": "Feature", "geometry": {"type": "Point", "coordinates": [18.004079, 45.177599]}, "properties": {"id": 897, "slug": "udruga-fraternitas-za-poticanje-odrzivog-povratka-potporu-socijalno-karitativnim-projektima-kulturu-i-izdavastvo-5634", "name": "Udruga \"Fraternitas\"za poticanje održivog povratka, potporu socijalno - karitativnim projektima, kulturu i izdavaštvo Slavonski Brod", "display_name": "Udruga \"Fraternitas\"za poticanje održivog povratka, potporu socijalno - karitativnim projektima, kulturu i izdavaštvo Slavonski Brod", "short_name": "Udruga \"Fraternitas\" Slav. Brod", "registry": "registar-udruga", "oib": "29439015634", "status": "AKTIVAN", "category": "karitativna", "address": "Ulica Milana Kerdića 19, Slavonski Brod", "city": "Slavonski Brod", "settlement": "Slavonski Brod", "municipality": "Slavonski Brod", "county": "Brodsko-posavska", "postal_code": "35000", "geo_source": "dgu-adresa", "diocese": "Đakovačko-osječka Nadbiskupija", "diocese_source": "derivirano-crkve.domovina.ai", "email": "robert.cabraja333@gmail.com", "phone_e164": "+385923316525", "president": "Darko Soldan", "president_role": "Predsjednik", "founded_at": "2019-06-23", "registered_at": "2019-07-19", "catholic_confidence": "visoka", "catholic_score": 7.0, "source": ["datagovhr:registar-udruga"], "category_label": "Karitativne i humanitarne", "active": 1}}, {"type": "Feature", "geometry": {"type": "Point", "coordinates": [15.960309, 45.810867]}, "properties": {"id": 905, "slug": "zdrug-katolickih-skauta-zagrebacke-nadbiskupije-u-likvidaciji-9773", "name": "ZDRUG KATOLIČKIH SKAUTA ZAGREBAČKE NADBISKUPIJE U LIKVIDACIJI", "display_name": "Zdrug Katoličkih Skauta Zagrebačke Nadbiskupije u Likvidaciji", "short_name": "ZDRUG", "registry": "registar-udruga", "oib": "78245329773", "status": "PRESTANAK DJELOVANJA", "category": "pokret", "address": "PRILAZ GJURE DEŽELIĆA 64, Zagreb", "city": "Zagreb", "settlement": "Zagreb", "municipality": "Grad Zagreb", "county": "Grad Zagreb", "postal_code": "10000", "geo_source": "dgu-adresa", "diocese": "Zagrebačka Nadbiskupija", "diocese_source": "derivirano-crkve.domovina.ai", "president": "Petar Šimunić", "president_role": "Predsjednik Zdruga", "founded_at": "2017-09-23", "registered_at": "2017-11-21", "catholic_confidence": "visoka", "catholic_score": 12.5, "source": ["datagovhr:registar-udruga"], "category_label": "Pokreti i laičke zajednice", "active": 0}}, {"type": "Feature", "geometry": {"type": "Point", "coordinates": [16.395382, 43.911361]}, "properties": {"id": 906, "slug": "cuvari-kristova-groba-vrlike-vrlika-3023", "name": "ČUVARI KRISTOVA GROBA VRLIKE", "display_name": "Čuvari Kristova Groba Vrlike", "short_name": "Č. K. G. V.", "registry": "registar-udruga", "oib": "37572043023", "status": "AKTIVAN", "category": "kultura", "address": "Petra Mišura 2, Vrlika", "city": "Vrlika", "settlement": "Vrlika", "municipality": "Vrlika", "county": "Splitsko-dalmatinska", "postal_code": "21236", "geo_source": "dgu-adresa", "diocese": "Splitsko-makarska Nadbiskupija", "diocese_source": "derivirano-crkve.domovina.ai", "email": "totti.mcd@gmail.com", "phone_e164": "+38598408048", "president": "Ivan Totić", "president_role": "Predsjednik Udruge", "founded_at": "2018-02-17", "registered_at": "2018-03-19", "catholic_confidence": "srednja", "catholic_score": 6.0, "source": ["datagovhr:registar-udruga"], "category_label": "Kultura i baština", "active": 1}}, {"type": "Feature", "geometry": {"type": "Point", "coordinates": [15.073798, 44.524326]}, "properties": {"id": 907, "slug": "sportsko-kulturna-udruga-fortica-karlobag-3896", "name": "ŠPORTSKO - KULTURNA UDRUGA \"FORTICA\" KARLOBAG", "display_name": "Športsko - Kulturna Udruga \"Fortica\" Karlobag", "registry": "registar-udruga", "oib": "02038433896", "status": "AKTIVAN", "category": "sport", "address": "Obala Vladimira Nazora  1, Karlobag", "city": "Karlobag", "settlement": "Karlobag", "municipality": "Karlobag", "county": "Ličko-senjska", "postal_code": "53288", "geo_source": "dgu-adresa", "diocese": "Gospićko-senjska Biskupija", "diocese_source": "derivirano-crkve.domovina.ai", "email": "udrugafortica@gmail.com", "president": "Marinela Košenski", "president_role": "Potpredsjednica", "founded_at": "2018-04-17", "registered_at": "2018-05-14", "catholic_confidence": "srednja", "catholic_score": 4.0, "source": ["datagovhr:registar-udruga"], "category_label": "Sport i rekreacija", "active": 1}}, {"type": "Feature", "geometry": {"type": "Point", "coordinates": [16.552307, 46.020851]}, "properties": {"id": 909, "slug": "centar-za-znanstveno-umjetnicko-istrazivanje-mordent-u-likvidaciji-krizevci-0479", "name": "CENTAR ZA ZNANSTVENO-UMJETNIČKO ISTRAŽIVANJE \"MORDENT\" U LIKVIDACIJI", "display_name": "Centar za Znanstveno-umjetničko Istraživanje \"Mordent\" u Likvidaciji", "short_name": "MORDENT", "registry": "registar-udruga", "oib": "80837040479", "status": "BRISAN", "category": "strukovna", "address": "Cvjetna ulica  10, Križevci", "city": "Križevci", "settlement": "Križevci", "municipality": "Križevci", "county": "Koprivničko-križevačka", "postal_code": "48260", "geo_source": "dgu-adresa", "diocese": "Bjelovarsko-križevačka Biskupija", "diocese_source": "derivirano-crkve.domovina.ai", "email": "filip.kesteli@gmail.com", "phone_e164": "+385953912020", "president": "Filip Kesteli", "president_role": "Predsjednik Udruge", "founded_at": "2018-01-28", "registered_at": "2018-04-03", "catholic_confidence": "srednja", "catholic_score": 6.0, "source": ["datagovhr:registar-udruga"], "category_label": "Strukovne (liječnici, učitelji…)", "active": 0}}, {"type": "Feature", "geometry": {"type": "Point", "coordinates": [13.83389, 44.86151]}, "properties": {"id": 913, "slug": "hrvatska-bratovstina-zupanije-istarske-bokeljska-mornarica-809-pula-6965", "name": "HRVATSKA BRATOVŠTINA ŽUPANIJE ISTARSKE BOKELJSKA MORNARICA 809 PULA", "display_name": "Hrvatska Bratovština Županije Istarske Bokeljska Mornarica 809 Pula", "short_name": "HBŽI BOKELJSKA MORNARICA 809 PULA", "registry": "registar-udruga", "oib": "87861366965", "status": "AKTIVAN", "category": "bratovstina", "address": "Kochova 22, Pula", "city": "Pula", "settlement": "Pula", "municipality": "Pula - Pola", "county": "Istarska", "postal_code": "52100", "geo_source": "dgu-adresa", "diocese": "Biskupija Porečka i Pulska", "diocese_source": "derivirano-crkve.domovina.ai", "president": "Vladimir Pasković", "president_role": "Predsjednik Udruge", "founded_at": "2017-12-16", "registered_at": "2018-01-16", "catholic_confidence": "visoka", "catholic_score": 6.5, "source": ["datagovhr:registar-udruga"], "category_label": "Bratovštine", "active": 1}}, {"type": "Feature", "geometry": {"type": "Point", "coordinates": [15.92801, 45.787246]}, "properties": {"id": 914, "slug": "bozja-pobjeda-zagreb-4760", "name": "BOŽJA POBJEDA", "display_name": "Božja Pobjeda", "short_name": "BP", "registry": "registar-udruga", "oib": "83663634760", "status": "AKTIVAN", "category": "glazba", "address": "Ulica don Petra Šimića 1, Zagreb", "city": "Zagreb", "settlement": "Zagreb", "municipality": "Grad Zagreb", "county": "Grad Zagreb", "postal_code": "10104", "geo_source": "dgu-adresa", "diocese": "Zagrebačka Nadbiskupija", "diocese_source": "derivirano-crkve.domovina.ai", "email": "bozja.pobjeda@gmail.com", "website": "https://www.bozjapobjeda.hr", "phone_e164": "+385911587447", "president": "Ivana Fićković", "president_role": "Predsjednica", "founded_at": "2017-12-08", "registered_at": "2018-01-23", "catholic_confidence": "srednja", "catholic_score": 8.0, "source": ["datagovhr:registar-udruga"], "category_label": "Zborovi i crkvena glazba", "active": 1}}, {"type": "Feature", "geometry": {"type": "Point", "coordinates": [18.068565, 42.713482]}, "properties": {"id": 915, "slug": "bratstvo-svetog-durda-u-osojniku-0758", "name": "Bratstvo svetog Đurđa u Osojniku", "display_name": "Bratstvo svetog Đurđa u Osojniku", "short_name": "Bratstvo sv. Đurđa u Osojniku", "registry": "registar-udruga", "oib": "65491520758", "status": "AKTIVAN", "category": "bratovstina", "address": "Naguitići 16, Osojnik", "city": "Osojnik", "settlement": "Osojnik", "municipality": "Dubrovnik", "county": "Dubrovačko-neretvanska", "postal_code": "20236", "geo_source": "dgu-adresa", "diocese": "Dubrovačka Biskupija - Dioecesis Ragusina", "diocese_source": "derivirano-crkve.domovina.ai", "email": "bratstvo.osojnik@gmail.com", "phone_e164": "+385989237953", "president": "Josip Kovačić", "president_role": "Predsjednik", "founded_at": "2020-06-11", "registered_at": "2020-07-15", "catholic_confidence": "visoka", "catholic_score": 12.0, "source": ["datagovhr:registar-udruga"], "category_label": "Bratovštine", "active": 1}}, {"type": "Feature", "geometry": {"type": "Point", "coordinates": [13.646189, 45.098589]}, "properties": {"id": 916, "slug": "krscanska-udruga-kristova-zajednica-rovinj-rovigno-8761", "name": "KRŠĆANSKA UDRUGA KRISTOVA ZAJEDNICA", "display_name": "Kršćanska Udruga Kristova Zajednica", "short_name": "KU KRISTOVA ZAJEDNICA", "registry": "registar-udruga", "oib": "49627548761", "status": "AKTIVAN", "category": "molitvena", "address": "ULICA UČKA - VIA MONTE MAGGIORE 2a, Rovinj - Rovigno", "city": "Rovinj - Rovigno", "settlement": "Rovinj - Rovigno", "municipality": "Rovinj - Rovigno", "county": "Istarska", "postal_code": "52210", "geo_source": "dgu-adresa", "diocese": "Biskupija Porečka i Pulska", "diocese_source": "derivirano-crkve.domovina.ai", "email": "neevibaca@gmail.com", "phone_e164": "+385915555925", "president": "Nevio Bačac-Husak", "president_role": "Predsjednik Udruge", "founded_at": "2021-06-11", "registered_at": "2021-07-23", "catholic_confidence": "srednja", "catholic_score": 7.5, "source": ["datagovhr:registar-udruga"], "category_label": "Molitvene zajednice", "active": 1}}, {"type": "Feature", "geometry": {"type": "Point", "coordinates": [17.459479, 45.145569]}, "properties": {"id": 919, "slug": "molitvena-zajednica-goruci-grm-orubica-4777", "name": "Molitvena zajednica \"Gorući GRM\" Orubica", "display_name": "Molitvena zajednica \"Gorući GRM\" Orubica", "short_name": "MZ\"Gorući GRM\" Orubica", "registry": "registar-udruga", "oib": "68257664777", "status": "BRISAN", "category": "molitvena", "address": "Stjepana Radića 20, Orubica", "city": "Orubica", "settlement": "Orubica", "municipality": "Davor", "county": "Brodsko-posavska", "postal_code": "35424", "geo_source": "dgu-adresa", "diocese": "Požeška Biskupija", "diocese_source": "derivirano-crkve.domovina.ai", "email": "martina.rizvic@gmail.com", "phone_e164": "+385957648540", "president": "Branko Rizvić", "president_role": "Predsjednik Udruge", "founded_at": "2019-12-18", "registered_at": "2020-01-23", "catholic_confidence": "visoka", "catholic_score": 12.0, "source": ["datagovhr:registar-udruga"], "category_label": "Molitvene zajednice", "active": 0}}, {"type": "Feature", "geometry": {"type": "Point", "coordinates": [16.462544, 43.513452]}, "properties": {"id": 922, "slug": "udruga-za-pomoc-u-kuci-karmel-split-3164", "name": "Udruga za pomoć u kući- Karmel", "display_name": "Udruga za pomoć u kući- Karmel", "short_name": "Karmel", "registry": "registar-udruga", "oib": "88364233164", "status": "BRISAN", "category": "karitativna", "address": "Vinka Draganje 24, Split", "city": "Split", "settlement": "Split", "municipality": "Split", "county": "Splitsko-dalmatinska", "postal_code": "21000", "geo_source": "dgu-adresa", "diocese": "Splitsko-makarska Nadbiskupija", "diocese_source": "derivirano-crkve.domovina.ai", "email": "upkkarmel@gmail.com", "phone_e164": "+385923343764", "president": "Antonia Grubišić", "president_role": "Predsjednica Udruge", "founded_at": "2020-07-10", "registered_at": "2020-09-21", "catholic_confidence": "srednja", "catholic_score": 4.0, "source": ["datagovhr:registar-udruga"], "category_label": "Karitativne i humanitarne", "active": 0}}, {"type": "Feature", "geometry": {"type": "Point", "coordinates": [16.460975, 43.525373]}, "properties": {"id": 923, "slug": "dom-andela-u-likvidaciji-split-3797", "name": "DOM ANĐELA U LIKVIDACIJI", "display_name": "Dom Anđela u Likvidaciji", "registry": "registar-udruga", "oib": "41870183797", "status": "BRISAN", "category": "glazba", "address": "Kopilica 47b, Split", "city": "Split", "settlement": "Split", "municipality": "Split", "county": "Splitsko-dalmatinska", "postal_code": "21000", "geo_source": "dgu-adresa", "diocese": "Splitsko-makarska Nadbiskupija", "diocese_source": "derivirano-crkve.domovina.ai", "email": "info@angelhome.site", "website": "https://www.angelhome.site", "president": "Matej Duvnjak", "president_role": "Predsjednik", "founded_at": "2020-05-31", "registered_at": "2020-08-20", "catholic_confidence": "srednja", "catholic_score": 6.0, "source": ["datagovhr:registar-udruga"], "category_label": "Zborovi i crkvena glazba", "active": 0}}, {"type": "Feature", "geometry": {"type": "Point", "coordinates": [16.432813, 46.383526]}, "properties": {"id": 924, "slug": "pratonalna-zajednica-konacne-unifikacije-cakovec-3176", "name": "PRATONALNA ZAJEDNICA KONAČNE UNIFIKACIJE", "display_name": "Pratonalna Zajednica Konačne Unifikacije", "short_name": "PRATONALNA ZAJEDNICA", "registry": "registar-udruga", "oib": "05440833176", "status": "AKTIVAN", "category": "molitvena", "address": "Ulica Vatroslava Lisinskog 9, Čakovec", "city": "Čakovec", "settlement": "Čakovec", "municipality": "Čakovec", "county": "Međimurska", "postal_code": "40000", "geo_source": "dgu-adresa", "diocese": "Varaždinska Biskupija", "diocese_source": "derivirano-crkve.domovina.ai", "email": "amundjar91@gmail.com", "phone_e164": "+385989124355", "president": "Alan Horvat", "president_role": "Dopredsjednik", "founded_at": "2020-10-24", "registered_at": "2020-12-08", "catholic_confidence": "srednja", "catholic_score": 6.5, "source": ["datagovhr:registar-udruga"], "category_label": "Molitvene zajednice", "active": 1}}, {"type": "Feature", "geometry": {"type": "Point", "coordinates": [15.962297, 45.798399]}, "properties": {"id": 926, "slug": "hrvatsko-drustvo-za-zastitu-tradicije-obitelji-i-privatnog-vlasnistva-tfp-hrvatska-zagreb-8591", "name": "HRVATSKO DRUŠTVO ZA ZAŠTITU TRADICIJE, OBITELJI I PRIVATNOG VLASNIŠTVA - TFP HRVATSKA", "display_name": "Hrvatsko Društvo za Zaštitu Tradicije, Obitelji i Privatnog Vlasništva - Tfp Hrvatska", "short_name": "TFP HRVATSKA", "registry": "registar-udruga", "oib": "67085068591", "status": "AKTIVAN", "category": "obitelj", "address": "SAVSKA CESTA 41, Zagreb", "city": "Zagreb", "settlement": "Zagreb", "municipality": "Grad Zagreb", "county": "Grad Zagreb", "postal_code": "10000", "geo_source": "dgu-adresa", "diocese": "Zagrebačka Nadbiskupija", "diocese_source": "derivirano-crkve.domovina.ai", "email": "philipamoran@outlook.com", "president": "Caio Xavier Da Silveira", "president_role": "Predsjednik", "founded_at": "2020-11-12", "registered_at": "2021-02-02", "catholic_confidence": "srednja", "catholic_score": 8.0, "source": ["datagovhr:registar-udruga"], "category_label": "Obitelj i život", "active": 1}}, {"type": "Feature", "geometry": {"type": "Point", "coordinates": [16.055094, 45.83175]}, "properties": {"id": 927, "slug": "udruga-vjeroucitelja-ohrabrenje-zagreb-0320", "name": "UDRUGA VJEROUČITELJA OHRABRENJE", "display_name": "Udruga Vjeroučitelja Ohrabrenje", "short_name": "OHRABRENJE", "registry": "registar-udruga", "oib": "81796180320", "status": "AKTIVAN", "category": "obrazovanje", "address": "Ulica križnog puta 92, Zagreb", "city": "Zagreb", "settlement": "Zagreb", "municipality": "Grad Zagreb", "county": "Grad Zagreb", "postal_code": "10040", "geo_source": "dgu-adresa", "diocese": "Zagrebačka Nadbiskupija", "diocese_source": "derivirano-crkve.domovina.ai", "email": "uv.ohrabrenje@gmail.com", "website": "https://ohrabrenje.hr", "phone_e164": "+385989014676", "president": "Josip Štefanac", "president_role": "Dopredsjednik", "founded_at": "2020-11-26", "registered_at": "2021-02-10", "catholic_confidence": "visoka", "catholic_score": 11.0, "source": ["datagovhr:registar-udruga"], "category_label": "Obrazovanje i kateheza", "active": 1}}, {"type": "Feature", "geometry": {"type": "Point", "coordinates": [15.811822, 45.71824]}, "properties": {"id": 930, "slug": "humanitarni-institut-covjek-horvati-4450", "name": "HUMANITARNI INSTITUT - ČOVJEK", "display_name": "Humanitarni Institut - Čovjek", "registry": "registar-udruga", "oib": "79695694450", "status": "AKTIVAN", "category": "karitativna", "address": "SLEMENSKA CESTA 67, Horvati", "city": "Horvati", "settlement": "Horvati", "municipality": "Grad Zagreb", "county": "Grad Zagreb", "postal_code": "10255", "geo_source": "dgu-adresa", "diocese": "Zagrebačka Nadbiskupija", "diocese_source": "derivirano-crkve.domovina.ai", "president": "Hrvoje Novosel", "president_role": "Predsjednik", "founded_at": "2019-11-19", "registered_at": "2020-03-13", "catholic_confidence": "srednja", "catholic_score": 4.5, "source": ["datagovhr:registar-udruga"], "category_label": "Karitativne i humanitarne", "active": 1}}, {"type": "Feature", "geometry": {"type": "Point", "coordinates": [17.495372, 45.236711]}, "properties": {"id": 932, "slug": "udruga-blazena-sestra-jula-ivanisevic-godinjak-3131", "name": "Udruga „Blažena sestra Jula Ivanišević“ Godinjak", "display_name": "Udruga „Blažena sestra Jula Ivanišević“ Godinjak", "registry": "registar-udruga", "oib": "60265003131", "status": "AKTIVAN", "category": "glazba", "address": "Godinjak 146, Godinjak", "city": "Godinjak", "settlement": "Godinjak", "municipality": "Staro Petrovo Selo", "county": "Brodsko-posavska", "postal_code": "35422", "geo_source": "dgu-adresa", "diocese": "Požeška Biskupija", "diocese_source": "derivirano-crkve.domovina.ai", "email": "ivanisevictomislav1980@gmail.com", "phone_e164": "+38598635441", "president": "Tomislav Ivanišević", "president_role": "Predsjednik Udruge", "founded_at": "2021-03-01", "registered_at": "2021-05-06", "catholic_confidence": "srednja", "catholic_score": 8.0, "source": ["datagovhr:registar-udruga"], "category_label": "Zborovi i crkvena glazba", "active": 1}}, {"type": "Feature", "geometry": {"type": "Point", "coordinates": [16.610406, 46.332796]}, "properties": {"id": 934, "slug": "humanitarna-udruga-pneuma-prelog-1160", "name": "Humanitarna udruga PNEUMA", "display_name": "Humanitarna udruga PNEUMA", "registry": "registar-udruga", "oib": "28487961160", "status": "BRISAN", "category": "karitativna", "address": "Istarska 1, Prelog", "city": "Prelog", "settlement": "Prelog", "municipality": "Prelog", "county": "Međimurska", "postal_code": "40323", "geo_source": "dgu-adresa", "diocese": "Varaždinska Biskupija", "diocese_source": "derivirano-crkve.domovina.ai", "email": "humanitarnaudrugapneuma@gmail.com", "phone_e164": "+385996338067", "president": "Ema Hrešć", "president_role": "Predsjednica Udruge", "founded_at": "2021-04-17", "registered_at": "2021-05-17", "catholic_confidence": "srednja", "catholic_score": 4.5, "source": ["datagovhr:registar-udruga"], "category_label": "Karitativne i humanitarne", "active": 0}}, {"type": "Feature", "geometry": {"type": "Point", "coordinates": [15.888139, 45.807099]}, "properties": {"id": 935, "slug": "hrvatsko-krscansko-drustvo-dentalne-medicine-zagreb-6299", "name": "HRVATSKO KRŠĆANSKO DRUŠTVO DENTALNE MEDICINE", "display_name": "Hrvatsko Kršćansko Društvo Dentalne Medicine", "short_name": "HKDDM", "registry": "registar-udruga", "oib": "86024446299", "status": "AKTIVAN", "category": "strukovna", "address": "Ulica Ivane Brlić - Mažuranić 82A, Zagreb", "city": "Zagreb", "settlement": "Zagreb", "municipality": "Grad Zagreb", "county": "Grad Zagreb", "postal_code": "10111", "geo_source": "dgu-adresa", "diocese": "Zagrebačka Nadbiskupija", "diocese_source": "derivirano-crkve.domovina.ai", "email": "katolicki.dentalni.lijecnici@gmail.com", "website": "https://hkddm.net", "phone_e164": "+385914524822", "president": "Žarko Udiljak", "president_role": "Predsjednik", "founded_at": "2021-03-13", "registered_at": "2021-06-15", "catholic_confidence": "srednja", "catholic_score": 8.5, "source": ["datagovhr:registar-udruga"], "category_label": "Strukovne (liječnici, učitelji…)", "active": 1}}, {"type": "Feature", "geometry": {"type": "Point", "coordinates": [18.022378, 45.152517]}, "properties": {"id": 936, "slug": "hrvatsko-drustvo-bracnih-i-obiteljskih-savjetovatelja-slavonski-brod-9944", "name": "HRVATSKO DRUŠTVO BRAČNIH I OBITELJSKIH SAVJETOVATELJA", "display_name": "Hrvatsko Društvo Bračnih i Obiteljskih Savjetovatelja", "short_name": "HRD BIOS", "registry": "registar-udruga", "oib": "59422329944", "status": "AKTIVAN", "category": "obitelj", "address": "Radoslava Lopašića  7, Slavonski Brod", "city": "Slavonski Brod", "settlement": "Slavonski Brod", "municipality": "Slavonski Brod", "county": "Brodsko-posavska", "postal_code": "35000", "geo_source": "dgu-adresa", "diocese": "Đakovačko-osječka Nadbiskupija", "diocese_source": "derivirano-crkve.domovina.ai", "email": "hrdbios@gmail.com", "website": "https://www.savjetovaliste.hr", "phone_e164": "+385989611751", "president": "Josip Bošnjaković", "president_role": "Predsjednik", "founded_at": "2019-05-18", "registered_at": "2020-05-13", "catholic_confidence": "srednja", "catholic_score": 5.5, "source": ["datagovhr:registar-udruga"], "category_label": "Obitelj i život", "active": 1}}, {"type": "Feature", "geometry": {"type": "Point", "coordinates": [14.300532, 45.331571]}, "properties": {"id": 937, "slug": "udruga-abbacamino-opatija-5307", "name": "UDRUGA ABBACAMINO", "display_name": "Udruga Abbacamino", "short_name": "ABBACAMINO", "registry": "registar-udruga", "oib": "71005185307", "status": "AKTIVAN", "category": "hodocasnicka", "address": "Joakima Rakovca 16, Opatija", "city": "Opatija", "settlement": "Opatija", "municipality": "Opatija", "county": "Primorsko-goranska", "postal_code": "51410", "geo_source": "dgu-adresa", "diocese": "Riječka Nadbiskupija", "diocese_source": "derivirano-crkve.domovina.ai", "president": "Suzana Šturm-Kržić", "president_role": "Predsjednica", "founded_at": "2020-02-22", "registered_at": "2020-06-03", "catholic_confidence": "srednja", "catholic_score": 6.0, "source": ["datagovhr:registar-udruga"], "category_label": "Hodočašća", "active": 1}}, {"type": "Feature", "geometry": {"type": "Point", "coordinates": [15.982017, 45.809143]}, "properties": {"id": 938, "slug": "centar-za-duhovnost-i-kulturu-ignacije-zagreb-7503", "name": "CENTAR ZA DUHOVNOST I KULTURU IGNACIJE", "display_name": "Centar za Duhovnost i Kulturu Ignacije", "short_name": "CENTAR IGNACIJE", "registry": "registar-udruga", "oib": "48091917503", "status": "AKTIVAN", "category": "kultura", "address": "Palmotićeva ulica 31, Zagreb", "city": "Zagreb", "settlement": "Zagreb", "municipality": "Grad Zagreb", "county": "Grad Zagreb", "postal_code": "10000", "geo_source": "dgu-adresa", "diocese": "Zagrebačka Nadbiskupija", "diocese_source": "derivirano-crkve.domovina.ai", "email": "ignacije@ignacije.hr", "website": "https://www.ignacije.hr", "phone_e164": "+385989935863", "president": "Ivana Šarić Nađ", "president_role": "Dopredsjednica", "founded_at": "2021-04-22", "registered_at": "2021-06-18", "catholic_confidence": "srednja", "catholic_score": 6.5, "source": ["datagovhr:registar-udruga"], "category_label": "Kultura i baština", "active": 1}}, {"type": "Feature", "geometry": {"type": "Point", "coordinates": [13.861986, 45.221557]}, "properties": {"id": 939, "slug": "udruga-za-tradiciju-vjeru-i-kulturu-juraj-dobrila-jezenj-8517", "name": "UDRUGA ZA TRADICIJU, VJERU I KULTURU JURAJ DOBRILA JEŽENJ", "display_name": "Udruga za Tradiciju, Vjeru i Kulturu Juraj Dobrila Ježenj", "short_name": "UDRUGA JURAJ DOBRILA", "registry": "registar-udruga", "oib": "35312178517", "status": "BRISAN", "category": "kultura", "address": "VELI JEŽENJ 24, Ježenj", "city": "Ježenj", "settlement": "Ježenj", "municipality": "Pazin", "county": "Istarska", "postal_code": "52000", "geo_source": "dgu-adresa", "diocese": "Biskupija Porečka i Pulska", "diocese_source": "derivirano-crkve.domovina.ai", "email": "jeztisak@pu.t-com.hr", "phone_e164": "+385911688075", "president": "Sven Semenčić", "president_role": "Predsjednik", "founded_at": "2021-03-03", "registered_at": "2021-06-19", "catholic_confidence": "srednja", "catholic_score": 5.5, "source": ["datagovhr:registar-udruga"], "category_label": "Kultura i baština", "active": 0}}, {"type": "Feature", "geometry": {"type": "Point", "coordinates": [18.686049, 45.558477]}, "properties": {"id": 940, "slug": "institut-krscanskog-civilnog-drustva-ivan-merz-osijek-1468", "name": "INSTITUT KRŠĆANSKOG CIVILNOG DRUŠTVA \"IVAN MERZ\"", "display_name": "Institut Kršćanskog Civilnog Društva \"Ivan Merz\"", "short_name": "MERZ - INSTITUT", "registry": "registar-udruga", "oib": "63217031468", "status": "AKTIVAN", "category": "glazba", "address": "Ulica kardinala Alojzija Stepinca 27, Osijek", "city": "Osijek", "settlement": "Osijek", "municipality": "Osijek", "county": "Osječko-baranjska", "postal_code": "31000", "geo_source": "dgu-adresa", "diocese": "Đakovačko-osječka Nadbiskupija", "diocese_source": "derivirano-crkve.domovina.ai", "email": "krscanski.aktivizam@gmail.com", "phone_e164": "+385989769686", "president": "Ivan Mandurić", "president_role": "Predsjednik", "founded_at": "2021-06-12", "registered_at": "2021-06-23", "catholic_confidence": "srednja", "catholic_score": 9.0, "source": ["datagovhr:registar-udruga"], "category_label": "Zborovi i crkvena glazba", "active": 1}}, {"type": "Feature", "geometry": {"type": "Point", "coordinates": [17.614848, 45.447838]}, "properties": {"id": 941, "slug": "sportska-udruga-mladih-strazeman-7272", "name": "Sportska udruga mladih Stražeman", "display_name": "Sportska udruga mladih Stražeman", "short_name": "Stražeman", "registry": "registar-udruga", "oib": "98288257272", "status": "AKTIVAN", "category": "mladi", "address": "Stražeman 35, Stražeman", "city": "Stražeman", "settlement": "Stražeman", "municipality": "Velika", "county": "Požeško-slavonska", "postal_code": "34330", "geo_source": "dgu-adresa", "diocese": "Požeška Biskupija", "diocese_source": "derivirano-crkve.domovina.ai", "email": "ilija.dakovic77@gmail.com", "phone_e164": "+385989966504", "president": "Ilija Đaković", "president_role": "Predsjednik", "founded_at": "2021-07-01", "registered_at": "2021-07-16", "catholic_confidence": "srednja", "catholic_score": 4.0, "source": ["datagovhr:registar-udruga"], "category_label": "Mladi i studenti", "active": 1}}, {"type": "Feature", "geometry": {"type": "Point", "coordinates": [17.206005, 43.445812]}, "properties": {"id": 942, "slug": "udruga-imotska-ric-imotski-6897", "name": "UDRUGA IMOTSKA RIČ", "display_name": "Udruga Imotska Rič", "registry": "registar-udruga", "oib": "00393786897", "status": "AKTIVAN", "category": "kultura", "address": "Blajburška ulica 58, Imotski", "city": "Imotski", "settlement": "Imotski", "municipality": "Imotski", "county": "Splitsko-dalmatinska", "postal_code": "21260", "geo_source": "dgu-adresa", "diocese": "Splitsko-makarska Nadbiskupija", "diocese_source": "derivirano-crkve.domovina.ai", "email": "vesna.ujevic@yahoo.com", "phone_e164": "+38598363890", "president": "Stjepan Čelan", "president_role": "Predsjednik Udruge", "founded_at": "2021-10-30", "registered_at": "2021-12-01", "catholic_confidence": "srednja", "catholic_score": 4.5, "source": ["datagovhr:registar-udruga"], "category_label": "Kultura i baština", "active": 1}}, {"type": "Feature", "geometry": {"type": "Point", "coordinates": [14.43074, 45.335071]}, "properties": {"id": 943, "slug": "centar-za-hagioterapiju-rijeka-7356", "name": "CENTAR ZA HAGIOTERAPIJU RIJEKA", "display_name": "Centar za Hagioterapiju Rijeka", "short_name": "CHTRI", "registry": "registar-udruga", "oib": "54553677356", "status": "AKTIVAN", "category": "pokret", "address": "Frana Kresnika 15, Rijeka", "city": "Rijeka", "settlement": "Rijeka", "municipality": "Rijeka", "county": "Primorsko-goranska", "postal_code": "51000", "geo_source": "dgu-adresa", "diocese": "Riječka Nadbiskupija", "diocese_source": "derivirano-crkve.domovina.ai", "email": "centarhagiori@gmail.com", "phone_e164": "+385915689142", "president": "Silvana Vrdoljak", "president_role": "Predsjednica", "founded_at": "2021-03-09", "registered_at": "2021-04-23", "catholic_confidence": "visoka", "catholic_score": 8.5, "source": ["datagovhr:registar-udruga"], "category_label": "Pokreti i laičke zajednice", "active": 1}}, {"type": "Feature", "geometry": {"type": "Point", "coordinates": [15.59154, 43.822605]}, "properties": {"id": 944, "slug": "udruga-stepincev-zavjet-murter-7667", "name": "UDRUGA STEPINČEV ZAVJET", "display_name": "Udruga Stepinčev Zavjet", "registry": "registar-udruga", "oib": "02995307667", "status": "AKTIVAN", "category": "karitativna", "address": "Trg Rudina 11, Murter", "city": "Murter", "settlement": "Murter", "municipality": "Murter - Kornati", "county": "Šibensko-kninska", "postal_code": "22243", "geo_source": "dgu-adresa", "diocese": "Šibenska Biskupija", "diocese_source": "derivirano-crkve.domovina.ai", "email": "lovre.juraga@gmail.com", "phone_e164": "+385997721311", "president": "Lovre Juraga", "president_role": "Predsjednik Udruge", "founded_at": "2021-02-10", "registered_at": "2021-05-07", "catholic_confidence": "srednja", "catholic_score": 6.0, "source": ["datagovhr:registar-udruga"], "category_label": "Karitativne i humanitarne", "active": 1}}, {"type": "Feature", "geometry": {"type": "Point", "coordinates": [16.007436, 45.761632]}, "properties": {"id": 945, "slug": "udruga-grcko-istocne-crkve-zagreb-2810", "name": "UDRUGA GRČKO-ISTOČNE CRKVE", "display_name": "Udruga Grčko-istočne Crkve", "short_name": "UGIC", "registry": "registar-udruga", "oib": "57834432810", "status": "AKTIVAN", "category": "zupna", "address": "Gomboševa ulica 34, Zagreb", "city": "Zagreb", "settlement": "Zagreb", "municipality": "Grad Zagreb", "county": "Grad Zagreb", "postal_code": "10010", "geo_source": "dgu-adresa", "diocese": "Zagrebačka Nadbiskupija", "diocese_source": "derivirano-crkve.domovina.ai", "email": "pravoslavlje.hr@gmail.com", "phone_e164": "+385958874238", "president": "Aleksandar Radoev Ivanov", "president_role": "Predsjednik", "founded_at": "2021-07-08", "registered_at": "2021-08-13", "catholic_confidence": "srednja", "catholic_score": 8.0, "source": ["datagovhr:registar-udruga"], "category_label": "Župne udruge", "active": 1}}, {"type": "Feature", "geometry": {"type": "Point", "coordinates": [16.267331, 45.435238]}, "properties": {"id": 946, "slug": "marijina-legija-petrinja-9899", "name": "MARIJINA LEGIJA PETRINJA", "display_name": "Marijina Legija Petrinja", "registry": "registar-udruga", "oib": "52858469899", "status": "AKTIVAN", "category": "pokret", "address": "Slavka Kolara 32b, Petrinja", "city": "Petrinja", "settlement": "Petrinja", "municipality": "Petrinja", "county": "Sisačko-moslavačka", "postal_code": "44250", "geo_source": "dgu-adresa", "diocese": "Sisačka Biskupija", "diocese_source": "derivirano-crkve.domovina.ai", "email": "jasmina.jurinjak@gmail.com", "website": "https://www.marijinalegijapetrinja.com", "phone_e164": "+385981832020", "president": "Iva Kovač", "president_role": "Dopredsjednica", "founded_at": "2019-12-14", "registered_at": "2019-12-24", "catholic_confidence": "visoka", "catholic_score": 11.0, "source": ["datagovhr:registar-udruga"], "category_label": "Pokreti i laičke zajednice", "active": 1}}, {"type": "Feature", "geometry": {"type": "Point", "coordinates": [16.118668, 46.005135]}, "properties": {"id": 947, "slug": "sportska-zajednica-opcine-marija-bistrica-8942", "name": "Sportska zajednica općine Marija Bistrica", "display_name": "Sportska zajednica općine Marija Bistrica", "short_name": "SZOMB", "registry": "registar-udruga", "oib": "34018928942", "status": "AKTIVAN", "category": "molitvena", "address": "Trg pape Ivana Pavla II. 34, Marija Bistrica", "city": "Marija Bistrica", "settlement": "Marija Bistrica", "municipality": "Marija Bistrica", "county": "Krapinsko-zagorska", "postal_code": "49246", "geo_source": "dgu-adresa", "diocese": "Zagrebačka Nadbiskupija", "diocese_source": "derivirano-crkve.domovina.ai", "email": "bgdoo@kr.t-com.hr", "phone_e164": "+38598250440", "president": "Boris Galoić", "president_role": "Predsjednik", "founded_at": "2019-12-23", "registered_at": "2020-03-04", "catholic_confidence": "srednja", "catholic_score": 4.0, "source": ["datagovhr:registar-udruga"], "category_label": "Molitvene zajednice", "active": 1}}, {"type": "Feature", "geometry": {"type": "Point", "coordinates": [15.924072, 46.022653]}, "properties": {"id": 948, "slug": "institut-za-kultivaciju-i-edukaciju-lug-zabocki-7707", "name": "INSTITUT ZA KULTIVACIJU I EDUKACIJU", "display_name": "Institut za Kultivaciju i Edukaciju", "short_name": "IKE", "registry": "registar-udruga", "oib": "35553337707", "status": "AKTIVAN", "category": "obrazovanje", "address": "Lug Zabočki 78, Lug Zabočki", "city": "Lug Zabočki", "settlement": "Lug Zabočki", "municipality": "Zabok", "county": "Krapinsko-zagorska", "postal_code": "49210", "geo_source": "dgu-adresa", "diocese": "Zagrebačka Nadbiskupija", "diocese_source": "derivirano-crkve.domovina.ai", "president": "Goran Bivol", "president_role": "Dopredsjednik", "founded_at": "2020-01-20", "registered_at": "2020-03-11", "catholic_confidence": "srednja", "catholic_score": 6.0, "source": ["datagovhr:registar-udruga"], "category_label": "Obrazovanje i kateheza", "active": 1}}, {"type": "Feature", "geometry": {"type": "Point", "coordinates": [16.425797, 43.545738]}, "properties": {"id": 949, "slug": "hrvatsko-drustvo-dr-fra-bernardin-sokol-kastel-sucurac-3738", "name": "HRVATSKO DRUŠTVO DR. FRA BERNARDIN SOKOL", "display_name": "Hrvatsko Društvo Dr. Fra Bernardin Sokol", "short_name": "HDBS", "registry": "registar-udruga", "oib": "10532043738", "status": "AKTIVAN", "category": "glazba", "address": "GOSPOJSKA ŠTRADA  1, Kaštel Sućurac", "city": "Kaštel Sućurac", "settlement": "Kaštel Sućurac", "municipality": "Kaštela", "county": "Splitsko-dalmatinska", "postal_code": "21212", "geo_source": "dgu-adresa", "diocese": "Splitsko-makarska Nadbiskupija", "diocese_source": "derivirano-crkve.domovina.ai", "email": "hdbs.info@gmail.com", "phone_e164": "+385981771652", "president": "Josip Degl'ivellio", "president_role": "Predsjednik Društva", "founded_at": "2020-06-08", "registered_at": "2020-07-31", "catholic_confidence": "srednja", "catholic_score": 6.0, "source": ["datagovhr:registar-udruga"], "category_label": "Zborovi i crkvena glazba", "active": 1}}, {"type": "Feature", "geometry": {"type": "Point", "coordinates": [15.895882, 45.721173]}, "properties": {"id": 951, "slug": "stovatelji-gospe-kondzilske-zagreb-dreznik-brezovicki-2721", "name": "ŠTOVATELJI GOSPE KONDŽILSKE ZAGREB", "display_name": "Štovatelji Gospe Kondžilske Zagreb", "registry": "registar-udruga", "oib": "46716072721", "status": "AKTIVAN", "category": "hodocasnicka", "address": "DREŽNIK II. ODVOJAK 28, Drežnik Brezovički", "city": "Drežnik Brezovički", "settlement": "Drežnik Brezovički", "municipality": "Grad Zagreb", "county": "Grad Zagreb", "geo_source": "naselje-teziste", "diocese": "Zagrebačka Nadbiskupija", "diocese_source": "derivirano-crkve.domovina.ai", "president": "Franjo Majer", "president_role": "Dopredsjednik", "founded_at": "2020-07-06", "registered_at": "2020-09-17", "catholic_confidence": "visoka", "catholic_score": 10.0, "source": ["datagovhr:registar-udruga"], "category_label": "Hodočašća", "active": 1}}, {"type": "Feature", "geometry": {"type": "Point", "coordinates": [16.463025, 43.52442]}, "properties": {"id": 952, "slug": "zdenac-split-3424", "name": "Zdenac Split", "display_name": "Zdenac Split", "registry": "registar-udruga", "oib": "54327323424", "status": "AKTIVAN", "category": "molitvena", "address": "A. Petravića  1, Split", "city": "Split", "settlement": "Split", "municipality": "Split", "county": "Splitsko-dalmatinska", "postal_code": "21000", "geo_source": "dgu-adresa", "diocese": "Splitsko-makarska Nadbiskupija", "diocese_source": "derivirano-crkve.domovina.ai", "email": "udruga.zdenac@gmail.com", "website": "https://www.zdenac.org", "phone_e164": "+38521377572", "president": "Kristina Vodopija", "president_role": "Dopredsjednica Udruge", "founded_at": "2020-09-11", "registered_at": "2020-10-16", "catholic_confidence": "srednja", "catholic_score": 5.5, "source": ["datagovhr:registar-udruga"], "category_label": "Molitvene zajednice", "active": 1}}, {"type": "Feature", "geometry": {"type": "Point", "coordinates": [18.688404, 45.625172]}, "properties": {"id": 953, "slug": "kolo-srpskih-sestara-pokrova-presvete-bogorodice-darda-2802", "name": "KOLO SRPSKIH SESTARA POKROVA PRESVETE BOGORODICE DARDA", "display_name": "Kolo Srpskih Sestara Pokrova Presvete Bogorodice Darda", "short_name": "KSS", "registry": "registar-udruga", "oib": "77094002802", "status": "AKTIVAN", "category": "strukovna", "address": "Osječka 3, Darda", "city": "Darda", "settlement": "Darda", "municipality": "Darda", "county": "Osječko-baranjska", "postal_code": "31326", "geo_source": "dgu-adresa", "diocese": "Đakovačko-osječka Nadbiskupija", "diocese_source": "derivirano-crkve.domovina.ai", "email": "kssdarda@net.hr", "phone_e164": "+38598687996", "president": "Marijana Doža", "president_role": "Potpredsjednica Upravnog Odbora", "founded_at": "2020-09-13", "registered_at": "2020-10-08", "catholic_confidence": "visoka", "catholic_score": 10.0, "source": ["datagovhr:registar-udruga"], "category_label": "Strukovne (liječnici, učitelji…)", "active": 1}}, {"type": "Feature", "geometry": {"type": "Point", "coordinates": [15.25436, 44.576999]}, "properties": {"id": 954, "slug": "organizacija-obrane-zdravlja-buzim-0687", "name": "ORGANIZACIJA OBRANE ZDRAVLJA", "display_name": "Organizacija Obrane Zdravlja", "short_name": "OOZ", "registry": "registar-udruga", "oib": "36261350687", "status": "AKTIVAN", "category": "karitativna", "address": "Bužim 119, Bužim", "city": "Bužim", "settlement": "Bužim", "municipality": "Gospić", "county": "Ličko-senjska", "postal_code": "53211", "geo_source": "dgu-adresa", "diocese": "Gospićko-senjska Biskupija", "diocese_source": "derivirano-crkve.domovina.ai", "president": "Denis Bašnec", "president_role": "Predsjednik", "founded_at": "2020-09-03", "registered_at": "2020-10-21", "catholic_confidence": "srednja", "catholic_score": 4.5, "source": ["datagovhr:registar-udruga"], "category_label": "Karitativne i humanitarne", "active": 1}}, {"type": "Feature", "geometry": {"type": "Point", "coordinates": [15.787865, 45.788904]}, "properties": {"id": 955, "slug": "altruizam-brezje-0690", "name": "Altruizam", "display_name": "Altruizam", "registry": "registar-udruga", "oib": "70021290690", "status": "AKTIVAN", "category": "karitativna", "address": "Augusta Šenoe 8a, Brezje", "city": "Brezje", "settlement": "Brezje", "municipality": "Sveta Nedelja", "county": "Zagrebačka", "postal_code": "10431", "geo_source": "dgu-adresa", "diocese": "Zagrebačka Nadbiskupija", "diocese_source": "derivirano-crkve.domovina.ai", "email": "altruizam@altruizam.org", "website": "https://www.altruizam.org", "phone_e164": "+385912341101", "president": "Ivan Miljan", "president_role": "Predsjednik", "founded_at": "2019-11-17", "registered_at": "2020-01-02", "catholic_confidence": "srednja", "catholic_score": 4.5, "source": ["datagovhr:registar-udruga"], "category_label": "Karitativne i humanitarne", "active": 1}}, {"type": "Feature", "geometry": {"type": "Point", "coordinates": [16.052902, 45.82334]}, "properties": {"id": 957, "slug": "udruga-dunamis-zagreb-8550", "name": "UDRUGA DUNAMIS", "display_name": "Udruga Dunamis", "short_name": "DUNAMIS", "registry": "registar-udruga", "oib": "76299648550", "status": "AKTIVAN", "category": "karitativna", "address": "Kloštarska ulica 21A, Zagreb", "city": "Zagreb", "settlement": "Zagreb", "municipality": "Grad Zagreb", "county": "Grad Zagreb", "postal_code": "10040", "geo_source": "dgu-adresa", "diocese": "Zagrebačka Nadbiskupija", "diocese_source": "derivirano-crkve.domovina.ai", "email": "dunamiszg@gmail.com", "phone_e164": "+385912311977", "president": "Danijel Fištrek", "president_role": "Predsjednik", "founded_at": "2019-10-31", "registered_at": "2020-02-14", "catholic_confidence": "srednja", "catholic_score": 5.5, "source": ["datagovhr:registar-udruga"], "category_label": "Karitativne i humanitarne", "active": 1}}, {"type": "Feature", "geometry": {"type": "Point", "coordinates": [18.641612, 45.564529]}, "properties": {"id": 958, "slug": "udruga-biblijsko-molitvena-zajednica-milosrdni-otac-osijek-4255", "name": "UDRUGA BIBLIJSKO MOLITVENA ZAJEDNICA MILOSRDNI OTAC", "display_name": "Udruga Biblijsko Molitvena Zajednica Milosrdni Otac", "short_name": "BMZMO", "registry": "registar-udruga", "oib": "92684444255", "status": "AKTIVAN", "category": "molitvena", "address": "Ćićarijska 1A, Osijek", "city": "Osijek", "settlement": "Osijek", "municipality": "Osijek", "county": "Osječko-baranjska", "postal_code": "31000", "geo_source": "dgu-adresa", "diocese": "Đakovačko-osječka Nadbiskupija", "diocese_source": "derivirano-crkve.domovina.ai", "president": "Ivan Grašić", "president_role": "Dopredsjednik", "founded_at": "2020-12-10", "registered_at": "2021-02-16", "catholic_confidence": "visoka", "catholic_score": 15.0, "source": ["datagovhr:registar-udruga"], "category_label": "Molitvene zajednice", "active": 1}}, {"type": "Feature", "geometry": {"type": "Point", "coordinates": [15.922286, 45.761024]}, "properties": {"id": 959, "slug": "obnova-u-duhu-svetome-hrvatske-zagreb-7778", "name": "OBNOVA U DUHU SVETOME HRVATSKE", "display_name": "Obnova u Duhu Svetome Hrvatske", "short_name": "ODS", "registry": "registar-udruga", "oib": "01514487778", "status": "AKTIVAN", "category": "pokret", "address": "Ulica Mladena Fiolića 11, Zagreb", "city": "Zagreb", "settlement": "Zagreb", "municipality": "Grad Zagreb", "county": "Grad Zagreb", "postal_code": "10020", "geo_source": "dgu-adresa", "diocese": "Zagrebačka Nadbiskupija", "diocese_source": "derivirano-crkve.domovina.ai", "email": "zukan.ods@gmail.com", "website": "https://www.obnovauduhu.com", "phone_e164": "+385911573487", "president": "Niko Rončević", "president_role": "Predsjednik", "founded_at": "2020-02-22", "registered_at": "2020-04-28", "catholic_confidence": "visoka", "catholic_score": 11.0, "source": ["datagovhr:registar-udruga"], "category_label": "Pokreti i laičke zajednice", "active": 1}}, {"type": "Feature", "geometry": {"type": "Point", "coordinates": [17.676932, 45.33191]}, "properties": {"id": 962, "slug": "udruga-marijina-djeca-pozega-2231", "name": "Udruga Marijina djeca", "display_name": "Udruga Marijina djeca", "short_name": "Marijina djeca", "registry": "registar-udruga", "oib": "37748332231", "status": "AKTIVAN", "category": "mladi", "address": "Cehovska 8, Požega", "city": "Požega", "settlement": "Požega", "municipality": "Požega", "county": "Požeško-slavonska", "postal_code": "34000", "geo_source": "dgu-adresa", "diocese": "Požeška Biskupija", "diocese_source": "derivirano-crkve.domovina.ai", "email": "udrugamarijinadjeca@gmail.com", "phone_e164": "+385912714500", "president": "Tomislav Jurnečka", "president_role": "Predsjednik", "founded_at": "2020-09-19", "registered_at": "2020-11-20", "catholic_confidence": "visoka", "catholic_score": 9.0, "source": ["datagovhr:registar-udruga"], "category_label": "Mladi i studenti", "active": 1}}, {"type": "Feature", "geometry": {"type": "Point", "coordinates": [16.01935, 46.294898]}, "properties": {"id": 963, "slug": "zavicajna-udruga-visnjica-donja-visnjica-9030", "name": "\"Zavičajna udruga Višnjica\"", "display_name": "\"Zavičajna udruga Višnjica\"", "short_name": "\"Višnjica\"", "registry": "registar-udruga", "oib": "81088919030", "status": "AKTIVAN", "category": "glazba", "address": "Zlogonje  121, Donja Višnjica", "city": "Donja Višnjica", "settlement": "Donja Višnjica", "municipality": "Lepoglava", "county": "Varaždinska", "geo_source": "naselje-teziste", "diocese": "Varaždinska Biskupija", "diocese_source": "derivirano-crkve.domovina.ai", "email": "zvone.franc@gmail.com", "website": "https://visnjica.eu", "phone_e164": "+385911117444", "president": "Danijela Fijačko", "president_role": "Predsjednik", "founded_at": "2020-10-11", "registered_at": "2020-12-23", "catholic_confidence": "srednja", "catholic_score": 7.0, "source": ["datagovhr:registar-udruga"], "category_label": "Zborovi i crkvena glazba", "active": 1}}, {"type": "Feature", "geometry": {"type": "Point", "coordinates": [17.193293, 45.543081]}, "properties": {"id": 964, "slug": "udruga-za-promicanje-kvalitetnog-zivota-moral-diplomat-kip-5909", "name": "Udruga za promicanje kvalitetnog života \"Moral Diplomat\"", "display_name": "Udruga za promicanje kvalitetnog života \"Moral Diplomat\"", "short_name": "Moral Diplomat", "registry": "registar-udruga", "oib": "87418335909", "status": "AKTIVAN", "category": "molitvena", "address": "Kip 22, Kip", "city": "Kip", "settlement": "Kip", "municipality": "Sirač", "county": "Bjelovarsko-bilogorska", "postal_code": "43500", "geo_source": "dgu-adresa", "diocese": "Požeška Biskupija", "diocese_source": "derivirano-crkve.domovina.ai", "email": "moraldiplomat@gmail.com", "phone_e164": "+385913222288", "president": "Slađana Lovrić", "president_role": "Predsjednica", "founded_at": "2021-04-18", "registered_at": "2021-09-14", "catholic_confidence": "srednja", "catholic_score": 4.5, "source": ["datagovhr:registar-udruga"], "category_label": "Molitvene zajednice", "active": 1}}, {"type": "Feature", "geometry": {"type": "Point", "coordinates": [15.980256, 45.844127]}, "properties": {"id": 965, "slug": "uzlazeci-kolovrat-vjerska-udruga-za-izucavanje-i-poucavanje-etno-religijskog-pluralizma-zagreb-6341", "name": "UZLAZEĆI KOLOVRAT - VJERSKA UDRUGA ZA IZUČAVANJE I POUČAVANJE ETNO-RELIGIJSKOG PLURALIZMA", "display_name": "Uzlazeći Kolovrat - Vjerska Udruga za Izučavanje i Poučavanje Etno-religijskog Pluralizma", "short_name": "UZLAZEĆI KOLOVRAT", "registry": "registar-udruga", "oib": "05545346341", "status": "AKTIVAN", "category": "mladi", "address": "Remetska cesta 25, Zagreb", "city": "Zagreb", "settlement": "Zagreb", "municipality": "Grad Zagreb", "county": "Grad Zagreb", "postal_code": "10163", "geo_source": "dgu-adresa", "diocese": "Zagrebačka Nadbiskupija", "diocese_source": "derivirano-crkve.domovina.ai", "email": "borisk10@gmail.com", "phone_e164": "+385992010417", "president": "Luka Janeš", "president_role": "Predsjednik", "founded_at": "2021-07-25", "registered_at": "2021-09-10", "catholic_confidence": "srednja", "catholic_score": 5.5, "source": ["datagovhr:registar-udruga"], "category_label": "Mladi i studenti", "active": 1}}, {"type": "Feature", "geometry": {"type": "Point", "coordinates": [17.217073, 43.447511]}, "properties": {"id": 966, "slug": "udruga-sestra-marija-od-presvetog-srca-anka-petricevic-imotski-8433", "name": "UDRUGA SESTRA MARIJA OD PRESVETOG SRCA ANKA PETRIČEVIĆ", "display_name": "Udruga Sestra Marija od Presvetog Srca Anka Petričević", "short_name": "UDRUGA S. MARIJA", "registry": "registar-udruga", "oib": "63585488433", "status": "AKTIVAN", "category": "molitvena", "address": "Vinarski prolaz 4, Imotski", "city": "Imotski", "settlement": "Imotski", "municipality": "Imotski", "county": "Splitsko-dalmatinska", "postal_code": "21260", "geo_source": "dgu-adresa", "diocese": "Splitsko-makarska Nadbiskupija", "diocese_source": "derivirano-crkve.domovina.ai", "email": "branka.buljan.im@gmail.com", "phone_e164": "+385921661348", "president": "Branka Buljan", "president_role": "Predsjednica Udruge", "founded_at": "2021-09-10", "registered_at": "2021-09-16", "catholic_confidence": "srednja", "catholic_score": 6.5, "source": ["datagovhr:registar-udruga"], "category_label": "Molitvene zajednice", "active": 1}}, {"type": "Feature", "geometry": {"type": "Point", "coordinates": [16.228427, 45.735962]}, "properties": {"id": 968, "slug": "svjetlost-svijeta-rugvica-9402", "name": "SVJETLOST SVIJETA", "display_name": "Svjetlost Svijeta", "registry": "registar-udruga", "oib": "01498919402", "status": "AKTIVAN", "category": "glazba", "address": "Posavska ulica 109, Rugvica", "city": "Rugvica", "settlement": "Rugvica", "municipality": "Rugvica", "county": "Zagrebačka", "postal_code": "10370", "geo_source": "dgu-adresa", "diocese": "Zagrebačka Nadbiskupija", "diocese_source": "derivirano-crkve.domovina.ai", "email": "info@svjetlost-svijeta.com", "website": "https://www.svjetlost-svijeta.com", "phone_e164": "+385997994764", "president": "Marko Kolar", "president_role": "Predsjednik", "founded_at": "2021-08-02", "registered_at": "2021-10-18", "catholic_confidence": "srednja", "catholic_score": 8.0, "source": ["datagovhr:registar-udruga"], "category_label": "Zborovi i crkvena glazba", "active": 1}}, {"type": "Feature", "geometry": {"type": "Point", "coordinates": [17.102843, 42.981287]}, "properties": {"id": 969, "slug": "karmelicanska-udruga-mladih-k2um-viganj-4159", "name": "Karmelićanska udruga mladih \"K2UM\"", "display_name": "Karmelićanska udruga mladih \"K2UM\"", "short_name": "K2UM", "registry": "registar-udruga", "oib": "40552514159", "status": "AKTIVAN", "category": "mladi", "address": "Viganj 7A, Viganj", "city": "Viganj", "settlement": "Viganj", "municipality": "Orebić", "county": "Dubrovačko-neretvanska", "postal_code": "20267", "geo_source": "dgu-adresa", "diocese": "Dubrovačka Biskupija - Dioecesis Ragusina", "diocese_source": "derivirano-crkve.domovina.ai", "president": "Vein Sršen", "president_role": "Predsjednik", "founded_at": "2021-10-06", "registered_at": "2021-10-19", "catholic_confidence": "srednja", "catholic_score": 4.0, "source": ["datagovhr:registar-udruga"], "category_label": "Mladi i studenti", "active": 1}}, {"type": "Feature", "geometry": {"type": "Point", "coordinates": [18.231149, 42.583461]}, "properties": {"id": 972, "slug": "bratstvo-svetog-stjepana-duba-konavoska-cavtat-5306", "name": "\"Bratstvo Svetog Stjepana Duba Konavoska\"", "display_name": "\"Bratstvo Svetog Stjepana Duba Konavoska\"", "short_name": "\"Bratstvo Svetog Stjepana\"", "registry": "registar-udruga", "oib": "00408255306", "status": "AKTIVAN", "category": "bratovstina", "address": "Duba Konavoska  29, Cavtat", "city": "Cavtat", "settlement": "Cavtat", "municipality": "Konavle", "county": "Dubrovačko-neretvanska", "geo_source": "naselje-teziste", "diocese": "Dubrovačka Biskupija - Dioecesis Ragusina", "diocese_source": "derivirano-crkve.domovina.ai", "email": "udrugasv.stjepan@gmail.com", "phone_e164": "+385981911578", "president": "Stijepo Martinović", "president_role": "Predsjednik", "founded_at": "2021-02-03", "registered_at": "2021-03-12", "catholic_confidence": "visoka", "catholic_score": 9.5, "source": ["datagovhr:registar-udruga"], "category_label": "Bratovštine", "active": 1}}, {"type": "Feature", "geometry": {"type": "Point", "coordinates": [15.811778, 45.912393]}, "properties": {"id": 974, "slug": "misionari-milosrda-pojatno-7886", "name": "MISIONARI MILOSRĐA", "display_name": "Misionari Milosrđa", "short_name": "MISIONARI", "registry": "registar-udruga", "oib": "60486837886", "status": "AKTIVAN", "category": "karitativna", "address": "Zagrebačka cesta 3, Pojatno", "city": "Pojatno", "settlement": "Pojatno", "municipality": "Zaprešić", "county": "Zagrebačka", "postal_code": "10294", "geo_source": "dgu-adresa", "diocese": "Zagrebačka Nadbiskupija", "diocese_source": "derivirano-crkve.domovina.ai", "email": "mateopotz7@gmail.com", "phone_e164": "+385958780064", "president": "Ile Kelić", "president_role": "Predsjednik Udruge", "founded_at": "2021-10-04", "registered_at": "2021-11-25", "catholic_confidence": "visoka", "catholic_score": 11.0, "source": ["datagovhr:registar-udruga"], "category_label": "Karitativne i humanitarne", "active": 1}}, {"type": "Feature", "geometry": {"type": "Point", "coordinates": [16.806614, 43.431549]}, "properties": {"id": 977, "slug": "pucki-pivaci-zupe-svetog-luke-evandelista-kucice-9643", "name": "PUČKI PIVAČI ŽUPE SVETOG LUKE EVANĐELISTA KUČIĆE", "display_name": "Pučki Pivači Župe Svetog Luke Evanđelista Kučiće", "short_name": "PUČKI PIVAČI KUČIĆE", "registry": "registar-udruga", "oib": "88860649643", "status": "AKTIVAN", "category": "zupna", "address": "Put sv. Luke 59, Kučiće", "city": "Kučiće", "settlement": "Kučiće", "municipality": "Omiš", "county": "Splitsko-dalmatinska", "postal_code": "21250", "geo_source": "dgu-adresa", "diocese": "Splitsko-makarska Nadbiskupija", "diocese_source": "derivirano-crkve.domovina.ai", "email": "tomasovicciro@gmail.com", "website": "https://www.kucice.hr", "phone_e164": "+385981840740", "president": "Ante Božić", "president_role": "Predsjednik Udruge", "founded_at": "2021-10-18", "registered_at": "2021-12-15", "catholic_confidence": "visoka", "catholic_score": 6.5, "source": ["datagovhr:registar-udruga"], "category_label": "Župne udruge", "active": 1}}, {"type": "Feature", "geometry": {"type": "Point", "coordinates": [16.455621, 43.515494]}, "properties": {"id": 978, "slug": "za-plokite-split-1229", "name": "Za Plokite", "display_name": "Za Plokite", "registry": "registar-udruga", "oib": "19106521229", "status": "AKTIVAN", "category": "glazba", "address": "Iločka 6, Split", "city": "Split", "settlement": "Split", "municipality": "Split", "county": "Splitsko-dalmatinska", "postal_code": "21000", "geo_source": "dgu-adresa", "diocese": "Splitsko-makarska Nadbiskupija", "diocese_source": "derivirano-crkve.domovina.ai", "email": "luka.celar51@gmail.com", "phone_e164": "+385953605560", "president": "Jakša Božanić", "president_role": "Dopredsjednik", "founded_at": "2021-12-01", "registered_at": "2022-02-17", "catholic_confidence": "srednja", "catholic_score": 5.0, "source": ["datagovhr:registar-udruga"], "category_label": "Zborovi i crkvena glazba", "active": 1}}, {"type": "Feature", "geometry": {"type": "Point", "coordinates": [17.661886, 45.453044]}, "properties": {"id": 980, "slug": "udruga-mladih-opcine-velika-0110", "name": "Udruga mladih Općine Velika", "display_name": "Udruga mladih Općine Velika", "short_name": "UMOV", "registry": "registar-udruga", "oib": "94959020110", "status": "AKTIVAN", "category": "mladi", "address": "Šubićeva 7, Velika", "city": "Velika", "settlement": "Velika", "municipality": "Velika", "county": "Požeško-slavonska", "postal_code": "34330", "geo_source": "dgu-adresa", "diocese": "Požeška Biskupija", "diocese_source": "derivirano-crkve.domovina.ai", "president": "David Kožić", "president_role": "Potpredsjednik", "founded_at": "2022-03-10", "registered_at": "2022-05-26", "catholic_confidence": "srednja", "catholic_score": 6.0, "source": ["datagovhr:registar-udruga"], "category_label": "Mladi i studenti", "active": 1}}, {"type": "Feature", "geometry": {"type": "Point", "coordinates": [16.328623, 46.315275]}, "properties": {"id": 982, "slug": "dobar-smjer-varazdin-7646", "name": "DOBAR SMJER", "display_name": "Dobar Smjer", "registry": "registar-udruga", "oib": "79661257646", "status": "AKTIVAN", "category": "molitvena", "address": "ULICA EUGENA KUMIČIĆA 8A, Varaždin", "city": "Varaždin", "settlement": "Varaždin", "municipality": "Varaždin", "county": "Varaždinska", "postal_code": "42000", "geo_source": "dgu-adresa", "diocese": "Varaždinska Biskupija", "diocese_source": "derivirano-crkve.domovina.ai", "email": "luka.rasinec.ep@gmail.com", "phone_e164": "+385989595015", "president": "Ladislav Ilčić", "president_role": "Predsjednik", "founded_at": "2022-01-14", "registered_at": "2022-04-07", "catholic_confidence": "srednja", "catholic_score": 4.0, "source": ["datagovhr:registar-udruga"], "category_label": "Molitvene zajednice", "active": 1}}, {"type": "Feature", "geometry": {"type": "Point", "coordinates": [15.922105, 45.785169]}, "properties": {"id": 984, "slug": "ecclesia-militans-udruga-za-promicanje-katolicke-kulture-zagreb-4623", "name": "\"ECCLESIA MILITANS\", UDRUGA ZA PROMICANJE KATOLIČKE KULTURE", "display_name": "\"Ecclesia Militans\", Udruga za Promicanje Katoličke Kulture", "registry": "registar-udruga", "oib": "82132074623", "status": "AKTIVAN", "category": "kultura", "address": "Homerska ulica 2, Zagreb", "city": "Zagreb", "settlement": "Zagreb", "municipality": "Grad Zagreb", "county": "Grad Zagreb", "postal_code": "10104", "geo_source": "dgu-adresa", "diocese": "Zagrebačka Nadbiskupija", "diocese_source": "derivirano-crkve.domovina.ai", "phone_e164": "+385998425286", "president": "Robert Dumančić", "president_role": "Predsjednik", "founded_at": "2022-05-20", "registered_at": "2022-07-11", "catholic_confidence": "visoka", "catholic_score": 5.0, "source": ["datagovhr:registar-udruga"], "category_label": "Kultura i baština", "active": 1}}, {"type": "Feature", "geometry": {"type": "Point", "coordinates": [17.409129, 45.662818]}, "properties": {"id": 985, "slug": "krscanska-udruga-papuk-dulovac-5195", "name": "KRŠĆANSKA UDRUGA PAPUK", "display_name": "Kršćanska Udruga Papuk", "short_name": "KRU Papuk", "registry": "registar-udruga", "oib": "85945415195", "status": "AKTIVAN", "category": "molitvena", "address": "Ulica bana Josipa Jelačića 27, Đulovac", "city": "Đulovac", "settlement": "Đulovac", "municipality": "Đulovac", "county": "Bjelovarsko-bilogorska", "postal_code": "43532", "geo_source": "dgu-adresa", "diocese": "Požeška Biskupija", "diocese_source": "derivirano-crkve.domovina.ai", "email": "kr.u.papuk@gmail.com", "phone_e164": "+38598345225", "president": "Silvio Balić", "president_role": "Dopredsjednik", "founded_at": "2022-05-01", "registered_at": "2022-07-21", "catholic_confidence": "srednja", "catholic_score": 8.0, "source": ["datagovhr:registar-udruga"], "category_label": "Molitvene zajednice", "active": 1}}, {"type": "Feature", "geometry": {"type": "Point", "coordinates": [17.631899, 43.045775]}, "properties": {"id": 986, "slug": "udruga-borovci-metkovic-6482", "name": "UDRUGA BOROVCI", "display_name": "Udruga Borovci", "registry": "registar-udruga", "oib": "73416246482", "status": "AKTIVAN", "category": "molitvena", "address": "Zagrebačka 903, Metković", "city": "Metković", "settlement": "Metković", "municipality": "Metković", "county": "Dubrovačko-neretvanska", "geo_source": "naselje-teziste", "diocese": "Splitsko-makarska Nadbiskupija", "diocese_source": "derivirano-crkve.domovina.ai", "email": "udruga.borovci@gmail.com", "phone_e164": "+385922858556", "president": "Branko Medak", "president_role": "Predsjednik", "founded_at": "2021-11-01", "registered_at": "2021-11-22", "catholic_confidence": "srednja", "catholic_score": 5.0, "source": ["datagovhr:registar-udruga"], "category_label": "Molitvene zajednice", "active": 1}}, {"type": "Feature", "geometry": {"type": "Point", "coordinates": [16.529132, 45.256622]}, "properties": {"id": 987, "slug": "centar-podrske-u-zajednici-majur-7694", "name": "CENTAR PODRŠKE U ZAJEDNICI", "display_name": "Centar Podrške u Zajednici", "short_name": "CPZ", "registry": "registar-udruga", "oib": "87319787694", "status": "AKTIVAN", "category": "molitvena", "address": "Kolodvorska 5, Majur", "city": "Majur", "settlement": "Majur", "municipality": "Majur", "county": "Sisačko-moslavačka", "postal_code": "44430", "geo_source": "dgu-adresa", "diocese": "Sisačka Biskupija", "diocese_source": "derivirano-crkve.domovina.ai", "email": "centar.podrskeuzajednici@gmail.com", "phone_e164": "+385915796279", "president": "Željka Harčević", "president_role": "Predsjednica", "founded_at": "2022-06-29", "registered_at": "2022-09-20", "catholic_confidence": "srednja", "catholic_score": 7.5, "source": ["datagovhr:registar-udruga"], "category_label": "Molitvene zajednice", "active": 1}}, {"type": "Feature", "geometry": {"type": "Point", "coordinates": [17.079521, 46.049667]}, "properties": {"id": 988, "slug": "udruga-ziva-voda-durdevac-7069", "name": "Udruga Živa voda", "display_name": "Udruga Živa voda", "short_name": "UŽV", "registry": "registar-udruga", "oib": "52067597069", "status": "AKTIVAN", "category": "hodocasnicka", "address": "Ulica Grkinska 83, Đurđevac", "city": "Đurđevac", "settlement": "Đurđevac", "municipality": "Đurđevac", "county": "Koprivničko-križevačka", "postal_code": "48350", "geo_source": "dgu-adresa", "diocese": "Varaždinska Biskupija", "diocese_source": "derivirano-crkve.domovina.ai", "email": "igor.benakovic@gmail.com", "phone_e164": "+385993132333", "president": "Igor Benaković", "president_role": "Predsjednik", "founded_at": "2022-09-12", "registered_at": "2022-09-30", "catholic_confidence": "srednja", "catholic_score": 6.0, "source": ["datagovhr:registar-udruga"], "category_label": "Hodočašća", "active": 1}}, {"type": "Feature", "geometry": {"type": "Point", "coordinates": [16.035991, 45.82806]}, "properties": {"id": 989, "slug": "udruga-navis-za-promicanje-bracnih-i-obiteljskih-vrijednosti-te-izgradnju-katolickog-identiteta-zagreb-5003", "name": "UDRUGA NAVIS ZA PROMICANJE BRAČNIH I OBITELJSKIH VRIJEDNOSTI TE IZGRADNJU KATOLIČKOG IDENTITETA", "display_name": "Udruga Navis za Promicanje Bračnih i Obiteljskih Vrijednosti te Izgradnju Katoličkog Identiteta", "short_name": "NAVIS", "registry": "registar-udruga", "oib": "70835235003", "status": "AKTIVAN", "category": "obitelj", "address": "Avenija Gojka Šuška 2, Zagreb", "city": "Zagreb", "settlement": "Zagreb", "municipality": "Grad Zagreb", "county": "Grad Zagreb", "postal_code": "10040", "geo_source": "dgu-adresa", "diocese": "Zagrebačka Nadbiskupija", "diocese_source": "derivirano-crkve.domovina.ai", "email": "udruganavis@gmail.com", "phone_e164": "+385996303404", "president": "Iva Logarušić", "president_role": "Predsjednica", "founded_at": "2022-10-12", "registered_at": "2022-11-25", "catholic_confidence": "visoka", "catholic_score": 9.0, "source": ["datagovhr:registar-udruga"], "category_label": "Obitelj i život", "active": 1}}, {"type": "Feature", "geometry": {"type": "Point", "coordinates": [13.848042, 44.869724]}, "properties": {"id": 990, "slug": "fiat-voluntas-tua-pula-4221", "name": "FIAT VOLUNTAS TUA", "display_name": "Fiat Voluntas Tua", "registry": "registar-udruga", "oib": "29109364221", "status": "AKTIVAN", "category": "hodocasnicka", "address": "Giardini - Giardini 4, Pula", "city": "Pula", "settlement": "Pula", "municipality": "Pula - Pola", "county": "Istarska", "postal_code": "52100", "geo_source": "dgu-adresa", "diocese": "Biskupija Porečka i Pulska", "diocese_source": "derivirano-crkve.domovina.ai", "email": "drazen.vukotic@gmail.com", "website": "https://www.fiatvoluntastua.info", "phone_e164": "+385913836061", "president": "Mia Blajić", "president_role": "Zamjenica Predsjednice", "founded_at": "2023-03-04", "registered_at": "2023-06-16", "catholic_confidence": "srednja", "catholic_score": 4.5, "source": ["datagovhr:registar-udruga"], "category_label": "Hodočašća", "active": 1}}, {"type": "Feature", "geometry": {"type": "Point", "coordinates": [15.548898, 45.47351]}, "properties": {"id": 991, "slug": "krscanska-udruga-derek-prince-karlovac-8721", "name": "KRŠĆANSKA UDRUGA DEREK PRINCE", "display_name": "Kršćanska Udruga Derek Prince", "short_name": "KUDP", "registry": "registar-udruga", "oib": "95156588721", "status": "AKTIVAN", "category": "hodocasnicka", "address": "Bašćinska cesta 39, Karlovac", "city": "Karlovac", "settlement": "Karlovac", "municipality": "Karlovac", "county": "Karlovačka", "postal_code": "47000", "geo_source": "dgu-adresa", "diocese": "Zagrebačka Nadbiskupija", "diocese_source": "derivirano-crkve.domovina.ai", "email": "damirblazic@hotmail.com", "website": "https://www.derek prince.hr", "phone_e164": "+385914501316", "president": "Damir Blažić", "president_role": "Predsjednik Udruge", "founded_at": "2023-02-16", "registered_at": "2023-03-15", "catholic_confidence": "srednja", "catholic_score": 10.0, "source": ["datagovhr:registar-udruga"], "category_label": "Hodočašća", "active": 1}}, {"type": "Feature", "geometry": {"type": "Point", "coordinates": [15.555425, 45.472122]}, "properties": {"id": 992, "slug": "radosna-vijest-karlovac-7677", "name": "RADOSNA VIJEST", "display_name": "Radosna Vijest", "registry": "registar-udruga", "oib": "37238847677", "status": "AKTIVAN", "category": "molitvena", "address": "Bašćinska cesta 32A, Karlovac", "city": "Karlovac", "settlement": "Karlovac", "municipality": "Karlovac", "county": "Karlovačka", "postal_code": "47000", "geo_source": "dgu-adresa", "diocese": "Zagrebačka Nadbiskupija", "diocese_source": "derivirano-crkve.domovina.ai", "email": "danijel.casni@gmail.com", "phone_e164": "+385916161014", "president": "Danijel Časni", "president_role": "Dopredsjednik Udruge", "founded_at": "2023-01-19", "registered_at": "2023-03-17", "catholic_confidence": "srednja", "catholic_score": 7.0, "source": ["datagovhr:registar-udruga"], "category_label": "Molitvene zajednice", "active": 1}}, {"type": "Feature", "geometry": {"type": "Point", "coordinates": [15.842333, 46.089397]}, "properties": {"id": 993, "slug": "udruga-za-zastitu-biljaka-krapinske-toplice-4384", "name": "Udruga za zaštitu biljaka", "display_name": "Udruga za zaštitu biljaka", "short_name": "Biljka", "registry": "registar-udruga", "oib": "06754794384", "status": "AKTIVAN", "category": "molitvena", "address": "Ulica Jakoba Badla 38, Krapinske Toplice", "city": "Krapinske Toplice", "settlement": "Krapinske Toplice", "municipality": "Krapinske Toplice", "county": "Krapinsko-zagorska", "postal_code": "49217", "geo_source": "dgu-adresa", "diocese": "Zagrebačka Nadbiskupija", "diocese_source": "derivirano-crkve.domovina.ai", "president": "Kristijan Gačina", "president_role": "Predsjednik", "founded_at": "2023-03-13", "registered_at": "2023-06-20", "catholic_confidence": "srednja", "catholic_score": 4.5, "source": ["datagovhr:registar-udruga"], "category_label": "Molitvene zajednice", "active": 1}}, {"type": "Feature", "geometry": {"type": "Point", "coordinates": [15.994844, 45.769817]}, "properties": {"id": 994, "slug": "treptaj-svijetla-udruga-za-duhovni-rast-i-razvoj-u-likvidaciji-zagreb-9744", "name": "TREPTAJ SVIJETLA, UDRUGA ZA DUHOVNI RAST I RAZVOJ U LIKVIDACIJI", "display_name": "Treptaj Svijetla, Udruga za Duhovni Rast i Razvoj u Likvidaciji", "short_name": "TREPTAJ SVIJETLA", "registry": "registar-udruga", "oib": "85986609744", "status": "BRISAN", "category": "glazba", "address": "Ulica Božidara Magovca 71, Zagreb", "city": "Zagreb", "settlement": "Zagreb", "municipality": "Grad Zagreb", "county": "Grad Zagreb", "postal_code": "10010", "geo_source": "dgu-adresa", "diocese": "Zagrebačka Nadbiskupija", "diocese_source": "derivirano-crkve.domovina.ai", "email": "karmenbuneta@yahoo.com", "phone_e164": "+385992798987", "president": "Karmen Buneta", "president_role": "Predsjednica", "founded_at": "2021-10-30", "registered_at": "2021-12-30", "catholic_confidence": "srednja", "catholic_score": 5.5, "source": ["datagovhr:registar-udruga"], "category_label": "Zborovi i crkvena glazba", "active": 0}}, {"type": "Feature", "geometry": {"type": "Point", "coordinates": [15.634718, 45.776081]}, "properties": {"id": 995, "slug": "bratovstina-svetog-jakova-hrvatska-sipacki-breg-0666", "name": "Bratovština Svetog Jakova - Hrvatska", "display_name": "Bratovština Svetog Jakova - Hrvatska", "short_name": "Bratovština Sv. Jakova", "registry": "registar-udruga", "oib": "03420030666", "status": "AKTIVAN", "category": "bratovstina", "address": "Cerina 61, Šipački Breg", "city": "Šipački Breg", "settlement": "Šipački Breg", "municipality": "Samobor", "county": "Zagrebačka", "postal_code": "10430", "geo_source": "dgu-adresa", "diocese": "Zagrebačka Nadbiskupija", "diocese_source": "derivirano-crkve.domovina.ai", "email": "bratovstina@caminocroatia.com", "website": "https://www.caminocroatia.com", "president": "Ante Blažević", "president_role": "Predsjednik", "founded_at": "2021-11-16", "registered_at": "2022-02-21", "catholic_confidence": "visoka", "catholic_score": 13.0, "source": ["datagovhr:registar-udruga"], "category_label": "Bratovštine", "active": 1}}, {"type": "Feature", "geometry": {"type": "Point", "coordinates": [18.013226, 45.153261]}, "properties": {"id": 996, "slug": "nezavisna-mladez-grada-slavonski-brod-8937", "name": "\"Nezavisna mladež grada\"", "display_name": "\"Nezavisna mladež grada\"", "short_name": "\"NMG\"", "registry": "registar-udruga", "oib": "40177148937", "status": "BRISAN", "category": "mladi", "address": "Ulica Ante Starčevića 10, Slavonski Brod", "city": "Slavonski Brod", "settlement": "Slavonski Brod", "municipality": "Slavonski Brod", "county": "Brodsko-posavska", "postal_code": "35000", "geo_source": "dgu-adresa", "diocese": "Đakovačko-osječka Nadbiskupija", "diocese_source": "derivirano-crkve.domovina.ai", "email": "domagoj.aracic1998@gmail.com", "phone_e164": "+385923315106", "president": "Anamarija Safundžić", "president_role": "Predsjednica", "founded_at": "2022-02-21", "registered_at": "2022-03-02", "catholic_confidence": "srednja", "catholic_score": 4.0, "source": ["datagovhr:registar-udruga"], "category_label": "Mladi i studenti", "active": 0}}, {"type": "Feature", "geometry": {"type": "Point", "coordinates": [17.223412, 45.592988]}, "properties": {"id": 997, "slug": "pletenica-udruga-daruvar-2972", "name": "\"PLETENICA\" udruga", "display_name": "\"PLETENICA\" udruga", "short_name": "\"PLETENICA\"", "registry": "registar-udruga", "oib": "43289452972", "status": "AKTIVAN", "category": "pokret", "address": "Josipa Jelačića 2, Daruvar", "city": "Daruvar", "settlement": "Daruvar", "municipality": "Daruvar", "county": "Bjelovarsko-bilogorska", "postal_code": "43500", "geo_source": "dgu-adresa", "diocese": "Požeška Biskupija", "diocese_source": "derivirano-crkve.domovina.ai", "email": "boris.bjelajac@gmail.com", "phone_e164": "+385917813045", "president": "Boris Bjelajac", "president_role": "Predsjednik", "founded_at": "2022-04-19", "registered_at": "2022-06-08", "catholic_confidence": "srednja", "catholic_score": 4.5, "source": ["datagovhr:registar-udruga"], "category_label": "Pokreti i laičke zajednice", "active": 1}}, {"type": "Feature", "geometry": {"type": "Point", "coordinates": [14.646755, 45.237418]}, "properties": {"id": 1000, "slug": "katolicki-skauti-rijecke-nadbiskupije-drivenik-5093", "name": "KATOLIČKI SKAUTI RIJEČKE NADBISKUPIJE", "display_name": "Katolički Skauti Riječke Nadbiskupije", "short_name": "KSRN", "registry": "registar-udruga", "oib": "69043775093", "status": "AKTIVAN", "category": "hodocasnicka", "address": "Drivenik 1, Drivenik", "city": "Drivenik", "settlement": "Drivenik", "municipality": "Vinodolska Općina", "county": "Primorsko-goranska", "postal_code": "51242", "geo_source": "dgu-adresa", "diocese": "Riječka Nadbiskupija", "diocese_source": "derivirano-crkve.domovina.ai", "email": "tajnik@katolickiskauti-rn.hr", "phone_e164": "+38598361250", "president": "Marta Lukačević", "president_role": "Podpredsjednica", "founded_at": "2022-06-05", "registered_at": "2022-07-08", "catholic_confidence": "visoka", "catholic_score": 14.0, "source": ["datagovhr:registar-udruga"], "category_label": "Hodočašća", "active": 1}}, {"type": "Feature", "geometry": {"type": "Point", "coordinates": [15.929669, 45.766561]}, "properties": {"id": 1001, "slug": "josipove-obitelji-udruga-potpore-za-posvojitelje-i-udomitelje-zagreb-8936", "name": "Josipove obitelji - udruga potpore za posvojitelje i udomitelje", "display_name": "Josipove obitelji - udruga potpore za posvojitelje i udomitelje", "short_name": "Josipove obitelji", "registry": "registar-udruga", "oib": "51008928936", "status": "AKTIVAN", "category": "obitelj", "address": "Put Loparica 2, Zagreb", "city": "Zagreb", "settlement": "Zagreb", "municipality": "Grad Zagreb", "county": "Grad Zagreb", "postal_code": "10020", "geo_source": "dgu-adresa", "diocese": "Zagrebačka Nadbiskupija", "diocese_source": "derivirano-crkve.domovina.ai", "email": "josipove@gmail.com", "website": "https://www.josipoveobitelji.com", "phone_e164": "+385989591455", "president": "Ivona Pierobon Šikman", "president_role": "Dopredsjednica", "founded_at": "2022-06-24", "registered_at": "2022-08-31", "catholic_confidence": "srednja", "catholic_score": 7.0, "source": ["datagovhr:registar-udruga"], "category_label": "Obitelj i život", "active": 1}}, {"type": "Feature", "geometry": {"type": "Point", "coordinates": [14.000283, 44.930485]}, "properties": {"id": 1004, "slug": "kriz-udruga-za-promicanje-krscanskih-vrijednosti-segotici-0595", "name": "\"KRIŽ\" UDRUGA ZA PROMICANJE KRŠĆANSKIH VRIJEDNOSTI", "display_name": "\"Križ\" Udruga za Promicanje Kršćanskih Vrijednosti", "short_name": "\"KRIŽ\"", "registry": "registar-udruga", "oib": "71826610595", "status": "AKTIVAN", "category": "karitativna", "address": "Pavićini 34, Šegotići", "city": "Šegotići", "settlement": "Šegotići", "municipality": "Marčana", "county": "Istarska", "postal_code": "52208", "geo_source": "dgu-adresa", "diocese": "Biskupija Porečka i Pulska", "diocese_source": "derivirano-crkve.domovina.ai", "email": "udrugakriz@gmail.com", "phone_e164": "+385915664918", "president": "Vanja Božak", "president_role": "Predsjednik", "founded_at": "2022-05-20", "registered_at": "2022-09-16", "catholic_confidence": "srednja", "catholic_score": 7.0, "source": ["datagovhr:registar-udruga"], "category_label": "Karitativne i humanitarne", "active": 1}}, {"type": "Feature", "geometry": {"type": "Point", "coordinates": [15.936535, 45.754096]}, "properties": {"id": 1005, "slug": "hodocasnicka-udruga-sv-stjepan-prvomucenik-botinec-zagreb-9662", "name": "HODOČASNIČKA UDRUGA SV. STJEPAN PRVOMUČENIK BOTINEC", "display_name": "Hodočasnička Udruga sv. Stjepan Prvomučenik Botinec", "short_name": "UDRUGA SV. STJEPAN PM.", "registry": "registar-udruga", "oib": "71813319662", "status": "AKTIVAN", "category": "hodocasnicka", "address": "Ulica Pere Kvržice 15, Zagreb", "city": "Zagreb", "settlement": "Zagreb", "municipality": "Grad Zagreb", "county": "Grad Zagreb", "postal_code": "10020", "geo_source": "dgu-adresa", "diocese": "Zagrebačka Nadbiskupija", "diocese_source": "derivirano-crkve.domovina.ai", "phone_e164": "+385915863540", "president": "Hrvoje Habuš", "president_role": "Zamjenik Predsjednika", "founded_at": "2022-10-01", "registered_at": "2022-11-16", "catholic_confidence": "visoka", "catholic_score": 10.5, "source": ["datagovhr:registar-udruga"], "category_label": "Hodočašća", "active": 1}}, {"type": "Feature", "geometry": {"type": "Point", "coordinates": [15.774157, 43.757465]}, "properties": {"id": 1006, "slug": "katolicki-skauti-sibenske-biskupije-vodice-8554", "name": "KATOLIČKI SKAUTI ŠIBENSKE BISKUPIJE", "display_name": "Katolički Skauti Šibenske Biskupije", "registry": "registar-udruga", "oib": "77383358554", "status": "AKTIVAN", "category": "hodocasnicka", "address": "Mirka Zore 7, Vodice", "city": "Vodice", "settlement": "Vodice", "municipality": "Vodice", "county": "Šibensko-kninska", "postal_code": "22211", "geo_source": "dgu-adresa", "diocese": "Šibenska Biskupija", "diocese_source": "derivirano-crkve.domovina.ai", "email": "ivan.skocic@gmail.com", "phone_e164": "+385911160494", "president": "Hrvoje Krnić", "president_role": "Podpredsjednik", "founded_at": "2022-07-16", "registered_at": "2022-10-13", "catholic_confidence": "visoka", "catholic_score": 12.5, "source": ["datagovhr:registar-udruga"], "category_label": "Hodočašća", "active": 1}}, {"type": "Feature", "geometry": {"type": "Point", "coordinates": [18.704391, 45.550701]}, "properties": {"id": 1007, "slug": "katolicka-udruga-prilika-za-susret-osijek-4485", "name": "KATOLIČKA UDRUGA \"PRILIKA ZA SUSRET\"", "display_name": "Katolička Udruga \"Prilika za Susret\"", "short_name": "\"PRILIKA ZA SUSRET\"", "registry": "registar-udruga", "oib": "73755834485", "status": "AKTIVAN", "category": "glazba", "address": "Martina Divalta 71, Osijek", "city": "Osijek", "settlement": "Osijek", "municipality": "Osijek", "county": "Osječko-baranjska", "postal_code": "31000", "geo_source": "dgu-adresa", "diocese": "Đakovačko-osječka Nadbiskupija", "diocese_source": "derivirano-crkve.domovina.ai", "email": "prilikazasusret@gmail.com", "phone_e164": "+385915101208", "president": "Slaven Marodt", "president_role": "Dopredsjednik Udruge", "founded_at": "2022-09-19", "registered_at": "2022-10-21", "catholic_confidence": "visoka", "catholic_score": 9.0, "source": ["datagovhr:registar-udruga"], "category_label": "Zborovi i crkvena glazba", "active": 1}}, {"type": "Feature", "geometry": {"type": "Point", "coordinates": [18.990526, 45.354032]}, "properties": {"id": 1008, "slug": "rijec-za-svijet-vukovar-7164", "name": "RIJEČ ZA SVIJET", "display_name": "Riječ za Svijet", "short_name": "\"RZS\"", "registry": "registar-udruga", "oib": "02246217164", "status": "AKTIVAN", "category": "karitativna", "address": "204. vukovarske brigade 79, Vukovar", "city": "Vukovar", "settlement": "Vukovar", "municipality": "Vukovar", "county": "Vukovarsko-srijemska", "postal_code": "32000", "geo_source": "dgu-adresa", "diocese": "Đakovačko-osječka Nadbiskupija", "diocese_source": "derivirano-crkve.domovina.ai", "email": "rijeczasvijet@gmail.com", "phone_e164": "+385953777152", "president": "Jelena Bakić", "president_role": "Predsjednica", "founded_at": "2022-12-15", "registered_at": "2022-12-21", "catholic_confidence": "srednja", "catholic_score": 4.0, "source": ["datagovhr:registar-udruga"], "category_label": "Karitativne i humanitarne", "active": 1}}, {"type": "Feature", "geometry": {"type": "Point", "coordinates": [15.770468, 45.860003]}, "properties": {"id": 1009, "slug": "udruga-neos-javorje-9777", "name": "UDRUGA NEOS", "display_name": "Udruga Neos", "registry": "registar-udruga", "oib": "20806099777", "status": "AKTIVAN", "category": "karitativna", "address": "I odvojak Savske ulice 31, Javorje", "city": "Javorje", "settlement": "Javorje", "municipality": "Brdovec", "county": "Zagrebačka", "postal_code": "10291", "geo_source": "dgu-adresa", "diocese": "Zagrebačka Nadbiskupija", "diocese_source": "derivirano-crkve.domovina.ai", "email": "davor.kukec@gmail.com", "phone_e164": "+385917679925", "president": "Davor Kukec", "president_role": "Predsjednik", "founded_at": "2023-01-03", "registered_at": "2023-03-14", "catholic_confidence": "srednja", "catholic_score": 4.5, "source": ["datagovhr:registar-udruga"], "category_label": "Karitativne i humanitarne", "active": 1}}, {"type": "Feature", "geometry": {"type": "Point", "coordinates": [16.343597, 46.265022]}, "properties": {"id": 1011, "slug": "udruga-zena-zipka-crnec-biskupecki-2034", "name": "Udruga žena ''Zipka'', Črnec Biškupečki", "display_name": "Udruga žena ''Zipka'', Črnec Biškupečki", "registry": "registar-udruga", "oib": "01519142034", "status": "AKTIVAN", "category": "karitativna", "address": "Črnec Biškupečki 108/2, Črnec Biškupečki", "city": "Črnec Biškupečki", "settlement": "Črnec Biškupečki", "municipality": "Varaždin", "county": "Varaždinska", "postal_code": "42000", "geo_source": "dgu-adresa", "diocese": "Varaždinska Biskupija", "diocese_source": "derivirano-crkve.domovina.ai", "email": "sanja.brezniblazunaj@dirh.hr", "phone_e164": "+385958726397", "president": "Sanja Brežni-Blažunaj", "president_role": "Predsjednica", "founded_at": "2023-04-25", "registered_at": "2023-05-22", "catholic_confidence": "srednja", "catholic_score": 5.0, "source": ["datagovhr:registar-udruga"], "category_label": "Karitativne i humanitarne", "active": 1}}, {"type": "Feature", "geometry": {"type": "Point", "coordinates": [15.895087, 43.736147]}, "properties": {"id": 1012, "slug": "institut-za-teologiju-i-politiku-sibenik-7656", "name": "INSTITUT ZA TEOLOGIJU I POLITIKU", "display_name": "Institut za Teologiju i Politiku", "registry": "registar-udruga", "oib": "63683137656", "status": "AKTIVAN", "category": "mediji", "address": "Nikole Tesle 35, Šibenik", "city": "Šibenik", "settlement": "Šibenik", "municipality": "Šibenik", "county": "Šibensko-kninska", "postal_code": "22000", "geo_source": "dgu-adresa", "diocese": "Šibenska Biskupija", "diocese_source": "derivirano-crkve.domovina.ai", "email": "institutzateologijuipolitiku@gmail.com", "phone_e164": "+385915414805", "president": "Branko Sekulić", "president_role": "Predsjednik Udruge", "founded_at": "2023-04-21", "registered_at": "2023-05-25", "catholic_confidence": "srednja", "catholic_score": 5.5, "source": ["datagovhr:registar-udruga"], "category_label": "Mediji i nakladništvo", "active": 1}}, {"type": "Feature", "geometry": {"type": "Point", "coordinates": [16.462155, 43.5137]}, "properties": {"id": 1014, "slug": "udruga-postkrizma-split-4029", "name": "Udruga Postkrizma", "display_name": "Udruga Postkrizma", "registry": "registar-udruga", "oib": "80365604029", "status": "AKTIVAN", "category": "glazba", "address": "Draganjina 25, Split", "city": "Split", "settlement": "Split", "municipality": "Split", "county": "Splitsko-dalmatinska", "postal_code": "21000", "geo_source": "dgu-adresa", "diocese": "Splitsko-makarska Nadbiskupija", "diocese_source": "derivirano-crkve.domovina.ai", "email": "lovric.davorka@gmail.com", "phone_e164": "+385914440591", "president": "Mate Jukić", "president_role": "Predsjednik Udruge", "founded_at": "2023-06-05", "registered_at": "2023-06-21", "catholic_confidence": "srednja", "catholic_score": 7.5, "source": ["datagovhr:registar-udruga"], "category_label": "Zborovi i crkvena glazba", "active": 1}}, {"type": "Feature", "geometry": {"type": "Point", "coordinates": [16.442697, 43.510838]}, "properties": {"id": 1015, "slug": "udruga-gradana-ekostav-split-9625", "name": "Udruga građana \"EkoSTAV\"", "display_name": "Udruga građana \"EkoSTAV\"", "short_name": "EKOST", "registry": "registar-udruga", "oib": "45881719625", "status": "AKTIVAN", "category": "molitvena", "address": "Istarska 2, Split", "city": "Split", "settlement": "Split", "municipality": "Split", "county": "Splitsko-dalmatinska", "postal_code": "21000", "geo_source": "dgu-adresa", "diocese": "Splitsko-makarska Nadbiskupija", "diocese_source": "derivirano-crkve.domovina.ai", "email": "marija.pecotic@gmail.com", "president": "Marija Bilić", "president_role": "Predsjednica Udruge", "founded_at": "2023-03-28", "registered_at": "2023-05-25", "catholic_confidence": "srednja", "catholic_score": 4.5, "source": ["datagovhr:registar-udruga"], "category_label": "Molitvene zajednice", "active": 1}}, {"type": "Feature", "geometry": {"type": "Point", "coordinates": [16.071088, 46.014092]}, "properties": {"id": 1016, "slug": "extreme-team-dabar-marija-bistrica-selnica-7911", "name": "EXTREME TEAM DABAR MARIJA BISTRICA", "display_name": "Extreme Team Dabar Marija Bistrica", "short_name": "ETDMB", "registry": "registar-udruga", "oib": "65542817911", "status": "AKTIVAN", "category": "molitvena", "address": "Selnica 24, Selnica", "city": "Selnica", "settlement": "Selnica", "municipality": "Marija Bistrica", "county": "Krapinsko-zagorska", "postal_code": "49246", "geo_source": "dgu-adresa", "diocese": "Zagrebačka Nadbiskupija", "diocese_source": "derivirano-crkve.domovina.ai", "email": "info@extremeteambober.com", "phone_e164": "+385996364196", "president": "Alojzije Pozaić", "president_role": "Predsjednik", "founded_at": "2024-09-01", "registered_at": "2024-10-07", "catholic_confidence": "srednja", "catholic_score": 4.0, "source": ["datagovhr:registar-udruga"], "category_label": "Molitvene zajednice", "active": 1}}, {"type": "Feature", "geometry": {"type": "Point", "coordinates": [16.036936, 45.828109]}, "properties": {"id": 1017, "slug": "udruga-golubici-zagreb-3593", "name": "UDRUGA \"GOLUBIĆI\"", "display_name": "Udruga \"Golubići\"", "registry": "registar-udruga", "oib": "84813443593", "status": "AKTIVAN", "category": "glazba", "address": "Srijemska ulica 5, Zagreb", "city": "Zagreb", "settlement": "Zagreb", "municipality": "Grad Zagreb", "county": "Grad Zagreb", "postal_code": "10040", "geo_source": "dgu-adresa", "diocese": "Zagrebačka Nadbiskupija", "diocese_source": "derivirano-crkve.domovina.ai", "email": "golubici08@gmail.com", "president": "Patrik Golubić", "president_role": "Dopredsjednik", "founded_at": "2026-01-18", "registered_at": "2026-03-17", "catholic_confidence": "srednja", "catholic_score": 5.0, "source": ["datagovhr:registar-udruga"], "category_label": "Zborovi i crkvena glazba", "active": 1}}, {"type": "Feature", "geometry": {"type": "Point", "coordinates": [14.971577, 45.44882]}, "properties": {"id": 1018, "slug": "udruga-kapela-sveti-ivan-nepomuk-donja-dobra-9565", "name": "UDRUGA KAPELA SVETI IVAN NEPOMUK", "display_name": "Udruga Kapela Sveti Ivan Nepomuk", "registry": "registar-udruga", "oib": "88344649565", "status": "AKTIVAN", "category": "zupna", "address": "Donja Dobra 10A, Donja Dobra", "city": "Donja Dobra", "settlement": "Donja Dobra", "municipality": "Brod Moravice", "county": "Primorsko-goranska", "postal_code": "51312", "geo_source": "dgu-adresa", "diocese": "Riječka Nadbiskupija", "diocese_source": "derivirano-crkve.domovina.ai", "email": "sv.ivannepomuk@outlook.com", "phone_e164": "+385977356851", "president": "Goran Burić", "president_role": "Predsjednik Udruge", "founded_at": "2025-10-29", "registered_at": "2025-12-24", "catholic_confidence": "visoka", "catholic_score": 9.0, "source": ["datagovhr:registar-udruga"], "category_label": "Župne udruge", "active": 1}}, {"type": "Feature", "geometry": {"type": "Point", "coordinates": [15.95186, 45.809818]}, "properties": {"id": 1019, "slug": "abba-centar-za-cjelovito-ozdravljenje-zagreb-4655", "name": "ABBA - CENTAR ZA CJELOVITO OZDRAVLJENJE", "display_name": "Abba - Centar za Cjelovito Ozdravljenje", "short_name": "ABBA CENTAR", "registry": "registar-udruga", "oib": "20981384655", "status": "AKTIVAN", "category": "karitativna", "address": "Međimurska ulica 19, Zagreb", "city": "Zagreb", "settlement": "Zagreb", "municipality": "Grad Zagreb", "county": "Grad Zagreb", "postal_code": "10109", "geo_source": "dgu-adresa", "diocese": "Zagrebačka Nadbiskupija", "diocese_source": "derivirano-crkve.domovina.ai", "email": "abba.centar@gmail.com", "website": "https://abbacentar.hr", "phone_e164": "+385998496848", "president": "Iva Konjevod", "president_role": "Dopredsjednica", "founded_at": "2026-02-16", "registered_at": "2026-04-23", "catholic_confidence": "srednja", "catholic_score": 5.0, "source": ["datagovhr:registar-udruga"], "category_label": "Karitativne i humanitarne", "active": 1}}, {"type": "Feature", "geometry": {"type": "Point", "coordinates": [17.702445, 45.700838]}, "properties": {"id": 1020, "slug": "josipovi-prijatelji-slatina-4053", "name": "Josipovi prijatelji, Slatina", "display_name": "Josipovi prijatelji, Slatina", "short_name": "JPS", "registry": "registar-udruga", "oib": "61141784053", "status": "AKTIVAN", "category": "molitvena", "address": "Trg svetog Josipa 11, Slatina", "city": "Slatina", "settlement": "Slatina", "municipality": "Slatina", "county": "Virovitičko-podravska", "postal_code": "33520", "geo_source": "dgu-adresa", "diocese": "Požeška Biskupija", "diocese_source": "derivirano-crkve.domovina.ai", "email": "josipovi.prijatelji@gmail.com", "president": "Lucija Katalinić", "president_role": "Predsjednica", "founded_at": "2026-07-09", "registered_at": "2026-08-14", "catholic_confidence": "srednja", "catholic_score": 8.0, "source": ["datagovhr:registar-udruga"], "category_label": "Molitvene zajednice", "active": 1}}, {"type": "Feature", "geometry": {"type": "Point", "coordinates": [15.944694, 45.813116]}, "properties": {"id": 1021, "slug": "alumni-hrvatskog-katolickog-sveucilista-zagreb-2225", "name": "ALUMNI HRVATSKOG KATOLIČKOG SVEUČILIŠTA", "display_name": "Alumni Hrvatskog Katoličkog Sveučilišta", "short_name": "ALUMNI HKS", "registry": "registar-udruga", "oib": "65605352225", "status": "AKTIVAN", "category": "glazba", "address": "Ilica 244, Zagreb", "city": "Zagreb", "settlement": "Zagreb", "municipality": "Grad Zagreb", "county": "Grad Zagreb", "postal_code": "10109", "geo_source": "dgu-adresa", "diocese": "Zagrebačka Nadbiskupija", "diocese_source": "derivirano-crkve.domovina.ai", "email": "alumni@unicath.hr", "website": "https://edu.unicath.hr/Alumni", "phone_e164": "+38598880585", "president": "Filip Hren", "president_role": "Predsjednik", "founded_at": "2021-12-08", "registered_at": "2022-02-25", "catholic_confidence": "visoka", "catholic_score": 4.0, "source": ["datagovhr:registar-udruga"], "category_label": "Zborovi i crkvena glazba", "active": 1}}, {"type": "Feature", "geometry": {"type": "Point", "coordinates": [15.230672, 44.12454]}, "properties": {"id": 1022, "slug": "udruga-zadar-je-kristov-1249", "name": "UDRUGA - ZADAR JE KRISTOV", "display_name": "Udruga - Zadar Je Kristov", "short_name": "ZJK", "registry": "registar-udruga", "oib": "79995381249", "status": "AKTIVAN", "category": "molitvena", "address": "Ulica Ivana Gundulića 2, Zadar", "city": "Zadar", "settlement": "Zadar", "municipality": "Zadar", "county": "Zadarska", "postal_code": "23000", "geo_source": "dgu-adresa", "diocese": "Zadarska Nadbiskupija", "diocese_source": "derivirano-crkve.domovina.ai", "email": "zadarjekristiv@gmail.com", "phone_e164": "+385989178129", "president": "Daniel Mijatović", "president_role": "Predsjednik Udruge", "founded_at": "2024-03-03", "registered_at": "2024-04-23", "catholic_confidence": "srednja", "catholic_score": 7.5, "source": ["datagovhr:registar-udruga"], "category_label": "Molitvene zajednice", "active": 1}}, {"type": "Feature", "geometry": {"type": "Point", "coordinates": [14.392918, 45.348811]}, "properties": {"id": 1023, "slug": "gideoniti-hrvatska-rijeka-0196", "name": "GIDEONITI HRVATSKA", "display_name": "Gideoniti Hrvatska", "short_name": "GIDEONITI", "registry": "registar-udruga", "oib": "94292640196", "status": "AKTIVAN", "category": "karitativna", "address": "Čavalsko 4, Rijeka", "city": "Rijeka", "settlement": "Rijeka", "municipality": "Rijeka", "county": "Primorsko-goranska", "postal_code": "51000", "geo_source": "dgu-adresa", "diocese": "Riječka Nadbiskupija", "diocese_source": "derivirano-crkve.domovina.ai", "email": "damir.gideon@gmail.com", "phone_e164": "+385989005447", "president": "Damir Strbad", "president_role": "Predsjednik", "founded_at": "2023-09-23", "registered_at": "2023-12-01", "catholic_confidence": "srednja", "catholic_score": 7.0, "source": ["datagovhr:registar-udruga"], "category_label": "Karitativne i humanitarne", "active": 1}}, {"type": "Feature", "geometry": {"type": "Point", "coordinates": [17.305525, 45.2652]}, "properties": {"id": 1024, "slug": "kolo-srpskih-sestara-zene-mironosnice-medari-trnava-0669", "name": "Kolo srpskih sestara Žene Mironosnice Medari-Trnava", "display_name": "Kolo srpskih sestara Žene Mironosnice Medari-Trnava", "short_name": "KSS", "registry": "registar-udruga", "oib": "05182900669", "status": "AKTIVAN", "category": "strukovna", "address": "Medari 2, Medari", "city": "Medari", "settlement": "Medari", "municipality": "Dragalić", "county": "Brodsko-posavska", "postal_code": "35429", "geo_source": "dgu-adresa", "diocese": "Požeška Biskupija", "diocese_source": "derivirano-crkve.domovina.ai", "email": "goran.nogic@gmail.com", "president": "Gordana Ljubišić", "president_role": "Predsjednica Upravnog Odbora", "founded_at": "2023-04-30", "registered_at": "2023-09-07", "catholic_confidence": "srednja", "catholic_score": 5.0, "source": ["datagovhr:registar-udruga"], "category_label": "Strukovne (liječnici, učitelji…)", "active": 1}}, {"type": "Feature", "geometry": {"type": "Point", "coordinates": [16.27469, 45.788719]}, "properties": {"id": 1025, "slug": "duhovni-kutak-velika-ostrna-5760", "name": "DUHOVNI KUTAK", "display_name": "Duhovni Kutak", "short_name": "DK", "registry": "registar-udruga", "oib": "34677035760", "status": "AKTIVAN", "category": "glazba", "address": "Zagrebačka ulica 130A, Velika Ostrna", "city": "Velika Ostrna", "settlement": "Velika Ostrna", "municipality": "Dugo Selo", "county": "Zagrebačka", "postal_code": "10370", "geo_source": "dgu-adresa", "diocese": "Zagrebačka Nadbiskupija", "diocese_source": "derivirano-crkve.domovina.ai", "email": "kesduhovnikutak@gmail.com", "website": "https://www.kesduhovnikutak.com", "phone_e164": "+385919047805", "president": "Stjepan Arnuš", "president_role": "Predsjednik", "founded_at": "2023-06-30", "registered_at": "2023-08-09", "catholic_confidence": "srednja", "catholic_score": 9.0, "source": ["datagovhr:registar-udruga"], "category_label": "Zborovi i crkvena glazba", "active": 1}}, {"type": "Feature", "geometry": {"type": "Point", "coordinates": [14.445811, 45.325289]}, "properties": {"id": 1026, "slug": "udruga-xx-rijeka-6326", "name": "UDRUGA XX", "display_name": "Udruga XX", "registry": "registar-udruga", "oib": "73086856326", "status": "BRISAN", "category": "glazba", "address": "Ribarska 1a, Rijeka", "city": "Rijeka", "settlement": "Rijeka", "municipality": "Rijeka", "county": "Primorsko-goranska", "postal_code": "51000", "geo_source": "dgu-adresa", "diocese": "Riječka Nadbiskupija", "diocese_source": "derivirano-crkve.domovina.ai", "email": "houseofangels107@gmail.com", "president": "Matej Duvnjak", "president_role": "Predsjednik", "founded_at": "2024-03-08", "registered_at": "2024-04-30", "catholic_confidence": "srednja", "catholic_score": 6.0, "source": ["datagovhr:registar-udruga"], "category_label": "Zborovi i crkvena glazba", "active": 0}}, {"type": "Feature", "geometry": {"type": "Point", "coordinates": [16.033981, 45.842095]}, "properties": {"id": 1027, "slug": "udruga-vjernika-otkupljene-bozje-crkve-pobjednicka-kuca-cuda-zagreb-9452", "name": "UDRUGA VJERNIKA OTKUPLJENE BOŽJE CRKVE, POBJEDNIČKA KUĆA ČUDA", "display_name": "Udruga Vjernika Otkupljene Božje Crkve, Pobjednička Kuća Čuda", "registry": "registar-udruga", "oib": "92981079452", "status": "AKTIVAN", "category": "zupna", "address": "Žuti breg 30/2, Zagreb", "city": "Zagreb", "settlement": "Zagreb", "municipality": "Grad Zagreb", "county": "Grad Zagreb", "postal_code": "10040", "geo_source": "dgu-adresa", "diocese": "Zagrebačka Nadbiskupija", "diocese_source": "derivirano-crkve.domovina.ai", "email": "rccgwhomcroatia@gmail.com", "phone_e164": "+385955473660", "president": "Gbenga Bode Babatunde", "president_role": "Predsjednik", "founded_at": "2023-01-15", "registered_at": "2023-09-15", "catholic_confidence": "visoka", "catholic_score": 15.0, "source": ["datagovhr:registar-udruga"], "category_label": "Župne udruge", "active": 1}}, {"type": "Feature", "geometry": {"type": "Point", "coordinates": [15.780869, 45.782636]}, "properties": {"id": 1028, "slug": "ruzo-otajstvena-jagnjic-dol-7715", "name": "Ružo Otajstvena", "display_name": "Ružo Otajstvena", "short_name": "RO", "registry": "registar-udruga", "oib": "21364597715", "status": "AKTIVAN", "category": "molitvena", "address": "Svetonedeljska ulica 14, Jagnjić Dol", "city": "Jagnjić Dol", "settlement": "Jagnjić Dol", "municipality": "Sveta Nedelja", "county": "Zagrebačka", "postal_code": "10431", "geo_source": "dgu-adresa", "diocese": "Zagrebačka Nadbiskupija", "diocese_source": "derivirano-crkve.domovina.ai", "email": "ruzootajstvena@gmail.com", "website": "https://ruzo-otajstvena.hr", "phone_e164": "+385993883111", "president": "Josipa Zelenika", "president_role": "Predsjednica Udruge", "founded_at": "2025-07-07", "registered_at": "2025-09-22", "catholic_confidence": "srednja", "catholic_score": 8.0, "source": ["datagovhr:registar-udruga"], "category_label": "Molitvene zajednice", "active": 1}}, {"type": "Feature", "geometry": {"type": "Point", "coordinates": [16.028162, 45.816381]}, "properties": {"id": 1029, "slug": "obitelj-svetog-sarbela-hrvatska-zagreb-4690", "name": "OBITELJ SVETOG ŠARBELA HRVATSKA", "display_name": "Obitelj Svetog Šarbela Hrvatska", "registry": "registar-udruga", "oib": "45971944690", "status": "AKTIVAN", "category": "obitelj", "address": "Ulica Slavoljuba Bulvana 20, Zagreb", "city": "Zagreb", "settlement": "Zagreb", "municipality": "Grad Zagreb", "county": "Grad Zagreb", "postal_code": "10123", "geo_source": "dgu-adresa", "diocese": "Zagrebačka Nadbiskupija", "diocese_source": "derivirano-crkve.domovina.ai", "email": "obiteljsvetogsarbelahrvatska@gmail.com", "president": "Igor Zgrabljić", "president_role": "Predsjednik", "founded_at": "2026-05-13", "registered_at": "2026-08-26", "catholic_confidence": "srednja", "catholic_score": 8.0, "source": ["datagovhr:registar-udruga"], "category_label": "Obitelj i život", "active": 1}}, {"type": "Feature", "geometry": {"type": "Point", "coordinates": [18.764821, 45.61564]}, "properties": {"id": 1031, "slug": "budenje-svijesti-na-balkanu-vardarac-4407", "name": "BUĐENJE SVIJESTI NA BALKANU", "display_name": "Buđenje Svijesti na Balkanu", "registry": "registar-udruga", "oib": "76619184407", "status": "AKTIVAN", "category": "hodocasnicka", "address": "Ulica Šandora Petefija 4, Vardarac", "city": "Vardarac", "settlement": "Vardarac", "municipality": "Bilje", "county": "Osječko-baranjska", "postal_code": "31327", "geo_source": "dgu-adresa", "diocese": "Đakovačko-osječka Nadbiskupija", "diocese_source": "derivirano-crkve.domovina.ai", "email": "boris@magicnikutak.com", "president": "Stjepan Bočkai", "president_role": "Predsjednik", "founded_at": "2025-03-13", "registered_at": "2025-07-14", "catholic_confidence": "srednja", "catholic_score": 5.0, "source": ["datagovhr:registar-udruga"], "category_label": "Hodočašća", "active": 1}}, {"type": "Feature", "geometry": {"type": "Point", "coordinates": [15.889934, 43.751618]}, "properties": {"id": 1032, "slug": "bratovstina-svetog-jeronima-sibenik-9299", "name": "BRATOVŠTINA SVETOG JERONIMA ŠIBENIK", "display_name": "Bratovština Svetog Jeronima Šibenik", "registry": "registar-udruga", "oib": "90604269299", "status": "AKTIVAN", "category": "bratovstina", "address": "Trg sv. Jeronima 1, Šibenik", "city": "Šibenik", "settlement": "Šibenik", "municipality": "Šibenik", "county": "Šibensko-kninska", "postal_code": "22000", "geo_source": "dgu-adresa", "diocese": "Šibenska Biskupija", "diocese_source": "derivirano-crkve.domovina.ai", "email": "meterizezupa@gmail.com", "phone_e164": "+38522332043", "president": "Šimun Markulin", "president_role": "Predsjednik Udruge", "founded_at": "2025-09-03", "registered_at": "2025-09-30", "catholic_confidence": "visoka", "catholic_score": 12.0, "source": ["datagovhr:registar-udruga"], "category_label": "Bratovštine", "active": 1}}, {"type": "Feature", "geometry": {"type": "Point", "coordinates": [16.445427, 43.509854]}, "properties": {"id": 1033, "slug": "udruga-alba-avis-split-8819", "name": "Udruga ALBA  AVIS", "display_name": "Udruga ALBA AVIS", "registry": "registar-udruga", "oib": "90456288819", "status": "AKTIVAN", "category": "karitativna", "address": "Držićeva 4, Split", "city": "Split", "settlement": "Split", "municipality": "Split", "county": "Splitsko-dalmatinska", "postal_code": "21000", "geo_source": "dgu-adresa", "diocese": "Splitsko-makarska Nadbiskupija", "diocese_source": "derivirano-crkve.domovina.ai", "email": "antunovicday@gmail.com", "phone_e164": "+385989025960", "president": "Day Antunović", "president_role": "Predsjednica", "founded_at": "2026-01-20", "registered_at": "2026-02-20", "catholic_confidence": "srednja", "catholic_score": 4.5, "source": ["datagovhr:registar-udruga"], "category_label": "Karitativne i humanitarne", "active": 1}}, {"type": "Feature", "geometry": {"type": "Point", "coordinates": [16.222303, 43.724145]}, "properties": {"id": 1034, "slug": "udruga-dani-i-ljudi-dalmacije-nevest-0141", "name": "UDRUGA DANI I LJUDI DALMACIJE", "display_name": "Udruga Dani i Ljudi Dalmacije", "registry": "registar-udruga", "oib": "48271820141", "status": "AKTIVAN", "category": "molitvena", "address": "Donji Rajčići 15, Nevest", "city": "Nevest", "settlement": "Nevest", "municipality": "Unešić", "county": "Šibensko-kninska", "postal_code": "22323", "geo_source": "dgu-adresa", "diocese": "Šibenska Biskupija", "diocese_source": "derivirano-crkve.domovina.ai", "president": "Stipe Rajčić", "president_role": "Predsjednik Udruge", "founded_at": "2026-05-10", "registered_at": "2026-06-05", "catholic_confidence": "srednja", "catholic_score": 4.0, "source": ["datagovhr:registar-udruga"], "category_label": "Molitvene zajednice", "active": 1}}, {"type": "Feature", "geometry": {"type": "Point", "coordinates": [18.212847, 45.658123]}, "properties": {"id": 1035, "slug": "udruga-sv-grgur-sljivosevci-3713", "name": "Udruga Sv. Grgur Šljivoševci", "display_name": "Udruga Sv. Grgur Šljivoševci", "registry": "registar-udruga", "oib": "56618093713", "status": "AKTIVAN", "category": "mediji", "address": "Vladimira Nazora 100, Šljivoševci", "city": "Šljivoševci", "settlement": "Šljivoševci", "municipality": "Magadenovac", "county": "Osječko-baranjska", "postal_code": "31542", "geo_source": "dgu-adresa", "diocese": "Đakovačko-osječka Nadbiskupija", "diocese_source": "derivirano-crkve.domovina.ai", "email": "luka.spoljaric8@gmail.com", "phone_e164": "+385976647189", "president": "Luka Špoljarić", "president_role": "Predsjednik", "founded_at": "2023-09-23", "registered_at": "2023-10-24", "catholic_confidence": "srednja", "catholic_score": 7.0, "source": ["datagovhr:registar-udruga"], "category_label": "Mediji i nakladništvo", "active": 1}}, {"type": "Feature", "geometry": {"type": "Point", "coordinates": [17.140318, 42.94831]}, "properties": {"id": 1037, "slug": "skoj-vrnik-korcula-0426", "name": "ŠKOJ VRNIK", "display_name": "Škoj Vrnik", "registry": "registar-udruga", "oib": "29515780426", "status": "AKTIVAN", "category": "bratovstina", "address": "Ulica 84 3a, Korčula", "city": "Korčula", "settlement": "Korčula", "municipality": "Korčula", "county": "Dubrovačko-neretvanska", "postal_code": "20260", "geo_source": "dgu-adresa", "diocese": "Dubrovačka Biskupija - Dioecesis Ragusina", "diocese_source": "derivirano-crkve.domovina.ai", "email": "foreticmiro@gmail.com", "phone_e164": "+385982430340", "president": "Miroslav Foretić", "president_role": "Predsjednik", "founded_at": "2023-10-10", "registered_at": "2023-10-19", "catholic_confidence": "srednja", "catholic_score": 5.0, "source": ["datagovhr:registar-udruga"], "category_label": "Bratovštine", "active": 1}}, {"type": "Feature", "geometry": {"type": "Point", "coordinates": [16.00172, 45.82176]}, "properties": {"id": 1039, "slug": "postoji-nada-zagreb-6498", "name": "POSTOJI NADA", "display_name": "Postoji Nada", "registry": "registar-udruga", "oib": "50213316498", "status": "AKTIVAN", "category": "karitativna", "address": "Dobri dol 10, Zagreb", "city": "Zagreb", "settlement": "Zagreb", "municipality": "Grad Zagreb", "county": "Grad Zagreb", "postal_code": "10123", "geo_source": "dgu-adresa", "diocese": "Zagrebačka Nadbiskupija", "diocese_source": "derivirano-crkve.domovina.ai", "email": "mislav.ilic@gmail.com", "phone_e164": "+385915543574", "president": "Mislav Ilić", "president_role": "Predsjednik", "founded_at": "2026-02-11", "registered_at": "2026-04-17", "catholic_confidence": "srednja", "catholic_score": 7.0, "source": ["datagovhr:registar-udruga"], "category_label": "Karitativne i humanitarne", "active": 1}}, {"type": "Feature", "geometry": {"type": "Point", "coordinates": [13.659749, 45.263508]}, "properties": {"id": 1040, "slug": "udruga-rotonda-nova-vas-villanova-za-ocuvanje-nematerijalne-bastine-i-narodnih-obicaja-promociju-i-razvoj-zajednice-6988", "name": "UDRUGA ROTONDA NOVA VAS - VILLANOVA ZA OČUVANJE NEMATERIJALNE BAŠTINE I NARODNIH OBIČAJA, PROMOCIJU I RAZVOJ ZAJEDNICE", "display_name": "Udruga Rotonda Nova Vas - Villanova za Očuvanje Nematerijalne Baštine i Narodnih Običaja, Promociju i Razvoj Zajednice", "short_name": "UDRUGA ROTONDA NOVA VAS - VILLANOVA", "registry": "registar-udruga", "oib": "65517276988", "status": "AKTIVAN", "category": "molitvena", "address": "Višnjanska 25, Nova Vas", "city": "Nova Vas", "settlement": "Nova Vas", "municipality": "Poreč - Parenzo", "county": "Istarska", "postal_code": "52446", "geo_source": "dgu-adresa", "diocese": "Biskupija Porečka i Pulska", "diocese_source": "derivirano-crkve.domovina.ai", "email": "udrugarotonda@gmail.com", "phone_e164": "+385915336448", "president": "Ivan Černac", "president_role": "Potpredsjednik", "founded_at": "2025-10-31", "registered_at": "2026-01-22", "catholic_confidence": "srednja", "catholic_score": 6.0, "source": ["datagovhr:registar-udruga"], "category_label": "Molitvene zajednice", "active": 1}}, {"type": "Feature", "geometry": {"type": "Point", "coordinates": [18.413404, 45.304445]}, "properties": {"id": 1043, "slug": "udruga-za-promicanje-dostojanstva-ljudskog-zivota-i-zastite-nerodene-djece-betlehem-dakovo-3702", "name": "Udruga za promicanje dostojanstva ljudskog života i zaštite nerođene djece Betlehem - Đakovo", "display_name": "Udruga za promicanje dostojanstva ljudskog života i zaštite nerođene djece Betlehem - Đakovo", "short_name": "BETLEHEM- Đakovo", "registry": "registar-udruga", "oib": "34124893702", "status": "AKTIVAN", "category": "obitelj", "address": "Petra Svačića 30, Đakovo", "city": "Đakovo", "settlement": "Đakovo", "municipality": "Đakovo", "county": "Osječko-baranjska", "postal_code": "31400", "geo_source": "dgu-adresa", "diocese": "Đakovačko-osječka Nadbiskupija", "diocese_source": "derivirano-crkve.domovina.ai", "email": "betlehem.djakovo@gmail.com", "phone_e164": "+385953963555", "president": "Kristina Karajko", "president_role": "Predsjednica", "founded_at": "2025-03-24", "registered_at": "2025-04-28", "catholic_confidence": "srednja", "catholic_score": 5.0, "source": ["datagovhr:registar-udruga"], "category_label": "Obitelj i život", "active": 1}}, {"type": "Feature", "geometry": {"type": "Point", "coordinates": [17.921564, 42.764535]}, "properties": {"id": 1045, "slug": "bratovstina-sv-stjepana-majkovi-gornji-2061", "name": "\"Bratovština Sv. Stjepana Majkovi Gornji\"", "display_name": "\"Bratovština Sv. Stjepana Majkovi Gornji\"", "registry": "registar-udruga", "oib": "70860992061", "status": "AKTIVAN", "category": "bratovstina", "address": "Prodanići 7, Majkovi", "city": "Majkovi", "settlement": "Majkovi", "municipality": "Dubrovačko Primorje", "county": "Dubrovačko-neretvanska", "postal_code": "20232", "geo_source": "dgu-adresa", "diocese": "Dubrovačka Biskupija - Dioecesis Ragusina", "diocese_source": "derivirano-crkve.domovina.ai", "president": "Boris Cvjetović", "president_role": "Predsjednik", "founded_at": "2023-11-02", "registered_at": "2023-12-13", "catholic_confidence": "visoka", "catholic_score": 13.0, "source": ["datagovhr:registar-udruga"], "category_label": "Bratovštine", "active": 1}}, {"type": "Feature", "geometry": {"type": "Point", "coordinates": [16.852991, 46.298728]}, "properties": {"id": 1046, "slug": "elim-legrad-4392", "name": "Elim", "display_name": "Elim", "registry": "registar-udruga", "oib": "38592684392", "status": "AKTIVAN", "category": "karitativna", "address": "Petefi Šandora 31, Legrad", "city": "Legrad", "settlement": "Legrad", "municipality": "Legrad", "county": "Koprivničko-križevačka", "postal_code": "48317", "geo_source": "dgu-adresa", "diocese": "Varaždinska Biskupija", "diocese_source": "derivirano-crkve.domovina.ai", "email": "udrugaelim@gmail.com", "phone_e164": "+385989264258", "president": "Davorka Horvat", "president_role": "Predsjednica", "founded_at": "2023-10-17", "registered_at": "2024-01-25", "catholic_confidence": "srednja", "catholic_score": 4.5, "source": ["datagovhr:registar-udruga"], "category_label": "Karitativne i humanitarne", "active": 1}}, {"type": "Feature", "geometry": {"type": "Point", "coordinates": [15.965352, 45.763776]}, "properties": {"id": 1047, "slug": "udruga-luce-zagreb-8446", "name": "UDRUGA LUCE", "display_name": "Udruga Luce", "registry": "registar-udruga", "oib": "11728448446", "status": "AKTIVAN", "category": "hodocasnicka", "address": "Svetoklarska ulica 29C, Zagreb", "city": "Zagreb", "settlement": "Zagreb", "municipality": "Grad Zagreb", "county": "Grad Zagreb", "postal_code": "10020", "geo_source": "dgu-adresa", "diocese": "Zagrebačka Nadbiskupija", "diocese_source": "derivirano-crkve.domovina.ai", "email": "lucija.salopek.luce@gmail.com", "phone_e164": "+385977366787", "president": "Lucija Salopek", "president_role": "Predsjednica", "founded_at": "2025-05-01", "registered_at": "2025-09-17", "catholic_confidence": "srednja", "catholic_score": 8.0, "source": ["datagovhr:registar-udruga"], "category_label": "Hodočašća", "active": 1}}, {"type": "Feature", "geometry": {"type": "Point", "coordinates": [18.109933, 42.643058]}, "properties": {"id": 1048, "slug": "udruga-kreativnih-i-humanitarnih-radionica-i-djelovanja-et-jesua-dubrovnik-2497", "name": "Udruga kreativnih i humanitarnih radionica i djelovanja \"ET JEŠUA\"", "display_name": "Udruga kreativnih i humanitarnih radionica i djelovanja \"ET JEŠUA\"", "registry": "registar-udruga", "oib": "58723602497", "status": "AKTIVAN", "category": "karitativna", "address": "Marija Perića 10, Dubrovnik", "city": "Dubrovnik", "settlement": "Dubrovnik", "municipality": "Dubrovnik", "county": "Dubrovačko-neretvanska", "postal_code": "20000", "geo_source": "dgu-adresa", "diocese": "Dubrovačka Biskupija - Dioecesis Ragusina", "diocese_source": "derivirano-crkve.domovina.ai", "email": "mirikom@du.t-com.hr", "phone_e164": "+385916035289", "president": "Ivana Jovanović-Trostmann", "president_role": "Dopredsjednica", "founded_at": "2023-05-17", "registered_at": "2023-07-07", "catholic_confidence": "srednja", "catholic_score": 6.5, "source": ["datagovhr:registar-udruga"], "category_label": "Karitativne i humanitarne", "active": 1}}, {"type": "Feature", "geometry": {"type": "Point", "coordinates": [15.953898, 45.800652]}, "properties": {"id": 1050, "slug": "futsal-cup-sv-josipa-in-memoriam-matija-capar-zagreb-2338", "name": "FUTSAL CUP SV. JOSIPA IN MEMORIAM MATIJA CAPAR", "display_name": "Futsal Cup sv. Josipa In Memoriam Matija Capar", "registry": "registar-udruga", "oib": "80153792338", "status": "AKTIVAN", "category": "karitativna", "address": "Trakošćanska ulica 47, Zagreb", "city": "Zagreb", "settlement": "Zagreb", "municipality": "Grad Zagreb", "county": "Grad Zagreb", "postal_code": "10110", "geo_source": "dgu-adresa", "diocese": "Zagrebačka Nadbiskupija", "diocese_source": "derivirano-crkve.domovina.ai", "email": "futsalcupsvjosipa@gmail.com", "president": "Josip Alan Štivičić", "president_role": "Predsjednik", "founded_at": "2026-04-13", "registered_at": "2026-05-08", "catholic_confidence": "srednja", "catholic_score": 7.0, "source": ["datagovhr:registar-udruga"], "category_label": "Karitativne i humanitarne", "active": 1}}, {"type": "Feature", "geometry": {"type": "Point", "coordinates": [16.433704, 43.52237]}, "properties": {"id": 1051, "slug": "udruga-latera-split-3270", "name": "UDRUGA LATERA", "display_name": "Udruga Latera", "registry": "registar-udruga", "oib": "39805223270", "status": "AKTIVAN", "category": "glazba", "address": "Zrinjsko-Frankopanska 62, Split", "city": "Split", "settlement": "Split", "municipality": "Split", "county": "Splitsko-dalmatinska", "postal_code": "21000", "geo_source": "dgu-adresa", "diocese": "Splitsko-makarska Nadbiskupija", "diocese_source": "derivirano-crkve.domovina.ai", "email": "mkrupa@osiahventure.com", "president": "Mark Jozef Krupa", "president_role": "Predsjednik", "founded_at": "2025-02-24", "registered_at": "2025-05-05", "catholic_confidence": "srednja", "catholic_score": 5.0, "source": ["datagovhr:registar-udruga"], "category_label": "Zborovi i crkvena glazba", "active": 1}}, {"type": "Feature", "geometry": {"type": "Point", "coordinates": [15.942617, 45.818984]}, "properties": {"id": 1052, "slug": "romska-biblijska-skola-zagreb-8071", "name": "ROMSKA BIBLIJSKA ŠKOLA", "display_name": "Romska Biblijska Škola", "short_name": "RBŠ", "registry": "registar-udruga", "oib": "33814938071", "status": "AKTIVAN", "category": "obrazovanje", "address": "Ulica grada Gualda Tadina 20, Zagreb", "city": "Zagreb", "settlement": "Zagreb", "municipality": "Grad Zagreb", "county": "Grad Zagreb", "postal_code": "10109", "geo_source": "dgu-adresa", "diocese": "Zagrebačka Nadbiskupija", "diocese_source": "derivirano-crkve.domovina.ai", "phone_e164": "+385958279599", "president": "Melody Joy Wachsmuth", "president_role": "Predsjednica", "founded_at": "2025-09-12", "registered_at": "2025-11-12", "catholic_confidence": "srednja", "catholic_score": 7.0, "source": ["datagovhr:registar-udruga"], "category_label": "Obrazovanje i kateheza", "active": 1}}, {"type": "Feature", "geometry": {"type": "Point", "coordinates": [18.284914, 42.549344]}, "properties": {"id": 1054, "slug": "bratstvo-sv-dimitrija-gabrili-cilipi-2625", "name": "Bratstvo Sv.Dimitrija - Gabrili", "display_name": "Bratstvo Sv.Dimitrija - Gabrili", "registry": "registar-udruga", "oib": "71927362625", "status": "AKTIVAN", "category": "bratovstina", "address": "Beroje 36, Čilipi", "city": "Čilipi", "settlement": "Čilipi", "municipality": "Konavle", "county": "Dubrovačko-neretvanska", "postal_code": "20213", "geo_source": "dgu-adresa", "diocese": "Dubrovačka Biskupija - Dioecesis Ragusina", "diocese_source": "derivirano-crkve.domovina.ai", "email": "peromiletic9@gmail.com", "phone_e164": "+385958580578", "president": "Pero Klečak", "president_role": "Predsjednik", "founded_at": "2025-07-29", "registered_at": "2025-12-05", "catholic_confidence": "visoka", "catholic_score": 10.0, "source": ["datagovhr:registar-udruga"], "category_label": "Bratovštine", "active": 1}}, {"type": "Feature", "geometry": {"type": "Point", "coordinates": [17.113877, 46.024859]}, "properties": {"id": 1057, "slug": "zavicajna-udruga-ivan-golub-kalinovac-3373", "name": "ZAVIČAJNA UDRUGA IVAN GOLUB", "display_name": "Zavičajna Udruga Ivan Golub", "short_name": "ZUIG", "registry": "registar-udruga", "oib": "52592953373", "status": "AKTIVAN", "category": "glazba", "address": "Kolodvorska 1, Kalinovac", "city": "Kalinovac", "settlement": "Kalinovac", "municipality": "Kalinovac", "county": "Koprivničko-križevačka", "postal_code": "48361", "geo_source": "dgu-adresa", "diocese": "Varaždinska Biskupija", "diocese_source": "derivirano-crkve.domovina.ai", "email": "zuivangolub@gmail.com", "phone_e164": "+38598441991", "president": "Vladimir Sobota", "president_role": "Predsjednik", "founded_at": "2024-12-22", "registered_at": "2025-01-02", "catholic_confidence": "srednja", "catholic_score": 8.0, "source": ["datagovhr:registar-udruga"], "category_label": "Zborovi i crkvena glazba", "active": 1}}, {"type": "Feature", "geometry": {"type": "Point", "coordinates": [18.412185, 45.30485]}, "properties": {"id": 1058, "slug": "alumni-katolickog-bogoslovnog-fakulteta-u-dakovu-dakovo-9442", "name": "Alumni Katoličkog bogoslovnog fakulteta u Đakovu", "display_name": "Alumni Katoličkog bogoslovnog fakulteta u Đakovu", "short_name": "Alumni KBF DJ", "registry": "registar-udruga", "oib": "89768039442", "status": "AKTIVAN", "category": "karitativna", "address": "P. Preradovića 17, Đakovo", "city": "Đakovo", "settlement": "Đakovo", "municipality": "Đakovo", "county": "Osječko-baranjska", "postal_code": "31400", "geo_source": "dgu-adresa", "diocese": "Đakovačko-osječka Nadbiskupija", "diocese_source": "derivirano-crkve.domovina.ai", "email": "alumni@djkbf.hr", "website": "https://www.djkbf.unios.hr/hr/alumni", "phone_e164": "+38531802422", "president": "Ivica Pažin", "president_role": "Predsjednik Udruge", "founded_at": "2025-01-29", "registered_at": "2025-03-03", "catholic_confidence": "visoka", "catholic_score": 11.0, "source": ["datagovhr:registar-udruga"], "category_label": "Karitativne i humanitarne", "active": 1}}, {"type": "Feature", "geometry": {"type": "Point", "coordinates": [17.425145, 43.135977]}, "properties": {"id": 1059, "slug": "gloria-deo-zupni-zbor-stasevica-5509", "name": "GLORIA DEO ŽUPNI ZBOR STAŠEVICA", "display_name": "Gloria Deo Župni Zbor Staševica", "short_name": "GLORIA DEO", "registry": "registar-udruga", "oib": "53033365509", "status": "AKTIVAN", "category": "glazba", "address": "Jezerska 2, Staševica", "city": "Staševica", "settlement": "Staševica", "municipality": "Ploče", "county": "Dubrovačko-neretvanska", "postal_code": "20345", "geo_source": "dgu-adresa", "diocese": "Splitsko-makarska Nadbiskupija", "diocese_source": "derivirano-crkve.domovina.ai", "email": "gloria.deo2024@gmail.com", "phone_e164": "+385915850755", "president": "Anđela Dropulić", "president_role": "Dopredsjednica", "founded_at": "2024-10-15", "registered_at": "2024-11-25", "catholic_confidence": "visoka", "catholic_score": 7.0, "source": ["datagovhr:registar-udruga"], "category_label": "Zborovi i crkvena glazba", "active": 1}}, {"type": "Feature", "geometry": {"type": "Point", "coordinates": [16.45219, 43.519415]}, "properties": {"id": 1060, "slug": "drustvo-svetih-marte-marije-i-lazara-split-3056", "name": "DRUŠTVO SVETIH MARTE, MARIJE I LAZARA", "display_name": "Društvo Svetih Marte, Marije i Lazara", "short_name": "MML", "registry": "registar-udruga", "oib": "69411493056", "status": "AKTIVAN", "category": "molitvena", "address": "Šibenska 3, Split", "city": "Split", "settlement": "Split", "municipality": "Split", "county": "Splitsko-dalmatinska", "postal_code": "21000", "geo_source": "dgu-adresa", "diocese": "Splitsko-makarska Nadbiskupija", "diocese_source": "derivirano-crkve.domovina.ai", "email": "matesimundic@yahoo.com", "phone_e164": "+385958377227", "president": "Mate Šimundić", "president_role": "Predsjednik Društva", "founded_at": "2024-11-03", "registered_at": "2024-11-21", "catholic_confidence": "srednja", "catholic_score": 8.0, "source": ["datagovhr:registar-udruga"], "category_label": "Molitvene zajednice", "active": 1}}, {"type": "Feature", "geometry": {"type": "Point", "coordinates": [15.955949, 45.804513]}, "properties": {"id": 1061, "slug": "udruga-brat-branitelj-zagreb-9257", "name": "UDRUGA BRAT BRANITELJ", "display_name": "Udruga Brat Branitelj", "short_name": "BRAT BRANITELJ", "registry": "registar-udruga", "oib": "30062429257", "status": "AKTIVAN", "category": "glazba", "address": "Ulica Božidara Adžije 34, Zagreb", "city": "Zagreb", "settlement": "Zagreb", "municipality": "Grad Zagreb", "county": "Grad Zagreb", "postal_code": "10110", "geo_source": "dgu-adresa", "diocese": "Zagrebačka Nadbiskupija", "diocese_source": "derivirano-crkve.domovina.ai", "email": "nevidinj@gmail.com", "phone_e164": "+385915426355", "president": "Marinko Šušak", "president_role": "Predsjednik", "founded_at": "2024-09-14", "registered_at": "2025-01-15", "catholic_confidence": "srednja", "catholic_score": 5.0, "source": ["datagovhr:registar-udruga"], "category_label": "Zborovi i crkvena glazba", "active": 1}}, {"type": "Feature", "geometry": {"type": "Point", "coordinates": [16.09272, 45.332601]}, "properties": {"id": 1063, "slug": "udruga-lumina-glina-7511", "name": "UDRUGA LUMINA", "display_name": "Udruga Lumina", "registry": "registar-udruga", "oib": "94073197511", "status": "AKTIVAN", "category": "glazba", "address": "Frankopanska ulica 61, Glina", "city": "Glina", "settlement": "Glina", "municipality": "Glina", "county": "Sisačko-moslavačka", "postal_code": "44400", "geo_source": "dgu-adresa", "diocese": "Sisačka Biskupija", "diocese_source": "derivirano-crkve.domovina.ai", "email": "stjepan.greguric14@gmail.com", "president": "Vedran Klečina", "president_role": "Predsjednik", "founded_at": "2025-10-09", "registered_at": "2025-12-30", "catholic_confidence": "srednja", "catholic_score": 4.5, "source": ["datagovhr:registar-udruga"], "category_label": "Zborovi i crkvena glazba", "active": 1}}, {"type": "Feature", "geometry": {"type": "Point", "coordinates": [15.963022, 43.981098]}, "properties": {"id": 1067, "slug": "drustvo-za-ocuvanje-i-promicanje-duhovne-kulturne-i-povijesne-bastine-janjevo-1303-kistanje-6178", "name": "DRUŠTVO ZA OČUVANJE I PROMICANJE DUHOVNE, KULTURNE I POVIJESNE BAŠTINE \"JANJEVO 1303\"", "display_name": "Društvo za Očuvanje i Promicanje Duhovne, Kulturne i Povijesne Baštine \"Janjevo 1303\"", "short_name": "DRUŠTVO \"JANJEVO 1303\"", "registry": "registar-udruga", "oib": "09941706178", "status": "AKTIVAN", "category": "kultura", "address": "Ul. Franje Tuđmana 25, Kistanje", "city": "Kistanje", "settlement": "Kistanje", "municipality": "Kistanje", "county": "Šibensko-kninska", "postal_code": "22305", "geo_source": "dgu-adresa", "diocese": "Zadarska Nadbiskupija", "diocese_source": "derivirano-crkve.domovina.ai", "email": "drustvo.janjevo1303@gmail.com", "phone_e164": "+385993252223", "president": "Petar Golomejić", "president_role": "Dopredsjednik", "founded_at": "2024-10-25", "registered_at": "2024-12-12", "catholic_confidence": "srednja", "catholic_score": 6.0, "source": ["datagovhr:registar-udruga"], "category_label": "Kultura i baština", "active": 1}}, {"type": "Feature", "geometry": {"type": "Point", "coordinates": [15.960615, 43.980796]}, "properties": {"id": 1069, "slug": "zajednica-boga-oca-kistanje-5354", "name": "ZAJEDNICA BOGA OCA", "display_name": "Zajednica Boga Oca", "short_name": "ZBO", "registry": "registar-udruga", "oib": "50870975354", "status": "AKTIVAN", "category": "molitvena", "address": "Trg sv. Nikole 4, Kistanje", "city": "Kistanje", "settlement": "Kistanje", "municipality": "Kistanje", "county": "Šibensko-kninska", "postal_code": "22305", "geo_source": "dgu-adresa", "diocese": "Zadarska Nadbiskupija", "diocese_source": "derivirano-crkve.domovina.ai", "president": "Adam Kolić", "president_role": "Predsjednik Udruge", "founded_at": "2025-08-03", "registered_at": "2026-03-04", "catholic_confidence": "srednja", "catholic_score": 4.0, "source": ["datagovhr:registar-udruga"], "category_label": "Molitvene zajednice", "active": 1}}, {"type": "Feature", "geometry": {"type": "Point", "coordinates": [18.091787, 42.651088]}, "properties": {"id": 1070, "slug": "sveti-roko-prozura-dubrovnik-6750", "name": "SVETI ROKO PROŽURA", "display_name": "Sveti Roko Prožura", "short_name": "SV.ROKO", "registry": "registar-udruga", "oib": "96030026750", "status": "AKTIVAN", "category": "molitvena", "address": "Vukovarska 9, Dubrovnik", "city": "Dubrovnik", "settlement": "Dubrovnik", "municipality": "Dubrovnik", "county": "Dubrovačko-neretvanska", "postal_code": "20000", "geo_source": "dgu-adresa", "diocese": "Dubrovačka Biskupija - Dioecesis Ragusina", "diocese_source": "derivirano-crkve.domovina.ai", "president": "Hrvoje Kaštelan", "president_role": "Dopredsjednik", "founded_at": "2025-10-27", "registered_at": "2026-03-04", "catholic_confidence": "srednja", "catholic_score": 6.0, "source": ["datagovhr:registar-udruga"], "category_label": "Molitvene zajednice", "active": 1}}, {"type": "Feature", "geometry": {"type": "Point", "coordinates": [16.537761, 43.522159]}, "properties": {"id": 1074, "slug": "udruga-bozanstvena-komedija-zrnovnica-4561", "name": "UDRUGA BOŽANSTVENA KOMEDIJA", "display_name": "Udruga Božanstvena Komedija", "registry": "registar-udruga", "oib": "48499934561", "status": "AKTIVAN", "category": "mladi", "address": "Brdine 8, Žrnovnica", "city": "Žrnovnica", "settlement": "Žrnovnica", "municipality": "Split", "county": "Splitsko-dalmatinska", "postal_code": "21312", "geo_source": "dgu-adresa", "diocese": "Splitsko-makarska Nadbiskupija", "diocese_source": "derivirano-crkve.domovina.ai", "email": "stankostojic2@gmail.com", "phone_e164": "+385981716191", "president": "Stanko Stojić", "president_role": "Predsjednik", "founded_at": "2026-02-02", "registered_at": "2026-03-11", "catholic_confidence": "srednja", "catholic_score": 6.5, "source": ["datagovhr:registar-udruga"], "category_label": "Mladi i studenti", "active": 1}}, {"type": "Feature", "geometry": {"type": "Point", "coordinates": [16.274748, 43.398067]}, "properties": {"id": 1076, "slug": "bratovstina-blazene-djevice-marije-od-ociscenja-srednje-selo-2468", "name": "BRATOVŠTINA BLAŽENE DJEVICE MARIJE OD OČIŠĆENJA", "display_name": "Bratovština Blažene Djevice Marije od Očišćenja", "short_name": "BRATOVŠTINA BLAŽENE DJEVICE MARIJE", "registry": "registar-udruga", "oib": "34563492468", "status": "AKTIVAN", "category": "bratovstina", "address": "Trg Vrklina 2, Srednje Selo", "city": "Srednje Selo", "settlement": "Srednje Selo", "municipality": "Šolta", "county": "Splitsko-dalmatinska", "postal_code": "21430", "geo_source": "dgu-adresa", "diocese": "Splitsko-makarska Nadbiskupija", "diocese_source": "derivirano-crkve.domovina.ai", "email": "sreckosun@yahoo.com", "president": "Srećko Purtić", "president_role": "Predsjednik", "founded_at": "2026-03-10", "registered_at": "2026-05-06", "catholic_confidence": "visoka", "catholic_score": 13.0, "source": ["datagovhr:registar-udruga"], "category_label": "Bratovštine", "active": 1}}, {"type": "Feature", "geometry": {"type": "Point", "coordinates": [16.476552, 43.511409]}, "properties": {"id": 1077, "slug": "udruga-patria-split-2070", "name": "UDRUGA PATRIA", "display_name": "Udruga Patria", "short_name": "PATRIA", "registry": "registar-udruga", "oib": "66742322070", "status": "AKTIVAN", "category": "glazba", "address": "Visoka 25, Split", "city": "Split", "settlement": "Split", "municipality": "Split", "county": "Splitsko-dalmatinska", "postal_code": "21000", "geo_source": "dgu-adresa", "diocese": "Splitsko-makarska Nadbiskupija", "diocese_source": "derivirano-crkve.domovina.ai", "email": "udrugapatriast@gmail.com", "president": "Marijo Popović", "president_role": "Predsjednik", "founded_at": "2024-07-02", "registered_at": "2024-08-21", "catholic_confidence": "srednja", "catholic_score": 4.5, "source": ["datagovhr:registar-udruga"], "category_label": "Zborovi i crkvena glazba", "active": 1}}, {"type": "Feature", "geometry": {"type": "Point", "coordinates": [15.893238, 45.825763]}, "properties": {"id": 1078, "slug": "udruga-cor-et-lumen-christi-hrvatska-zagreb-7286", "name": "UDRUGA COR ET LUMEN CHRISTI HRVATSKA", "display_name": "Udruga Cor Et Lumen Christi Hrvatska", "short_name": "COR ET LUMEN CHRISTI", "registry": "registar-udruga", "oib": "52791537286", "status": "AKTIVAN", "category": "pokret", "address": "Žlebec 45A, Zagreb", "city": "Zagreb", "settlement": "Zagreb", "municipality": "Grad Zagreb", "county": "Grad Zagreb", "postal_code": "10090", "geo_source": "dgu-adresa", "diocese": "Zagrebačka Nadbiskupija", "diocese_source": "derivirano-crkve.domovina.ai", "email": "echim03@gmail.com", "phone_e164": "+385915121331", "president": "Boris Biško", "president_role": "Predsjednik", "founded_at": "2024-07-05", "registered_at": "2024-07-18", "catholic_confidence": "srednja", "catholic_score": 7.0, "source": ["datagovhr:registar-udruga"], "category_label": "Pokreti i laičke zajednice", "active": 1}}, {"type": "Feature", "geometry": {"type": "Point", "coordinates": [18.973951, 45.350694]}, "properties": {"id": 1079, "slug": "zbirka-znanja-vukovar-6032", "name": "\"Zbirka znanja\"", "display_name": "\"Zbirka znanja\"", "registry": "registar-udruga", "oib": "97265366032", "status": "AKTIVAN", "category": "molitvena", "address": "Dobra voda 10, Vukovar", "city": "Vukovar", "settlement": "Vukovar", "municipality": "Vukovar", "county": "Vukovarsko-srijemska", "postal_code": "32000", "geo_source": "dgu-adresa", "diocese": "Đakovačko-osječka Nadbiskupija", "diocese_source": "derivirano-crkve.domovina.ai", "email": "udruga.zbirkaznanja@gmail.com", "phone_e164": "+385953969799", "president": "Darko Krajinović", "president_role": "Dopredsjednik", "founded_at": "2025-01-27", "registered_at": "2025-02-03", "catholic_confidence": "srednja", "catholic_score": 6.0, "source": ["datagovhr:registar-udruga"], "category_label": "Molitvene zajednice", "active": 1}}, {"type": "Feature", "geometry": {"type": "Point", "coordinates": [15.9733, 45.815106]}, "properties": {"id": 1081, "slug": "institut-sveti-ivan-zlatousti-zagreb-6365", "name": "INSTITUT SVETI IVAN ZLATOUSTI", "display_name": "Institut Sveti Ivan Zlatousti", "short_name": "INSTITUT SV. I. Z.", "registry": "registar-udruga", "oib": "41214716365", "status": "AKTIVAN", "category": "molitvena", "address": "Ulica sv. Ćirila i Metoda 1, Zagreb", "city": "Zagreb", "settlement": "Zagreb", "municipality": "Grad Zagreb", "county": "Grad Zagreb", "postal_code": "10000", "geo_source": "dgu-adresa", "diocese": "Zagrebačka Nadbiskupija", "diocese_source": "derivirano-crkve.domovina.ai", "email": "institut.svetiivanzlatousti@gmail.com", "phone_e164": "+385997489238", "president": "Darko Kušević", "president_role": "Ravnatelj", "founded_at": "2024-01-24", "registered_at": "2024-03-25", "catholic_confidence": "srednja", "catholic_score": 8.0, "source": ["datagovhr:registar-udruga"], "category_label": "Molitvene zajednice", "active": 1}}, {"type": "Feature", "geometry": {"type": "Point", "coordinates": [16.028985, 45.81915]}, "properties": {"id": 1082, "slug": "udruga-manreza-zagreb-9760", "name": "UDRUGA MANREZA", "display_name": "Udruga Manreza", "registry": "registar-udruga", "oib": "81970719760", "status": "AKTIVAN", "category": "hodocasnicka", "address": "Aleja Antuna Augustinčića 18, Zagreb", "city": "Zagreb", "settlement": "Zagreb", "municipality": "Grad Zagreb", "county": "Grad Zagreb", "postal_code": "10123", "geo_source": "dgu-adresa", "diocese": "Zagrebačka Nadbiskupija", "diocese_source": "derivirano-crkve.domovina.ai", "email": "idvmanreza@gmail.com", "phone_e164": "+385993810077", "president": "Josip Bujadinović", "president_role": "Predsjednik", "founded_at": "2024-05-19", "registered_at": "2024-08-12", "catholic_confidence": "srednja", "catholic_score": 6.0, "source": ["datagovhr:registar-udruga"], "category_label": "Hodočašća", "active": 1}}, {"type": "Feature", "geometry": {"type": "Point", "coordinates": [13.837195, 44.861844]}, "properties": {"id": 1083, "slug": "udruga-kodex-pula-2123", "name": "Udruga KODEX", "display_name": "Udruga KODEX", "short_name": "KODEX", "registry": "registar-udruga", "oib": "95348702123", "status": "AKTIVAN", "category": "molitvena", "address": "Ulica Grada Graza - Via Graz 4, Pula", "city": "Pula", "settlement": "Pula", "municipality": "Pula - Pola", "county": "Istarska", "postal_code": "52100", "geo_source": "dgu-adresa", "diocese": "Biskupija Porečka i Pulska", "diocese_source": "derivirano-crkve.domovina.ai", "email": "juraj.rovis@gmail.com", "phone_e164": "+385953253078", "president": "Hana Rovis", "president_role": "Potpredsjednica", "founded_at": "2025-09-11", "registered_at": "2025-09-19", "catholic_confidence": "srednja", "catholic_score": 5.0, "source": ["datagovhr:registar-udruga"], "category_label": "Molitvene zajednice", "active": 1}}, {"type": "Feature", "geometry": {"type": "Point", "coordinates": [16.0089, 45.761313]}, "properties": {"id": 1084, "slug": "bratovstina-sv-martina-scitarjevo-zagreb-1168", "name": ",,BRATOVŠTINA SV. MARTINA - ŠČITARJEVO''", "display_name": ",,bratovština sv. Martina - Ščitarjevo''", "registry": "registar-udruga", "oib": "16992921168", "status": "AKTIVAN", "category": "bratovstina", "address": "Jakuševečka ulica 1G, Zagreb", "city": "Zagreb", "settlement": "Zagreb", "municipality": "Grad Zagreb", "county": "Grad Zagreb", "postal_code": "10010", "geo_source": "dgu-adresa", "diocese": "Zagrebačka Nadbiskupija", "diocese_source": "derivirano-crkve.domovina.ai", "email": "ivan1948zagreb@gmail.com", "phone_e164": "+38598678770", "president": "Ivan Nađ", "president_role": "Predsjednik", "founded_at": "2025-03-12", "registered_at": "2025-04-28", "catholic_confidence": "visoka", "catholic_score": 10.0, "source": ["datagovhr:registar-udruga"], "category_label": "Bratovštine", "active": 1}}, {"type": "Feature", "geometry": {"type": "Point", "coordinates": [17.231346, 43.444244]}, "properties": {"id": 1085, "slug": "sum-s-neba-imotski-5719", "name": "Šum s Neba", "display_name": "Šum s Neba", "short_name": "ŠSN", "registry": "registar-udruga", "oib": "79162905719", "status": "AKTIVAN", "category": "mladi", "address": "Ulica Antuna Mihanovića 42, Imotski", "city": "Imotski", "settlement": "Imotski", "municipality": "Imotski", "county": "Splitsko-dalmatinska", "postal_code": "21260", "geo_source": "dgu-adresa", "diocese": "Splitsko-makarska Nadbiskupija", "diocese_source": "derivirano-crkve.domovina.ai", "email": "sumsneba@gmail.com", "phone_e164": "+385989881706", "president": "Tomislav Jerković", "president_role": "Predsjednik Udruge", "founded_at": "2026-01-28", "registered_at": "2026-02-09", "catholic_confidence": "srednja", "catholic_score": 4.0, "source": ["datagovhr:registar-udruga"], "category_label": "Mladi i studenti", "active": 1}}, {"type": "Feature", "geometry": {"type": "Point", "coordinates": [16.323614, 46.318233]}, "properties": {"id": 1086, "slug": "tim-o-k-hrvatska-varazdin-1629", "name": "TIM O.K. Hrvatska", "display_name": "TIM O.K. Hrvatska", "short_name": "Tim odlučan za Krista Hrvatska", "registry": "registar-udruga", "oib": "02763031629", "status": "AKTIVAN", "category": "glazba", "address": "Fabijanska ulica 16, Varaždin", "city": "Varaždin", "settlement": "Varaždin", "municipality": "Varaždin", "county": "Varaždinska", "postal_code": "42000", "geo_source": "dgu-adresa", "diocese": "Varaždinska Biskupija", "diocese_source": "derivirano-crkve.domovina.ai", "email": "timokhrvatska@gmail.com", "phone_e164": "+385989346083", "president": "Mihael Bermanec", "president_role": "Predsjednik", "founded_at": "2023-07-03", "registered_at": "2023-08-09", "catholic_confidence": "srednja", "catholic_score": 7.0, "source": ["datagovhr:registar-udruga"], "category_label": "Zborovi i crkvena glazba", "active": 1}}, {"type": "Feature", "geometry": {"type": "Point", "coordinates": [16.554795, 45.224554]}, "properties": {"id": 1088, "slug": "udruga-centar-eduklik-hrvatska-kostajnica-2736", "name": "UDRUGA CENTAR EduKlik", "display_name": "UDRUGA CENTAR EduKlik", "short_name": "Centar EduKlik", "registry": "registar-udruga", "oib": "19910342736", "status": "AKTIVAN", "category": "molitvena", "address": "Ulica Ratka Djetelića 69, Hrvatska Kostajnica", "city": "Hrvatska Kostajnica", "settlement": "Hrvatska Kostajnica", "municipality": "Hrvatska Kostajnica", "county": "Sisačko-moslavačka", "postal_code": "44430", "geo_source": "dgu-adresa", "diocese": "Sisačka Biskupija", "diocese_source": "derivirano-crkve.domovina.ai", "email": "koraljka.djetelic@gmail.com", "phone_e164": "+385917540561", "president": "Sanja Blažević", "president_role": "Predsjednica", "founded_at": "2023-02-15", "registered_at": "2023-08-14", "catholic_confidence": "srednja", "catholic_score": 6.0, "source": ["datagovhr:registar-udruga"], "category_label": "Molitvene zajednice", "active": 1}}, {"type": "Feature", "geometry": {"type": "Point", "coordinates": [18.209947, 42.625001]}, "properties": {"id": 1089, "slug": "udruzenje-autotaksi-prijevoznika-opcine-zupa-dubrovacka-taksi-zupa-mlini-5472", "name": "Udruženje autotaksi prijevoznika općine Župa dubrovačka - Taksi Župa", "display_name": "Udruženje autotaksi prijevoznika općine Župa dubrovačka - Taksi Župa", "short_name": "TAKSI ŽUPA", "registry": "registar-udruga", "oib": "31860515472", "status": "AKTIVAN", "category": "zupna", "address": "Vrelo 12a, Mlini", "city": "Mlini", "settlement": "Mlini", "municipality": "Župa Dubrovačka", "county": "Dubrovačko-neretvanska", "postal_code": "20207", "geo_source": "dgu-adresa", "diocese": "Dubrovačka Biskupija - Dioecesis Ragusina", "diocese_source": "derivirano-crkve.domovina.ai", "email": "taksizupa@gmail.com", "phone_e164": "+385989171992", "president": "Marijo Mijoč", "president_role": "Predsjednik", "founded_at": "2025-06-23", "registered_at": "2025-09-02", "catholic_confidence": "srednja", "catholic_score": 4.0, "source": ["datagovhr:registar-udruga"], "category_label": "Župne udruge", "active": 1}}, {"type": "Feature", "geometry": {"type": "Point", "coordinates": [16.462231, 43.525153]}, "properties": {"id": 1091, "slug": "inicijativa-za-izgradnju-mrtvacnice-zupe-sv-marije-nevest-cera-split-u-likvidaciji-3565", "name": "Inicijativa Za izgradnju Mrtvačnice Župe Sv. Marije Nevest-Cera Split U LIKVIDACIJI", "display_name": "Inicijativa Za izgradnju Mrtvačnice Župe Sv. Marije Nevest-Cera Split U LIKVIDACIJI", "registry": "registar-udruga", "oib": "82294813565", "status": "BRISAN", "category": "zupna", "address": "Put Sjeverne luke 2, Split", "city": "Split", "settlement": "Split", "municipality": "Split", "county": "Splitsko-dalmatinska", "postal_code": "21000", "geo_source": "dgu-adresa", "diocese": "Splitsko-makarska Nadbiskupija", "diocese_source": "derivirano-crkve.domovina.ai", "email": "info@vima.hr", "phone_e164": "+38521786483", "president": "Ante Rajčić", "president_role": "Predsjednik Udruge", "founded_at": "2024-02-25", "registered_at": "2024-04-03", "catholic_confidence": "visoka", "catholic_score": 7.0, "source": ["datagovhr:registar-udruga"], "category_label": "Župne udruge", "active": 0}}, {"type": "Feature", "geometry": {"type": "Point", "coordinates": [15.994451, 45.770087]}, "properties": {"id": 1092, "slug": "udruga-biblijska-skola-zagreb-6387", "name": "UDRUGA \"BIBLIJSKA ŠKOLA\"", "display_name": "Udruga \"Biblijska Škola\"", "short_name": "\"BIBLIJSKA ŠKOLA\"", "registry": "registar-udruga", "oib": "16716696387", "status": "AKTIVAN", "category": "obrazovanje", "address": "Ulica Božidara Magovca 63, Zagreb", "city": "Zagreb", "settlement": "Zagreb", "municipality": "Grad Zagreb", "county": "Grad Zagreb", "postal_code": "10010", "geo_source": "dgu-adresa", "diocese": "Zagrebačka Nadbiskupija", "diocese_source": "derivirano-crkve.domovina.ai", "email": "danijelcovic2@gmail.com", "phone_e164": "+385916380949", "president": "Danijel Čović", "president_role": "Predsjednik", "founded_at": "2026-01-12", "registered_at": "2026-03-12", "catholic_confidence": "srednja", "catholic_score": 6.0, "source": ["datagovhr:registar-udruga"], "category_label": "Obrazovanje i kateheza", "active": 1}}, {"type": "Feature", "geometry": {"type": "Point", "coordinates": [15.983064, 45.780357]}, "properties": {"id": 1093, "slug": "integrum-humanum-centar-za-teologiju-tijela-zagreb-0433", "name": "INTEGRUM HUMANUM, CENTAR ZA TEOLOGIJU TIJELA", "display_name": "Integrum Humanum, Centar za Teologiju Tijela", "short_name": "INTEGRUM HUMANUM", "registry": "registar-udruga", "oib": "66703240433", "status": "AKTIVAN", "category": "glazba", "address": "Ulica Ede Murtića 6, Zagreb", "city": "Zagreb", "settlement": "Zagreb", "municipality": "Grad Zagreb", "county": "Grad Zagreb", "postal_code": "10146", "geo_source": "dgu-adresa", "diocese": "Zagrebačka Nadbiskupija", "diocese_source": "derivirano-crkve.domovina.ai", "email": "vesna.maglov@gmail.com", "website": "https://www.integrumhumanum.com", "phone_e164": "+385992161611", "president": "Antonio Maglov", "president_role": "Dopredsjednik", "founded_at": "2026-03-16", "registered_at": "2026-05-12", "catholic_confidence": "srednja", "catholic_score": 9.0, "source": ["datagovhr:registar-udruga"], "category_label": "Zborovi i crkvena glazba", "active": 1}}, {"type": "Feature", "geometry": {"type": "Point", "coordinates": [16.820718, 46.288244]}, "properties": {"id": 1094, "slug": "regije-izvan-dosega-misije-veliki-otok-5307", "name": "REGIJE IZVAN DOSEGA MISIJE", "display_name": "Regije Izvan Dosega Misije", "registry": "registar-udruga", "oib": "02289605307", "status": "AKTIVAN", "category": "karitativna", "address": "Veliki Otok 102, Veliki Otok", "city": "Veliki Otok", "settlement": "Veliki Otok", "municipality": "Legrad", "county": "Koprivničko-križevačka", "postal_code": "48317", "geo_source": "dgu-adresa", "diocese": "Varaždinska Biskupija", "diocese_source": "derivirano-crkve.domovina.ai", "email": "master-office@ou-avdagic.hr", "phone_e164": "+385918901633", "president": "Harvey Franklin Moore", "president_role": "Predsjednik", "founded_at": "2025-07-17", "registered_at": "2025-10-28", "catholic_confidence": "srednja", "catholic_score": 6.0, "source": ["datagovhr:registar-udruga"], "category_label": "Karitativne i humanitarne", "active": 1}}, {"type": "Feature", "geometry": {"type": "Point", "coordinates": [16.258596, 45.678031]}, "properties": {"id": 1095, "slug": "udruga-zena-rugvicanka-oborovo-8828", "name": "Udruga žena \"RUGVIČANKA\"", "display_name": "Udruga žena \"RUGVIČANKA\"", "short_name": "Rugvičanka", "registry": "registar-udruga", "oib": "60781398828", "status": "AKTIVAN", "category": "karitativna", "address": "Sočnova ulica 13, Oborovo", "city": "Oborovo", "settlement": "Oborovo", "municipality": "Rugvica", "county": "Zagrebačka", "postal_code": "10372", "geo_source": "dgu-adresa", "diocese": "Sisačka Biskupija", "diocese_source": "derivirano-crkve.domovina.ai", "email": "deanapajser@gmail.com", "president": "Deana Pajser", "president_role": "Predsjednica", "founded_at": "2025-01-27", "registered_at": "2026-02-11", "catholic_confidence": "srednja", "catholic_score": 5.0, "source": ["datagovhr:registar-udruga"], "category_label": "Karitativne i humanitarne", "active": 1}}, {"type": "Feature", "geometry": {"type": "Point", "coordinates": [15.835116, 45.816411]}, "properties": {"id": 1098, "slug": "drustvo-hrvatska-zena-podsused-zagreb-6147", "name": "DRUŠTVO HRVATSKA ŽENA PODSUSED", "display_name": "Društvo Hrvatska Žena Podsused", "registry": "registar-udruga", "oib": "18303616147", "status": "AKTIVAN", "category": "molitvena", "address": "Podsusedski trg 3, Zagreb", "city": "Zagreb", "settlement": "Zagreb", "municipality": "Grad Zagreb", "county": "Grad Zagreb", "postal_code": "10172", "geo_source": "dgu-adresa", "diocese": "Zagrebačka Nadbiskupija", "diocese_source": "derivirano-crkve.domovina.ai", "email": "hzpodsused@gmail.com", "phone_e164": "+385915944389", "president": "Biserka Šćurić", "president_role": "Predsjednica", "founded_at": "2024-04-09", "registered_at": "2024-05-21", "catholic_confidence": "srednja", "catholic_score": 6.5, "source": ["datagovhr:registar-udruga"], "category_label": "Molitvene zajednice", "active": 1}}, {"type": "Feature", "geometry": {"type": "Point", "coordinates": [18.962834, 45.370327]}, "properties": {"id": 1099, "slug": "domoljubna-inicijativa-ora-et-labora-vukovar-1286", "name": "Domoljubna inicijativa Ora et Labora", "display_name": "Domoljubna inicijativa Ora et Labora", "short_name": "DI OEL", "registry": "registar-udruga", "oib": "42062791286", "status": "AKTIVAN", "category": "molitvena", "address": "Gospodarska zona Vukovar 15, Vukovar", "city": "Vukovar", "settlement": "Vukovar", "municipality": "Vukovar", "county": "Vukovarsko-srijemska", "postal_code": "32000", "geo_source": "dgu-adresa", "diocese": "Đakovačko-osječka Nadbiskupija", "diocese_source": "derivirano-crkve.domovina.ai", "email": "vladimir.grebenar@oel.hr", "website": "https://www.dioel.hr", "phone_e164": "+385915423263", "president": "Vladimir Grebenar", "president_role": "Predsjednik", "founded_at": "2026-04-20", "registered_at": "2026-05-27", "catholic_confidence": "srednja", "catholic_score": 8.0, "source": ["datagovhr:registar-udruga"], "category_label": "Molitvene zajednice", "active": 1}}, {"type": "Feature", "geometry": {"type": "Point", "coordinates": [18.800527, 45.280526]}, "properties": {"id": 1101, "slug": "aurora-fidei-hrvatski-katolicki-sabor-vinkovci-9069", "name": "AURORA FIDEI - HRVATSKI KATOLIČKI SABOR", "display_name": "Aurora Fidei - Hrvatski Katolički Sabor", "short_name": "-", "registry": "registar-udruga", "oib": "72274579069", "status": "AKTIVAN", "category": "molitvena", "address": "Josipa Matasovića 26, Vinkovci", "city": "Vinkovci", "settlement": "Vinkovci", "municipality": "Vinkovci", "county": "Vukovarsko-srijemska", "postal_code": "32100", "geo_source": "dgu-adresa", "diocese": "Đakovačko-osječka Nadbiskupija", "diocese_source": "derivirano-crkve.domovina.ai", "email": "petar.75.cengic@gmail.com", "phone_e164": "+385923705005", "president": "Petar Čengić", "president_role": "Predsjednik", "founded_at": "2025-09-16", "registered_at": "2025-11-25", "catholic_confidence": "visoka", "catholic_score": 8.5, "source": ["datagovhr:registar-udruga"], "category_label": "Molitvene zajednice", "active": 1}}, {"type": "Feature", "geometry": {"type": "Point", "coordinates": [17.51207, 45.11116]}, "properties": {"id": 1102, "slug": "davoracka-udruga-mladih-duma-7933", "name": "DAVORAČKA UDRUGA MLADIH DUMA", "display_name": "Davoračka Udruga Mladih Duma", "short_name": "\"DUMA\"", "registry": "registar-udruga", "oib": "48540707933", "status": "AKTIVAN", "category": "mladi", "address": "Trg Matije Antuna Relkovića 7, Davor", "city": "Davor", "settlement": "Davor", "municipality": "Davor", "county": "Brodsko-posavska", "postal_code": "35425", "geo_source": "dgu-adresa", "diocese": "Požeška Biskupija", "diocese_source": "derivirano-crkve.domovina.ai", "email": "udrugamladihduma@gmail.com", "phone_e164": "+385981396265", "president": "Marta Gelemanović", "president_role": "Predsjednica Udruge", "founded_at": "2025-10-27", "registered_at": "2026-01-02", "catholic_confidence": "srednja", "catholic_score": 6.0, "source": ["datagovhr:registar-udruga"], "category_label": "Mladi i studenti", "active": 1}}, {"type": "Feature", "geometry": {"type": "Point", "coordinates": [16.549123, 46.025073]}, "properties": {"id": 1104, "slug": "udruga-magnus-krizevci-2698", "name": "Udruga \"Magnus\"", "display_name": "Udruga \"Magnus\"", "registry": "registar-udruga", "oib": "05428732698", "status": "AKTIVAN", "category": "hodocasnicka", "address": "Ulica bana Josipa Jelačića 17a, Križevci", "city": "Križevci", "settlement": "Križevci", "municipality": "Križevci", "county": "Koprivničko-križevačka", "postal_code": "48260", "geo_source": "dgu-adresa", "diocese": "Bjelovarsko-križevačka Biskupija", "diocese_source": "derivirano-crkve.domovina.ai", "email": "udruga.magnus@gmail.com", "phone_e164": "+385917848630", "president": "Krunoslav Puškar", "president_role": "Predsjednik Udruge", "founded_at": "2024-04-24", "registered_at": "2024-05-23", "catholic_confidence": "srednja", "catholic_score": 4.5, "source": ["datagovhr:registar-udruga"], "category_label": "Hodočašća", "active": 1}}, {"type": "Feature", "geometry": {"type": "Point", "coordinates": [18.700711, 45.549439]}, "properties": {"id": 1105, "slug": "vjerska-udruga-yeshua-osijek-4173", "name": "VJERSKA UDRUGA YESHUA", "display_name": "Vjerska Udruga Yeshua", "short_name": "YESHUA", "registry": "registar-udruga", "oib": "64611644173", "status": "AKTIVAN", "category": "glazba", "address": "Martina Divalta 58, Osijek", "city": "Osijek", "settlement": "Osijek", "municipality": "Osijek", "county": "Osječko-baranjska", "postal_code": "31000", "geo_source": "dgu-adresa", "diocese": "Đakovačko-osječka Nadbiskupija", "diocese_source": "derivirano-crkve.domovina.ai", "email": "udrugayeshua@gmail.com", "phone_e164": "+385977101950", "president": "Domagoj Vukadin", "president_role": "Predsjednik", "founded_at": "2024-10-24", "registered_at": "2024-11-26", "catholic_confidence": "srednja", "catholic_score": 9.0, "source": ["datagovhr:registar-udruga"], "category_label": "Zborovi i crkvena glazba", "active": 1}}, {"type": "Feature", "geometry": {"type": "Point", "coordinates": [15.979631, 45.855914]}, "properties": {"id": 1106, "slug": "savez-krscana-hrvatske-zagreb-5005", "name": "SAVEZ KRŠĆANA HRVATSKE", "display_name": "Savez Kršćana Hrvatske", "short_name": "SAVEZ KH", "registry": "registar-udruga", "oib": "47301965005", "status": "AKTIVAN", "category": "molitvena", "address": "Gjurkov put 32, Zagreb", "city": "Zagreb", "settlement": "Zagreb", "municipality": "Grad Zagreb", "county": "Grad Zagreb", "postal_code": "10163", "geo_source": "dgu-adresa", "diocese": "Zagrebačka Nadbiskupija", "diocese_source": "derivirano-crkve.domovina.ai", "email": "savezkhr@gmail.com", "phone_e164": "+385992433740", "president": "Damir Katulić", "president_role": "Predsjednik", "founded_at": "2024-08-16", "registered_at": "2025-01-14", "catholic_confidence": "srednja", "catholic_score": 8.0, "source": ["datagovhr:registar-udruga"], "category_label": "Molitvene zajednice", "active": 1}}, {"type": "Feature", "geometry": {"type": "Point", "coordinates": [15.50276, 43.855584]}, "properties": {"id": 1108, "slug": "udruga-bratovstina-svete-trojice-vrgada-6482", "name": "UDRUGA \"BRATOVŠTINA SVETE TROJICE VRGADA\"", "display_name": "Udruga \"Bratovština Svete Trojice Vrgada\"", "short_name": "BRATOVŠTINA VRGADA", "registry": "registar-udruga", "oib": "74749746482", "status": "AKTIVAN", "category": "bratovstina", "address": "Vrgada 173, Vrgada", "city": "Vrgada", "settlement": "Vrgada", "municipality": "Pakoštane", "county": "Zadarska", "postal_code": "23211", "geo_source": "dgu-adresa", "diocese": "Zadarska Nadbiskupija", "diocese_source": "derivirano-crkve.domovina.ai", "president": "Krešimir Brnin", "president_role": "Predsjednik Udruge", "founded_at": "2026-05-17", "registered_at": "2026-08-27", "catholic_confidence": "visoka", "catholic_score": 11.0, "source": ["datagovhr:registar-udruga"], "category_label": "Bratovštine", "active": 1}}, {"type": "Feature", "geometry": {"type": "Point", "coordinates": [15.944694, 45.813116]}, "properties": {"id": 1109, "slug": "sportska-udruga-hrvatskog-katolickog-sveucilista-unicath-sport-zagreb-2812", "name": "SPORTSKA UDRUGA HRVATSKOG KATOLIČKOG SVEUČILIŠTA - UNICATH SPORT", "display_name": "Sportska Udruga Hrvatskog Katoličkog Sveučilišta - Unicath Sport", "short_name": "UNICATH SPORT", "registry": "registar-udruga", "oib": "32287072812", "status": "AKTIVAN", "category": "sport", "address": "Ilica 244, Zagreb", "city": "Zagreb", "settlement": "Zagreb", "municipality": "Grad Zagreb", "county": "Grad Zagreb", "postal_code": "10109", "geo_source": "dgu-adresa", "diocese": "Zagrebačka Nadbiskupija", "diocese_source": "derivirano-crkve.domovina.ai", "president": "Dragan Glavaš", "president_role": "Predsjednik Udruge", "founded_at": "2026-07-17", "registered_at": "2026-09-04", "catholic_confidence": "visoka", "catholic_score": 7.0, "source": ["datagovhr:registar-udruga"], "category_label": "Sport i rekreacija", "active": 1}}, {"type": "Feature", "geometry": {"type": "Point", "coordinates": [15.977375, 45.807929]}, "properties": {"id": 1110, "slug": "malteska-sluzba-zagreb-0725", "name": "MALTEŠKA SLUŽBA", "display_name": "Malteška Služba", "registry": "registar-udruga", "oib": "80310460725", "status": "AKTIVAN", "category": "hodocasnicka", "address": "Trg Josipa Jurja Strossmayera 8, Zagreb", "city": "Zagreb", "settlement": "Zagreb", "municipality": "Grad Zagreb", "county": "Grad Zagreb", "postal_code": "10000", "geo_source": "dgu-adresa", "diocese": "Zagrebačka Nadbiskupija", "diocese_source": "derivirano-crkve.domovina.ai", "email": "info@malteska-sluzba.hr", "phone_e164": "+38514828890", "president": "Branimir Iveković", "president_role": "Glavni Tajnik, Skupno s Predsjednikom", "founded_at": "2024-12-05", "registered_at": "2025-01-21", "catholic_confidence": "visoka", "catholic_score": 8.0, "source": ["datagovhr:registar-udruga"], "category_label": "Hodočašća", "active": 1}}, {"type": "Feature", "geometry": {"type": "Point", "coordinates": [18.454149, 45.590761]}, "properties": {"id": 1111, "slug": "udruga-maleni-bizovac-2420", "name": "Udruga “Maleni”", "display_name": "Udruga “Maleni”", "registry": "registar-udruga", "oib": "54268852420", "status": "AKTIVAN", "category": "hodocasnicka", "address": "Ulica kralja Tomislava 184, Bizovac", "city": "Bizovac", "settlement": "Bizovac", "municipality": "Bizovac", "county": "Osječko-baranjska", "postal_code": "31222", "geo_source": "dgu-adresa", "diocese": "Đakovačko-osječka Nadbiskupija", "diocese_source": "derivirano-crkve.domovina.ai", "email": "evelin.marincel.srsic@gmail.com", "phone_e164": "+385998603655", "president": "Evelin Marincel Sršić", "president_role": "Predsjednica", "founded_at": "2024-09-19", "registered_at": "2024-10-29", "catholic_confidence": "srednja", "catholic_score": 4.5, "source": ["datagovhr:registar-udruga"], "category_label": "Hodočašća", "active": 1}}, {"type": "Feature", "geometry": {"type": "Point", "coordinates": [15.961985, 45.810548]}, "properties": {"id": 1112, "slug": "udruga-za-pomoc-djeci-i-obiteljima-suocenim-s-malignim-bolestima-janje-zagreb-5330", "name": "UDRUGA ZA POMOĆ DJECI I OBITELJIMA SUOČENIM S MALIGNIM BOLESTIMA - JANJE", "display_name": "Udruga za Pomoć Djeci i Obiteljima Suočenim s Malignim Bolestima - Janje", "short_name": "UDRUGA JANJE", "registry": "registar-udruga", "oib": "47962185330", "status": "AKTIVAN", "category": "karitativna", "address": "Prilaz Gjure Deželića 57, Zagreb", "city": "Zagreb", "settlement": "Zagreb", "municipality": "Grad Zagreb", "county": "Grad Zagreb", "postal_code": "10000", "geo_source": "dgu-adresa", "diocese": "Zagrebačka Nadbiskupija", "diocese_source": "derivirano-crkve.domovina.ai", "email": "janje.udruga@gmail.com", "phone_e164": "+385911971082", "president": "Antonija Jurčić", "president_role": "Predsjednica", "founded_at": "2025-04-09", "registered_at": "2025-07-30", "catholic_confidence": "srednja", "catholic_score": 6.5, "source": ["datagovhr:registar-udruga"], "category_label": "Karitativne i humanitarne", "active": 1}}, {"type": "Feature", "geometry": {"type": "Point", "coordinates": [15.957272, 43.598833]}, "properties": {"id": 1114, "slug": "moto-klub-maranatha-primosten-burnji-4115", "name": "MOTO KLUB MARANATHA", "display_name": "Moto Klub Maranatha", "registry": "registar-udruga", "oib": "65957224115", "status": "BRISAN", "category": "sport", "address": "Prhovo 17B, Primošten Burnji", "city": "Primošten Burnji", "settlement": "Primošten Burnji", "municipality": "Primošten", "county": "Šibensko-kninska", "postal_code": "22202", "geo_source": "dgu-adresa", "diocese": "Šibenska Biskupija", "diocese_source": "derivirano-crkve.domovina.ai", "email": "frignik@gmail.com", "phone_e164": "+385955258602", "president": "Grgur Alviž", "president_role": "Predsjednik Kluba", "founded_at": "2023-09-01", "registered_at": "2023-10-24", "catholic_confidence": "srednja", "catholic_score": 4.0, "source": ["datagovhr:registar-udruga"], "category_label": "Sport i rekreacija", "active": 0}}, {"type": "Feature", "geometry": {"type": "Point", "coordinates": [17.988199, 45.190973]}, "properties": {"id": 1115, "slug": "arimathea-land-slavonski-brod-8060", "name": "'Arimathea Land'", "display_name": "'Arimathea Land'", "short_name": "'Arimateja'", "registry": "registar-udruga", "oib": "99106418060", "status": "AKTIVAN", "category": "molitvena", "address": "Brlićev put 88, Slavonski Brod", "city": "Slavonski Brod", "settlement": "Slavonski Brod", "municipality": "Slavonski Brod", "county": "Brodsko-posavska", "postal_code": "35000", "geo_source": "dgu-adresa", "diocese": "Đakovačko-osječka Nadbiskupija", "diocese_source": "derivirano-crkve.domovina.ai", "email": "josip.arimateja@gmail.com", "phone_e164": "+385989276322", "president": "Zvonko Đaković Mijić", "president_role": "Predsjednik", "founded_at": "2026-02-10", "registered_at": "2026-04-14", "catholic_confidence": "srednja", "catholic_score": 8.0, "source": ["datagovhr:registar-udruga"], "category_label": "Molitvene zajednice", "active": 1}}, {"type": "Feature", "geometry": {"type": "Point", "coordinates": [18.045881, 45.171602]}, "properties": {"id": 1118, "slug": "udruga-padre-pio-slavonski-brod-1698", "name": "Udruga Padre Pio", "display_name": "Udruga Padre Pio", "registry": "registar-udruga", "oib": "53475471698", "status": "AKTIVAN", "category": "karitativna", "address": "Osječka ulica 278E, Slavonski Brod", "city": "Slavonski Brod", "settlement": "Slavonski Brod", "municipality": "Slavonski Brod", "county": "Brodsko-posavska", "postal_code": "35000", "geo_source": "dgu-adresa", "diocese": "Đakovačko-osječka Nadbiskupija", "diocese_source": "derivirano-crkve.domovina.ai", "president": "Josip Kadić", "president_role": "Predsjednik", "founded_at": "2026-03-31", "registered_at": "2026-05-20", "catholic_confidence": "srednja", "catholic_score": 6.5, "source": ["datagovhr:registar-udruga"], "category_label": "Karitativne i humanitarne", "active": 1}}, {"type": "Feature", "geometry": {"type": "Point", "coordinates": [15.94224, 45.816656]}, "properties": {"id": 1119, "slug": "humanitarna-udruga-padre-pio-zagreb-6491", "name": "HUMANITARNA UDRUGA PADRE PIO ZAGREB", "display_name": "Humanitarna Udruga Padre Pio Zagreb", "registry": "registar-udruga", "oib": "54370576491", "status": "AKTIVAN", "category": "karitativna", "address": "Ulica grada Gualda Tadina 11, Zagreb", "city": "Zagreb", "settlement": "Zagreb", "municipality": "Grad Zagreb", "county": "Grad Zagreb", "postal_code": "10109", "geo_source": "dgu-adresa", "diocese": "Zagrebačka Nadbiskupija", "diocese_source": "derivirano-crkve.domovina.ai", "president": "Denis Sopta", "president_role": "Dopredsjednik", "founded_at": "2026-03-02", "registered_at": "2026-06-03", "catholic_confidence": "srednja", "catholic_score": 8.0, "source": ["datagovhr:registar-udruga"], "category_label": "Karitativne i humanitarne", "active": 1}}, {"type": "Feature", "geometry": {"type": "Point", "coordinates": [15.863676, 44.30615]}, "properties": {"id": 1123, "slug": "humanitarno-pastoralna-organizacija-caritas-vrhbosanske-nadbiskupije-gracac-3925", "name": "HUMANITARNO PASTORALNA ORGANIZACIJA \"CARITAS VRHBOSANSKE NADBISKUPIJE\"", "display_name": "Humanitarno Pastoralna Organizacija \"Caritas Vrhbosanske Nadbiskupije\"", "short_name": "CVN", "registry": "strane-udruge", "oib": "60972593925", "status": "AKTIVNA", "category": "karitativna", "address": "Ulica Kotromanića 5, Gračac", "city": "Gračac", "settlement": "Gračac", "municipality": "Gračac", "county": "Zadarska", "postal_code": "23440", "geo_source": "dgu-adresa", "diocese": "Gospićko-senjska Biskupija", "diocese_source": "derivirano-crkve.domovina.ai", "president": "Mirko Šimić", "president_role": "Ravnatelj", "registered_at": "2022-12-05", "catholic_confidence": "visoka", "catholic_score": 14.0, "source": ["datagovhr:strane-udruge"], "category_label": "Karitativne i humanitarne", "active": 1}}, {"type": "Feature", "geometry": {"type": "Point", "coordinates": [16.692117, 43.444744]}, "properties": {"id": 1124, "slug": "world-council-of-churches-omis-99931", "name": "WORLD COUNCIL OF CHURCHES", "display_name": "World Council Of Churches", "registry": "strane-udruge", "status": "PRESTANAK DJELOVANJA", "category": "molitvena", "address": "Ulica Svetog Roka 7, Omiš", "city": "Omiš", "settlement": "Omiš", "municipality": "Omiš", "county": "Splitsko-dalmatinska", "postal_code": "21310", "geo_source": "dgu-adresa", "diocese": "Splitsko-makarska Nadbiskupija", "diocese_source": "derivirano-crkve.domovina.ai", "president": "Carolyn Ann Boyd Tomasović", "president_role": "Predstavnik Strane Udruge", "registered_at": "2000-01-20", "catholic_confidence": "srednja", "catholic_score": 4.5, "source": ["datagovhr:strane-udruge"], "category_label": "Molitvene zajednice", "active": 0}}, {"type": "Feature", "geometry": {"type": "Point", "coordinates": [18.668941, 45.554196]}, "properties": {"id": 1125, "slug": "the-lutheran-world-federation-osijek-99989", "name": "THE LUTHERAN WORLD FEDERATION", "display_name": "The Lutheran World Federation", "registry": "strane-udruge", "status": "PRESTANAK DJELOVANJA", "category": "zupna", "address": "Dubrovačka 111, Osijek", "city": "Osijek", "settlement": "Osijek", "municipality": "Osijek", "county": "Osječko-baranjska", "postal_code": "31000", "geo_source": "dgu-adresa", "diocese": "Đakovačko-osječka Nadbiskupija", "diocese_source": "derivirano-crkve.domovina.ai", "president": "Lejla Džaferović", "president_role": "Predstavnik Strane Udruge", "registered_at": "1998-04-14", "catholic_confidence": "srednja", "catholic_score": 4.0, "source": ["datagovhr:strane-udruge"], "category_label": "Župne udruge", "active": 0}}, {"type": "Feature", "geometry": {"type": "Point", "coordinates": [17.301706, 43.123627]}, "properties": {"id": 1126, "slug": "pokret-za-duhovnu-obnovu-i-branitelje-podaca-8939", "name": "POKRET ZA DUHOVNU OBNOVU I BRANITELJE", "display_name": "Pokret za Duhovnu Obnovu i Branitelje", "short_name": "PDOB", "registry": "strane-udruge", "oib": "91848508939", "status": "AKTIVNA", "category": "pokret", "address": "Ribarska 3, Podaca", "city": "Podaca", "settlement": "Podaca", "municipality": "Gradac", "county": "Splitsko-dalmatinska", "postal_code": "21335", "geo_source": "dgu-adresa", "diocese": "Splitsko-makarska Nadbiskupija", "diocese_source": "derivirano-crkve.domovina.ai", "president": "Josip Milić", "president_role": "Predsjednik", "registered_at": "2025-12-09", "catholic_confidence": "visoka", "catholic_score": 9.5, "source": ["datagovhr:strane-udruge"], "category_label": "Pokreti i laičke zajednice", "active": 1}}, {"type": "Feature", "geometry": {"type": "Point", "coordinates": [16.72571, 43.618805]}, "properties": {"id": 1128, "slug": "udruga-san-lorenzo-zajednica-cenacolo-trilj-3210", "name": "UDRUGA SAN LORENZO ZAJEDNICA \"CENACOLO\"", "display_name": "Udruga San Lorenzo Zajednica \"Cenacolo\"", "short_name": "UDRUGA SAN LORENZO", "registry": "strane-udruge", "oib": "82353753210", "status": "PRESTANAK DJELOVANJA", "category": "molitvena", "address": "Ugljane kod Trilja , Trilj", "city": "Trilj", "settlement": "Trilj", "municipality": "Trilj", "county": "Splitsko-dalmatinska", "geo_source": "naselje-teziste", "diocese": "Splitsko-makarska Nadbiskupija", "diocese_source": "derivirano-crkve.domovina.ai", "email": "info@zajednicacenacolo.hr", "website": "https://WWW.COMUNITACENACOLO.", "phone_e164": "+38512726515", "president": "Stefano Aragno", "president_role": "Odgovorna Osoba Udruge", "registered_at": "1998-09-30", "catholic_confidence": "srednja", "catholic_score": 4.5, "source": ["datagovhr:strane-udruge"], "category_label": "Molitvene zajednice", "active": 0}}, {"type": "Feature", "geometry": {"type": "Point", "coordinates": [16.462125, 43.514023]}, "properties": {"id": 1130, "slug": "caritas-biskupija-mostar-duvno-i-trebinje-mrkan-split-9082", "name": "CARITAS BISKUPIJA MOSTAR-DUVNO I TREBINJE-MRKAN", "display_name": "Caritas Biskupija Mostar-duvno i Trebinje-mrkan", "registry": "strane-udruge", "oib": "36489339082", "status": "AKTIVNA", "category": "karitativna", "address": "Fra Bone Razmilovića 13, Split", "city": "Split", "settlement": "Split", "municipality": "Split", "county": "Splitsko-dalmatinska", "geo_source": "naselje-teziste", "diocese": "Splitsko-makarska Nadbiskupija", "diocese_source": "derivirano-crkve.domovina.ai", "email": "caritas-mostar@tel.net.ba", "website": "https://www.caritas-mostar.ba", "president": "Dr. Don Ante Komadina", "president_role": "Ravnatelj Udruge", "registered_at": "2007-03-02", "catholic_confidence": "visoka", "catholic_score": 10.0, "source": ["datagovhr:strane-udruge"], "category_label": "Karitativne i humanitarne", "active": 1}}, {"type": "Feature", "geometry": {"type": "Point", "coordinates": [15.958594, 45.847594]}, "properties": {"id": 1136, "slug": "udruzenje-humanitarna-organizacija-caritas-biskupije-banja-luka-zagreb-8821", "name": "UDRUŽENJE \"HUMANITARNA ORGANIZACIJA CARITAS BISKUPIJE BANJA LUKA\"", "display_name": "Udruženje \"Humanitarna Organizacija Caritas Biskupije Banja Luka\"", "registry": "strane-udruge", "oib": "17704908821", "status": "AKTIVNA", "category": "karitativna", "address": "Lovćenska ulica 98, Zagreb", "city": "Zagreb", "settlement": "Zagreb", "municipality": "Grad Zagreb", "county": "Grad Zagreb", "postal_code": "10163", "geo_source": "dgu-adresa", "diocese": "Zagrebačka Nadbiskupija", "diocese_source": "derivirano-crkve.domovina.ai", "president": "Željko Majić", "president_role": "Predsjednik", "registered_at": "2005-05-04", "catholic_confidence": "visoka", "catholic_score": 10.0, "source": ["datagovhr:strane-udruge"], "category_label": "Karitativne i humanitarne", "active": 1}}, {"type": "Feature", "geometry": {"type": "Point", "coordinates": [16.336119, 46.30804]}, "properties": {"id": 1138, "slug": "franjevacki-svjetovni-red-sv-ivana-krstitelja-varazdin-5660", "name": "FRANJEVAČKI SVJETOVNI RED SV. IVANA KRSTITELJA VARAŽDIN", "display_name": "Franjevački Svjetovni Red sv. Ivana Krstitelja Varaždin", "registry": "evidencija-kc", "oib": "72243415660", "status": "AKTIVAN", "category": "pokret", "address": "Varaždin, Franjevački trg 8", "city": "Varaždin", "settlement": "Varaždin", "municipality": "Varaždin", "county": "Varaždinska", "postal_code": "42000", "geo_source": "dgu-adresa", "diocese": "Varaždinska Biskupija", "diocese_source": "evidencija-kc", "email": "svivanvz@ofs.hr", "website": "https://franjevackisvjetovnired-svivanakrstitelja-varazdin.hr", "phone_e164": "+385917637778", "president": "Zdenko Viljevac", "president_role": "Ministar mjesnog bratstva", "registered_at": "2012-07-20", "catholic_confidence": "visoka", "catholic_score": 10.0, "source": ["datagovhr:katolicke-pravne-osobe"], "category_label": "Pokreti i laičke zajednice", "active": 1}}, {"type": "Feature", "geometry": {"type": "Point", "coordinates": [16.553862, 46.03681]}, "properties": {"id": 1139, "slug": "djelo-marijino-pokret-fokolara-krizevci-5568", "name": "DJELO MARIJINO - POKRET FOKOLARA", "display_name": "Djelo Marijino - Pokret Fokolara", "registry": "evidencija-kc", "oib": "36004445568", "status": "PRESTANAK", "category": "pokret", "address": "Križevci, Kosovec 65", "city": "Križevci", "settlement": "Križevci", "municipality": "Križevci", "county": "Koprivničko-križevačka", "postal_code": "48260", "geo_source": "dgu-adresa", "diocese": "Zagrebačka Nadbiskupija", "diocese_source": "evidencija-kc", "president_role": "Voditelj zone", "registered_at": "2004-11-24", "catholic_confidence": "visoka", "catholic_score": 10.0, "source": ["datagovhr:katolicke-pravne-osobe"], "category_label": "Pokreti i laičke zajednice", "active": 0}}, {"type": "Feature", "geometry": {"type": "Point", "coordinates": [15.977893, 45.831873]}, "properties": {"id": 1140, "slug": "djelo-marijino-pokret-fokolara-zagreb-701596", "name": "DJELO MARIJINO - POKRET FOKOLARA", "display_name": "Djelo Marijino - Pokret Fokolara", "registry": "evidencija-kc", "status": "PRESTANAK", "category": "pokret", "address": "Zagreb, Stara Knežija 7", "city": "Zagreb", "settlement": "Zagreb", "municipality": "Grad Zagreb", "county": "Grad Zagreb", "geo_source": "naselje-teziste", "diocese": "Zagrebačka Nadbiskupija", "diocese_source": "evidencija-kc", "president_role": "Voditelj zone", "registered_at": "2004-11-24", "catholic_confidence": "visoka", "catholic_score": 10.0, "source": ["datagovhr:katolicke-pravne-osobe"], "category_label": "Pokreti i laičke zajednice", "active": 0}}, {"type": "Feature", "geometry": {"type": "Point", "coordinates": [15.977893, 45.831873]}, "properties": {"id": 1141, "slug": "djelo-marijino-pokret-fokolara-zagreb-701598", "name": "DJELO MARIJINO - POKRET FOKOLARA", "display_name": "Djelo Marijino - Pokret Fokolara", "registry": "evidencija-kc", "status": "PRESTANAK", "category": "pokret", "address": "Zagreb, Hreljička 72", "city": "Zagreb", "settlement": "Zagreb", "municipality": "Grad Zagreb", "county": "Grad Zagreb", "geo_source": "naselje-teziste", "diocese": "Zagrebačka Nadbiskupija", "diocese_source": "evidencija-kc", "president_role": "Voditelj zone", "registered_at": "2004-11-24", "catholic_confidence": "visoka", "catholic_score": 10.0, "source": ["datagovhr:katolicke-pravne-osobe"], "category_label": "Pokreti i laičke zajednice", "active": 0}}, {"type": "Feature", "geometry": {"type": "Point", "coordinates": [15.978144, 45.816419]}, "properties": {"id": 1143, "slug": "hrvatsko-nacionalno-bratstvo-franjevackoga-svjetovnog-reda-zagreb-1091", "name": "HRVATSKO NACIONALNO BRATSTVO FRANJEVAČKOGA SVJETOVNOG REDA", "display_name": "Hrvatsko Nacionalno Bratstvo Franjevačkoga Svjetovnog Reda", "registry": "evidencija-kc", "oib": "67879291091", "status": "AKTIVAN", "category": "bratovstina", "address": "Zagreb, Kaptol 9", "city": "Zagreb", "settlement": "Zagreb", "municipality": "Grad Zagreb", "county": "Grad Zagreb", "postal_code": "10000", "geo_source": "dgu-adresa", "diocese": "Zagrebačka Nadbiskupija", "diocese_source": "evidencija-kc", "president_role": "Nacionalni ministar", "registered_at": "2007-03-22", "catholic_confidence": "visoka", "catholic_score": 10.0, "source": ["datagovhr:katolicke-pravne-osobe"], "category_label": "Bratovštine", "active": 1}}, {"type": "Feature", "geometry": {"type": "Point", "coordinates": [15.978144, 45.816419]}, "properties": {"id": 1144, "slug": "sjeverozapadno-hrvatsko-podrucno-bratstvo-franjevackoga-svjetovnog-reda-bl-alojzija-stepinca-zagreb-6101", "name": "SJEVEROZAPADNO HRVATSKO PODRUČNO BRATSTVO FRANJEVAČKOGA SVJETOVNOG REDA BL. ALOJZIJA STEPINCA", "display_name": "Sjeverozapadno Hrvatsko Područno Bratstvo Franjevačkoga Svjetovnog Reda bl. Alojzija Stepinca", "registry": "evidencija-kc", "oib": "10500146101", "status": "AKTIVAN", "category": "bratovstina", "address": "Zagreb, Kaptol 9", "city": "Zagreb", "settlement": "Zagreb", "municipality": "Grad Zagreb", "county": "Grad Zagreb", "postal_code": "10000", "geo_source": "dgu-adresa", "diocese": "Zagrebačka Nadbiskupija", "diocese_source": "evidencija-kc", "president_role": "Područni ministar", "registered_at": "2007-03-22", "catholic_confidence": "visoka", "catholic_score": 10.0, "source": ["datagovhr:katolicke-pravne-osobe"], "category_label": "Bratovštine", "active": 1}}, {"type": "Feature", "geometry": {"type": "Point", "coordinates": [14.437079, 45.328809]}, "properties": {"id": 1148, "slug": "franjevacki-svjetovni-red-mjesno-bratstvo-gospa-lurdska-rijeka-4176", "name": "FRANJEVAČKI SVJETOVNI RED, MJESNO BRATSTVO GOSPA LURDSKA", "display_name": "Franjevački Svjetovni Red, Mjesno Bratstvo Gospa Lurdska", "registry": "evidencija-kc", "oib": "24373654176", "status": "AKTIVAN", "category": "bratovstina", "address": "Rijeka, Kapucinske stube 5", "city": "Rijeka", "settlement": "Rijeka", "municipality": "Rijeka", "county": "Primorsko-goranska", "postal_code": "51000", "geo_source": "dgu-adresa", "diocese": "Riječka Nadbiskupija", "diocese_source": "evidencija-kc", "phone_e164": "+385981315354", "president": "Vesna Erdec", "president_role": "Ministar mjesnog bratstva", "registered_at": "2010-06-14", "catholic_confidence": "visoka", "catholic_score": 10.0, "source": ["datagovhr:katolicke-pravne-osobe"], "category_label": "Bratovštine", "active": 1}}, {"type": "Feature", "geometry": {"type": "Point", "coordinates": [18.415009, 45.310758]}, "properties": {"id": 1149, "slug": "bratstvo-bl-m-m-terezije-scherer-dakovo-8076", "name": "BRATSTVO BL. M. M. TEREZIJE SCHERER", "display_name": "Bratstvo bl. M. M. Terezije Scherer", "registry": "evidencija-kc", "oib": "61482908076", "status": "AKTIVAN", "category": "bratovstina", "address": "Đakovo, Kralja Tomislava 22", "city": "Đakovo", "settlement": "Đakovo", "municipality": "Đakovo", "county": "Osječko-baranjska", "postal_code": "31400", "geo_source": "dgu-adresa", "diocese": "Đakovačko-osječka Nadbiskupija", "diocese_source": "evidencija-kc", "president_role": "Ministar mjesnog bratstva", "registered_at": "2010-10-21", "catholic_confidence": "visoka", "catholic_score": 10.0, "source": ["datagovhr:katolicke-pravne-osobe"], "category_label": "Bratovštine", "active": 1}}, {"type": "Feature", "geometry": {"type": "Point", "coordinates": [15.796261, 45.862203]}, "properties": {"id": 1152, "slug": "lokalna-zajednica-marije-kraljice-apostola-zapresic-7589", "name": "LOKALNA ZAJEDNICA MARIJE KRALJICE APOSTOLA", "display_name": "Lokalna Zajednica Marije Kraljice Apostola", "registry": "evidencija-kc", "oib": "00555047589", "status": "AKTIVAN", "category": "molitvena", "address": "Zaprešić, Dragutina Domjanića 16", "city": "Zaprešić", "settlement": "Zaprešić", "municipality": "Zaprešić", "county": "Zagrebačka", "postal_code": "10290", "geo_source": "dgu-adresa", "diocese": "Zagrebačka Nadbiskupija", "diocese_source": "evidencija-kc", "president_role": "Rektor Zajednice", "registered_at": "2006-04-27", "catholic_confidence": "visoka", "catholic_score": 10.0, "source": ["datagovhr:katolicke-pravne-osobe"], "category_label": "Molitvene zajednice", "active": 1}}, {"type": "Feature", "geometry": {"type": "Point", "coordinates": [16.471607, 43.504387]}, "properties": {"id": 1153, "slug": "djelo-marijino-pokret-fokolara-split-6482", "name": "DJELO MARIJINO - POKRET FOKOLARA", "display_name": "Djelo Marijino - Pokret Fokolara", "registry": "evidencija-kc", "oib": "78107816482", "status": "PRESTANAK", "category": "pokret", "address": "Split, Šime Ljubića 10", "city": "Split", "settlement": "Split", "municipality": "Split", "county": "Splitsko-dalmatinska", "postal_code": "21000", "geo_source": "dgu-adresa", "diocese": "Splitsko-makarska Nadbiskupija", "diocese_source": "evidencija-kc", "president_role": "Voditelj Fokolara", "registered_at": "2005-04-08", "catholic_confidence": "visoka", "catholic_score": 10.0, "source": ["datagovhr:katolicke-pravne-osobe"], "category_label": "Pokreti i laičke zajednice", "active": 0}}, {"type": "Feature", "geometry": {"type": "Point", "coordinates": [15.988688, 45.813321]}, "properties": {"id": 1154, "slug": "zajednica-loyola-zagreb-9028", "name": "ZAJEDNICA LOYOLA", "display_name": "Zajednica Loyola", "registry": "evidencija-kc", "oib": "30262819028", "status": "AKTIVAN", "category": "molitvena", "address": "Zagreb, Vlaška ulica 70E", "city": "Zagreb", "settlement": "Zagreb", "municipality": "Grad Zagreb", "county": "Grad Zagreb", "postal_code": "10000", "geo_source": "dgu-adresa", "diocese": "Zagrebačka Nadbiskupija", "diocese_source": "evidencija-kc", "president_role": "Odgovorna sestra", "registered_at": "2004-12-21", "catholic_confidence": "visoka", "catholic_score": 10.0, "source": ["datagovhr:katolicke-pravne-osobe"], "category_label": "Molitvene zajednice", "active": 1}}, {"type": "Feature", "geometry": {"type": "Point", "coordinates": [18.799458, 45.278147]}, "properties": {"id": 1155, "slug": "lokalna-zajednica-sv-vinka-pallottija-vinkovci-2070", "name": "LOKALNA ZAJEDNICA SV. VINKA PALLOTTIJA", "display_name": "Lokalna Zajednica sv. Vinka Pallottija", "registry": "evidencija-kc", "oib": "76971472070", "status": "AKTIVAN", "category": "molitvena", "address": "Vinkovci, Trg sv, Vinka Pallottija 1", "city": "Vinkovci", "settlement": "Vinkovci", "municipality": "Vinkovci", "county": "Vukovarsko-srijemska", "postal_code": "32100", "geo_source": "dgu-ulica-fuzzy", "diocese": "Đakovačko-osječka Nadbiskupija", "diocese_source": "evidencija-kc", "president_role": "Rektor", "registered_at": "2007-05-29", "catholic_confidence": "visoka", "catholic_score": 10.0, "source": ["datagovhr:katolicke-pravne-osobe"], "category_label": "Molitvene zajednice", "active": 1}}, {"type": "Feature", "geometry": {"type": "Point", "coordinates": [15.92801, 45.787246]}, "properties": {"id": 1156, "slug": "udruzenje-salezijanaca-suradnika-mjesno-srediste-jarun-zagreb-9592", "name": "UDRUŽENJE SALEZIJANACA SURADNIKA - MJESNO SREDIŠTE JARUN", "display_name": "Udruženje Salezijanaca Suradnika - Mjesno Središte Jarun", "registry": "evidencija-kc", "oib": "30808399592", "status": "PRESTANAK", "category": "ostalo", "address": "Zagreb, Ulica don Petra Šimića 1", "city": "Zagreb", "settlement": "Zagreb", "municipality": "Grad Zagreb", "county": "Grad Zagreb", "postal_code": "10104", "geo_source": "dgu-adresa", "diocese": "Zagrebačka Nadbiskupija", "diocese_source": "evidencija-kc", "email": "jarun@uss.hr", "phone_e164": "+38598806689", "president": "Iva Nikolić", "president_role": "Mjesni koordinator", "registered_at": "2014-07-01", "catholic_confidence": "visoka", "catholic_score": 10.0, "source": ["datagovhr:katolicke-pravne-osobe"], "category_label": "Ostalo", "active": 0}}, {"type": "Feature", "geometry": {"type": "Point", "coordinates": [18.697161, 45.561506]}, "properties": {"id": 1158, "slug": "franjevacki-svjetovni-red-osjecko-podrucno-bratstvo-sv-antuna-padovanskog-osijek-1775", "name": "FRANJEVAČKI SVJETOVNI RED, OSJEČKO PODRUČNO BRATSTVO SV. ANTUNA PADOVANSKOG", "display_name": "Franjevački Svjetovni Red, Osječko Područno Bratstvo sv. Antuna Padovanskog", "registry": "evidencija-kc", "oib": "12502341775", "status": "AKTIVAN", "category": "bratovstina", "address": "Osijek, Trg V. Lisinskog 3", "city": "Osijek", "settlement": "Osijek", "municipality": "Osijek", "county": "Osječko-baranjska", "postal_code": "31000", "geo_source": "dgu-adresa", "diocese": "Đakovačko-osječka Nadbiskupija", "diocese_source": "evidencija-kc", "president_role": "Ministar mjesnog bratstva", "registered_at": "2008-03-20", "catholic_confidence": "visoka", "catholic_score": 10.0, "source": ["datagovhr:katolicke-pravne-osobe"], "category_label": "Bratovštine", "active": 1}}, {"type": "Feature", "geometry": {"type": "Point", "coordinates": [14.457467, 45.331386]}, "properties": {"id": 1160, "slug": "franjevacki-svjetovni-red-primorsko-istarsko-podrucje-rijeka-0074", "name": "FRANJEVAČKI SVJETOVNI RED, PRIMORSKO-ISTARSKO PODRUČJE", "display_name": "Franjevački Svjetovni Red, Primorsko-istarsko Područje", "registry": "evidencija-kc", "oib": "45574760074", "status": "AKTIVAN", "category": "pokret", "address": "Rijeka, Frankopanski trg 12", "city": "Rijeka", "settlement": "Rijeka", "municipality": "Rijeka", "county": "Primorsko-goranska", "postal_code": "51000", "geo_source": "dgu-adresa", "diocese": "Riječka Nadbiskupija", "diocese_source": "evidencija-kc", "email": "marija.mioc09@gmail.com", "phone_e164": "+385992189289", "president": "Marija Mioč", "president_role": "Ministar područnog bratstva", "registered_at": "2007-01-29", "catholic_confidence": "visoka", "catholic_score": 10.0, "source": ["datagovhr:katolicke-pravne-osobe"], "category_label": "Pokreti i laičke zajednice", "active": 1}}, {"type": "Feature", "geometry": {"type": "Point", "coordinates": [14.457467, 45.331386]}, "properties": {"id": 1161, "slug": "franjevacki-svjetovni-red-mjesno-bratstvo-trsat-rijeka-5737", "name": "FRANJEVAČKI SVJETOVNI RED, MJESNO BRATSTVO TRSAT", "display_name": "Franjevački Svjetovni Red, Mjesno Bratstvo Trsat", "registry": "evidencija-kc", "oib": "56027865737", "status": "AKTIVAN", "category": "bratovstina", "address": "Rijeka, Frankopanski trg 12", "city": "Rijeka", "settlement": "Rijeka", "municipality": "Rijeka", "county": "Primorsko-goranska", "postal_code": "51000", "geo_source": "dgu-adresa", "diocese": "Riječka Nadbiskupija", "diocese_source": "evidencija-kc", "email": "prihvatiliste.ofstrsat@gmail.com", "phone_e164": "+38551512131", "president": "Sandra Režić", "president_role": "Ministar mjesnog bratstva", "registered_at": "2007-01-29", "catholic_confidence": "visoka", "catholic_score": 10.0, "source": ["datagovhr:katolicke-pravne-osobe"], "category_label": "Bratovštine", "active": 1}}, {"type": "Feature", "geometry": {"type": "Point", "coordinates": [16.339992, 43.548581]}, "properties": {"id": 1162, "slug": "bratovstina-gospe-stomorije-kastel-novi-1092", "name": "BRATOVŠTINA GOSPE STOMORIJE, KAŠTEL NOVI", "display_name": "Bratovština Gospe Stomorije, Kaštel Novi", "registry": "evidencija-kc", "oib": "30443821092", "status": "AKTIVAN", "category": "bratovstina", "address": "Kaštel Novi, M. Koludrovića 1", "city": "Kaštel Novi", "settlement": "Kaštel Novi", "municipality": "Kaštela", "county": "Splitsko-dalmatinska", "postal_code": "21216", "geo_source": "dgu-adresa", "diocese": "Splitsko-makarska Nadbiskupija", "diocese_source": "evidencija-kc", "president_role": "Biskup", "registered_at": "2020-12-17", "catholic_confidence": "visoka", "catholic_score": 10.0, "source": ["datagovhr:katolicke-pravne-osobe"], "category_label": "Bratovštine", "active": 1}}, {"type": "Feature", "geometry": {"type": "Point", "coordinates": [16.129883, 45.825228]}, "properties": {"id": 1164, "slug": "javno-vjernicko-drustvo-omnia-deo-sesvete-6492", "name": "JAVNO VJERNIČKO DRUŠTVO OMNIA DEO", "display_name": "Javno Vjerničko Društvo Omnia Deo", "registry": "evidencija-kc", "oib": "94633336492", "status": "AKTIVAN", "category": "ostalo", "address": "Sesvete, Voćinska ulica 1", "city": "Sesvete", "settlement": "Sesvete", "municipality": "Grad Zagreb", "county": "Grad Zagreb", "postal_code": "10360", "geo_source": "dgu-adresa", "diocese": "Zagrebačka Nadbiskupija", "diocese_source": "evidencija-kc", "president_role": "Voditelj društva", "registered_at": "2019-11-04", "catholic_confidence": "visoka", "catholic_score": 10.0, "source": ["datagovhr:katolicke-pravne-osobe"], "category_label": "Ostalo", "active": 1}}, {"type": "Feature", "geometry": {"type": "Point", "coordinates": [15.977893, 45.831873]}, "properties": {"id": 1165, "slug": "djelo-marijino-pokret-fokolara-zagreb-4528", "name": "DJELO MARIJINO - POKRET FOKOLARA", "display_name": "Djelo Marijino - Pokret Fokolara", "registry": "evidencija-kc", "oib": "38791164528", "status": "AKTIVAN", "category": "pokret", "address": "Zagreb, Stara Knežija 7", "city": "Zagreb", "settlement": "Zagreb", "municipality": "Grad Zagreb", "county": "Grad Zagreb", "geo_source": "naselje-teziste", "diocese": "Zagrebačka Nadbiskupija", "diocese_source": "evidencija-kc", "email": "pfokolara@gmail.com", "website": "https://www.fokolar.hr", "phone_e164": "+38548270653", "president": "Alenka Smrkolj", "president_role": "Voditelj zone", "registered_at": "2004-11-24", "catholic_confidence": "visoka", "catholic_score": 10.0, "source": ["datagovhr:katolicke-pravne-osobe"], "category_label": "Pokreti i laičke zajednice", "active": 1}}, {"type": "Feature", "geometry": {"type": "Point", "coordinates": [15.978144, 45.816419]}, "properties": {"id": 1166, "slug": "franjevacki-svjetovni-red-mjesno-bratstvo-kaptol-zagreb-3104", "name": "FRANJEVAČKI SVJETOVNI RED - MJESNO BRATSTVO KAPTOL ZAGREB", "display_name": "Franjevački Svjetovni Red - Mjesno Bratstvo Kaptol Zagreb", "registry": "evidencija-kc", "oib": "30851413104", "status": "AKTIVAN", "category": "bratovstina", "address": "Zagreb, Kaptol 9", "city": "Zagreb", "settlement": "Zagreb", "municipality": "Grad Zagreb", "county": "Grad Zagreb", "postal_code": "10000", "geo_source": "dgu-adresa", "diocese": "Zagrebačka Nadbiskupija", "diocese_source": "evidencija-kc", "email": "blazenkae@gmail.com", "phone_e164": "+385912226009", "president": "Milka Marjanović", "president_role": "Ministar mjesnog bratstva", "registered_at": "2007-03-22", "catholic_confidence": "visoka", "catholic_score": 10.0, "source": ["datagovhr:katolicke-pravne-osobe"], "category_label": "Bratovštine", "active": 1}}, {"type": "Feature", "geometry": {"type": "Point", "coordinates": [16.015769, 45.800002]}, "properties": {"id": 1167, "slug": "vjernicko-drustvo-roditeljski-institut-za-odgoj-i-obrazovanje-rino-zagreb-7847", "name": "VJERNIČKO DRUŠTVO \"RODITELJSKI INSTITUT ZA ODGOJ I OBRAZOVANJE - RINO\"", "display_name": "Vjerničko Društvo \"Roditeljski Institut za Odgoj i Obrazovanje - Rino\"", "registry": "evidencija-kc", "oib": "66446927847", "status": "AKTIVAN", "category": "obitelj", "address": "Zagreb, Donje Svetice 127", "city": "Zagreb", "settlement": "Zagreb", "municipality": "Grad Zagreb", "county": "Grad Zagreb", "postal_code": "10135", "geo_source": "dgu-adresa", "diocese": "Zagrebačka Nadbiskupija", "diocese_source": "evidencija-kc", "email": "rino.institut@gmail.com", "website": "https://www.rino-institut.hr", "phone_e164": "+385919310215", "president": "Lucija Murgić", "president_role": "Predsjednik", "registered_at": "2014-11-17", "catholic_confidence": "visoka", "catholic_score": 10.0, "source": ["datagovhr:katolicke-pravne-osobe"], "category_label": "Obitelj i život", "active": 1}}, {"type": "Feature", "geometry": {"type": "Point", "coordinates": [16.129883, 45.825228]}, "properties": {"id": 1168, "slug": "mali-tecaj-krscanstva-kursiljo-tajnistvo-zagreb-sesvete-7806", "name": "MALI TEČAJ KRŠĆANSTVA - KURSILJO - TAJNIŠTVO ZAGREB", "display_name": "Mali Tečaj Kršćanstva - Kursiljo - Tajništvo Zagreb", "registry": "evidencija-kc", "oib": "48204297806", "status": "AKTIVAN", "category": "ostalo", "address": "Sesvete, Voćinska ulica 1", "city": "Sesvete", "settlement": "Sesvete", "municipality": "Grad Zagreb", "county": "Grad Zagreb", "postal_code": "10360", "geo_source": "dgu-adresa", "diocese": "Zagrebačka Nadbiskupija", "diocese_source": "evidencija-kc", "president_role": "predsjednik Tajništva i duhovnik Tajništva", "registered_at": "2025-05-29", "catholic_confidence": "visoka", "catholic_score": 10.0, "source": ["datagovhr:katolicke-pravne-osobe"], "category_label": "Ostalo", "active": 1}}, {"type": "Feature", "geometry": {"type": "Point", "coordinates": [14.440706, 45.327449]}, "properties": {"id": 1170, "slug": "kulturno-umjetnicka-udruga-rijecki-oratorijski-zbor-ivan-matetic-ronjgov-rijeka-1877", "name": "KULTURNO UMJETNIČKA UDRUGA RIJEČKI ORATORIJSKI ZBOR \"IVAN MATETIĆ RONJGOV\" RIJEKA", "display_name": "Kulturno Umjetnička Udruga Riječki Oratorijski Zbor \"Ivan Matetić Ronjgov\" Rijeka", "short_name": "KUU RIJEČKI ORATORIJSKI ZBOR \"IVAN MATETIĆ RONJGOV\" RIJEKA", "registry": "registar-udruga", "oib": "14563001877", "status": "BRISAN", "category": "glazba", "address": "Korzo 28, Rijeka", "city": "Rijeka", "settlement": "Rijeka", "municipality": "Rijeka", "county": "Primorsko-goranska", "postal_code": "51000", "geo_source": "dgu-adresa", "diocese": "Riječka Nadbiskupija", "diocese_source": "derivirano-crkve.domovina.ai", "president": "Petar Nikić", "president_role": "Predsjednik", "founded_at": "2008-10-13", "registered_at": "2008-11-04", "catholic_confidence": "srednja", "catholic_score": 4.0, "source": ["datagovhr:registar-udruga"], "category_label": "Zborovi i crkvena glazba", "active": 0}}, {"type": "Feature", "geometry": {"type": "Point", "coordinates": [15.977893, 45.831873]}, "properties": {"id": 1173, "slug": "bratstvo-europskih-studenata-tehnologije-zagreb-7865", "name": "BRATSTVO  EUROPSKIH STUDENATA  TEHNOLOGIJE - ZAGREB", "display_name": "Bratstvo Europskih Studenata Tehnologije - Zagreb", "short_name": "BEST ZAGREB", "registry": "registar-udruga", "oib": "85079637865", "status": "AKTIVAN", "category": "bratovstina", "address": "Unska ulica 3, Zagreb", "city": "Zagreb", "settlement": "Zagreb", "municipality": "Grad Zagreb", "county": "Grad Zagreb", "geo_source": "naselje-teziste", "diocese": "Zagrebačka Nadbiskupija", "diocese_source": "derivirano-crkve.domovina.ai", "president": "Albert Maršić", "president_role": "Potpredsjednik", "founded_at": "1999-06-11", "registered_at": "1999-08-10", "catholic_confidence": "srednja", "catholic_score": 4.0, "source": ["datagovhr:registar-udruga"], "category_label": "Bratovštine", "active": 1}}, {"type": "Feature", "geometry": {"type": "Point", "coordinates": [15.966298, 45.812028]}, "properties": {"id": 1174, "slug": "kuglacki-klub-bratstvo-u-likvidaciji-zagreb-4682", "name": "KUGLAČKI KLUB \"BRATSTVO\" U LIKVIDACIJI", "display_name": "Kuglački Klub \"Bratstvo\" u Likvidaciji", "short_name": "KK \"BRATSTVO\"", "registry": "registar-udruga", "oib": "60782634682", "status": "BRISAN", "category": "bratovstina", "address": "Medulićeva 8, Zagreb", "city": "Zagreb", "settlement": "Zagreb", "municipality": "Grad Zagreb", "county": "Grad Zagreb", "postal_code": "10000", "geo_source": "dgu-adresa", "diocese": "Zagrebačka Nadbiskupija", "diocese_source": "derivirano-crkve.domovina.ai", "founded_at": "1950-03-04", "registered_at": "1998-02-10", "catholic_confidence": "srednja", "catholic_score": 4.0, "source": ["datagovhr:registar-udruga"], "category_label": "Bratovštine", "active": 0}}, {"type": "Feature", "geometry": {"type": "Point", "coordinates": [16.424266, 46.376132]}, "properties": {"id": 1175, "slug": "nogometni-klub-bratstvo-savska-ves-5849", "name": "NOGOMETNI KLUB  \"BRATSTVO\" SAVSKA VES", "display_name": "Nogometni Klub \"Bratstvo\" Savska Ves", "short_name": "NK \"BRATSTVO\" SAVSKA VES", "registry": "registar-udruga", "oib": "08828385849", "status": "AKTIVAN", "category": "bratovstina", "address": "Bratstva i jedinstva 2C, Savska Ves", "city": "Savska Ves", "settlement": "Savska Ves", "municipality": "Čakovec", "county": "Međimurska", "postal_code": "40000", "geo_source": "dgu-adresa", "diocese": "Varaždinska Biskupija", "diocese_source": "derivirano-crkve.domovina.ai", "email": "nkbratstvosves@gmail.com", "president": "Krešimir Fučko", "president_role": "Predsjednik Kluba", "founded_at": "1998-01-18", "registered_at": "1998-02-02", "catholic_confidence": "srednja", "catholic_score": 4.0, "source": ["datagovhr:registar-udruga"], "category_label": "Bratovštine", "active": 1}}, {"type": "Feature", "geometry": {"type": "Point", "coordinates": [17.601278, 43.084554]}, "properties": {"id": 1176, "slug": "vesela-bratstva-vidonjskog-pucanstva-vid-8720", "name": "Vesela bratstva vidonjskog pučanstva Vid", "display_name": "Vesela bratstva vidonjskog pučanstva Vid", "short_name": "VBVP \"Vid\"", "registry": "registar-udruga", "oib": "95024388720", "status": "BRISAN", "category": "bratovstina", "address": "Vid, Vid", "city": "Vid", "settlement": "Vid", "municipality": "Metković", "county": "Dubrovačko-neretvanska", "geo_source": "naselje-teziste", "diocese": "Splitsko-makarska Nadbiskupija", "diocese_source": "derivirano-crkve.domovina.ai", "president": "Mario Bukovac", "president_role": "Predsjednik", "founded_at": "1999-01-06", "registered_at": "1999-01-13", "catholic_confidence": "srednja", "catholic_score": 4.0, "source": ["datagovhr:registar-udruga"], "category_label": "Bratovštine", "active": 0}}, {"type": "Feature", "geometry": {"type": "Point", "coordinates": [16.775025, 46.204294]}, "properties": {"id": 1177, "slug": "nogometni-klub-bratstvo-kunovec-1650", "name": "NOGOMETNI KLUB BRATSTVO", "display_name": "Nogometni Klub Bratstvo", "short_name": "NK BRATSTVO", "registry": "registar-udruga", "oib": "10415511650", "status": "AKTIVAN", "category": "bratovstina", "address": "Ulica kralja Tomislava 32, Kunovec", "city": "Kunovec", "settlement": "Kunovec", "municipality": "Koprivnički Ivanec", "county": "Koprivničko-križevačka", "postal_code": "48314", "geo_source": "dgu-adresa", "diocese": "Varaždinska Biskupija", "diocese_source": "derivirano-crkve.domovina.ai", "president": "Marko Pintarić", "president_role": "Predsjednik", "founded_at": "1996-02-04", "registered_at": "1998-06-09", "catholic_confidence": "srednja", "catholic_score": 4.0, "source": ["datagovhr:registar-udruga"], "category_label": "Bratovštine", "active": 1}}, {"type": "Feature", "geometry": {"type": "Point", "coordinates": [13.732298, 45.418276]}, "properties": {"id": 1178, "slug": "kulturno-umjetnicko-i-sportsko-drustvo-bratstvo-u-likvidaciji-marusici-marussici-7543", "name": "KULTURNO-UMJETNIČKO I ŠPORTSKO DRUŠTVO \"BRATSTVO\" U LIKVIDACIJI", "display_name": "Kulturno-umjetničko i Športsko Društvo \"Bratstvo\" u Likvidaciji", "registry": "registar-udruga", "oib": "96058687543", "status": "BRISAN", "category": "bratovstina", "address": "MARUŠIĆI 30, Marušići - Marussici", "city": "Marušići - Marussici", "settlement": "Marušići - Marussici", "municipality": "Buje - Buie", "county": "Istarska", "postal_code": "52462", "geo_source": "dgu-adresa", "diocese": "Biskupija Porečka i Pulska", "diocese_source": "derivirano-crkve.domovina.ai", "president": "Eda Hrobat", "president_role": "Tajnik", "founded_at": "1982-12-28", "registered_at": "1998-01-28", "catholic_confidence": "srednja", "catholic_score": 4.0, "source": ["datagovhr:registar-udruga"], "category_label": "Bratovštine", "active": 0}}, {"type": "Feature", "geometry": {"type": "Point", "coordinates": [18.097661, 42.652248]}, "properties": {"id": 1181, "slug": "hrvatska-bratovstina-bokeljska-mornarica-809-dubrovnik-3681", "name": "Hrvatska bratovština \"Bokeljska mornarica 809\"  Dubrovnik", "display_name": "Hrvatska bratovština \"Bokeljska mornarica 809\" Dubrovnik", "registry": "registar-udruga", "oib": "14407933681", "status": "BRISAN", "category": "bratovstina", "address": "Josipa Kosora 31, Dubrovnik", "city": "Dubrovnik", "settlement": "Dubrovnik", "municipality": "Dubrovnik", "county": "Dubrovačko-neretvanska", "geo_source": "naselje-teziste", "diocese": "Dubrovačka Biskupija - Dioecesis Ragusina", "diocese_source": "derivirano-crkve.domovina.ai", "president": "Katica Đučić", "president_role": "Predsjednik Udruge", "founded_at": "1994-08-14", "registered_at": "1999-06-28", "catholic_confidence": "srednja", "catholic_score": 4.0, "source": ["datagovhr:registar-udruga"], "category_label": "Bratovštine", "active": 0}}, {"type": "Feature", "geometry": {"type": "Point", "coordinates": [16.147799, 46.401201]}, "properties": {"id": 1182, "slug": "nogometni-klub-bratstvo-otok-virje-5101", "name": "Nogometni klub \"Bratstvo\" Otok Virje", "display_name": "Nogometni klub \"Bratstvo\" Otok Virje", "short_name": "NK \"Bratstvo\" Otok Virje", "registry": "registar-udruga", "oib": "67197185101", "status": "AKTIVAN", "category": "bratovstina", "address": "Sportska ulica 2, Otok Virje", "city": "Otok Virje", "settlement": "Otok Virje", "municipality": "Cestica", "county": "Varaždinska", "postal_code": "42208", "geo_source": "dgu-adresa", "diocese": "Varaždinska Biskupija", "diocese_source": "derivirano-crkve.domovina.ai", "president": "Damir Velečić", "president_role": "Predsjednik", "founded_at": "1997-02-15", "registered_at": "1998-02-10", "catholic_confidence": "srednja", "catholic_score": 4.0, "source": ["datagovhr:registar-udruga"], "category_label": "Bratovštine", "active": 1}}, {"type": "Feature", "geometry": {"type": "Point", "coordinates": [17.436826, 45.91081]}, "properties": {"id": 1184, "slug": "nogometni-klub-bratstvo-gornje-bazje-3543", "name": "Nogometni klub \"Bratstvo\" Gornje Bazje", "display_name": "Nogometni klub \"Bratstvo\" Gornje Bazje", "short_name": "NK \"Bratstvo\" Gornje Bazje", "registry": "registar-udruga", "oib": "86630863543", "status": "AKTIVAN", "category": "bratovstina", "address": "Gornje Bazje 129, Gornje Bazje", "city": "Gornje Bazje", "settlement": "Gornje Bazje", "municipality": "Lukač", "county": "Virovitičko-podravska", "postal_code": "33407", "geo_source": "dgu-adresa", "diocese": "Požeška Biskupija", "diocese_source": "derivirano-crkve.domovina.ai", "email": "robert.spiranec@gmail.com", "president": "Tomislav Živković", "president_role": "Predsjednik Kluba", "founded_at": "1998-01-14", "registered_at": "1998-01-15", "catholic_confidence": "srednja", "catholic_score": 4.0, "source": ["datagovhr:registar-udruga"], "category_label": "Bratovštine", "active": 1}}, {"type": "Feature", "geometry": {"type": "Point", "coordinates": [17.158788, 42.923416]}, "properties": {"id": 1185, "slug": "bratovstina-lumbarda-0813", "name": "\"Bratovština\"", "display_name": "\"Bratovština\"", "short_name": "\"Bratovština\"", "registry": "registar-udruga", "oib": "83756870813", "status": "BRISAN", "category": "bratovstina", "address": "Mala glavica 87, Lumbarda", "city": "Lumbarda", "settlement": "Lumbarda", "municipality": "Lumbarda", "county": "Dubrovačko-neretvanska", "geo_source": "naselje-teziste", "diocese": "Dubrovačka Biskupija - Dioecesis Ragusina", "diocese_source": "derivirano-crkve.domovina.ai", "president": "Damir Markovina", "president_role": "Predsjednik Udruge", "founded_at": "2002-09-07", "registered_at": "2002-10-11", "catholic_confidence": "srednja", "catholic_score": 4.0, "source": ["datagovhr:registar-udruga"], "category_label": "Bratovštine", "active": 0}}, {"type": "Feature", "geometry": {"type": "Point", "coordinates": [16.973329, 45.329213]}, "properties": {"id": 1186, "slug": "udruga-roma-bratstvo-novska-cidinipe-romengo-pralipe-6188", "name": "UDRUGA ROMA \"BRATSTVO\"NOVSKA-ČIDINIPE ROMENGO \"PRALIPE\"", "display_name": "Udruga Roma \"Bratstvo\"novska-čidinipe Romengo \"Pralipe\"", "registry": "registar-udruga", "oib": "83172656188", "status": "BRISAN", "category": "bratovstina", "address": "Kolodvorska 19, Novska", "city": "Novska", "settlement": "Novska", "municipality": "Novska", "county": "Sisačko-moslavačka", "postal_code": "44330", "geo_source": "dgu-adresa", "diocese": "Požeška Biskupija", "diocese_source": "derivirano-crkve.domovina.ai", "president": "Ibrahim Punušković", "president_role": "Predsjednik Udruge", "founded_at": "1997-11-23", "registered_at": "1997-12-11", "catholic_confidence": "srednja", "catholic_score": 4.0, "source": ["datagovhr:registar-udruga"], "category_label": "Bratovštine", "active": 0}}, {"type": "Feature", "geometry": {"type": "Point", "coordinates": [18.585732, 45.700159]}, "properties": {"id": 1187, "slug": "nogometni-klub-bratstvo-jagodnjak-6578", "name": "NOGOMETNI KLUB \"BRATSTVO\" JAGODNJAK", "display_name": "Nogometni Klub \"Bratstvo\" Jagodnjak", "short_name": "NK \"BRATSTVO\"", "registry": "registar-udruga", "oib": "82255266578", "status": "AKTIVAN", "category": "bratovstina", "address": "Kruševačka 20, Jagodnjak", "city": "Jagodnjak", "settlement": "Jagodnjak", "municipality": "Jagodnjak", "county": "Osječko-baranjska", "postal_code": "31324", "geo_source": "dgu-adresa", "diocese": "Đakovačko-osječka Nadbiskupija", "diocese_source": "derivirano-crkve.domovina.ai", "president": "Dragan Novaković", "president_role": "Predsjednik", "founded_at": "1964-03-27", "registered_at": "1998-04-27", "catholic_confidence": "srednja", "catholic_score": 4.0, "source": ["datagovhr:registar-udruga"], "category_label": "Bratovštine", "active": 1}}, {"type": "Feature", "geometry": {"type": "Point", "coordinates": [16.385673, 46.457019]}, "properties": {"id": 1188, "slug": "hrvatska-viteska-bratovstina-petar-zrinski-casni-stol-cakovec-frkanovec-4735", "name": "HRVATSKA VITEŠKA BRATOVŠTINA \"PETAR ZRINSKI\" - ČASNI STOL ČAKOVEC", "display_name": "Hrvatska Viteška Bratovština \"Petar Zrinski\" - Časni Stol Čakovec", "short_name": "BRATOVŠTINA \"PETAR ZRINSKI\"", "registry": "registar-udruga", "oib": "10107704735", "status": "AKTIVAN", "category": "bratovstina", "address": "Frkanovec 117, Frkanovec", "city": "Frkanovec", "settlement": "Frkanovec", "municipality": "Sveti Juraj na Bregu", "county": "Međimurska", "geo_source": "naselje-teziste", "diocese": "Varaždinska Biskupija", "diocese_source": "derivirano-crkve.domovina.ai", "president": "Paula Pospišil", "president_role": "Predsjednica", "founded_at": "2008-09-23", "registered_at": "2008-10-27", "catholic_confidence": "srednja", "catholic_score": 4.0, "source": ["datagovhr:registar-udruga"], "category_label": "Bratovštine", "active": 1}}, {"type": "Feature", "geometry": {"type": "Point", "coordinates": [15.976374, 45.815773]}, "properties": {"id": 1190, "slug": "hrvatski-planinarski-klub-vucje-bratstvo-zagreb-5748", "name": "HRVATSKI PLANINARSKI KLUB \"VUČJE BRATSTVO\"", "display_name": "Hrvatski Planinarski Klub \"Vučje Bratstvo\"", "short_name": "H.P.K. \"VUČJE BRATSTVO\"", "registry": "registar-udruga", "oib": "50370815748", "status": "AKTIVAN", "category": "bratovstina", "address": "Tkalčićeva ulica 33, Zagreb", "city": "Zagreb", "settlement": "Zagreb", "municipality": "Grad Zagreb", "county": "Grad Zagreb", "postal_code": "10000", "geo_source": "dgu-adresa", "diocese": "Zagrebačka Nadbiskupija", "diocese_source": "derivirano-crkve.domovina.ai", "email": "hpk.vucjebratstvo@gmail.com", "website": "https://www.hpk-vucjebratstvo.hr", "president": "Blaž Burčul", "president_role": "Predsjednik", "founded_at": "2007-06-14", "registered_at": "2007-07-24", "catholic_confidence": "srednja", "catholic_score": 4.0, "source": ["datagovhr:registar-udruga"], "category_label": "Bratovštine", "active": 1}}, {"type": "Feature", "geometry": {"type": "Point", "coordinates": [18.079739, 45.182401]}, "properties": {"id": 1193, "slug": "nogometni-klub-bratstvo-vranovci-7785", "name": "NOGOMETNI KLUB \"BRATSTVO\" VRANOVCI", "display_name": "Nogometni Klub \"Bratstvo\" Vranovci", "short_name": "NK \"BRATSTVO\"", "registry": "registar-udruga", "oib": "50111607785", "status": "AKTIVAN", "category": "bratovstina", "address": "Slavonska ulica 16, Vranovci", "city": "Vranovci", "settlement": "Vranovci", "municipality": "Bukovlje", "county": "Brodsko-posavska", "postal_code": "35209", "geo_source": "dgu-adresa", "diocese": "Đakovačko-osječka Nadbiskupija", "diocese_source": "derivirano-crkve.domovina.ai", "email": "nkbratstvovranovci@gmail.com", "president": "Antun Bošnjak", "president_role": "Predsjednik", "founded_at": "1990-11-20", "registered_at": "1998-03-02", "catholic_confidence": "srednja", "catholic_score": 4.0, "source": ["datagovhr:registar-udruga"], "category_label": "Bratovštine", "active": 1}}, {"type": "Feature", "geometry": {"type": "Point", "coordinates": [18.206604, 45.696875]}, "properties": {"id": 1194, "slug": "nogometni-klub-veterana-bratstvo-radikovci-3000", "name": "NOGOMETNI KLUB VETERANA \"BRATSTVO\" RADIKOVCI", "display_name": "Nogometni Klub Veterana \"Bratstvo\" Radikovci", "short_name": "NK VETERANI \"BRATSTVO\" RADIKOVCI", "registry": "registar-udruga", "oib": "09689373000", "status": "AKTIVAN", "category": "bratovstina", "address": "MATIJE GUPCA 2, Radikovci", "city": "Radikovci", "settlement": "Radikovci", "municipality": "Donji Miholjac", "county": "Osječko-baranjska", "postal_code": "31543", "geo_source": "dgu-adresa", "diocese": "Đakovačko-osječka Nadbiskupija", "diocese_source": "derivirano-crkve.domovina.ai", "president": "Mario Šiklošić", "president_role": "Predsjednik", "founded_at": "2005-02-20", "registered_at": "2005-03-16", "catholic_confidence": "srednja", "catholic_score": 4.0, "source": ["datagovhr:registar-udruga"], "category_label": "Bratovštine", "active": 1}}, {"type": "Feature", "geometry": {"type": "Point", "coordinates": [15.969362, 45.776303]}, "properties": {"id": 1195, "slug": "bratstvo-svaka-skola-jedan-optimist-novi-zagreb-5975", "name": "BRATSTVO SVAKA ŠKOLA - JEDAN \"OPTIMIST\" NOVI ZAGREB", "display_name": "Bratstvo Svaka Škola - Jedan \"Optimist\" Novi Zagreb", "short_name": "BRATSTVO", "registry": "registar-udruga", "oib": "39936175975", "status": "BRISAN", "category": "bratovstina", "address": "Siget 7, Zagreb", "city": "Zagreb", "settlement": "Zagreb", "municipality": "Grad Zagreb", "county": "Grad Zagreb", "postal_code": "10020", "geo_source": "dgu-ulica-fuzzy", "diocese": "Zagrebačka Nadbiskupija", "diocese_source": "derivirano-crkve.domovina.ai", "president": "Stjepan Štoković", "president_role": "Predsjednik", "founded_at": "2004-01-29", "registered_at": "2004-02-12", "catholic_confidence": "srednja", "catholic_score": 4.0, "source": ["datagovhr:registar-udruga"], "category_label": "Bratovštine", "active": 0}}, {"type": "Feature", "geometry": {"type": "Point", "coordinates": [16.196762, 46.121262]}, "properties": {"id": 1196, "slug": "bratovstina-milengrad-budinscina-8539", "name": "BRATOVŠTINA MILENGRAD", "display_name": "Bratovština Milengrad", "registry": "registar-udruga", "oib": "07833628539", "status": "AKTIVAN", "category": "bratovstina", "address": "Grtovec 78, Budinšćina", "city": "Budinšćina", "settlement": "Budinščina", "municipality": "Budinščina", "county": "Krapinsko-zagorska", "geo_source": "naselje-teziste", "diocese": "Zagrebačka Nadbiskupija", "diocese_source": "derivirano-crkve.domovina.ai", "email": "marko.v007@hotmail.com", "president": "Marko Vertuš", "president_role": "Predsjednik", "founded_at": "2009-04-13", "registered_at": "2009-05-20", "catholic_confidence": "srednja", "catholic_score": 4.0, "source": ["datagovhr:registar-udruga"], "category_label": "Bratovštine", "active": 1}}, {"type": "Feature", "geometry": {"type": "Point", "coordinates": [16.775025, 46.204294]}, "properties": {"id": 1197, "slug": "nogometni-klub-veterana-bratstvo-kunovec-6646", "name": "NOGOMETNI KLUB VETERANA \"BRATSTVO\" KUNOVEC", "display_name": "Nogometni Klub Veterana \"Bratstvo\" Kunovec", "short_name": "NK \"Bratstvo - veterani\" Kunovec", "registry": "registar-udruga", "oib": "85926476646", "status": "BRISAN", "category": "bratovstina", "address": "Ulica kralja Tomislava 32, Kunovec", "city": "Kunovec", "settlement": "Kunovec", "municipality": "Koprivnički Ivanec", "county": "Koprivničko-križevačka", "postal_code": "48314", "geo_source": "dgu-adresa", "diocese": "Varaždinska Biskupija", "diocese_source": "derivirano-crkve.domovina.ai", "president": "Stjepan Cikač", "president_role": "Predsjednik", "founded_at": "2014-12-06", "registered_at": "2015-07-21", "catholic_confidence": "srednja", "catholic_score": 4.0, "source": ["datagovhr:registar-udruga"], "category_label": "Bratovštine", "active": 0}}, {"type": "Feature", "geometry": {"type": "Point", "coordinates": [15.98403, 45.813678]}, "properties": {"id": 1198, "slug": "zebra-za-europu-bratstva-zagreb-9136", "name": "ZEBRA - ZA EUROPU BRATSTVA", "display_name": "Zebra - za Europu Bratstva", "short_name": "ZEBRA", "registry": "registar-udruga", "oib": "22259529136", "status": "AKTIVAN", "category": "bratovstina", "address": "Vlaška 46, Zagreb", "city": "Zagreb", "settlement": "Zagreb", "municipality": "Grad Zagreb", "county": "Grad Zagreb", "postal_code": "10000", "geo_source": "dgu-adresa", "diocese": "Zagrebačka Nadbiskupija", "diocese_source": "derivirano-crkve.domovina.ai", "president": "Mia Mitrović", "president_role": "Predsjednica", "founded_at": "2013-02-20", "registered_at": "2013-04-05", "catholic_confidence": "srednja", "catholic_score": 4.0, "source": ["datagovhr:registar-udruga"], "category_label": "Bratovštine", "active": 1}}, {"type": "Feature", "geometry": {"type": "Point", "coordinates": [15.931833, 45.789306]}, "properties": {"id": 1199, "slug": "udruga-gradana-oratorij-zagreb-8260", "name": "UDRUGA GRAĐANA \"ORATORIJ\"", "display_name": "Udruga Građana \"Oratorij\"", "short_name": "\"ORATORIJ\"", "registry": "registar-udruga", "oib": "02735388260", "status": "AKTIVAN", "category": "mladi", "address": "Hrvoja Macanovića 17, Zagreb", "city": "Zagreb", "settlement": "Zagreb", "municipality": "Grad Zagreb", "county": "Grad Zagreb", "postal_code": "10104", "geo_source": "dgu-adresa", "diocese": "Zagrebačka Nadbiskupija", "diocese_source": "derivirano-crkve.domovina.ai", "president": "Ivan Pustaj", "president_role": "Predsjednik", "founded_at": "2013-03-15", "registered_at": "2013-04-08", "catholic_confidence": "srednja", "catholic_score": 4.0, "source": ["datagovhr:registar-udruga"], "category_label": "Mladi i studenti", "active": 1}}, {"type": "Feature", "geometry": {"type": "Point", "coordinates": [13.936387, 45.240805]}, "properties": {"id": 1202, "slug": "bratovstina-hrvatska-istra-pazin-4799", "name": "BRATOVŠTINA \"HRVATSKA ISTRA\"", "display_name": "Bratovština \"Hrvatska Istra\"", "registry": "registar-udruga", "oib": "95728794799", "status": "AKTIVAN", "category": "bratovstina", "address": "Trg slobode 2, Pazin", "city": "Pazin", "settlement": "Pazin", "municipality": "Pazin", "county": "Istarska", "postal_code": "52000", "geo_source": "dgu-adresa", "diocese": "Biskupija Porečka i Pulska", "diocese_source": "derivirano-crkve.domovina.ai", "president": "Željko Mrak", "president_role": "Predsjednik", "founded_at": "2016-06-30", "registered_at": "2016-07-11", "catholic_confidence": "srednja", "catholic_score": 4.0, "source": ["datagovhr:registar-udruga"], "category_label": "Bratovštine", "active": 1}}, {"type": "Feature", "geometry": {"type": "Point", "coordinates": [18.585732, 45.700159]}, "properties": {"id": 1206, "slug": "skola-nogometa-bratstvo-jagodnjak-1636", "name": "ŠKOLA NOGOMETA BRATSTVO JAGODNJAK", "display_name": "Škola Nogometa Bratstvo Jagodnjak", "short_name": "ŠNBJ", "registry": "registar-udruga", "oib": "78226641636", "status": "AKTIVAN", "category": "bratovstina", "address": "Kruševačka 20, Jagodnjak", "city": "Jagodnjak", "settlement": "Jagodnjak", "municipality": "Jagodnjak", "county": "Osječko-baranjska", "postal_code": "31324", "geo_source": "dgu-adresa", "diocese": "Đakovačko-osječka Nadbiskupija", "diocese_source": "derivirano-crkve.domovina.ai", "president": "Mladen Jorgić", "president_role": "Predsjednik", "founded_at": "2026-01-23", "registered_at": "2026-02-16", "catholic_confidence": "srednja", "catholic_score": 4.0, "source": ["datagovhr:registar-udruga"], "category_label": "Bratovštine", "active": 1}}]}